device,date,observed_rows,valid_hours,permeability_median,permeability_mean,permeability_std,permeability_min,permeability_max,hour_coverage,usable,days_since_maintenance,cycle_id,previous_maintenance_type
A1,2024-04-03,21,21,91.4708084107437,91.71726013616416,1.1265975236045858,89.4218948635839,93.744476707111,0.875,True,0.0,0,观测起点
A1,2024-04-04,14,13,91.8684231607314,91.71520792702805,0.7211965035445125,90.1275377246699,92.9196133865314,0.5416666666666666,True,0.0,0,观测起点
A1,2024-04-05,16,16,90.86781907249656,91.15984122111439,1.1639696454044381,89.5023230778206,93.0048308116015,0.6666666666666666,True,0.0,0,观测起点
A1,2024-04-06,10,10,90.9045804829707,91.06957004095646,1.6508386396055688,88.4604479407618,93.9751329806363,0.4166666666666667,True,0.0,0,观测起点
A1,2024-04-09,13,13,90.5920634434511,90.61184104612873,1.0494476568526838,89.0632008450645,92.7660938508625,0.5416666666666666,True,0.0,0,观测起点
A1,2024-04-10,23,21,90.13052322145,90.07620025980086,1.3015628083829645,87.6656390834741,92.7599141745277,0.875,True,0.0,0,观测起点
A1,2024-04-11,11,11,90.2507265494445,90.20571427924493,1.0528048670697914,88.6752073257407,91.6611974792798,0.4583333333333333,True,0.0,0,观测起点
A1,2024-04-12,22,22,89.48510208338345,89.22336993612588,1.064247700771625,87.0777646216212,90.7713084947925,0.9166666666666666,True,0.0,0,观测起点
A1,2024-04-13,24,24,89.36090366414851,89.71804899240941,1.3660714825209097,87.4443377059888,92.7555545521042,1.0,True,0.0,0,观测起点
A1,2024-04-14,24,24,89.29039819282431,89.37926316990728,1.3418906627326208,86.9354134482592,92.3500922954434,1.0,True,0.0,0,观测起点
A1,2024-04-15,12,11,89.1668635535568,88.76399770163657,1.4225461784464024,85.5366360863228,91.0998523670827,0.4583333333333333,True,0.0,0,观测起点
A1,2024-04-16,22,22,89.94245435575525,89.32483152739191,1.5656008081321389,86.0838005251055,92.3878049530303,0.9166666666666666,True,0.0,0,观测起点
A1,2024-04-17,20,13,89.2110713791777,89.04554906829887,1.0397267469583404,87.0175743659842,90.2575931294681,0.5416666666666666,True,0.0,0,观测起点
A1,2024-04-18,23,23,88.2686798262524,88.27735044787501,1.4826448408740598,85.2618483238967,91.0915587653885,0.9583333333333334,True,0.0,0,观测起点
A1,2024-04-19,22,21,87.8868699823785,87.65357390138749,1.3727032047447518,85.5705131459169,89.6352255723165,0.875,True,0.0,0,观测起点
A1,2024-04-20,24,23,88.1991187371732,87.69306658846132,1.3724131804104014,84.9949963096603,90.0143713439895,0.9583333333333334,True,0.0,0,观测起点
A1,2024-04-21,13,13,86.9142912164223,87.17279800239747,1.3331726395943382,84.5112108941642,89.0491995973815,0.5416666666666666,True,0.0,0,观测起点
A1,2024-04-22,19,17,86.3922355631261,86.65541310445715,0.9345841232961151,85.6007609350574,88.8265907516392,0.7083333333333334,True,0.0,0,观测起点
A1,2024-04-23,6,6,85.92728800455359,85.81840252187779,1.323667491574763,83.8927185298099,87.3249743656433,0.25,True,0.0,0,观测起点
A1,2024-04-24,13,13,85.9349885866417,85.70421508356353,1.2139119500895108,83.2801186228312,88.048392252761,0.5416666666666666,True,0.0,0,观测起点
A1,2024-04-25,24,24,85.55122542694724,85.74216587688028,1.5605603045646672,83.1578850017762,88.539629961973,1.0,True,0.0,0,观测起点
A1,2024-04-26,16,16,84.9646648733255,85.21570877032602,0.9395437323029823,84.1079114977598,87.0255944884949,0.6666666666666666,True,0.0,0,观测起点
A1,2024-04-27,23,22,85.34433739243946,85.40485064410649,1.3976236201663688,82.2101911673181,88.1778752641934,0.9166666666666666,True,0.0,0,观测起点
A1,2024-04-28,23,23,85.190845401632,84.86131308141837,1.3448042789404473,81.7609985921149,87.3416405648424,0.9583333333333334,True,0.0,0,观测起点
A1,2024-04-29,16,16,83.9285500706377,83.99261541546556,1.0309850814324328,82.3428249351269,86.1820898456214,0.6666666666666666,True,0.0,0,观测起点
A1,2024-05-14,8,8,83.5666322247074,83.72801589559361,0.9118348491495086,82.7151092145648,85.1950358145085,0.3333333333333333,True,0.0,0,观测起点
A1,2024-05-15,15,15,83.8064688426062,83.90410296530284,0.7863182431499459,82.656562165626,85.1017482146688,0.625,True,0.0,0,观测起点
A1,2024-05-16,24,24,84.13198432827781,84.05109921410042,0.990835617020139,81.8199165247782,85.3932633330904,1.0,True,0.0,0,观测起点
A1,2024-05-17,24,24,83.4046789512127,82.51206430875881,4.544180176468221,61.5287110636677,84.8225685129753,1.0,True,0.0,0,观测起点
A1,2024-05-18,23,0,,,,,,0.0,False,0.0,1,中维护
A1,2024-05-19,9,9,105.617518400501,105.67586714002056,0.3631653980781881,105.341388475127,106.357591497657,0.375,True,1.0,1,中维护
A1,2024-05-20,23,23,105.486085217334,105.45819065773173,0.43201621302178617,104.580338273234,106.343609161655,0.9583333333333334,True,2.0,1,中维护
A1,2024-05-21,24,24,105.0271094199965,104.91310021238837,0.6157127972829751,104.076795239496,106.004017174066,1.0,True,3.0,1,中维护
A1,2024-05-22,24,19,104.546144923329,104.38452469835295,1.0673227503001914,101.945657954818,106.408172567291,0.7916666666666666,True,4.0,1,中维护
A1,2024-05-23,13,13,104.088314753291,104.02172678162408,1.0450044324478682,102.272240917132,105.661571375628,0.5416666666666666,True,5.0,1,中维护
A1,2024-05-24,24,23,103.966748246511,104.20015984725735,1.3504729463014689,101.218641165091,106.968822838534,0.9583333333333334,True,6.0,1,中维护
A1,2024-05-25,24,24,103.750314015008,103.88242170193145,1.286943755994075,101.515763193042,106.325582428237,1.0,True,7.0,1,中维护
A1,2024-05-26,24,24,103.558973108146,103.52066198226667,1.1677538104135057,101.333712102198,106.446465153926,1.0,True,8.0,1,中维护
A1,2024-05-27,13,13,103.415381917494,103.46577237948863,0.8778851536838503,101.831747739191,104.896179137801,0.5416666666666666,True,9.0,1,中维护
A1,2024-05-28,20,20,103.210160278292,103.3206726400173,0.9913219779040913,101.840943161055,105.483247628282,0.8333333333333334,True,10.0,1,中维护
A1,2024-05-29,23,23,103.279066869451,103.34042584466034,0.679734419791687,101.993871672827,104.309273838418,0.9583333333333334,True,11.0,1,中维护
A1,2024-05-30,21,21,103.098446642794,103.08747561551357,0.777026890513228,101.536073479837,104.19716109319,0.875,True,12.0,1,中维护
A1,2024-05-31,9,9,103.034550066156,103.05153451400989,1.1822069198652292,101.020759688177,104.730972429328,0.375,True,13.0,1,中维护
A1,2024-06-03,14,14,103.1424062602475,103.48218887198273,5.257837199540382,94.0726447723898,112.020500374473,0.5833333333333334,True,16.0,1,中维护
A1,2024-06-04,16,16,103.286898095096,102.12786541797911,5.79362030966877,88.3069041062645,112.120334840104,0.6666666666666666,True,17.0,1,中维护
A1,2024-06-05,19,19,103.000494658126,103.18642066201693,4.629634493866384,95.0669995531034,111.544444732978,0.7916666666666666,True,18.0,1,中维护
A1,2024-06-06,24,24,101.9925354190515,102.13181732792454,3.8232792364920227,94.0451938037592,108.030205522277,1.0,True,19.0,1,中维护
A1,2024-06-07,22,22,102.6290379061675,102.67224330572812,4.065292769604031,92.8726988349067,109.931395695152,0.9166666666666666,True,20.0,1,中维护
A1,2024-06-08,18,18,103.476529770075,101.95602845379204,4.916858242011396,93.8841561346459,109.977952467415,0.75,True,21.0,1,中维护
A1,2024-06-09,12,12,102.723809566616,100.71874297377458,5.255046564004825,86.4188010660671,105.060855765801,0.5,True,22.0,1,中维护
A1,2024-06-10,23,23,102.899179186928,102.14298549176004,4.9549223376733,91.5023039231695,109.55934831364,0.9583333333333334,True,23.0,1,中维护
A1,2024-06-11,20,20,102.24386327046051,103.08514524004097,7.057488165607642,89.2539641075604,124.80398913881,0.8333333333333334,True,24.0,1,中维护
A1,2024-06-12,24,24,101.228972088696,101.44093172557815,4.231840729606982,93.6556404017406,108.917615689075,1.0,True,25.0,1,中维护
A1,2024-06-13,12,12,102.8591676197595,101.9966515866979,4.593711880455673,94.1636760705788,111.828380242138,0.5,True,26.0,1,中维护
A1,2024-06-14,24,23,102.4179705017,103.01218716173344,6.064175675926747,95.6566669882584,126.003901522383,0.9583333333333334,True,27.0,1,中维护
A1,2024-06-15,24,24,101.493767923983,100.67663810459571,4.00089838477003,93.0195072316918,107.488951168536,1.0,True,28.0,1,中维护
A1,2024-06-16,24,20,102.8832860687485,101.93980463883571,3.5224255445388506,95.9564844296274,107.010382012061,0.8333333333333334,True,29.0,1,中维护
A1,2024-06-17,11,11,98.6617462842292,99.8626859674287,3.0019439734579425,96.3239329771862,106.793909497779,0.4583333333333333,True,30.0,1,中维护
A1,2024-06-18,24,24,100.5713207509895,99.8297911828055,4.947812477342442,88.8612979513904,108.123037568591,1.0,True,31.0,1,中维护
A1,2024-06-19,23,22,103.0775938488555,103.22792953119078,6.373717588273267,97.5645424856614,128.907998294856,0.9166666666666666,True,32.0,1,中维护
A1,2024-06-20,24,24,100.65067183583949,101.12462288255364,4.434539160894821,92.7357660223188,113.238756116706,1.0,True,33.0,1,中维护
A1,2024-06-21,11,11,100.746419371434,101.92052071135926,3.101558914992524,96.407218086941,108.22910948893,0.4583333333333333,True,34.0,1,中维护
A1,2024-06-22,24,23,100.721339716145,100.18287054582433,3.722872862727046,93.2418804422957,106.847999143551,0.9583333333333334,True,35.0,1,中维护
A1,2024-06-23,23,22,102.2551119511775,100.5335231563261,6.097244567606149,80.8418012970654,108.441882331468,0.9166666666666666,True,36.0,1,中维护
A1,2024-06-24,24,24,100.37271860110955,100.17678425798046,4.345987874873218,90.7373523012814,108.74959990566,1.0,True,37.0,1,中维护
A1,2024-06-25,12,12,100.08227608960075,99.90549781591521,3.4596380304863112,91.3259865202405,104.846303070902,0.5,True,38.0,1,中维护
A1,2024-06-26,24,23,99.572326829388,100.53122252771264,3.2179528554838046,95.5555892362546,107.228707853436,0.9583333333333334,True,39.0,1,中维护
A1,2024-06-27,23,18,99.6295588186331,100.42811305443213,3.0928152083320173,96.4420357382008,108.164072251996,0.75,True,40.0,1,中维护
A1,2024-06-28,24,24,101.4641392759775,100.29900650651506,6.825157052490674,74.4669601048398,107.88535704258,1.0,True,41.0,1,中维护
A1,2024-06-29,15,15,102.059782965612,101.87309423698863,4.7621604966712905,93.5246976563002,109.884238679711,0.625,True,42.0,1,中维护
A1,2024-06-30,1,1,,,,,,0.041666666666666664,False,43.0,1,中维护
A1,2024-07-01,23,23,99.3590960563248,99.82995100486916,3.9176115031987013,92.2546300542777,108.772772210181,0.9583333333333334,True,44.0,1,中维护
A1,2024-07-02,24,24,99.64385496011124,99.53240970225617,3.1426344159503334,94.7018633054206,105.747084418656,1.0,True,45.0,1,中维护
A1,2024-07-03,19,19,99.9545179776487,100.50423406944238,3.3485130094009192,94.316932733995,107.525150581161,0.7916666666666666,True,46.0,1,中维护
A1,2024-07-04,10,10,101.8392518824185,100.56926204698928,3.4514820694209476,94.7274263609804,105.379055010606,0.4166666666666667,True,47.0,1,中维护
A1,2024-07-05,4,4,102.47130578943799,102.38906887767457,2.5317025316439157,99.6996214077073,104.914042524115,0.16666666666666666,True,48.0,1,中维护
A1,2024-07-06,4,0,,,,,,0.0,False,49.0,1,中维护
A1,2024-07-07,4,3,97.4873169762054,98.02288630215168,2.564840311427929,95.7681167147756,100.813225215474,0.125,True,50.0,1,中维护
A1,2024-07-08,4,4,97.31417610882605,97.02575828361469,2.255170564036742,94.0393440233596,99.4353368934471,0.16666666666666666,True,51.0,1,中维护
A1,2024-07-09,4,4,96.73986696909009,97.25306330101247,3.1317782869452815,94.2236228101747,101.308896455695,0.16666666666666666,True,52.0,1,中维护
A1,2024-07-10,4,4,102.2922346439875,101.21421408764952,2.4328549171170772,97.5769887016061,102.695398361017,0.16666666666666666,True,53.0,1,中维护
A1,2024-07-11,4,4,100.20154510459795,100.6207810802108,1.644038663207529,99.2341795275513,102.845854584096,0.16666666666666666,True,54.0,1,中维护
A1,2024-07-12,4,4,97.34592343975089,96.01889084281525,3.522672735508495,90.8597322854721,98.5239842062871,0.16666666666666666,True,55.0,1,中维护
A1,2024-07-13,4,4,98.0380614414602,98.10186473355452,5.198626961963002,91.8354485610057,104.495887490292,0.16666666666666666,True,56.0,1,中维护
A1,2024-07-14,4,4,100.8824502340065,101.16611278466092,1.540871043055497,99.7108739848567,103.188676685774,0.16666666666666666,True,57.0,1,中维护
A1,2024-07-15,4,4,97.2314637058055,95.66657712441204,5.056308813259798,88.6565575795153,99.5468235065219,0.16666666666666666,True,58.0,1,中维护
A1,2024-07-16,4,3,98.3641373563654,98.27216395693601,0.6632480932608174,97.5677293066875,98.8846252077551,0.125,True,59.0,1,中维护
A1,2024-07-17,4,4,98.44523113464496,98.76681917809181,3.4332323239265627,94.9227471429903,103.254067300087,0.16666666666666666,True,60.0,1,中维护
A1,2024-07-18,4,4,101.1707710383955,99.5738932773894,5.2164961517201665,92.1422511387486,103.811779894018,0.16666666666666666,True,61.0,1,中维护
A1,2024-07-19,4,0,,,,,,0.0,False,0.0,2,中维护
A1,2024-07-20,4,4,111.025325492734,111.1350449389425,1.49203935516794,109.735185158877,112.754343611425,0.16666666666666666,True,1.0,2,中维护
A1,2024-07-21,4,4,111.44991202038,111.405674226748,1.4638540246075677,109.588745531839,113.134127334393,0.16666666666666666,True,2.0,2,中维护
A1,2024-07-22,4,4,111.63597534999249,111.46366210462699,1.1909800402861903,109.86335423543,112.719343483093,0.16666666666666666,True,3.0,2,中维护
A1,2024-07-23,4,4,111.883620104416,111.418461568032,2.1576813996550457,108.548979223002,113.357626840294,0.16666666666666666,True,4.0,2,中维护
A1,2024-07-24,4,4,110.9535599513375,111.4667955244795,1.881539831184515,109.795079159444,114.164983035799,0.16666666666666666,True,5.0,2,中维护
A1,2024-07-25,4,4,111.842243019192,111.809485168007,2.8142144661630817,109.104290438236,114.449164195408,0.16666666666666666,True,6.0,2,中维护
A1,2024-07-26,4,4,109.0307332272705,108.11125349208275,3.7926876342190496,102.900802777776,111.482744736014,0.16666666666666666,True,7.0,2,中维护
A1,2024-07-27,4,4,113.5112256656925,114.85184698564726,5.4196594085913015,110.275881388309,122.109055222895,0.16666666666666666,True,8.0,2,中维护
A1,2024-07-28,4,4,108.9654749342275,109.541798461587,2.424701588509996,107.277374314266,112.958869663627,0.16666666666666666,True,9.0,2,中维护
A1,2024-07-29,4,3,108.415313116865,110.105251409432,6.318505836105719,104.803546867745,117.096894243686,0.125,True,10.0,2,中维护
A1,2024-07-30,4,4,109.9069186690065,110.80884284736476,2.6822947858287387,108.748228871753,114.673305179693,0.16666666666666666,True,11.0,2,中维护
A1,2024-07-31,4,4,110.4891005313825,110.36433470075926,1.6372591656777453,108.655662163985,111.823475576287,0.16666666666666666,True,12.0,2,中维护
A1,2024-08-01,4,4,110.6188577575845,111.415244714702,2.924637015850506,109.034846675428,115.388416668211,0.16666666666666666,True,13.0,2,中维护
A1,2024-08-02,4,4,110.337137093677,110.0578988773735,2.686880390019367,106.868193020388,112.689128301752,0.16666666666666666,True,14.0,2,中维护
A1,2024-08-03,4,4,110.52337940833499,110.84958575435499,3.007515065333213,107.801244689353,114.550339511397,0.16666666666666666,True,15.0,2,中维护
A1,2024-08-04,4,4,110.8036217007965,107.28217751460176,8.689373229924172,94.359665770882,113.161800885932,0.16666666666666666,True,16.0,2,中维护
A1,2024-08-05,4,4,110.6102075804535,110.335119026581,2.0028110798576515,107.638391145115,112.481669800302,0.16666666666666666,True,17.0,2,中维护
A1,2024-08-06,4,3,109.681456833447,109.31435198051099,1.594302646774533,107.568517105276,110.69308200281,0.125,True,18.0,2,中维护
A1,2024-08-07,4,3,110.261546457561,109.70430393558333,2.356737992297015,107.118883042396,111.732482306793,0.125,True,19.0,2,中维护
A1,2024-08-08,4,0,,,,,,0.0,False,20.0,2,中维护
A1,2024-08-09,4,4,111.971828143065,114.642316215682,7.662137229617457,108.765527805827,125.860080770771,0.16666666666666666,True,21.0,2,中维护
A1,2024-08-10,4,4,108.39681042262299,108.32811050562626,2.5190015339027583,105.17952136236,111.339299814899,0.16666666666666666,True,22.0,2,中维护
A1,2024-08-11,4,4,109.4697637213505,109.51366568324076,2.372067591929042,107.127817792882,111.98731749738,0.16666666666666666,True,23.0,2,中维护
A1,2024-08-12,4,4,110.690017068492,110.0121504237675,1.9634118047095077,107.170628239523,111.497939318563,0.16666666666666666,True,24.0,2,中维护
A1,2024-08-13,4,4,109.66589231628399,111.0017312855655,3.271745366644724,108.882352134666,115.792788375028,0.16666666666666666,True,25.0,2,中维护
A1,2024-08-14,4,4,108.34763096587051,108.51029905716125,0.37290086502268016,108.278850354381,109.067083942523,0.16666666666666666,True,26.0,2,中维护
A1,2024-08-15,4,4,109.053163844836,109.11484376702751,3.043156268314596,105.738836291176,112.614211087262,0.16666666666666666,True,27.0,2,中维护
A1,2024-08-16,4,4,107.798792165226,107.80956668573025,1.7097371579029728,105.72657323521,109.914109177259,0.16666666666666666,True,28.0,2,中维护
A1,2024-08-17,4,4,109.795726523746,109.6984085345535,2.1897171194438365,107.176245389355,112.025935701367,0.16666666666666666,True,29.0,2,中维护
A1,2024-08-18,4,4,109.2433032951175,109.25814738142824,2.4768685187405226,106.514175852216,112.031807083262,0.16666666666666666,True,30.0,2,中维护
A1,2024-08-19,4,4,108.8333598706275,108.82793397489274,1.4257939704011648,107.10154936823,110.543466790086,0.16666666666666666,True,31.0,2,中维护
A1,2024-08-20,4,3,106.58661266543,107.80456388419732,2.1724661936791843,106.51431452423,110.312764462932,0.125,True,32.0,2,中维护
A1,2024-08-21,4,4,106.3812342184755,107.260248136191,2.8211912002813797,105.032997022872,111.245527084941,0.16666666666666666,True,33.0,2,中维护
A1,2024-08-22,4,4,109.58111511165501,109.84099280857025,2.1310094255325667,107.646621217105,112.555119793866,0.16666666666666666,True,34.0,2,中维护
A1,2024-08-23,4,4,108.0726541872765,108.01046606487824,0.5856781288192514,107.240474953517,108.656080931443,0.16666666666666666,True,35.0,2,中维护
A1,2024-08-24,4,4,107.266429428109,107.64813033474499,2.2680692792744876,105.309062882159,110.750599600603,0.16666666666666666,True,36.0,2,中维护
A1,2024-08-25,4,4,106.534150719758,106.6149560952445,2.794216901688169,103.296461656824,110.095061284638,0.16666666666666666,True,37.0,2,中维护
A1,2024-08-26,10,10,108.075074758945,108.2230356313795,2.773426259972865,105.150190356444,112.670268695091,0.4166666666666667,True,38.0,2,中维护
A1,2024-08-27,10,10,107.4424284264705,107.7599135582448,2.3447154759425106,103.596452623436,111.362221047746,0.4166666666666667,True,39.0,2,中维护
A1,2024-08-28,23,23,107.704847768268,107.57923303238839,1.6965518299387021,102.936506154422,110.683588215792,0.9583333333333334,True,40.0,2,中维护
A1,2024-08-29,24,23,108.241916855147,107.9845458759579,2.5511236486026747,103.635080933685,113.384295742375,0.9583333333333334,True,41.0,2,中维护
A1,2024-08-30,24,23,107.223369231255,107.9207779856779,2.6906870750506457,103.159613524078,112.560713828929,0.9583333333333334,True,42.0,2,中维护
A1,2024-08-31,12,12,107.408342249277,107.74169397798558,2.814170742581532,102.312240252886,112.703385670404,0.5,True,43.0,2,中维护
A1,2024-09-01,17,17,107.131143810982,107.07999820785494,0.9222376130722776,105.495908361185,108.433416083577,0.7083333333333334,True,44.0,2,中维护
A1,2024-09-02,12,12,106.4000157606835,106.46656413028758,0.797783285907769,105.075372231477,107.457786530295,0.5,True,45.0,2,中维护
A1,2024-09-03,24,21,105.907779255945,105.75104475210489,0.6176085518752176,104.317026613556,106.618117968386,0.875,True,46.0,2,中维护
A1,2024-09-04,15,15,104.66977107867,104.7225787513616,1.0011730281991247,103.08391191656,106.676597592226,0.625,True,47.0,2,中维护
A1,2024-09-05,21,20,104.548433285757,104.27894718869274,0.9275916589442149,102.611499073014,105.847930854682,0.8333333333333334,True,48.0,2,中维护
A1,2024-09-06,24,24,103.591785625153,103.6094014467018,0.7412962548101146,102.278400929969,105.382947565374,1.0,True,49.0,2,中维护
A1,2024-09-07,24,23,102.800266813202,103.03782691438548,0.8544972220721777,101.835557753158,104.602796194155,0.9583333333333334,True,50.0,2,中维护
A1,2024-09-08,20,18,103.114584891668,103.16921157536301,0.6786014429687506,101.844838798975,104.301719966684,0.75,True,51.0,2,中维护
A1,2024-09-09,18,17,102.627275201847,102.888617635387,0.9638742918218008,101.523286268484,104.985147613367,0.7083333333333334,True,52.0,2,中维护
A1,2024-09-10,22,22,102.874948421683,102.77885137274528,0.8307205556096757,101.318366497652,104.235729775144,0.9166666666666666,True,53.0,2,中维护
A1,2024-09-11,24,23,101.845180612927,101.8642435196696,0.7969703468137607,100.249916917728,103.371588504637,0.9583333333333334,True,54.0,2,中维护
A1,2024-09-12,20,20,101.3362634566235,101.32345891447575,0.8243580704630082,100.266062727233,103.155819261641,0.8333333333333334,True,55.0,2,中维护
A1,2024-09-13,18,17,100.973806578144,100.9662103393838,0.6929550189503323,99.4314512318228,102.080604305244,0.7083333333333334,True,56.0,2,中维护
A1,2024-09-14,23,23,100.513293581838,100.70576191947647,0.7469560795950783,99.3827661190071,102.340478454063,0.9583333333333334,True,57.0,2,中维护
A1,2024-09-15,23,15,100.323659830514,100.3004228985213,0.7908178844216711,99.0968115661444,101.897272863124,0.625,True,58.0,2,中维护
A1,2024-09-16,22,21,99.430253222002,99.15053877316396,1.430929164971886,94.4444840505093,101.037945187863,0.875,True,59.0,2,中维护
A1,2024-09-17,13,13,99.3946234574692,99.59744086853935,1.0979924946391488,98.2116459392465,102.296695759929,0.5416666666666666,True,60.0,2,中维护
A1,2024-09-18,24,20,98.8977113248109,98.81235798737632,1.045739023861099,96.643045056989,100.740669929173,0.8333333333333334,True,61.0,2,中维护
A1,2024-09-19,24,24,98.2738668970977,98.28289872409526,1.0153839425523508,96.4630257944811,100.348570827382,1.0,True,62.0,2,中维护
A1,2024-09-20,24,24,98.09642285808991,98.04960613943429,0.7799414419008764,96.3557722993169,99.5502300857777,1.0,True,63.0,2,中维护
A1,2024-09-21,13,13,97.6073276801006,97.81663935713927,0.9103661617615021,96.1757446195137,99.29471634138,0.5416666666666666,True,64.0,2,中维护
A1,2024-09-22,24,23,97.1357997124739,97.30874487009356,0.8227715144315918,95.7453040299526,99.5129011228758,0.9583333333333334,True,65.0,2,中维护
A1,2024-09-23,24,23,96.3445604682412,96.2823739557919,0.8569727236857069,94.6594790191116,97.6014967809457,0.9583333333333334,True,66.0,2,中维护
A1,2024-09-24,24,22,96.4150723882331,96.25261901959412,0.9082748153727124,94.4646862340064,97.7980343940643,0.9166666666666666,True,67.0,2,中维护
A1,2024-09-25,14,10,95.01464876703355,94.94280095718258,1.060738860775222,92.2397671555906,96.1216343925504,0.4166666666666667,True,68.0,2,中维护
A1,2024-09-26,24,24,95.1123170732366,95.00813361215948,0.8257824372103948,93.5468027885486,96.0592132381711,1.0,True,69.0,2,中维护
A1,2024-09-27,24,20,94.36012826598305,94.00735876639091,0.9665104166345432,92.1653778958245,95.2795020545177,0.8333333333333334,True,70.0,2,中维护
A1,2024-09-28,23,18,93.59800615860725,93.46145583162189,0.7505359875974977,91.889824906838,94.6624556624601,0.75,True,71.0,2,中维护
A1,2024-09-29,13,13,93.2570426625048,93.36811910320397,0.8298075793721467,91.7609262840248,94.5395366115319,0.5416666666666666,True,72.0,2,中维护
A1,2024-10-01,16,0,,,,,,0.0,False,0.0,3,中维护
A1,2024-10-02,24,24,98.7687499011478,98.83602497772851,0.4489003227247275,98.0157287791885,99.8519982111028,1.0,True,1.0,3,中维护
A1,2024-10-03,17,17,98.2798631454827,99.77033089417064,6.414106048251194,97.2495066696425,124.573322974503,0.7083333333333334,True,2.0,3,中维护
A1,2024-10-04,20,19,97.9718326219933,97.97655074215706,0.5148583994434786,97.0593941737701,99.0045810026081,0.7916666666666666,True,3.0,3,中维护
A1,2024-10-05,24,23,96.9088494425161,97.15376958478336,1.1546211830407145,95.3249277464507,100.478504847418,0.9583333333333334,True,4.0,3,中维护
A1,2024-10-06,23,23,96.0791587688003,96.3394214204556,1.2655168228434004,94.2496854163622,99.2420503962458,0.9583333333333334,True,5.0,3,中维护
A1,2024-10-07,20,19,95.8854785617533,96.03524100841186,1.034400516966093,94.6209871738021,98.5429590429686,0.7916666666666666,True,6.0,3,中维护
A1,2024-10-08,18,17,95.6813081432447,95.64184646686996,0.8303972100542576,94.366482647673,97.683240466355,0.7083333333333334,True,7.0,3,中维护
A1,2024-10-09,24,24,96.1551687126711,96.04025505501511,0.8266851825660791,93.557450726114,97.2324669081791,1.0,True,8.0,3,中维护
A1,2024-10-10,22,22,95.5207258929338,95.56234781385398,0.739827439133154,94.295297842502,97.0042953690832,0.9166666666666666,True,9.0,3,中维护
A1,2024-10-11,24,24,94.85094949561395,94.78972219423947,1.0026251385752243,92.7158062283453,97.0359739668683,1.0,True,10.0,3,中维护
A1,2024-10-12,14,14,94.18670844471285,94.15600172759059,1.0520095696520007,92.0454482658577,95.79111371666,0.5833333333333334,True,11.0,3,中维护
A1,2024-10-13,24,21,93.7908661694279,93.63127833193244,0.7314516336246042,92.1544984311227,95.07484345994,0.875,True,12.0,3,中维护
A1,2024-10-14,18,18,93.58057746824015,93.65156252464695,1.0709910853552498,91.9412564737786,96.0877864184155,0.75,True,13.0,3,中维护
A1,2024-10-15,24,22,92.9320364431421,92.8206624341663,1.0701575454798187,90.8648167228664,95.4359454923565,0.9166666666666666,True,14.0,3,中维护
A1,2024-10-16,12,12,92.94018214714364,92.71490822089324,1.0126358723386284,90.2117587111205,94.2501788094084,0.5,True,15.0,3,中维护
A1,2024-10-17,24,17,91.7658204744851,91.97488396367184,0.7470437245091555,90.8375556284098,93.4034668484137,0.7083333333333334,True,16.0,3,中维护
A1,2024-10-18,23,18,92.24875054889014,92.22123926070175,0.9907792365820308,89.958458600534,94.0462182120545,0.75,True,17.0,3,中维护
A1,2024-10-19,24,24,91.91505803196814,91.92115824438854,0.8835558825959288,90.071155696819,93.6979498914313,1.0,True,18.0,3,中维护
A1,2024-10-20,14,14,91.16807931632955,91.20602133394637,0.756564126987838,90.0092225185804,92.3831197692445,0.5833333333333334,True,19.0,3,中维护
A1,2024-10-21,23,23,90.5730231690541,90.4420396851333,0.8005238488555488,88.3963505933365,92.1758836080557,0.9583333333333334,True,20.0,3,中维护
A1,2024-10-22,22,22,90.22113405831129,90.16486414586232,1.1395293108457998,87.3506602826317,92.4847516140456,0.9166666666666666,True,21.0,3,中维护
A1,2024-10-23,18,17,89.7887386272395,89.68148296760724,0.6927838914300904,88.4634001236077,91.0258129348985,0.7083333333333334,True,22.0,3,中维护
A1,2024-10-24,21,20,88.60302842057354,88.78339257440352,0.9370506201092328,87.0806166968153,90.4992338984019,0.8333333333333334,True,23.0,3,中维护
A1,2024-10-25,24,23,88.1841529801319,88.39563442357016,0.9311046005541276,86.6915184930588,90.6404024725412,0.9583333333333334,True,24.0,3,中维护
A1,2024-10-26,24,24,87.70195297928646,87.66922699571114,1.0804896857789699,85.8549490528254,90.4673846899679,1.0,True,25.0,3,中维护
A1,2024-10-27,24,23,87.7918012842353,87.71821256017544,0.892332898671398,85.9169887394712,89.1386792247535,0.9583333333333334,True,26.0,3,中维护
A1,2024-10-28,15,15,87.7161538998966,87.6313492780857,0.7869116342854748,85.9991605453943,88.9083889333751,0.625,True,27.0,3,中维护
A1,2024-10-29,24,24,87.29273581308189,87.32541959714075,1.022645038206927,84.9542897091197,89.1709884653936,1.0,True,28.0,3,中维护
A1,2024-10-30,9,9,86.970432733667,87.06558718357999,0.7665452638638387,85.980929384566,88.2627702213493,0.375,True,29.0,3,中维护
A1,2024-10-31,6,6,87.22781918949886,87.43921118717975,1.2498859793673036,85.7219477440134,88.9297872036749,0.25,True,30.0,3,中维护
A1,2024-11-01,23,23,86.3052163942857,86.33930097993243,0.7702401336232623,85.2651521964519,88.2763390357429,0.9583333333333334,True,31.0,3,中维护
A1,2024-11-02,23,23,85.4507326315561,85.39896330637022,0.6048689131102241,83.9243373179947,86.4667687174037,0.9583333333333334,True,32.0,3,中维护
A1,2024-11-03,22,22,85.0774435890336,85.18017581598691,0.6262932766171028,84.0002988504576,86.2864735554382,0.9166666666666666,True,33.0,3,中维护
A1,2024-11-04,11,11,85.1098114575971,85.19657172749314,1.1216641456994216,83.6983104269659,87.1171416654748,0.4583333333333333,True,34.0,3,中维护
A1,2024-11-05,21,21,84.8057626681158,84.63595134625828,0.6878200982209673,82.8627540098083,85.8495445080707,0.875,True,35.0,3,中维护
A1,2024-11-06,9,8,84.93389398521066,84.74749821447882,0.6727777890073018,83.4485355849433,85.671351435754,0.3333333333333333,True,36.0,3,中维护
A1,2024-11-07,24,24,83.76516454734075,83.96058002944018,0.7982619171549993,82.3439162740416,85.4652788298882,1.0,True,37.0,3,中维护
A1,2024-11-08,13,13,83.096540999956,83.1020388215301,0.3855161084783819,82.5559252611904,83.7606000634905,0.5416666666666666,True,38.0,3,中维护
A1,2024-11-09,24,23,82.7991474687708,82.75210282952936,0.6482405657244856,81.7409618734751,83.9616637450548,0.9583333333333334,True,39.0,3,中维护
A1,2024-11-10,24,20,82.16034911074165,82.37160533826247,0.7341809725065911,80.7889809363243,83.788108164643,0.8333333333333334,True,40.0,3,中维护
A1,2024-11-11,23,23,82.7829766319841,82.81087569194686,0.7426704957114242,81.6101294959571,84.7373738626265,0.9583333333333334,True,41.0,3,中维护
A1,2024-11-12,13,13,81.9013981158945,81.9997327229827,0.6372062351068137,80.9442672855685,83.3065154081635,0.5416666666666666,True,42.0,3,中维护
A1,2024-11-13,23,23,81.2076763379187,81.37119587353025,0.631675236287066,80.5239411345115,82.4265448784988,0.9583333333333334,True,43.0,3,中维护
A1,2024-11-14,23,23,80.8687906344506,80.85570737174743,0.6070797848012468,79.7769732169223,82.3582016736429,0.9583333333333334,True,44.0,3,中维护
A1,2024-11-15,22,21,80.3152463461936,80.31928554266325,0.7466870623571472,79.19029294955,81.8713010580276,0.875,True,45.0,3,中维护
A1,2024-11-16,13,13,79.774718170762,79.77331884441122,0.6605181000291817,78.5467827874885,80.6707971288563,0.5416666666666666,True,46.0,3,中维护
A1,2024-11-17,22,22,79.4601488645928,79.52066139206943,0.8991023974304974,78.1763213557245,81.9949320090715,0.9166666666666666,True,47.0,3,中维护
A1,2024-11-18,23,23,79.1342390164832,78.90227948548105,0.7327631413654229,76.936206010921,80.105674302859,0.9583333333333334,True,48.0,3,中维护
A1,2024-11-19,24,24,78.1777770957344,78.33596458322734,0.7266765013341103,76.9105723715294,79.6549687423073,1.0,True,49.0,3,中维护
A1,2024-11-20,13,13,77.8828751119405,77.94108521058034,0.7748569987940604,76.7491426874504,79.7751932783926,0.5416666666666666,True,50.0,3,中维护
A1,2024-11-21,24,22,77.65045825986931,77.6020287090041,0.685534623949964,76.3135776394492,78.7674325013083,0.9166666666666666,True,51.0,3,中维护
A1,2024-11-22,24,20,77.46528657944529,77.49711286218707,0.6812631640140306,76.414296057691,79.640220763934,0.8333333333333334,True,52.0,3,中维护
A1,2024-11-23,24,24,77.69957106528554,77.53325785582331,0.7000449041822591,76.0671060496331,78.5845370231228,1.0,True,53.0,3,中维护
A1,2024-11-24,13,13,77.4494075432418,77.38894003577253,0.6825026246012449,76.3472719105239,78.5424559401821,0.5416666666666666,True,54.0,3,中维护
A1,2024-11-25,18,17,76.8777876476241,76.68098072187078,0.672846098269924,75.0249635087722,77.3499738336098,0.7083333333333334,True,55.0,3,中维护
A1,2024-11-26,7,7,76.0107111337983,76.06389658356275,0.27269882842854587,75.7063036355124,76.4710227113938,0.2916666666666667,True,56.0,3,中维护
A1,2024-11-28,16,15,75.5906857135357,75.69924538598858,0.7599111362146533,74.2284283455931,77.0321121075082,0.625,True,58.0,3,中维护
A1,2024-11-29,22,22,75.2827256575919,75.17711555028,0.43431779831200923,74.291462568471,75.8402980925661,0.9166666666666666,True,59.0,3,中维护
A1,2024-11-30,13,13,74.5229962777527,74.7527690474018,0.6619873718863307,73.7062920462646,75.7431550241314,0.5416666666666666,True,60.0,3,中维护
A1,2024-12-01,24,24,73.8597116126393,73.8522368458588,0.2611452189592374,73.2964133885216,74.3998578568442,1.0,True,61.0,3,中维护
A1,2024-12-02,24,0,,,,,,0.0,False,0.0,4,大维护
A1,2024-12-03,24,24,93.21543986349045,94.2927284610522,5.485035379534269,92.9351528964661,120.039486891441,1.0,True,1.0,4,大维护
A1,2024-12-04,24,24,92.87159532643865,92.86294921799141,0.11978073348058253,92.6380935879618,93.147614471615,1.0,True,2.0,4,大维护
A1,2024-12-05,15,15,92.1867707635296,92.20108735090881,0.07803516609249765,92.0799547288754,92.3339585980913,0.625,True,3.0,4,大维护
A1,2024-12-06,21,20,91.79898754587235,91.75984704711917,0.1871690914405369,91.3476264797647,92.0608175758137,0.8333333333333334,True,4.0,4,大维护
A1,2024-12-07,21,21,91.602015722899,91.61487888537897,0.19369150365964202,91.391825304084,92.2021288128751,0.875,True,5.0,4,大维护
A1,2024-12-08,22,17,91.2472225816719,91.24699579137568,0.22979339595458445,90.8071275953763,91.7595832341624,0.7083333333333334,True,6.0,4,大维护
A1,2024-12-09,15,14,90.55016867899755,90.57947373751658,0.15173147960411854,90.3191323457941,90.8720086586261,0.5833333333333334,True,7.0,4,大维护
A1,2024-12-10,23,17,90.4995899245735,90.50333028868317,0.1996662011559074,90.0338695342867,90.8522248886072,0.7083333333333334,True,8.0,4,大维护
A1,2024-12-11,23,23,90.1679897558158,90.13830368889849,0.2504185483729528,89.7100851141109,90.6177840324325,0.9583333333333334,True,9.0,4,大维护
A1,2024-12-12,24,23,89.3865304051485,89.3926066348768,0.1734276414648042,89.0817161999342,89.7436572250472,0.9583333333333334,True,10.0,4,大维护
A1,2024-12-13,14,14,88.5205256929581,88.50905359553528,0.17913697233096826,88.1329989240663,88.7823171063996,0.5833333333333334,True,11.0,4,大维护
A1,2024-12-14,24,24,88.13130107488499,88.09008628421792,0.16748809090693817,87.7221631930448,88.3853565912301,1.0,True,12.0,4,大维护
A1,2024-12-15,23,18,87.15953342585905,87.11685464337155,0.218378768093726,86.8108633831916,87.670622601293,0.75,True,13.0,4,大维护
A1,2024-12-16,24,23,86.7014997962639,86.72037259801796,0.2232024697491831,86.3136006691186,87.1315480446763,0.9583333333333334,True,14.0,4,大维护
A1,2024-12-17,14,14,86.0963805319276,86.08030136833474,0.13804508261231338,85.8591298120368,86.2991857885778,0.5833333333333334,True,15.0,4,大维护
A1,2024-12-18,24,23,84.9665824577229,84.99508119255856,0.187686035962507,84.6768196422093,85.4351300713378,0.9583333333333334,True,16.0,4,大维护
A1,2024-12-19,24,22,84.06317742567819,84.05557561245573,0.25215009475990263,83.5015528659343,84.6185656955509,0.9166666666666666,True,17.0,4,大维护
A1,2024-12-20,22,22,83.7926203695247,83.85045090991396,0.20657049899083932,83.5276997934548,84.2422943428973,0.9166666666666666,True,18.0,4,大维护
A1,2024-12-21,16,16,83.62139954666715,83.59126168445452,0.21626395915188182,83.2267728473338,83.9132970793606,0.6666666666666666,True,19.0,4,大维护
A1,2024-12-22,16,14,83.20362326747184,83.2357157204148,0.20381189628929988,82.8186198682871,83.5837214181403,0.5833333333333334,True,20.0,4,大维护
A1,2024-12-23,24,22,82.33282822936425,82.3762861715066,0.19158215601263137,82.0282567093914,82.7158119490875,0.9166666666666666,True,21.0,4,大维护
A1,2024-12-24,24,23,81.715354042972,81.67851878482654,0.19176151136524114,81.2530579558234,81.9469303610967,0.9583333333333334,True,22.0,4,大维护
A1,2024-12-25,24,24,81.23801892462875,81.23361304090938,0.18148645399032784,80.8745431092652,81.6068258315198,1.0,True,23.0,4,大维护
A1,2024-12-26,2,2,,,,,,0.08333333333333333,False,24.0,4,大维护
A1,2024-12-28,9,9,79.3438827689025,79.40439539453908,0.1600027028775816,79.1747742451208,79.657992867535,0.375,True,26.0,4,大维护
A1,2024-12-29,24,21,79.0880380730975,79.18615785861209,0.2145854057358693,78.8762240590307,79.6543949292297,0.875,True,27.0,4,大维护
A1,2024-12-30,14,14,79.24441004232675,79.20107918524866,0.2174853791401809,78.8900941959353,79.6318302495195,0.5833333333333334,True,28.0,4,大维护
A1,2024-12-31,21,21,78.6255142081391,78.63483491027284,0.14968441789752435,78.3660346548511,78.9393680644599,0.875,True,29.0,4,大维护
A1,2025-01-01,14,14,78.4984803108506,78.50335606740161,0.21372216115450002,77.9804935808734,78.8203073508108,0.5833333333333334,True,30.0,4,大维护
A1,2025-01-02,12,12,78.0682582049312,78.0894709753592,0.2364104107520043,77.6927538247978,78.5885308021269,0.5,True,31.0,4,大维护
A1,2025-01-03,22,22,77.70607101089865,77.72552676323586,0.19899458852981625,77.3731139110261,78.0718500803873,0.9166666666666666,True,32.0,4,大维护
A1,2025-01-04,21,21,77.2488996713128,77.33886796568024,0.2715635709701227,76.9295915175009,78.0816519495499,0.875,True,33.0,4,大维护
A1,2025-01-05,23,22,76.8453268065881,76.85369786074581,0.2311163791078164,76.4854411469799,77.2720178484662,0.9166666666666666,True,34.0,4,大维护
A1,2025-01-06,23,23,76.3767959650775,76.43132512648343,0.24237960394087885,75.80996188855,76.890173393037,0.9583333333333334,True,35.0,4,大维护
A1,2025-01-07,12,12,75.8858608414688,75.93200991908463,0.300369358380616,75.565871252338,76.6314041131958,0.5,True,36.0,4,大维护
A1,2025-01-08,21,20,75.4763977541214,75.50618097477705,0.22924969488272837,74.8329987928226,75.9037232055066,0.8333333333333334,True,37.0,4,大维护
A1,2025-01-09,21,20,75.0270431396885,74.94970630353755,0.20472953649885434,74.4682409458925,75.3428844792739,0.8333333333333334,True,38.0,4,大维护
A1,2025-01-10,22,22,74.68201502146705,74.68099547541442,0.23436806599149773,74.2496619513009,75.1251950866493,0.9166666666666666,True,39.0,4,大维护
A1,2025-01-11,13,13,73.8946519743687,73.80608857737865,0.2669214052252272,73.2860690423744,74.0784560141506,0.5416666666666666,True,40.0,4,大维护
A1,2025-01-12,22,22,73.95340015007885,73.97209663277275,0.25870341072796116,73.4948719823646,74.4666043522574,0.9166666666666666,True,41.0,4,大维护
A1,2025-01-13,23,21,73.6348736027407,73.66852292960753,0.22412966268928267,73.3764487992724,74.1209885289548,0.875,True,42.0,4,大维护
A1,2025-01-14,15,15,72.8473526355161,72.87623905266874,0.28283925011497385,72.4834415672978,73.4822255837666,0.625,True,43.0,4,大维护
A1,2025-01-15,10,10,72.49738231735566,72.54665001625919,0.25061377985451816,72.1904635886343,72.9479556093514,0.4166666666666667,True,44.0,4,大维护
A1,2025-01-16,13,13,71.8657616656406,71.93713412721355,0.21824397987494484,71.6030016769066,72.3442495636379,0.5416666666666666,True,45.0,4,大维护
A1,2025-01-17,23,23,71.7449003805176,71.72277183902146,0.17519092525859245,71.4190823586261,71.9978198966262,0.9583333333333334,True,46.0,4,大维护
A1,2025-01-18,12,12,70.8892538830589,70.85785225239965,0.23504514848299493,70.4438570097097,71.3190760087629,0.5,True,47.0,4,大维护
A1,2025-01-19,20,20,70.24445444566715,70.24560613571337,0.3150019620982605,69.7149265176283,70.7830031169885,0.8333333333333334,True,48.0,4,大维护
A1,2025-01-20,23,23,69.9534772735876,70.1319065245994,0.9439608110416481,69.7025269545699,74.4053927484147,0.9583333333333334,True,49.0,4,大维护
A1,2025-01-21,21,0,,,,,,0.0,False,0.0,5,中维护
A1,2025-01-22,14,14,95.95025920466365,95.96158465365927,0.11800953223886534,95.7571365940824,96.1917444638447,0.5833333333333334,True,1.0,5,中维护
A1,2025-01-23,20,20,95.61342382083934,95.61789499576146,0.13050312163938382,95.3729413755661,95.8293355152155,0.8333333333333334,True,2.0,5,中维护
A1,2025-01-24,21,21,95.388091906771,95.43585099037796,0.15249302940387796,95.223990477201,95.8285529448531,0.875,True,3.0,5,中维护
A1,2025-01-25,20,20,95.1219086956016,95.10873069699849,0.2159705624010369,94.6096850358254,95.5055840567515,0.8333333333333334,True,4.0,5,中维护
A1,2025-01-26,19,18,94.62395820933546,94.56988242209502,0.29419432446548616,93.975304747901,95.0261500684611,0.75,True,5.0,5,中维护
A1,2025-01-27,13,11,94.2533811502067,94.23146812867209,0.2513699079384366,93.8042368222253,94.5421229787928,0.4583333333333333,True,6.0,5,中维护
A1,2025-01-28,24,24,94.12682435865725,94.10802065133544,0.21907581796718764,93.713763643448,94.5050916926538,1.0,True,7.0,5,中维护
A1,2025-01-29,14,13,93.3376606814773,93.38980597408667,0.252418535972108,92.9620806292179,93.8455241998139,0.5416666666666666,True,8.0,5,中维护
A1,2025-01-30,5,5,93.1725418569456,93.09398869838734,0.2607958537938239,92.7121889924038,93.3237927560934,0.20833333333333334,True,9.0,5,中维护
A1,2025-02-03,12,11,92.3230078366637,92.35894059059072,0.17986723332542,92.1768797119926,92.7547374189056,0.4583333333333333,True,13.0,5,中维护
A1,2025-02-04,20,20,91.7188785659441,91.69874144760173,0.21539372566852188,91.3420109019277,92.0641900405206,0.8333333333333334,True,14.0,5,中维护
A1,2025-02-05,24,24,91.39149298757906,91.41510221058753,0.16508318783938256,91.1219003330726,91.8362743643116,1.0,True,15.0,5,中维护
A1,2025-02-06,21,21,91.1323052351043,91.17876093469938,0.23811589505485678,90.6824721048821,91.7572310370991,0.875,True,16.0,5,中维护
A1,2025-02-07,22,22,90.95611856871261,90.97226557435489,0.19467601438591167,90.5665001531895,91.3056314647074,0.9166666666666666,True,17.0,5,中维护
A1,2025-02-08,21,18,90.91362002168165,90.92493065939337,0.25047275213028947,90.4529410055282,91.3110393884984,0.75,True,18.0,5,中维护
A1,2025-02-09,10,9,90.6472315530491,90.62586248142524,0.17408818830554829,90.3636269477832,90.8800954401208,0.375,True,19.0,5,中维护
A1,2025-02-10,8,8,89.91559201965485,89.95584657160812,0.1588276530852039,89.7501242324539,90.2087026559238,0.3333333333333333,True,20.0,5,中维护
A1,2025-02-11,14,14,89.23257315363595,89.20986666290774,0.16879973676165785,88.8253373606816,89.4598712747371,0.5833333333333334,True,21.0,5,中维护
A1,2025-02-12,22,22,89.06575310546481,89.05089445631094,0.22013204457549468,88.6219489396078,89.4130048546835,0.9166666666666666,True,22.0,5,中维护
A1,2025-02-13,13,13,88.5175192818391,88.52601072883814,0.18153031245290327,88.3027638907863,88.9418697652821,0.5416666666666666,True,23.0,5,中维护
A1,2025-02-14,12,12,88.27005864999435,88.31345165793043,0.26900438847010905,87.9385387427549,88.7569746333737,0.5,True,24.0,5,中维护
A1,2025-02-15,16,16,87.9699270884512,87.94317139813167,0.20493305972804982,87.570262975706,88.2267249319898,0.6666666666666666,True,25.0,5,中维护
A1,2025-02-16,7,6,87.666509334222,87.65270696131887,0.10612009771088261,87.5017586985408,87.7720673897423,0.25,True,26.0,5,中维护
A1,2025-02-17,15,15,87.2872323527039,87.31083818213652,0.2629007202652747,86.7872100104709,87.7527426702943,0.625,True,27.0,5,中维护
A1,2025-02-18,24,23,86.8979289646035,86.94488702225416,0.1964897011438462,86.6300255786224,87.3772401885413,0.9583333333333334,True,28.0,5,中维护
A1,2025-02-19,13,12,86.248284682801,86.24216269808211,0.1873330990495684,85.9054502939811,86.5787623421345,0.5,True,29.0,5,中维护
A1,2025-02-20,10,5,86.2212082527511,86.12740911674337,0.22191965190438834,85.7640890279324,86.3174067145482,0.20833333333333334,True,30.0,5,中维护
A1,2025-02-21,1,1,,,,,,0.041666666666666664,False,31.0,5,中维护
A1,2025-02-22,9,9,85.3349009170593,85.35763258981973,0.11752746187488484,85.2111150530269,85.5829172579618,0.375,True,32.0,5,中维护
A1,2025-02-23,14,14,85.10712669447625,85.03589607701944,0.1958445049408354,84.5862239349924,85.2818551678765,0.5833333333333334,True,33.0,5,中维护
A1,2025-02-24,23,23,84.5968459986597,84.6270690443102,0.20194275798058045,84.2685712175982,85.1836104979934,0.9583333333333334,True,34.0,5,中维护
A1,2025-02-25,19,19,84.1037024384732,84.14082718679768,0.24614867997001819,83.6303033551573,84.4605397798386,0.7916666666666666,True,35.0,5,中维护
A1,2025-02-26,24,23,83.4973603859766,83.52601661197981,0.19757233344440997,83.2144681446398,83.9349956213627,0.9583333333333334,True,36.0,5,中维护
A1,2025-02-27,10,9,83.4607461361333,83.48179256691365,0.14110384531722095,83.2679942414556,83.6742268741192,0.375,True,37.0,5,中维护
A1,2025-02-28,14,14,83.2584953383392,83.30273555307687,0.17989938080823778,83.1073319336837,83.6275309513378,0.5833333333333334,True,38.0,5,中维护
A1,2025-03-07,6,6,82.52864663686805,82.81164666160599,0.8853572068909404,81.7264113904472,84.2806909385868,0.25,True,45.0,5,中维护
A1,2025-03-08,11,11,83.0658610535881,83.04045592903418,0.5074825113264426,81.9303891323487,83.6802407145911,0.4583333333333333,True,46.0,5,中维护
A1,2025-03-09,18,18,82.21449569397015,82.42056553689328,0.6714827772899682,81.5054545428237,83.8546427715888,0.75,True,47.0,5,中维护
A1,2025-03-10,23,22,82.199485251379,82.24713641436291,0.6110431499230974,81.2321325410633,83.5081250028423,0.9166666666666666,True,48.0,5,中维护
A1,2025-03-11,20,20,82.1543781691911,82.08720599291328,0.6222436774069047,81.0462777387015,83.6224854395287,0.8333333333333334,True,49.0,5,中维护
A1,2025-03-12,13,13,82.4812220852956,82.349417120256,0.8766748272289778,80.8007184240441,83.6059031629105,0.5416666666666666,True,50.0,5,中维护
A1,2025-03-13,13,13,81.1661916661872,81.0157333113869,0.5707737842615885,79.702141737968,81.9122748719873,0.5416666666666666,True,51.0,5,中维护
A1,2025-03-14,17,0,,,,,,0.0,False,0.0,6,中维护
A1,2025-03-15,13,13,113.774152055731,114.645852517537,2.8565241017816874,113.432481595764,124.102443857956,0.5416666666666666,True,1.0,6,中维护
A1,2025-03-16,5,5,113.499943272866,113.5053305200266,0.2967633018039906,113.211536957399,113.914573544384,0.20833333333333334,True,2.0,6,中维护
A1,2025-03-17,6,5,113.112796602199,113.13183534808181,0.2591648600711099,112.85467931718,113.555361862216,0.20833333333333334,True,3.0,6,中维护
A1,2025-03-18,21,21,112.82705535784,112.82988612290232,0.7992362180817694,111.63203768363,114.327803515108,0.875,True,4.0,6,中维护
A1,2025-03-19,20,16,112.57423250751,112.51965972712675,0.8288704852346022,110.730521079842,113.422979495732,0.6666666666666666,True,5.0,6,中维护
A1,2025-03-20,20,20,112.5337010310945,112.38440541643736,0.7559136101388163,111.061309776537,113.583648145746,0.8333333333333334,True,6.0,6,中维护
A1,2025-03-21,18,18,111.798921180897,111.62031339174916,1.6573056146036813,106.041428690763,114.292886257832,0.75,True,7.0,6,中维护
A1,2025-03-22,20,20,111.7492803371205,111.66319917447841,1.0033615774108675,109.611956215934,113.480830241241,0.8333333333333334,True,8.0,6,中维护
A1,2025-03-23,11,11,111.463344136987,111.35105188616454,0.7579056903810028,110.221830522335,112.394389082361,0.4583333333333333,True,9.0,6,中维护
A1,2025-03-24,7,6,110.8865497553455,110.93986804512599,0.7765750302190462,109.942019954736,112.039623266138,0.25,True,10.0,6,中维护
A1,2025-03-25,18,17,110.841941381207,110.74148261887753,0.5592073860254615,110.010641306628,111.827835680036,0.7083333333333334,True,11.0,6,中维护
A1,2025-03-26,20,20,110.3427537171925,110.3921815019439,0.8286463796847066,109.08363878992,112.673996334283,0.8333333333333334,True,12.0,6,中维护
A1,2025-03-27,17,16,109.6778215980235,109.76951570995357,0.7324085117727113,108.799123234886,111.123148935106,0.6666666666666666,True,13.0,6,中维护
A1,2025-03-28,6,4,109.4665697743045,109.4492397055365,0.9782583644170678,108.292666014603,110.571153258934,0.16666666666666666,True,14.0,6,中维护
A1,2025-03-29,12,10,108.3527440918045,108.5489360579282,0.5351166824320327,107.931266116846,109.342402770694,0.4166666666666667,True,15.0,6,中维护
A1,2025-03-30,17,16,108.590974512174,108.61578619726762,0.7216610582774736,107.36375159414,110.075827479526,0.6666666666666666,True,16.0,6,中维护
A1,2025-03-31,14,14,107.97929791989799,107.83154673321985,0.6652527362324813,106.777761303108,108.987927666278,0.5833333333333334,True,17.0,6,中维护
A1,2025-04-01,18,17,107.860743515018,107.82638208660106,1.1941210917039917,105.449072795549,109.953966289987,0.7083333333333334,True,18.0,6,中维护
A1,2025-04-02,13,13,106.383337453252,106.91669383566153,1.671105115215825,105.255450532344,110.068603078457,0.5416666666666666,True,19.0,6,中维护
A1,2025-04-04,12,11,108.017614614793,107.63102586128456,1.0859547673509529,105.787527055286,109.065841325419,0.4583333333333333,True,21.0,6,中维护
A1,2025-04-05,15,15,107.16564290077,107.01719970155014,0.9912053059132094,105.2273977193,108.399070967531,0.625,True,22.0,6,中维护
A1,2025-04-06,9,9,106.367631313586,106.44645860014955,1.3159333200635968,104.396282788993,108.491424502496,0.375,True,23.0,6,中维护
A1,2025-04-07,18,18,106.1878457290725,105.99557670736105,1.1357348005384627,103.544614787027,108.118095312965,0.75,True,24.0,6,中维护
A1,2025-04-08,16,16,105.72330916537351,106.10519234198738,1.2894779041631574,104.196607980204,108.786389466078,0.6666666666666666,True,25.0,6,中维护
A1,2025-04-09,14,14,105.7412541942915,105.68550295029893,1.230373811013157,102.874278527736,107.542793450191,0.5833333333333334,True,26.0,6,中维护
A1,2025-04-10,11,7,105.692019298884,105.91792395999944,0.7100983404283944,105.113550720727,107.280091038208,0.2916666666666667,True,27.0,6,中维护
A1,2025-04-11,10,8,105.0696183235315,105.17883397981487,0.8283957818909069,103.866827583002,106.589094375016,0.3333333333333333,True,28.0,6,中维护
A1,2025-04-12,16,16,105.10888639225101,104.96224989466587,1.6214052595616941,102.467081635645,107.326759152375,0.6666666666666666,True,29.0,6,中维护
A1,2025-04-13,13,12,104.88143320396199,105.03996325437117,1.3281103337825813,102.989324964391,107.139267848785,0.5,True,30.0,6,中维护
A1,2025-04-14,15,15,104.582233242415,104.97480544898859,1.8056443691215487,101.937876055776,107.995517625255,0.625,True,31.0,6,中维护
A1,2025-04-15,8,8,104.77943768541249,104.6653405047855,1.5688052097907037,102.182741715811,107.040075592374,0.3333333333333333,True,32.0,6,中维护
A1,2025-04-16,20,20,103.8463905431675,103.99200089391316,1.2278382406592732,102.062280681588,106.006590563934,0.8333333333333334,True,33.0,6,中维护
A1,2025-04-17,18,18,102.9659597884255,103.56013375626316,2.5083520065868243,101.111998687168,112.203981244351,0.75,True,34.0,6,中维护
A1,2025-04-18,20,19,103.693056010506,103.43730691194452,1.3086494548847343,100.051415674291,105.959351639969,0.7916666666666666,True,35.0,6,中维护
A1,2025-04-19,21,21,103.472988668212,103.5300506730219,1.4881928928796762,100.63691195592,106.098914552276,0.875,True,36.0,6,中维护
A1,2025-04-20,16,11,103.410631114051,103.44216008481474,0.8013554064972707,102.15811671839,104.8031584281,0.4583333333333333,True,37.0,6,中维护
A1,2025-04-21,20,20,102.683511422107,102.77255367385085,1.0306820166832036,101.20367877699,104.803529560949,0.8333333333333334,True,38.0,6,中维护
A1,2025-04-22,17,16,102.87357731542801,102.54865626539663,1.2012090447037647,100.387721142817,104.167327617797,0.6666666666666666,True,39.0,6,中维护
A1,2025-04-23,22,22,102.5160366855545,102.45809485603773,1.3679236102809138,99.2715631558482,104.840519386241,0.9166666666666666,True,40.0,6,中维护
A1,2025-04-24,17,17,102.226558206332,102.1273311715316,1.0428699920445026,99.7482791305621,103.961240700772,0.7083333333333334,True,41.0,6,中维护
A1,2025-04-25,20,20,101.445597881667,101.56069347656741,1.5483911249881361,98.6702712409634,104.34095209076,0.8333333333333334,True,42.0,6,中维护
A1,2025-04-26,15,15,101.43329285324,101.53470638430893,1.093450990240889,99.3465258136219,103.228384777542,0.625,True,43.0,6,中维护
A1,2025-04-27,8,8,100.6126205228705,100.8512170420048,1.3182837187102603,99.5854411704695,103.604479401895,0.3333333333333333,True,44.0,6,中维护
A1,2025-04-28,9,9,101.26772066264,100.93576536223662,1.2526796026752438,98.539004579862,102.081867694081,0.375,True,45.0,6,中维护
A1,2025-04-29,20,15,100.889331270912,101.07772903376375,1.3026717971643682,99.3308629759812,103.991062086551,0.625,True,46.0,6,中维护
A1,2025-04-30,6,6,99.30398072628239,100.14151068560557,1.5306335163155453,98.9703477555513,102.223443228434,0.25,True,47.0,6,中维护
A1,2025-05-04,2,2,,,,,,0.08333333333333333,False,51.0,6,中维护
A1,2025-05-05,5,5,99.1792667841761,99.37736583327758,0.6664026114612949,98.618493009724,100.39506818965,0.20833333333333334,True,52.0,6,中维护
A1,2025-05-06,12,11,99.2658838337938,99.64964060290161,1.3318270000746966,97.5512022650101,101.619392792604,0.4583333333333333,True,53.0,6,中维护
A1,2025-05-07,4,4,99.46927167665085,99.54188726537772,0.8674248647217877,98.7213488494192,100.50765685879,0.16666666666666666,True,54.0,6,中维护
A1,2025-05-08,9,9,98.6388629895646,98.94989435683743,0.7568702993978834,98.1296467068047,100.414777767992,0.375,True,55.0,6,中维护
A1,2025-05-09,24,24,98.99698506949335,99.68922756414942,3.6628637554909824,97.1400899798594,116.302924639658,1.0,True,56.0,6,中维护
A1,2025-05-10,10,0,,,,,,0.0,False,0.0,7,中维护
A1,2025-05-11,13,13,107.04536145571,107.01817237331369,0.5069442896142392,106.014767778022,107.899958660284,0.5416666666666666,True,1.0,7,中维护
A1,2025-05-12,17,17,106.579016923193,106.62497242013582,0.42179016345692943,106.018195087344,107.236948308901,0.7083333333333334,True,2.0,7,中维护
A1,2025-05-13,17,17,106.205773570754,106.1753873840253,0.3729063540364804,105.266688349277,106.684284327901,0.7083333333333334,True,3.0,7,中维护
A1,2025-05-14,10,10,106.579308964153,106.4728692687871,0.9168679093897675,104.802279384458,108.393910387579,0.4166666666666667,True,4.0,7,中维护
A1,2025-05-15,13,13,106.458920931157,106.0321779401903,1.0151038847510487,104.752885791704,107.570560412574,0.5416666666666666,True,5.0,7,中维护
A1,2025-05-16,18,18,105.081703250551,105.04855898921627,0.7456190780114429,103.784394822585,106.352130767756,0.75,True,6.0,7,中维护
A1,2025-05-17,15,15,105.250525853643,105.285586096777,1.195329121418804,103.71974116354,107.542096242818,0.625,True,7.0,7,中维护
A1,2025-05-18,7,7,105.07609685778,104.85355219095042,1.3994178814400866,102.106968497976,106.407091962443,0.2916666666666667,True,8.0,7,中维护
A1,2025-05-19,13,13,104.582404912841,104.55833498319362,1.0771089200875694,102.615819724971,106.346190165841,0.5416666666666666,True,9.0,7,中维护
A1,2025-05-20,19,18,104.1903857629635,103.97059440996844,1.094015194958386,102.198068009714,105.60222901425,0.75,True,10.0,7,中维护
A1,2025-05-21,19,18,103.626094352036,103.70178873313294,0.8040510874231406,102.35912407263,105.180077062308,0.75,True,11.0,7,中维护
A1,2025-05-22,11,11,103.482758488464,103.19430922638527,0.8898840432352021,100.937967586061,104.259322509693,0.4583333333333333,True,12.0,7,中维护
A1,2025-05-23,14,14,103.6055207656915,103.52096645530207,1.1337616854364354,101.436516799559,104.85669860257,0.5833333333333334,True,13.0,7,中维护
A1,2025-05-24,14,14,103.1836025807455,103.10175307971464,0.8781318031569217,101.794780469535,104.824303374845,0.5833333333333334,True,14.0,7,中维护
A1,2025-05-25,17,17,102.643170450421,102.78353070334306,0.7417223129626942,101.546442729116,104.352217938693,0.7083333333333334,True,15.0,7,中维护
A1,2025-05-26,16,16,102.0967311588685,102.078329277576,0.8746140616382378,100.512087569652,103.485539279778,0.6666666666666666,True,16.0,7,中维护
A1,2025-05-27,10,10,101.8077409308015,101.6144812849046,1.3535235084796131,99.37942196604,104.116938656499,0.4166666666666667,True,17.0,7,中维护
A1,2025-05-28,18,18,101.591572758397,101.60315177356523,0.761232597944433,100.208078688288,102.896588498527,0.75,True,18.0,7,中维护
A1,2025-05-29,14,14,101.2265992700635,101.3804830485822,0.8312751310554201,100.127470376475,102.955281267077,0.5833333333333334,True,19.0,7,中维护
A1,2025-05-30,13,10,100.84391357546201,100.78573006530846,1.1105311190241756,99.0867571904272,102.498638304741,0.4166666666666667,True,20.0,7,中维护
A1,2025-05-31,8,8,100.48644607443799,100.4859315200469,0.48311451322987137,99.8382292440712,101.181060011487,0.3333333333333333,True,21.0,7,中维护
A1,2025-06-01,6,6,99.67857461330955,100.46514981224395,6.089330968209192,91.5999774426646,109.150561944923,0.25,True,22.0,7,中维护
A1,2025-06-02,12,12,99.75554685291475,99.85179718377414,4.393750484397751,90.7882866033793,106.180981172625,0.5,True,23.0,7,中维护
A1,2025-06-03,16,16,99.0777810492427,98.92401757832172,3.586657023807814,93.8862490256097,106.423430429644,0.6666666666666666,True,24.0,7,中维护
A1,2025-06-04,12,12,100.8976280893925,102.28926543532509,4.624946003734233,98.1328703939659,111.713177507628,0.5,True,25.0,7,中维护
A1,2025-06-05,16,16,100.587824906398,100.821899689746,2.5140244373318605,95.3038226273486,104.772939923627,0.6666666666666666,True,26.0,7,中维护
A1,2025-06-06,12,12,100.93879908495146,102.59016317507015,4.327072336815239,96.1392189816649,111.394835509834,0.5,True,27.0,7,中维护
A1,2025-06-07,12,12,100.4831441206666,99.16676088874999,4.25964826912217,91.1955135464869,103.166478245435,0.5,True,28.0,7,中维护
A1,2025-06-08,15,15,103.446653846301,101.83387470307304,4.196315527760528,93.514912385774,106.995939733813,0.625,True,29.0,7,中维护
A1,2025-06-09,15,15,100.265544704322,100.42439388276384,4.439389085009293,90.7197147642877,106.472088123936,0.625,True,30.0,7,中维护
A1,2025-06-10,1,1,,,,,,0.041666666666666664,False,31.0,7,中维护
A1,2025-06-11,9,9,97.0100291606505,98.33787545734094,3.1541759679851946,95.1237265102036,103.681696371486,0.375,True,32.0,7,中维护
A1,2025-06-12,23,23,99.5849859464527,99.30284218058584,4.42506569117775,92.6541773784099,106.246598347109,0.9583333333333334,True,33.0,7,中维护
A1,2025-06-13,9,9,97.6775224473685,96.9686694043763,5.078556389394109,88.3088790141351,101.98127866467,0.375,True,34.0,7,中维护
A1,2025-06-14,23,23,101.228022558886,100.6072020252146,3.3752550465621867,92.351702384616,106.18733438714,0.9583333333333334,True,35.0,7,中维护
A1,2025-06-15,24,24,98.9780884714257,99.22973393284752,5.147858056237597,88.959469899331,113.120227606463,1.0,True,36.0,7,中维护
A1,2025-06-16,23,23,97.9716789679775,98.03559024747932,5.179061883099203,89.6599880568733,108.982718543043,0.9583333333333334,True,37.0,7,中维护
A1,2025-06-17,24,24,99.86339272026555,99.7316075162535,4.267741632482369,90.4054968061753,108.668880743299,1.0,True,38.0,7,中维护
A1,2025-06-18,12,10,101.6102550662315,101.86336403562852,3.387929340059752,97.1046921515403,108.519405150757,0.4166666666666667,True,39.0,7,中维护
A1,2025-06-19,24,19,97.7337108127467,97.98691578236112,5.045137739542607,86.9500976981883,107.330808555186,0.7916666666666666,True,40.0,7,中维护
A1,2025-06-20,24,24,100.33354819718265,100.35939596979658,3.853698567494623,91.1104563253881,106.361088004256,1.0,True,41.0,7,中维护
A1,2025-06-21,20,20,99.6810888533308,98.0953099112638,4.132194779925198,90.8668573830351,104.407142027388,0.8333333333333334,True,42.0,7,中维护
A1,2025-06-22,14,14,98.73931159785346,97.39322278678357,6.088773898297003,79.9439712517312,105.306150210389,0.5833333333333334,True,43.0,7,中维护
A1,2025-06-23,18,18,97.72029393176005,97.78033319721374,5.284688071543884,90.8093425185964,113.945460344677,0.75,True,44.0,7,中维护
A1,2025-06-24,24,24,98.84201175032459,99.17310982583193,4.120827422518126,91.851331136459,108.244665232299,1.0,True,45.0,7,中维护
A1,2025-06-25,23,23,98.7066576707949,98.61804412648057,4.439664153740582,92.2822812820101,106.904449284709,0.9583333333333334,True,46.0,7,中维护
A1,2025-06-26,23,19,99.7680207809438,99.52938056559131,3.0267948326267677,92.7224425581237,104.970907455767,0.7916666666666666,True,47.0,7,中维护
A1,2025-06-27,12,12,100.2114907364715,99.67648208155423,4.668543972838783,91.5664625517965,104.783070804768,0.5,True,48.0,7,中维护
A1,2025-06-28,19,19,97.8246299078138,98.0857913704487,3.571766349767265,90.4290025481662,104.278804828029,0.7916666666666666,True,49.0,7,中维护
A1,2025-06-29,24,0,,,,,,0.0,False,0.0,8,中维护
A1,2025-06-30,12,12,105.9504770681795,105.62640611913498,1.5298218429283432,102.847692307874,108.005744814136,0.5,True,1.0,8,中维护
A1,2025-07-01,24,24,107.6579460999985,106.75862764774683,3.6749746789218314,92.3369368875962,111.366841158617,1.0,True,2.0,8,中维护
A1,2025-07-02,11,11,106.077377354786,106.1159790101261,1.929086191506841,103.856662559873,111.083470716018,0.4583333333333333,True,3.0,8,中维护
A1,2025-07-03,19,19,108.006390261498,107.37107552221505,4.3052221712766165,101.957769971062,114.500595412142,0.7916666666666666,True,4.0,8,中维护
A1,2025-07-04,23,21,106.328777486385,106.98765077873523,3.1919769434642475,102.51540419294,112.812643239663,0.875,True,5.0,8,中维护
A1,2025-07-05,21,21,106.357590956387,106.56021876108517,5.089693150663357,98.2829499794809,119.577649017614,0.875,True,6.0,8,中维护
A1,2025-07-06,19,19,105.688296919337,105.3097139289042,3.633315843686638,97.0638786036703,111.36692230083,0.7916666666666666,True,7.0,8,中维护
A1,2025-07-07,18,13,106.442444926658,105.60835554599488,2.9088787149824973,99.3835260581504,109.655572326977,0.5416666666666666,True,8.0,8,中维护
A1,2025-07-08,21,16,104.869594490035,105.38330253692206,4.3855421676207555,96.4986474981219,113.462678297046,0.6666666666666666,True,9.0,8,中维护
A1,2025-07-09,14,14,104.66199684057901,105.15290297692884,3.8463140704019847,98.8799004588048,113.483804693957,0.5833333333333334,True,10.0,8,中维护
A1,2025-07-10,21,21,104.75796314528,104.00282825853981,3.2334868803791763,96.6553291395884,110.472825790353,0.875,True,11.0,8,中维护
A1,2025-07-11,24,24,105.6148878887075,106.26542854527617,3.980963256766473,98.6454242078417,113.807817258351,1.0,True,12.0,8,中维护
A1,2025-07-12,24,24,106.226959718331,107.24937099352248,6.752164583314755,97.229483409128,131.509831014327,1.0,True,13.0,8,中维护
A1,2025-07-13,24,24,106.063589822869,105.39348068680785,3.9434365433940552,97.7137071380376,112.982064366153,1.0,True,14.0,8,中维护
A1,2025-07-14,15,15,105.377011083451,104.22810572214838,3.4528343792380487,98.4853940294287,109.025457011381,0.625,True,15.0,8,中维护
A1,2025-07-15,15,15,103.961162746265,104.52927315002981,2.9824844700749256,99.752802464249,110.282506801959,0.625,True,16.0,8,中维护
A1,2025-07-16,22,22,105.8945938416625,105.95851480833794,4.0101021433295365,97.837065214327,114.300599098942,0.9166666666666666,True,17.0,8,中维护
A1,2025-07-17,24,24,104.10110984781349,103.88188469536736,3.2022370457824287,97.9160038531481,110.739493001783,1.0,True,18.0,8,中维护
A1,2025-07-18,24,24,105.4919615142515,105.35143076528891,4.359444327715607,95.7153343280429,117.37527486395,1.0,True,19.0,8,中维护
A1,2025-07-19,21,20,104.03474289819249,103.739331260871,4.625221057999149,90.3268784546912,110.629203674157,0.8333333333333334,True,20.0,8,中维护
A1,2025-07-20,13,13,103.769108727638,104.81406426751664,3.7204653685916163,99.5016006323849,112.298741093511,0.5416666666666666,True,21.0,8,中维护
A1,2025-07-21,23,23,106.11499811394,105.91799165871555,4.9062204917210845,98.8934823247784,122.774097465188,0.9583333333333334,True,22.0,8,中维护
A1,2025-07-22,21,21,105.373604562719,105.65815702360914,4.060898520339849,95.7829447139628,112.181596614909,0.875,True,23.0,8,中维护
A1,2025-07-23,24,24,104.7526374790045,105.03202894416206,3.823145241634949,97.049879612638,112.278269357557,1.0,True,24.0,8,中维护
A1,2025-07-24,11,11,104.152738035556,104.8191984620891,3.6306347989675376,100.009389596068,112.489248278021,0.4583333333333333,True,25.0,8,中维护
A1,2025-07-25,24,24,104.83905664615301,103.23401979223244,6.5947745857203595,80.0821072944466,112.300015441273,1.0,True,26.0,8,中维护
A1,2025-07-26,23,23,104.177726162059,103.92794689044926,4.721475459321802,95.5694100872086,112.749307334973,0.9583333333333334,True,27.0,8,中维护
A1,2025-07-27,22,16,103.14174344870801,103.06513948284271,3.64313081676468,96.1852707130424,109.039914511083,0.6666666666666666,True,28.0,8,中维护
A1,2025-07-28,17,15,105.477571085777,104.5889193915474,4.126589019453893,97.4441097412849,110.189536765784,0.625,True,29.0,8,中维护
A1,2025-07-29,10,10,102.8405364902615,103.10109223432453,3.9126854757188596,96.486823702175,109.444062676937,0.4166666666666667,True,30.0,8,中维护
A1,2025-07-30,19,19,103.626473604528,103.93649794716518,3.590597544161192,97.985057547401,112.56985171147,0.7916666666666666,True,31.0,8,中维护
A1,2025-07-31,13,13,105.09967817388,104.44679656203334,3.5228834512758223,96.6382495111204,110.85396566564,0.5416666666666666,True,32.0,8,中维护
A1,2025-08-01,24,24,104.946825797787,104.38739446073633,2.5348324403787963,99.0420775744834,107.423578998836,1.0,True,33.0,8,中维护
A1,2025-08-02,24,24,103.378270137926,103.12306774950027,2.552419553082213,97.0556286821774,107.376388679272,1.0,True,34.0,8,中维护
A1,2025-08-03,23,23,103.085106125908,103.40532416629746,2.5627267238332596,99.7331356550959,109.398695630446,0.9583333333333334,True,35.0,8,中维护
A1,2025-08-04,9,7,104.377831326019,103.6196871430153,1.8618994880934914,99.891531676021,105.417692776624,0.2916666666666667,True,36.0,8,中维护
A1,2025-08-05,14,14,102.104304058126,102.47155368382214,1.652298149817728,100.145004488941,105.735234302479,0.5833333333333334,True,37.0,8,中维护
A1,2025-08-06,24,24,103.6552723784435,103.33395392307587,1.2687163417371163,100.772559175246,105.260141531161,1.0,True,38.0,8,中维护
A1,2025-08-07,21,21,102.824383082098,103.18691056087917,1.980479664061404,98.9094291226567,107.266924051196,0.875,True,39.0,8,中维护
A1,2025-08-08,10,10,101.556715699507,101.89276036020291,2.515941836644869,98.6872934955419,107.037975040519,0.4166666666666667,True,40.0,8,中维护
A1,2025-08-09,23,23,102.095055532913,102.31430154879702,2.4723215228688344,97.7002790077522,107.750078468606,0.9583333333333334,True,41.0,8,中维护
A1,2025-08-10,21,20,102.98355088175799,102.7713097913359,2.481374838848752,97.8131985809855,107.058857768412,0.8333333333333334,True,42.0,8,中维护
A1,2025-08-11,23,23,101.044019871841,101.45232773770303,3.3065640787508586,95.775332036782,109.068171366628,0.9583333333333334,True,43.0,8,中维护
A1,2025-08-12,20,20,102.4676110514155,102.48625261660447,2.2480271386368,98.0284139459437,107.222987081939,0.8333333333333334,True,44.0,8,中维护
A1,2025-08-13,24,24,102.49300074695401,102.40400058348115,2.036248801546561,98.5232667491561,106.280544959034,1.0,True,45.0,8,中维护
A1,2025-08-14,22,22,102.179187211243,102.05299100480796,2.3744226136886755,94.6395126690243,106.035227626096,0.9166666666666666,True,46.0,8,中维护
A1,2025-08-15,11,10,101.106272312297,100.77303234067294,1.7129234815846297,97.5638893224186,102.668619118096,0.4166666666666667,True,47.0,8,中维护
A1,2025-08-16,24,24,100.224087445167,100.95831695438655,2.8234092726937057,95.6848887550676,107.776875954288,1.0,True,48.0,8,中维护
A1,2025-08-17,24,24,100.4326888283685,100.50165876241658,2.5505447734534097,95.496202962214,106.593973662639,1.0,True,49.0,8,中维护
A1,2025-08-18,24,24,101.6433313982305,101.6559539810955,2.84135902072678,96.4497067142985,109.42987108096,1.0,True,50.0,8,中维护
A1,2025-08-19,12,12,100.52442135471,100.68181719233705,2.5357008707721844,96.3618965666937,104.975207922419,0.5,True,51.0,8,中维护
A1,2025-08-20,22,22,100.7287475046806,100.73891919544894,2.753347216055099,94.9747692587187,104.883805307867,0.9166666666666666,True,52.0,8,中维护
A1,2025-08-21,24,24,101.7899336068765,101.34288033800505,2.7674640495059366,94.7593868145326,105.035052467808,1.0,True,53.0,8,中维护
A1,2025-08-22,24,24,100.21937458361,100.5551661393771,2.495894592636033,96.0674027843764,107.940573956138,1.0,True,54.0,8,中维护
A1,2025-08-23,16,16,101.5513720504625,101.26969114758104,2.140722119789665,97.9835437856352,104.060007400332,0.6666666666666666,True,55.0,8,中维护
A1,2025-08-24,20,20,99.746134660955,100.17787453442193,2.175638849969102,96.747399889499,105.056100370844,0.8333333333333334,True,56.0,8,中维护
A1,2025-08-25,21,18,100.5968055999535,100.38524165459317,2.7498657030267695,92.2329239621453,104.212493834641,0.75,True,57.0,8,中维护
A1,2025-08-26,21,21,100.216323649081,100.70757521197137,2.748490660060414,95.5202100534931,106.414714820158,0.875,True,58.0,8,中维护
A1,2025-08-27,22,22,100.4019499405495,100.51259506758392,1.7947833812883875,98.1213339354285,104.337100548469,0.9166666666666666,True,59.0,8,中维护
A1,2025-08-28,24,23,99.1692633548327,99.86472923966606,2.7599167982480917,95.5873646578575,104.472736344307,0.9583333333333334,True,60.0,8,中维护
A1,2025-08-29,23,23,100.149644080795,101.01267377586328,2.4822630604765616,97.481501319296,106.999027677505,0.9583333333333334,True,61.0,8,中维护
A1,2025-08-30,11,11,100.810968276581,99.70188472669811,2.5301953530134678,94.2638195984375,102.281258351197,0.4583333333333333,True,62.0,8,中维护
A1,2025-08-31,18,18,99.22917822278825,99.16639036501664,2.4661148543879987,92.513418077674,102.977930936352,0.75,True,63.0,8,中维护
A1,2025-09-01,13,13,98.9164331892494,99.10402421966515,0.9002382853150036,97.5140355606932,100.848466065904,0.5416666666666666,True,64.0,8,中维护
A1,2025-09-02,23,22,97.97239412423215,97.93280042242732,0.8833951744851685,96.0521901650646,99.2062576316428,0.9166666666666666,True,65.0,8,中维护
A1,2025-09-03,24,24,97.30114403428314,97.48300449247421,0.8589836613812143,95.6263705176894,99.1071217318264,1.0,True,66.0,8,中维护
A1,2025-09-04,20,20,96.80785878211239,96.96195738548066,0.8258248884507454,95.5197088898189,98.5042589774944,0.8333333333333334,True,67.0,8,中维护
A1,2025-09-05,23,23,95.932834932729,95.97072526360195,0.9401500879006461,93.991289204112,98.3943480501145,0.9583333333333334,True,68.0,8,中维护
A1,2025-09-06,11,11,95.0505064371885,94.97544178975204,1.240451915267543,93.1173452995274,96.9429312991687,0.4583333333333333,True,69.0,8,中维护
A1,2025-09-07,9,9,94.3690819973528,93.92160351090642,1.1436464011459302,92.0612588874947,95.2721896456341,0.375,True,70.0,8,中维护
A1,2025-09-08,24,24,92.94888075161319,92.99759578152617,0.7030578281710409,91.7221009444991,94.9799448304148,1.0,True,71.0,8,中维护
A1,2025-09-09,22,19,91.4547424556462,91.47317314911885,0.8225862411346154,89.5447280985859,92.9435618690955,0.7916666666666666,True,72.0,8,中维护
A1,2025-09-10,24,22,91.29301853817515,91.18506501704097,0.7874730784517376,89.2381621954201,92.3144192353051,0.9166666666666666,True,73.0,8,中维护
A1,2025-09-11,22,21,90.4794610602167,90.60550494513355,0.629724574050406,89.6887344011877,91.9356062323331,0.875,True,74.0,8,中维护
A1,2025-09-12,14,10,89.7747600901847,89.74938578701453,0.5837773222194826,88.5217117046197,90.6808869615612,0.4166666666666667,True,75.0,8,中维护
A1,2025-09-13,24,24,89.62408922278335,89.30392578122844,2.0219095213552225,80.3427558471651,91.188645745417,1.0,True,76.0,8,中维护
A1,2025-09-14,24,24,88.93588787651194,88.97853017681358,0.628838967863941,87.8712262579133,90.6174832194654,1.0,True,77.0,8,中维护
A1,2025-09-15,23,0,,,,,,0.0,False,0.0,9,中维护
A1,2025-09-16,11,11,112.083471882724,112.05767923072035,0.29758823267065837,111.512093192252,112.63386394055,0.4583333333333333,True,1.0,9,中维护
A1,2025-09-17,22,22,110.9992572194685,111.00807312029809,0.3712432022142216,110.479868950442,111.671685717459,0.9166666666666666,True,2.0,9,中维护
A1,2025-09-18,24,24,109.8496596059915,109.75556419720995,0.41959707730566936,108.921258709177,110.304423577475,1.0,True,3.0,9,中维护
A1,2025-09-19,22,17,109.573628579173,109.57122810212819,0.7351901027791772,108.003468170237,111.036788335966,0.7083333333333334,True,4.0,9,中维护
A1,2025-09-20,13,12,107.6706713425425,107.70624252419316,1.1193612231692014,106.341168560091,109.628623393348,0.5,True,5.0,9,中维护
A1,2025-09-21,22,15,107.970234099731,107.94130302492073,0.6409047518111,106.346980537887,108.908643442504,0.625,True,6.0,9,中维护
A1,2025-09-22,23,23,107.023391580209,106.96625060880243,0.8321250341449613,104.938662000541,108.342477475847,0.9583333333333334,True,7.0,9,中维护
A1,2025-09-23,24,24,106.5929606513385,106.67720225547704,0.8452241365663311,105.257369073445,108.090202344589,1.0,True,8.0,9,中维护
A1,2025-09-24,23,23,105.454865199109,105.46406825419486,0.802270125965814,104.110291743183,107.410227832529,0.9583333333333334,True,9.0,9,中维护
A1,2025-09-25,24,23,104.038206681768,104.16394186992487,0.7616579358598127,102.511398188864,105.936537739479,0.9583333333333334,True,10.0,9,中维护
A1,2025-09-26,12,12,104.0527733934855,103.90557012084501,0.627418684955201,102.625936880778,104.637824971279,0.5,True,11.0,9,中维护
A1,2025-09-27,18,18,103.356790838446,103.46041941429195,0.7033870256712237,102.367973593151,105.602944709077,0.75,True,12.0,9,中维护
A1,2025-09-28,23,23,102.334153982252,102.320601626426,0.8097228603868787,100.702149039666,103.485639736224,0.9583333333333334,True,13.0,9,中维护
A1,2025-09-29,20,19,102.040089206285,102.15334827874132,0.8540946975895677,100.257015296358,104.243146315353,0.7916666666666666,True,14.0,9,中维护
A1,2025-09-30,11,11,101.824257424225,101.81984517701326,0.7888319861235331,100.223807023181,102.838574502733,0.4583333333333333,True,15.0,9,中维护
A1,2025-10-01,24,24,101.30511973063051,101.18811623721122,1.1818472883941284,98.5547289792258,103.358789841229,1.0,True,16.0,9,中维护
A1,2025-10-02,24,24,101.4729594564255,101.37955964750932,0.9176294791575054,100.14752819261,104.577861199148,1.0,True,17.0,9,中维护
A1,2025-10-03,21,21,100.577872639411,100.71286126213678,1.319468663497192,98.7396489549291,103.629734441284,0.875,True,18.0,9,中维护
A1,2025-10-04,15,15,99.8682129736684,99.90313825353,1.0467470663378418,98.1378964478947,101.578355946075,0.625,True,19.0,9,中维护
A1,2025-10-05,24,24,99.2253538796945,99.32650013369265,0.7513546294053384,98.0090632914617,100.9900618695,1.0,True,20.0,9,中维护
A1,2025-10-06,23,20,98.7361400145261,98.72747767965171,1.3338711434771466,95.3778813948207,101.124009615171,0.8333333333333334,True,21.0,9,中维护
A1,2025-10-07,22,22,98.15162501169081,98.14795394169302,0.7505136888182132,96.9345787501359,99.628061662238,0.9166666666666666,True,22.0,9,中维护
A1,2025-10-08,13,13,97.3727591723733,97.29491600673109,0.7169497838534761,96.1909555765285,98.6065419666769,0.5416666666666666,True,23.0,9,中维护
A1,2025-10-09,24,24,96.9662060858463,96.7537578285001,0.9068429199737043,95.0226493976989,98.1665100376147,1.0,True,24.0,9,中维护
A1,2025-10-10,24,21,95.7289538437036,95.76209472253743,0.9291656152182971,93.669273609327,97.5368210091873,0.875,True,25.0,9,中维护
A1,2025-10-11,24,24,95.49153286786355,95.45459599123501,0.8133296391834064,93.4649986886711,96.7451958337514,1.0,True,26.0,9,中维护
A1,2025-10-12,13,13,95.0766516721839,95.2558789002512,0.923314718072419,94.2185400843329,97.4402231849332,0.5416666666666666,True,27.0,9,中维护
A1,2025-10-13,24,24,94.7672091403685,94.66761118357273,1.000363135339161,92.1575969711768,96.1110704360368,1.0,True,28.0,9,中维护
A1,2025-10-14,23,21,94.6344373888799,94.62395952265585,0.8075485267949143,93.4625586971473,95.673387677174,0.875,True,29.0,9,中维护
A1,2025-10-15,21,21,94.2976030740066,94.21820342138011,0.9704237140077682,91.84652218303,96.1277835610107,0.875,True,30.0,9,中维护
A1,2025-10-16,23,23,93.1752121320596,92.83725188127767,1.026478205479015,90.3862811123631,94.2512844833708,0.9583333333333334,True,31.0,9,中维护
A1,2025-10-17,24,24,92.2704390480935,92.4496806107857,1.5424232045133657,89.7802288765022,97.9192360234585,1.0,True,32.0,9,中维护
A1,2025-10-18,24,24,92.1968407456327,92.14450485112691,1.240388253017659,89.9713174362004,95.7444122573741,1.0,True,33.0,9,中维护
A1,2025-10-19,23,21,90.9131071399444,91.15029951254117,1.2016774898897613,89.5574452458325,93.9120477740738,0.875,True,34.0,9,中维护
A1,2025-10-20,24,24,90.43697044923275,90.46113027142438,1.1457200968341592,88.1475931645889,92.2865818332006,1.0,True,35.0,9,中维护
A1,2025-10-21,24,19,90.1926424930083,90.27265792962599,0.9951800804440081,88.3155573949552,92.0673989053751,0.7916666666666666,True,36.0,9,中维护
A1,2025-10-22,14,14,89.26777464943956,89.14631217684698,1.0902582995948542,87.4525622477653,91.0914426724007,0.5833333333333334,True,37.0,9,中维护
A1,2025-10-23,24,24,88.50996583585916,88.60159130144365,0.941686466016885,86.8213448084876,90.3402189423214,1.0,True,38.0,9,中维护
A1,2025-10-24,24,24,87.84695632326651,87.88479687745313,0.739291809471564,86.6250500190383,89.6065819300947,1.0,True,39.0,9,中维护
A1,2025-10-25,24,24,87.5787957347608,87.53120133663663,0.8208393501741235,85.4225130187428,88.7606027408197,1.0,True,40.0,9,中维护
A1,2025-10-26,14,14,87.35665702573165,87.38206933387472,1.3164284684637313,85.1981354595822,90.1132767172929,0.5833333333333334,True,41.0,9,中维护
A1,2025-10-27,8,8,86.65093758583879,86.95948775004078,1.2063939845149865,85.0784421978741,88.9039276723266,0.3333333333333333,True,42.0,9,中维护
A1,2025-10-28,5,5,85.265477096639,85.24930583915204,0.49671265757642274,84.6645225340527,85.9087176288045,0.20833333333333334,True,43.0,9,中维护
A1,2025-10-29,20,20,84.65357511505925,84.9217148599022,1.0663635768029827,83.2912523073401,86.9022739463279,0.8333333333333334,True,44.0,9,中维护
A1,2025-10-30,12,12,84.99631279450256,84.94232093751278,0.8788348477104436,83.2855727986865,86.3731058828403,0.5,True,45.0,9,中维护
A1,2025-10-31,15,15,84.6352598655645,84.74309614946759,0.8846371478228745,83.093475279742,86.3596580750804,0.625,True,46.0,9,中维护
A1,2025-11-01,20,20,84.3313809781047,84.33227391611271,0.760965463804501,83.1841998491916,85.8692249594866,0.8333333333333334,True,47.0,9,中维护
A1,2025-11-02,18,18,83.50086807619475,83.47543694450238,0.69698805341287,82.0499052676906,84.4097879873046,0.75,True,48.0,9,中维护
A1,2025-11-03,12,11,82.6844555751462,82.61986230703621,0.6132559449405375,81.6859687127094,83.3766938690984,0.4583333333333333,True,49.0,9,中维护
A1,2025-11-04,21,21,81.6977302042805,81.62061913869287,0.5435234236976062,80.7483168705162,82.7463315915854,0.875,True,50.0,9,中维护
A1,2025-11-05,22,22,81.5293755698382,81.59358583972664,0.7769566753908361,80.0784676200861,83.1103302797061,0.9166666666666666,True,51.0,9,中维护
A1,2025-11-06,16,16,81.12088599244605,81.15009454374827,0.790499393991532,79.3352529794194,82.44298848507,0.6666666666666666,True,52.0,9,中维护
A1,2025-11-07,16,16,80.69609883279776,80.66456106424158,0.6914127889289328,79.3999845093615,82.2903243397936,0.6666666666666666,True,53.0,9,中维护
A1,2025-11-08,5,5,80.1462679770322,80.23345690518114,0.3412907068035787,79.8771610672338,80.7940481484839,0.20833333333333334,True,54.0,9,中维护
A1,2025-11-09,19,13,79.8534721152686,79.64445953690155,0.8261381019897598,77.7163856485689,80.6975862252321,0.5416666666666666,True,55.0,9,中维护
A1,2025-11-10,21,19,79.2796380928049,79.36158949476783,0.7402651272351072,78.3340806600985,80.8040629368707,0.7916666666666666,True,56.0,9,中维护
A1,2025-11-11,21,20,79.11184400104236,79.0607311804108,0.7192338137970941,77.9353590692126,80.5035031459208,0.8333333333333334,True,57.0,9,中维护
A1,2025-11-12,9,9,78.5215250062165,78.38477023641775,1.0809413949912445,76.8960380413907,80.086758456792,0.375,True,58.0,9,中维护
A1,2025-11-13,18,16,78.07302299668225,78.09815271545666,0.6829550161411665,76.95040580003,79.3486255179896,0.6666666666666666,True,59.0,9,中维护
A1,2025-11-14,17,0,,,,,,0.0,False,0.0,10,大维护
A1,2025-11-15,12,12,81.34907665342294,81.32705709367355,0.3695465459757304,80.6724694125165,81.8492593295546,0.5,True,1.0,10,大维护
A1,2025-11-16,17,17,80.9568076297243,80.97293027490781,0.3593988149151734,80.3840200653644,81.8812526574136,0.7083333333333334,True,2.0,10,大维护
A1,2025-11-17,14,13,80.4450749494704,80.40723649057563,0.3492830029234309,79.8478127915982,81.1010126688405,0.5416666666666666,True,3.0,10,大维护
A1,2025-11-18,13,13,79.4284773696295,79.34454983909846,0.4817039292262304,78.5837598326739,80.3481798769064,0.5416666666666666,True,4.0,10,大维护
A1,2025-11-19,16,16,78.17550395057955,78.14874019687952,0.7408460181330355,76.7105154209666,79.4181447712216,0.6666666666666666,True,5.0,10,大维护
A1,2025-11-20,19,18,77.0045198047282,77.08710804635638,0.7844458777776729,75.6681033991146,78.525325455713,0.75,True,6.0,10,大维护
A1,2025-11-21,21,20,76.6824498921624,76.6278728357521,0.7513062371052157,75.15017887779,77.9881496236891,0.8333333333333334,True,7.0,10,大维护
A1,2025-11-22,14,9,76.4825289946334,76.3810325383979,0.7206816805312514,75.2298422839427,77.464480085659,0.375,True,8.0,10,大维护
A1,2025-11-23,12,12,75.41903481777744,75.34322944089683,0.6684345026644047,74.2545984195249,76.2047702989358,0.5,True,9.0,10,大维护
A1,2025-11-24,16,16,74.68365838899605,74.7001245454942,0.45302520430770565,73.9327595695555,75.4260157617836,0.6666666666666666,True,10.0,10,大维护
A1,2025-11-25,22,22,73.85732649428995,73.82701238496078,0.7159054757861057,72.32596229422,75.1369733166077,0.9166666666666666,True,11.0,10,大维护
A1,2025-11-26,17,17,72.909137651067,73.11020824953654,0.6291385872834078,72.1109542170928,74.2035280210363,0.7083333333333334,True,12.0,10,大维护
A1,2025-11-27,13,11,71.5904208849968,71.8815164857857,0.784251656495837,70.8584679031114,72.9432204536594,0.4583333333333333,True,13.0,10,大维护
A1,2025-11-28,18,18,71.460669930077,71.35553527100905,0.6610892717985922,70.3523791305449,72.6162623020549,0.75,True,14.0,10,大维护
A1,2025-11-29,20,19,69.8858189685819,70.28613839329039,0.8731702811304171,69.2547746474091,72.1668021662216,0.7916666666666666,True,15.0,10,大维护
A1,2025-11-30,11,11,69.241419138167,69.15854123462101,0.49320386443026704,68.2593588587693,69.7554143757178,0.4583333333333333,True,16.0,10,大维护
A1,2025-12-01,17,17,68.6105195499671,68.6137385741566,0.21352871369241103,68.2771966424098,68.9501276545778,0.7083333333333334,True,17.0,10,大维护
A1,2025-12-02,17,16,68.31743102741726,68.28534370629954,0.19490136808634062,67.9321216425472,68.6527142911863,0.6666666666666666,True,18.0,10,大维护
A1,2025-12-03,16,16,67.40086029653585,67.37114010120878,0.2334697420850486,66.9168440271875,67.7609621365787,0.6666666666666666,True,19.0,10,大维护
A1,2025-12-04,19,19,67.0569250275717,67.02412239499877,0.18188590498619567,66.6259997925597,67.3053207405915,0.7916666666666666,True,20.0,10,大维护
A1,2025-12-05,21,20,66.30195540882761,66.29980260213412,0.15003123694612067,66.0870155386401,66.592292836565,0.8333333333333334,True,21.0,10,大维护
A1,2025-12-06,19,18,65.24637897065165,65.31382817800444,0.18257966814892673,65.0720103983023,65.6595697399737,0.75,True,22.0,10,大维护
A1,2025-12-07,17,17,64.4836826297312,64.45061207657606,0.1531248629030191,64.1927452347646,64.720486700314,0.7083333333333334,True,23.0,10,大维护
A1,2025-12-08,22,22,63.9274845116982,63.88901123807054,0.2140083402907444,63.4914671575382,64.3443319035261,0.9166666666666666,True,24.0,10,大维护
A1,2025-12-09,19,19,63.7383344096639,63.69812562395773,0.26392082952596774,62.9298617757416,64.0058241333697,0.7916666666666666,True,25.0,10,大维护
A1,2025-12-10,15,15,63.1893452895822,63.19549404505462,0.18793807621012443,62.9147837620457,63.495165707849,0.625,True,26.0,10,大维护
A1,2025-12-11,23,23,63.3826158153534,63.28061123439069,0.20653553658051466,62.8172029382921,63.5053405693891,0.9583333333333334,True,27.0,10,大维护
A1,2025-12-12,22,22,62.5241067157923,62.53736269170981,0.19292383332027452,62.1274177770818,62.925955430422,0.9166666666666666,True,28.0,10,大维护
A1,2025-12-13,14,14,61.76738786175845,61.81823955344192,0.1926916977614891,61.4655458028791,62.1285369854646,0.5833333333333334,True,29.0,10,大维护
A1,2025-12-14,10,10,61.41514810080595,61.43855134372143,0.2478152013567402,61.1579702472182,61.9078733843078,0.4166666666666667,True,30.0,10,大维护
A1,2025-12-15,21,21,61.0097568656381,61.02005899136477,0.15476731863455903,60.7169271803705,61.3147392855213,0.875,True,31.0,10,大维护
A1,2025-12-16,8,8,60.494373648830646,60.49928917547926,0.1704158065695993,60.2767697503694,60.815009652299,0.3333333333333333,True,32.0,10,大维护
A1,2025-12-17,2,2,,,,,,0.08333333333333333,False,33.0,10,大维护
A1,2025-12-18,19,19,59.6006546549502,59.63317171455455,0.22586672287204168,59.3330698722595,60.186977750334,0.7916666666666666,True,34.0,10,大维护
A1,2025-12-19,12,12,59.187545547650004,59.21747984253778,0.12931031792446646,59.0245032617222,59.5222640287291,0.5,True,35.0,10,大维护
A1,2025-12-20,16,16,59.0172046908991,59.00755968834619,0.2073474652256246,58.5801669269199,59.2714802332917,0.6666666666666666,True,36.0,10,大维护
A1,2025-12-21,24,24,58.6367611603305,58.62001852061064,0.20728098899769817,58.1903340909036,58.8936636885536,1.0,True,37.0,10,大维护
A1,2025-12-22,23,22,58.2364170942243,58.262220994844505,0.17700451661595967,57.9414383465231,58.7325924972371,0.9166666666666666,True,38.0,10,大维护
A1,2025-12-23,11,11,57.5283799726597,57.550607229469456,0.2082634887605519,57.3020690361186,57.9022781668608,0.4583333333333333,True,39.0,10,大维护
A1,2025-12-24,21,21,57.1188924661732,57.15718947386224,0.16203818784548918,56.9076277061123,57.4589443513015,0.875,True,40.0,10,大维护
A1,2025-12-25,20,20,56.812681913441494,56.874670632558924,0.2280036536991324,56.5848479365785,57.2428522172193,0.8333333333333334,True,41.0,10,大维护
A1,2025-12-26,19,19,56.1548471401492,56.12137281894,0.2505536259189834,55.740339887818,56.5940724248472,0.7916666666666666,True,42.0,10,大维护
A1,2025-12-27,13,12,55.68211675284445,55.68535917543218,0.2790300298775331,55.20256323818,56.1291341497426,0.5,True,43.0,10,大维护
A1,2025-12-28,21,21,55.0865840189906,55.028455575799974,0.16424068867849212,54.7209469695843,55.2888477710677,0.875,True,44.0,10,大维护
A1,2025-12-29,18,18,54.0885642324946,54.10792120558262,0.11814303206083741,53.9435575030618,54.3589054796018,0.75,True,45.0,10,大维护
A1,2025-12-30,15,15,53.645276248766,53.63196739963793,0.23278032870654247,53.1606596240276,53.9818393126366,0.625,True,46.0,10,大维护
A1,2025-12-31,24,24,53.16307117691415,53.166320097624826,0.20667231779788955,52.7005832153363,53.7067314470065,1.0,True,47.0,10,大维护
A1,2026-01-01,17,16,52.93016012969335,52.92691489280232,0.27070433681841916,52.5733491181438,53.4383017683129,0.6666666666666666,True,48.0,10,大维护
A1,2026-01-02,19,14,52.14438985768575,52.131354081303776,0.22969699490309256,51.6320657125791,52.5264955951959,0.5833333333333334,True,49.0,10,大维护
A1,2026-01-03,1,1,,,,,,0.041666666666666664,False,50.0,10,大维护
A1,2026-01-04,19,18,51.20154290236055,51.20622437853624,0.29174016695553145,50.4414122282268,51.6631006553349,0.75,True,51.0,10,大维护
A1,2026-01-05,20,20,50.512619973484846,50.541330650209694,0.22621180831219026,50.1450055174837,50.9309246341073,0.8333333333333334,True,52.0,10,大维护
A1,2026-01-06,22,20,49.67576493812915,49.6837614227426,0.2156502986077436,49.3160750261007,50.0595310317548,0.8333333333333334,True,53.0,10,大维护
A1,2026-01-07,12,12,48.9443016791557,48.96189588601092,0.2337289260577403,48.5631711476532,49.4110566080588,0.5,True,54.0,10,大维护
A1,2026-01-08,21,21,48.3873181321435,48.30058982650903,0.3151732861173922,47.6891380837231,48.8593612566497,0.875,True,55.0,10,大维护
A1,2026-01-09,24,24,47.167491686109,47.13998664135163,0.16586093118886597,46.8722808786221,47.5208320706988,1.0,True,56.0,10,大维护
A1,2026-01-10,20,20,46.72637247022135,46.74007181671234,0.19887514907181683,46.346929289684,47.1754287153494,0.8333333333333334,True,57.0,10,大维护
A1,2026-01-11,20,20,45.5300463788852,45.517298795186164,0.23262990153633825,45.136266733357,45.9989013160887,0.8333333333333334,True,58.0,10,大维护
A1,2026-01-12,24,23,44.6802820627334,44.715475536324846,0.2406686135600933,44.3163964832144,45.2466196686855,0.9583333333333334,True,59.0,10,大维护
A1,2026-01-13,17,16,43.528015082832596,43.59784255181127,0.250394425153087,43.2058872498659,44.0077656686367,0.6666666666666666,True,60.0,10,大维护
A1,2026-01-14,19,17,42.8530084971987,42.83571240091141,0.23930290400670698,42.4364153311364,43.2772069506885,0.7083333333333334,True,61.0,10,大维护
A1,2026-01-15,22,21,42.0461975115219,42.03980077707144,0.2501281023387661,41.5308786804593,42.4239162695774,0.875,True,62.0,10,大维护
A1,2026-01-16,21,21,40.9866792195411,40.93777033071011,0.26727572696143054,40.3411142012817,41.4334781094992,0.875,True,63.0,10,大维护
A1,2026-01-17,19,19,39.8456921577185,39.86048203758038,0.19715545783846533,39.4259581101892,40.2548592008594,0.7916666666666666,True,64.0,10,大维护
A1,2026-01-18,20,20,38.971333305388,38.996190968989694,0.23282726669134535,38.6385107329374,39.484946053235,0.8333333333333334,True,65.0,10,大维护
A1,2026-01-19,14,0,,,,,,0.0,False,0.0,11,中维护
A1,2026-01-20,4,4,96.0550693748594,96.10051660382965,0.11339966390225974,96.0257246722507,96.2662029933491,0.16666666666666666,True,1.0,11,中维护
A1,2026-01-21,4,4,95.2839340078218,95.27225838217457,0.1261284886911949,95.1093601914383,95.4118053216164,0.16666666666666666,True,2.0,11,中维护
A1,2026-01-22,4,4,94.49981436496586,94.47699676770883,0.06943347811242355,94.3772189423461,94.5311393985575,0.16666666666666666,True,3.0,11,中维护
A1,2026-01-23,4,3,93.8216785680667,93.83945408651796,0.15082868782747583,93.6983007970949,93.9983828943923,0.125,True,4.0,11,中维护
A1,2026-01-24,4,4,93.2542329583841,93.21839436308898,0.1922310407093495,92.9680524423463,93.3970590932414,0.16666666666666666,True,5.0,11,中维护
A1,2026-01-25,4,4,92.7920544583378,92.88944336288242,0.36123008758328584,92.6084671320275,93.3651974028266,0.16666666666666666,True,6.0,11,中维护
A1,2026-01-26,4,4,92.67403791542165,92.6899830712286,0.2114245701336665,92.4698539370683,92.9420025170028,0.16666666666666666,True,7.0,11,中维护
A1,2026-01-27,4,4,92.02358178767385,92.00665501760403,0.29146687578050845,91.6400319779369,92.3394245171315,0.16666666666666666,True,8.0,11,中维护
A1,2026-01-28,4,4,91.17577470964446,91.13738328100744,0.25174454940296587,90.7966985305106,91.4012851742303,0.16666666666666666,True,9.0,11,中维护
A1,2026-01-29,4,4,90.74936768079795,90.74999780539704,0.2204986773792952,90.4947328010669,91.0065230589254,0.16666666666666666,True,10.0,11,中维护
A1,2026-01-30,4,1,,,,,,0.041666666666666664,False,11.0,11,中维护
A1,2026-01-31,4,4,89.97272600511096,89.97591026673437,0.1644187253512075,89.8119415639646,90.146247492751,0.16666666666666666,True,12.0,11,中维护
A1,2026-02-01,4,4,89.24557294993855,89.17250803850563,0.2776775428999518,88.8010309554713,89.3978552986741,0.16666666666666666,True,13.0,11,中维护
A1,2026-02-02,4,4,89.2964815291207,89.30743439583149,0.14757054315067697,89.1420409086302,89.4947336164544,0.16666666666666666,True,14.0,11,中维护
A1,2026-02-03,4,4,89.1352821036239,89.06195826797381,0.21052067511754,88.7611628042627,89.2161060603847,0.16666666666666666,True,15.0,11,中维护
A1,2026-02-04,4,4,88.3484457112859,88.30662997685047,0.17118691238974615,88.0683928548042,88.4612356300259,0.16666666666666666,True,16.0,11,中维护
A1,2026-02-05,4,4,86.86802035339974,86.9467288235011,0.21864078886622365,86.7823097257782,87.2685648614267,0.16666666666666666,True,17.0,11,中维护
A1,2026-02-06,4,4,86.2274910523614,86.23725147359475,0.13585960543042952,86.0839659887889,86.4100578008673,0.16666666666666666,True,18.0,11,中维护
A1,2026-02-07,4,4,86.23686696199516,86.22272128066342,0.16431763827989213,86.0134670995276,86.4036840991358,0.16666666666666666,True,19.0,11,中维护
A1,2026-02-08,4,1,,,,,,0.041666666666666664,False,20.0,11,中维护
A1,2026-02-09,4,3,84.1863962401114,84.16995577448357,0.0660880899129609,84.0971993584404,84.2262717248989,0.125,True,21.0,11,中维护
A1,2026-02-10,4,4,83.58337533928145,83.4965347865879,0.3669363656300495,82.9866603555105,83.8327281122782,0.16666666666666666,True,22.0,11,中维护
A1,2026-02-11,4,4,83.39064078962255,83.3800588893044,0.16283779617196456,83.2112787568848,83.5276752210877,0.16666666666666666,True,23.0,11,中维护
A1,2026-02-12,4,3,83.064969782309,83.10590307910921,0.07527643595273409,83.0599627194488,83.1927767355698,0.125,True,24.0,11,中维护
A1,2026-02-13,4,3,83.3924569764157,83.36986376619156,0.19117293063792615,83.1683981584857,83.5487361636733,0.125,True,25.0,11,中维护
A1,2026-02-14,4,4,82.666995199889,82.74137394931887,0.3874380811353939,82.3991716368166,83.2323337606809,0.16666666666666666,True,26.0,11,中维护
A1,2026-02-15,4,4,82.14208303338336,82.13819361482987,0.0358021144082869,82.093196092312,82.1754123002408,0.16666666666666666,True,27.0,11,中维护
A1,2026-02-16,4,4,81.30301641513441,81.27065678956335,0.2394821610460643,80.9704781018335,81.5061162261511,0.16666666666666666,True,28.0,11,中维护
A1,2026-02-17,4,4,80.7234963459695,80.73268719941782,0.37657243825497555,80.2814487723619,81.2023073333704,0.16666666666666666,True,29.0,11,中维护
A1,2026-02-18,4,4,79.99533101785096,79.99321428257875,0.13131636418981543,79.8730227780013,80.1091723166118,0.16666666666666666,True,30.0,11,中维护
A1,2026-02-19,4,4,79.631899209631,79.52588821675721,0.255892016454111,79.146415164439,79.6933392833278,0.16666666666666666,True,31.0,11,中维护
A1,2026-02-20,4,4,79.05027809156684,79.04226323100848,0.04584157652275346,78.9824140608644,79.0860826800358,0.16666666666666666,True,32.0,11,中维护
A1,2026-02-21,4,4,78.0403368833456,78.04053968254833,0.15045679137073367,77.9005381793705,78.1809467841316,0.16666666666666666,True,33.0,11,中维护
A1,2026-02-22,4,4,77.8073570601688,77.7931996619359,0.17236862732453617,77.5689316398903,77.9891528875157,0.16666666666666666,True,34.0,11,中维护
A1,2026-02-23,4,4,77.2430088050604,77.19396225534234,0.15498960897813469,76.9754285600894,77.3144028511592,0.16666666666666666,True,35.0,11,中维护
A1,2026-02-24,4,4,76.973646344242,76.99740656531233,0.20835324081768783,76.7821004302765,77.2602331424888,0.16666666666666666,True,36.0,11,中维护
A1,2026-02-25,4,4,76.12769349447645,76.11076652379917,0.15856334398954325,75.9093357121979,76.2783433940459,0.16666666666666666,True,37.0,11,中维护
A1,2026-02-26,4,4,75.5259823526778,75.47395663410884,0.20048132587326092,75.1891695329893,75.6546922980905,0.16666666666666666,True,38.0,11,中维护
A1,2026-02-27,4,4,74.64279482075324,74.65170767910902,0.04133006906814315,74.6128526221982,74.7083884527314,0.16666666666666666,True,39.0,11,中维护
A1,2026-02-28,4,4,73.8437833091024,73.87339614101609,0.22729766692639644,73.6707089506859,74.1353089951736,0.16666666666666666,True,40.0,11,中维护
A1,2026-03-01,4,4,74.09780140372641,74.13994320943758,0.5868536453824275,73.500630737895,74.8635392924025,0.16666666666666666,True,41.0,11,中维护
A1,2026-03-02,4,4,73.68362268027815,73.654708503238,0.5590944438003463,73.0658145874555,74.1857740649402,0.16666666666666666,True,42.0,11,中维护
A1,2026-03-03,4,4,73.2164773074862,73.19495316497958,0.6643749791179028,72.3606340758249,73.986223969121,0.16666666666666666,True,43.0,11,中维护
A1,2026-03-04,4,4,72.3043569048217,72.3669974895949,0.7281827465200722,71.7033157514735,73.1559603972627,0.16666666666666666,True,44.0,11,中维护
A1,2026-03-05,4,1,,,,,,0.041666666666666664,False,45.0,11,中维护
A1,2026-03-06,4,3,72.7135365175952,72.58102420767473,0.4387534457482476,72.0912884759394,72.9382476294896,0.125,True,46.0,11,中维护
A1,2026-03-07,4,0,,,,,,0.0,False,0.0,12,中维护
A1,2026-03-08,4,4,104.511709007119,104.41025325167774,0.6982537040243724,103.583171641939,105.034423350534,0.16666666666666666,True,1.0,12,中维护
A1,2026-03-09,4,4,104.17905910518749,104.22556903630024,0.16299056751683888,104.088090960816,104.45606697401,0.16666666666666666,True,2.0,12,中维护
A1,2026-03-10,4,4,103.95274679832599,103.99019290545675,0.21515691077980467,103.785842415559,104.269435609616,0.16666666666666666,True,3.0,12,中维护
A1,2026-03-11,4,4,102.7111873269865,102.59792239481651,0.5277512879514862,101.858553800463,103.11076112483,0.16666666666666666,True,4.0,12,中维护
A1,2026-03-12,4,4,103.04327859164499,102.833994938403,0.47096411363067064,102.134250826858,103.115171743464,0.16666666666666666,True,5.0,12,中维护
A1,2026-03-13,4,4,102.50863153336749,102.6327364489065,1.1482305933828858,101.361623187389,104.152059541502,0.16666666666666666,True,6.0,12,中维护
A1,2026-03-14,4,4,102.699322065037,102.48318685717776,0.6975835467107303,101.527769235188,103.006334063449,0.16666666666666666,True,7.0,12,中维护
A1,2026-03-15,4,4,101.1325928444585,101.739211213982,1.8588136758483593,100.241701597959,104.449957569052,0.16666666666666666,True,8.0,12,中维护
A1,2026-03-16,4,4,101.6611255126075,101.41570350842525,0.6963547620284708,100.421603372863,101.918959635623,0.16666666666666666,True,9.0,12,中维护
A1,2026-03-17,4,4,100.625694107753,100.46187628236623,0.5645976832475503,99.6937971819849,100.902319731974,0.16666666666666666,True,10.0,12,中维护
A1,2026-03-18,4,4,100.50337841341499,100.625057350057,0.465523727004203,100.203767023709,101.289705549689,0.16666666666666666,True,11.0,12,中维护
A1,2026-03-19,4,4,100.06375223930846,100.16148277650088,0.37444057491734306,99.8320447658306,100.686381861556,0.16666666666666666,True,12.0,12,中维护
A1,2026-03-20,4,4,99.83691033714246,100.09445309962265,0.5943787666609657,99.7284474695757,100.97554425463,0.16666666666666666,True,13.0,12,中维护
A1,2026-03-21,4,4,100.82245729063499,100.36423838982833,1.488324706738107,98.2901570182133,101.52188195983,0.16666666666666666,True,14.0,12,中维护
A1,2026-03-22,4,4,99.06877441759656,99.24929933954883,0.8616264962119493,98.4648034550052,100.394845067997,0.16666666666666666,True,15.0,12,中维护
A1,2026-03-23,4,4,98.81447343211445,98.86175926846555,0.7739790024999083,98.1587549438422,99.6593352657911,0.16666666666666666,True,16.0,12,中维护
A1,2026-03-24,4,4,98.5612987697078,98.36859793151413,0.6537119347692388,97.4265913419602,98.9252028446807,0.16666666666666666,True,17.0,12,中维护
A1,2026-03-25,4,4,99.12339659707266,98.86747014608633,0.9487844546309944,97.5599892481442,99.6630981420558,0.16666666666666666,True,18.0,12,中维护
A1,2026-03-26,4,4,98.1505283554182,97.76631587775798,0.8938380287048328,96.444913640758,98.3192931594375,0.16666666666666666,True,19.0,12,中维护
A1,2026-03-27,4,4,97.61752754154425,97.72573882671543,0.9865478251263675,96.7234423364794,98.9444578872938,0.16666666666666666,True,20.0,12,中维护
A1,2026-03-28,4,4,98.20479719498854,97.99364803175047,1.320888083716906,96.3741887844146,99.1908089526102,0.16666666666666666,True,21.0,12,中维护
A1,2026-03-29,4,4,97.268534515398,97.2650116507152,0.9382250759830025,96.1262806985137,98.3966968735511,0.16666666666666666,True,22.0,12,中维护
A1,2026-03-30,4,4,96.76757028513836,96.81537561420728,0.3485159371731785,96.455914888167,97.2704469983854,0.16666666666666666,True,23.0,12,中维护
A1,2026-03-31,4,4,97.30434009041976,96.94381094091898,1.2145961334380986,95.2138121731786,97.9527514096578,0.16666666666666666,True,24.0,12,中维护
A1,2026-04-01,4,4,95.15550213151265,95.52249944624597,0.9663390333233391,94.8511416556772,96.9278518662814,0.16666666666666666,True,25.0,12,中维护
A1,2026-04-02,4,4,95.15463449928686,94.99415688570488,0.963926319723173,93.7309741796409,95.9363843646049,0.16666666666666666,True,26.0,12,中维护
A1,2026-04-03,4,4,96.29625320005701,96.39152236057568,1.1960403461683424,95.3170838102646,97.6564992319241,0.16666666666666666,True,27.0,12,中维护
A1,2026-04-04,4,4,94.91271719741555,95.2808415511939,1.8617183049488135,93.4604653185502,97.8374664913943,0.16666666666666666,True,28.0,12,中维护
A1,2026-04-05,4,4,95.732317299046,95.80260517823608,1.445902762664241,94.10657492072,97.6392111941323,0.16666666666666666,True,29.0,12,中维护
A1,2026-04-06,4,4,95.2048465639203,95.119189687139,1.4257402180329644,93.2915916203561,96.7754740003593,0.16666666666666666,True,30.0,12,中维护
A1,2026-04-07,4,3,94.3350096789895,94.86811397254343,1.0051043799669874,94.2418701326725,96.0274621059683,0.125,True,31.0,12,中维护
A1,2026-04-08,4,4,92.4945603660407,92.128421786583,1.7140839111170718,89.8695456978395,93.6550207164111,0.16666666666666666,True,32.0,12,中维护
A1,2026-04-09,4,4,93.4959297654782,93.8494904890207,0.966286863609502,93.1782708033618,95.2278316217646,0.16666666666666666,True,33.0,12,中维护
A1,2026-04-10,4,4,92.6590481887144,92.8138861570422,1.2304462894004782,91.480189892495,94.457258358245,0.16666666666666666,True,34.0,12,中维护
A10,2024-04-04,1,1,,,,,,0.041666666666666664,False,0.0,0,观测起点
A10,2024-04-05,18,18,128.37097351770848,128.34202182123005,0.5371975369824423,127.276657480043,129.328804215253,0.75,True,0.0,0,观测起点
A10,2024-04-06,18,18,127.7067700944565,127.76917419073973,0.5654502779370567,126.817194793973,128.92993070788,0.75,True,0.0,0,观测起点
A10,2024-04-07,1,1,,,,,,0.041666666666666664,False,0.0,0,观测起点
A10,2024-04-09,4,4,127.590979592574,127.71766584302,0.3982474691280282,127.409928868316,128.278775318616,0.16666666666666666,True,0.0,0,观测起点
A10,2024-04-10,19,19,126.913125877377,126.96503271581578,0.818518226440665,125.529795327353,128.305602117919,0.7916666666666666,True,0.0,0,观测起点
A10,2024-04-11,21,21,126.712274560253,126.79448777039177,0.7571787065040897,125.58224240132,128.050522565863,0.875,True,0.0,0,观测起点
A10,2024-04-12,23,23,126.717526745183,126.85856448775756,0.8370829872340225,125.537628708173,128.371960808595,0.9583333333333334,True,0.0,0,观测起点
A10,2024-04-13,13,12,126.2241153777195,126.16948018908391,0.6758444467234276,124.807441411573,127.70177897773,0.5,True,0.0,0,观测起点
A10,2024-04-14,22,22,126.112853917569,126.08826884953504,0.7447588024397364,124.861145929182,127.483073750094,0.9166666666666666,True,0.0,0,观测起点
A10,2024-04-15,21,20,124.840213603389,125.0005797178876,0.6735587219291899,123.754718764501,126.771118205831,0.8333333333333334,True,0.0,0,观测起点
A10,2024-04-16,23,23,124.560739891142,124.69204825660952,0.7905477141356018,123.54246007625,127.349298120204,0.9583333333333334,True,0.0,0,观测起点
A10,2024-04-17,13,13,124.077043867706,124.01820681848884,0.5323700006041593,122.96538910432,124.811766897777,0.5416666666666666,True,0.0,0,观测起点
A10,2024-04-18,16,16,123.5436980157375,123.69481550895613,0.4634740955472168,123.118988200805,124.698382903152,0.6666666666666666,True,0.0,0,观测起点
A10,2024-04-19,16,16,123.6902483404125,123.47299001170481,0.652106844510188,122.156288784207,124.421802065955,0.6666666666666666,True,0.0,0,观测起点
A10,2024-04-20,23,23,123.894258461088,123.9633732760943,0.7259885641447669,122.102456305711,125.055438136261,0.9583333333333334,True,0.0,0,观测起点
A10,2024-04-21,21,21,123.182676037645,123.28247277583515,0.9505827334902376,121.40795739288,124.759251900324,0.875,True,0.0,0,观测起点
A10,2024-04-22,21,20,123.57395144257549,123.42848404235706,0.7065042111608699,122.060407227578,124.433303034889,0.8333333333333334,True,0.0,0,观测起点
A10,2024-04-23,14,14,123.7111452128965,123.70924377729457,1.3022025561141304,122.486629585081,127.616258028033,0.5833333333333334,True,0.0,0,观测起点
A10,2024-04-24,4,4,122.404302076033,122.42719644130125,1.0724117578701913,121.243189064668,123.656992548471,0.16666666666666666,True,0.0,0,观测起点
A10,2024-04-25,20,20,123.3196993423665,123.07484589043035,0.898685399006288,120.998684256621,124.50899338268,0.8333333333333334,True,0.0,0,观测起点
A10,2024-04-26,23,21,122.472796453958,122.49894823474281,0.7646649600238135,121.075707376681,124.014460380649,0.875,True,0.0,0,观测起点
A10,2024-04-27,21,21,122.180610521275,122.02262213327904,0.8111473933375694,120.266009450352,123.189133325522,0.875,True,0.0,0,观测起点
A10,2024-04-28,12,12,122.21419081173599,122.30903761031449,0.6654013591339423,121.089177503376,123.309730846727,0.5,True,0.0,0,观测起点
A10,2024-04-29,16,16,122.165968241701,122.04300469042738,1.0010556211944484,120.020005815149,124.109165668112,0.6666666666666666,True,0.0,0,观测起点
A10,2024-05-14,10,10,121.12423998863099,121.2714209019227,0.4846184111318755,120.786885741948,122.212244984922,0.4166666666666667,True,0.0,0,观测起点
A10,2024-05-15,23,23,121.274772249338,121.19713291810527,0.7550781224310957,119.700176494785,122.571681516827,0.9583333333333334,True,0.0,0,观测起点
A10,2024-05-16,23,23,120.943534313543,120.9023373246773,0.6510300832679013,119.759591978837,122.083154775786,0.9583333333333334,True,0.0,0,观测起点
A10,2024-05-17,11,11,120.619836667226,120.64490232733546,0.4339011186051004,120.018050453529,121.487358318904,0.4583333333333333,True,0.0,0,观测起点
A10,2024-05-18,24,21,120.664351523084,120.87586928612966,0.812540796844862,119.500587409695,122.521180748616,0.875,True,0.0,0,观测起点
A10,2024-05-19,22,22,120.3828329462365,120.46764810681101,0.6789183591981198,119.435023301929,121.738292048669,0.9166666666666666,True,0.0,0,观测起点
A10,2024-05-20,21,21,120.224459390441,120.33250583417633,0.5456623423518318,119.269153245032,121.256335182579,0.875,True,0.0,0,观测起点
A10,2024-05-21,12,12,119.777549909682,119.66820480692218,0.5645369939238531,118.710703274541,120.437561320759,0.5,True,0.0,0,观测起点
A10,2024-05-22,24,24,119.6301146294035,119.53070129340809,0.78357024321634,118.213805550825,121.134090807648,1.0,True,0.0,0,观测起点
A10,2024-05-23,23,23,119.260266857248,119.27375279141388,0.6980641780235655,118.023744988204,120.578104681338,0.9583333333333334,True,0.0,0,观测起点
A10,2024-05-24,22,20,119.0964627513145,119.06593330532789,0.6881789982514059,117.23926121028,120.051787383119,0.8333333333333334,True,0.0,0,观测起点
A10,2024-05-25,9,0,,,,,,0.0,False,0.0,1,中维护
A10,2024-05-26,22,22,141.6506116546025,141.58518539022123,0.4095619150730456,140.506260093542,142.218201571522,0.9166666666666666,True,1.0,1,中维护
A10,2024-05-27,22,22,141.70624526158548,141.67784088566827,0.34739185852249044,140.925892318893,142.230428919347,0.9166666666666666,True,2.0,1,中维护
A10,2024-05-28,22,21,141.610781385684,141.5879217438913,0.4012277156686208,140.7595627931,142.349686578526,0.875,True,3.0,1,中维护
A10,2024-05-29,13,13,141.75007958927,141.7250064219737,0.676464066969986,140.63920742568,142.912988821981,0.5416666666666666,True,4.0,1,中维护
A10,2024-05-30,20,19,141.376160879322,141.48448072034805,0.7777232922495095,140.155929160237,142.855046342809,0.7916666666666666,True,5.0,1,中维护
A10,2024-05-31,22,22,141.25027400428252,141.32277548901124,0.6182626485923866,140.469415404928,142.615270347927,0.9166666666666666,True,6.0,1,中维护
A10,2024-06-01,8,6,141.3923427725175,140.738275353967,2.6289825931442876,135.786189599217,142.900397922625,0.25,True,7.0,1,中维护
A10,2024-06-03,14,14,141.296638979418,141.71306611055277,1.4464415436338909,138.982743852505,143.426206701583,0.5833333333333334,True,9.0,1,中维护
A10,2024-06-04,19,19,141.217393951282,140.8565104737232,1.1511404053324226,137.929483193236,142.499343426738,0.7916666666666666,True,10.0,1,中维护
A10,2024-06-05,22,22,141.69958609848948,141.8759793277428,1.2919684899783368,138.467405073119,144.304173964106,0.9166666666666666,True,11.0,1,中维护
A10,2024-06-06,15,15,141.295872401148,141.4319749507468,1.8588663870594297,138.898104737394,146.223112216811,0.625,True,12.0,1,中维护
A10,2024-06-07,14,14,141.4357869439205,141.72336126704778,1.995999294391386,139.147435587167,146.176093177817,0.5833333333333334,True,13.0,1,中维护
A10,2024-06-08,24,24,141.23425345442348,141.27152139161555,2.1266292658345805,136.834742158224,144.55491521696,1.0,True,14.0,1,中维护
A10,2024-06-09,20,20,140.87457296104049,140.76856885282976,1.4240062809057,137.780535382693,143.318409887078,0.8333333333333334,True,15.0,1,中维护
A10,2024-06-10,21,21,140.696207302891,140.55685400245252,1.7537342020033826,136.82553321207,144.389102321019,0.875,True,16.0,1,中维护
A10,2024-06-11,14,14,140.82130718664752,141.08149484111513,1.2017592552658116,138.805340430076,142.741127015513,0.5833333333333334,True,17.0,1,中维护
A10,2024-06-12,22,22,140.711520592615,140.89223861126487,1.5920167898946649,137.836010021314,144.877390479188,0.9166666666666666,True,18.0,1,中维护
A10,2024-06-13,23,22,140.9530853529875,141.16409855621814,1.8011712838396927,138.506831894364,145.573094850483,0.9166666666666666,True,19.0,1,中维护
A10,2024-06-14,23,23,140.169340481909,140.2685496329284,2.226870765327479,136.550606776491,145.548580608768,0.9583333333333334,True,20.0,1,中维护
A10,2024-06-15,11,11,141.561450615778,141.7576635744501,1.6948853791369596,139.520148039789,145.093945945618,0.4583333333333333,True,21.0,1,中维护
A10,2024-06-16,24,24,141.1441695504505,141.5916364004617,1.1240557304527983,139.921252957648,143.751972509575,1.0,True,22.0,1,中维护
A10,2024-06-17,23,23,140.526880166599,140.38850429700736,1.9575669344458546,137.291769667822,144.03141485838,0.9583333333333334,True,23.0,1,中维护
A10,2024-06-18,23,22,140.0352608804865,140.236886260562,1.9218367473663591,135.686986859655,144.44303128297,0.9166666666666666,True,24.0,1,中维护
A10,2024-06-19,13,13,141.010598266801,140.73163421593637,2.231131731158747,136.38808740901,144.744472909273,0.5416666666666666,True,25.0,1,中维护
A10,2024-06-20,24,24,140.330891852669,140.64157581107375,1.787533433386825,137.350442404724,144.346634077904,1.0,True,26.0,1,中维护
A10,2024-06-21,24,22,139.679691954629,139.67105376805313,2.049131152454114,135.948306887992,143.264167268318,0.9166666666666666,True,27.0,1,中维护
A10,2024-06-22,23,23,141.176209305938,141.072485018562,2.308404942553478,136.572229669917,146.350589795844,0.9583333333333334,True,28.0,1,中维护
A10,2024-06-23,13,13,139.648555772691,139.32996710313745,2.901444992915575,131.461627898601,143.006821898184,0.5416666666666666,True,29.0,1,中维护
A10,2024-06-24,24,24,139.81623302826551,140.18634140479833,1.8232588660505455,136.918633627017,143.971835854363,1.0,True,30.0,1,中维护
A10,2024-06-25,23,22,139.5356579190865,139.82664750412917,2.124057282283729,136.391774542551,144.781109708174,0.9166666666666666,True,31.0,1,中维护
A10,2024-06-26,24,23,139.982536156698,140.21256137255733,1.7938760416817336,137.082834412511,143.836354943973,0.9583333333333334,True,32.0,1,中维护
A10,2024-06-27,13,13,139.755364880799,140.14305317275813,2.766000814578086,134.123793913835,144.271498081659,0.5416666666666666,True,33.0,1,中维护
A10,2024-06-28,21,21,139.703368659616,139.9963667538902,1.599468287592076,136.67397855476,142.670695846521,0.875,True,34.0,1,中维护
A10,2024-06-29,22,21,139.052119164193,139.2737493200813,1.8609809598949,136.822299241185,143.614110824487,0.875,True,35.0,1,中维护
A10,2024-06-30,23,23,138.920419240028,139.0773037001116,1.6556876915999115,134.87030036827,142.381844555832,0.9583333333333334,True,36.0,1,中维护
A10,2024-07-01,18,18,139.26218966231698,140.00560299992455,3.14195001458487,136.047435717291,147.848779324625,0.75,True,37.0,1,中维护
A10,2024-07-02,18,17,139.152588772041,139.04853423234223,1.6316983142442318,136.225636618524,141.882836380544,0.7083333333333334,True,38.0,1,中维护
A10,2024-07-03,24,24,139.4297271366715,139.0044682125414,1.710112286449701,135.118523350217,141.353687327961,1.0,True,39.0,1,中维护
A10,2024-07-04,18,18,138.239865727246,139.06028676019423,1.9937160099103253,135.871209327747,142.606360540906,0.75,True,40.0,1,中维护
A10,2024-07-05,4,4,138.8476925736575,138.7877792024265,0.5765713232323075,138.027018736123,139.428712926268,0.16666666666666666,True,41.0,1,中维护
A10,2024-07-06,4,4,139.4587277244595,139.381052951686,1.7291385366872476,137.331934521896,141.274821835929,0.16666666666666666,True,42.0,1,中维护
A10,2024-07-07,4,4,138.2001735976295,138.290639446897,2.047293910539409,136.161062507549,140.60114808478,0.16666666666666666,True,43.0,1,中维护
A10,2024-07-08,4,4,139.40244526077203,139.651472468806,1.2088295323621496,138.557159504063,141.243839849617,0.16666666666666666,True,44.0,1,中维护
A10,2024-07-09,4,4,139.1001143415315,139.802403227828,2.5734175280894416,137.601061683296,143.408322544953,0.16666666666666666,True,45.0,1,中维护
A10,2024-07-10,4,4,138.29261178427902,138.4758828168815,1.2471287353927016,137.172813183986,140.145494514982,0.16666666666666666,True,46.0,1,中维护
A10,2024-07-11,4,4,136.10072512029848,135.766534789688,1.4994010000872802,133.675132583399,137.189556334756,0.16666666666666666,True,47.0,1,中维护
A10,2024-07-12,4,4,139.0491314608305,139.17204198630276,0.7630872826604855,138.435794207838,140.154110815712,0.16666666666666666,True,48.0,1,中维护
A10,2024-07-13,4,4,137.1900927225665,137.5089771946355,1.4062526272611118,136.20584179493,139.449881538479,0.16666666666666666,True,49.0,1,中维护
A10,2024-07-14,4,4,138.30241193165602,138.4772809593395,2.217466799022368,135.977364662445,141.326935311601,0.16666666666666666,True,50.0,1,中维护
A10,2024-07-15,4,4,137.5037534463545,137.11180640352177,1.8442590299092994,134.544438289567,138.895280431811,0.16666666666666666,True,51.0,1,中维护
A10,2024-07-16,4,4,138.254888472494,138.082443789645,0.9122489546821149,136.841072210372,138.97892600322,0.16666666666666666,True,52.0,1,中维护
A10,2024-07-17,4,4,139.075995975999,139.29526980596924,3.1026950277381102,135.963949629986,143.065137641893,0.16666666666666666,True,53.0,1,中维护
A10,2024-07-18,4,4,136.27893564793152,136.2888367609695,2.8509589119839696,132.878490100564,139.718985647451,0.16666666666666666,True,54.0,1,中维护
A10,2024-07-19,4,4,138.1166303703625,138.1204831033995,2.028896955237886,136.151260353141,140.097411319732,0.16666666666666666,True,55.0,1,中维护
A10,2024-07-20,4,4,137.1885953580615,137.7578794524525,1.7356891805548005,136.462321897176,140.192005196511,0.16666666666666666,True,56.0,1,中维护
A10,2024-07-21,4,4,137.0536587788325,136.73379336424574,1.5060813037122538,134.849236091312,137.978619808006,0.16666666666666666,True,57.0,1,中维护
A10,2024-07-22,4,4,139.12516830452802,138.6491791565735,1.3446558361139844,136.68116615019,139.665213867048,0.16666666666666666,True,58.0,1,中维护
A10,2024-07-23,4,4,138.4274623382755,137.29968708156775,3.2070664118906205,132.660794835148,139.683028814572,0.16666666666666666,True,59.0,1,中维护
A10,2024-07-24,4,4,136.30294780360902,136.3600771248645,1.3469928858736575,134.935526325936,137.898886566304,0.16666666666666666,True,60.0,1,中维护
A10,2024-07-25,4,0,,,,,,0.0,False,0.0,2,大维护
A10,2024-07-26,4,4,145.234025833258,145.01627305672025,1.2154752660110422,143.556757466672,146.040283093693,0.16666666666666666,True,1.0,2,大维护
A10,2024-07-27,4,4,145.579939128795,145.5905922226545,0.4529507191651884,145.094457705548,146.10803292748,0.16666666666666666,True,2.0,2,大维护
A10,2024-07-28,4,4,145.42729217895447,144.9730533924295,1.111346449495399,143.320090374907,145.717538836902,0.16666666666666666,True,3.0,2,大维护
A10,2024-07-29,4,4,145.4927330362545,145.0796806978125,1.1566328893270388,143.430475129844,145.902781588897,0.16666666666666666,True,4.0,2,大维护
A10,2024-07-30,4,1,,,,,,0.041666666666666664,False,5.0,2,大维护
A10,2024-07-31,4,4,143.84428320532402,144.014218454439,0.9714608085967245,143.186923124,145.181384283108,0.16666666666666666,True,6.0,2,大维护
A10,2024-08-01,4,4,146.06595735727598,144.88459633233475,3.0518478023819235,140.416172046152,146.990298568635,0.16666666666666666,True,7.0,2,大维护
A10,2024-08-02,4,4,145.12071007163001,148.10867987262574,7.229913399592929,143.442162115934,158.751137231309,0.16666666666666666,True,8.0,2,大维护
A10,2024-08-03,4,4,143.3241338301545,143.92727723008676,2.3022849928204425,141.967844582915,147.092996677123,0.16666666666666666,True,9.0,2,大维护
A10,2024-08-04,4,4,144.13527497101802,144.475226360794,2.1769531389756867,142.193058674565,147.437296826575,0.16666666666666666,True,10.0,2,大维护
A10,2024-08-05,4,4,147.47197434259698,145.946970071899,3.989506309995421,140.042682623684,148.801248978718,0.16666666666666666,True,11.0,2,大维护
A10,2024-08-06,4,4,144.4139534999675,144.5001870619215,2.00938505850607,142.443861273832,146.728979973919,0.16666666666666666,True,12.0,2,大维护
A10,2024-08-07,4,4,145.645923040326,145.23245850196824,1.8903579082063662,142.586479114862,147.051508812359,0.16666666666666666,True,13.0,2,大维护
A10,2024-08-08,4,4,141.2323489907895,141.8079697507435,1.5600756808198089,140.660354801553,144.106826219842,0.16666666666666666,True,14.0,2,大维护
A10,2024-08-09,4,4,141.965869127225,142.9276372532305,2.8244573815042755,140.814661497483,146.964149260989,0.16666666666666666,True,15.0,2,大维护
A10,2024-08-10,4,4,144.4538653802235,144.415178552475,1.166553767665155,143.248691156703,145.50429229275,0.16666666666666666,True,16.0,2,大维护
A10,2024-08-11,4,4,145.75589595554948,145.36739634050798,1.1479355901037214,143.717116619433,146.2406768315,0.16666666666666666,True,17.0,2,大维护
A10,2024-08-12,4,4,142.61043186296502,142.916641529659,2.556332530963788,140.228057513519,146.217644879187,0.16666666666666666,True,18.0,2,大维护
A10,2024-08-13,4,4,142.868909555295,143.58672453543124,2.670396907854278,141.197259189051,147.411819842084,0.16666666666666666,True,19.0,2,大维护
A10,2024-08-14,4,4,141.20145852544948,141.860654949065,1.7418769369053329,140.604768378465,144.434934366896,0.16666666666666666,True,20.0,2,大维护
A10,2024-08-15,4,4,144.1650032633195,144.5707033574025,2.0203487514420315,142.715676608503,147.237130294468,0.16666666666666666,True,21.0,2,大维护
A10,2024-08-16,4,3,139.596962258542,140.14782163802366,2.1470441967407794,138.329877438373,142.516625217156,0.125,True,22.0,2,大维护
A10,2024-08-17,4,0,,,,,,0.0,False,23.0,2,大维护
A10,2024-08-18,4,4,144.31971634605452,144.18949772548302,2.1576004000041014,141.452564275407,146.665993934416,0.16666666666666666,True,24.0,2,大维护
A10,2024-08-19,4,4,141.4905249360345,142.12515184966924,1.3812767667196744,141.32790589623,144.191651630378,0.16666666666666666,True,25.0,2,大维护
A10,2024-08-20,4,4,141.23524887411952,141.461616211646,2.5294359316972232,138.762701377306,144.613265721039,0.16666666666666666,True,26.0,2,大维护
A10,2024-08-21,4,4,140.0653837672825,141.04906503149851,2.3220152792412465,139.570863666966,144.494628924463,0.16666666666666666,True,27.0,2,大维护
A10,2024-08-22,4,4,142.434833998364,142.8695439136385,4.10003622661231,138.660805699983,147.947701957843,0.16666666666666666,True,28.0,2,大维护
A10,2024-08-23,4,4,143.623806885839,144.346868559462,3.741268244007326,141.101394260848,149.038466205322,0.16666666666666666,True,29.0,2,大维护
A10,2024-08-24,4,4,144.3804618911485,143.67409813895975,2.3517816859178517,140.293404749978,145.642064023564,0.16666666666666666,True,30.0,2,大维护
A10,2024-08-25,4,4,140.4455106475645,141.372426666719,2.6074491036175678,139.438675440398,145.160009931349,0.16666666666666666,True,31.0,2,大维护
A10,2024-08-26,11,11,143.336921726764,142.6764209708072,2.0808122098714374,138.224051715461,144.823688454382,0.4583333333333333,True,32.0,2,大维护
A10,2024-08-27,24,23,142.183833303772,142.08542360740648,2.5891353119855864,137.722977034161,147.675253628671,0.9583333333333334,True,33.0,2,大维护
A10,2024-08-28,24,24,141.271093294202,141.62457157178684,2.6074942108299215,135.925318770901,148.442249961031,1.0,True,34.0,2,大维护
A10,2024-08-29,13,13,141.8858336519,141.77347792404953,2.095508235444542,137.774573838108,145.438494021484,0.5416666666666666,True,35.0,2,大维护
A10,2024-08-30,24,23,140.866974897438,140.8934122201701,2.2824839358246725,136.725297614155,145.562009007193,0.9583333333333334,True,36.0,2,大维护
A10,2024-08-31,23,23,141.060769463391,140.8951305171141,1.802865964993203,138.071156806761,145.244870355343,0.9583333333333334,True,37.0,2,大维护
A10,2024-09-01,16,16,140.400252935117,140.48519102886695,1.005570260270802,138.590430525828,141.806800694514,0.6666666666666666,True,38.0,2,大维护
A10,2024-09-02,1,1,,,,,,0.041666666666666664,False,39.0,2,大维护
A10,2024-09-03,23,21,139.611755737708,139.83704949201191,1.066378560898894,137.853985547465,141.584670489668,0.875,True,40.0,2,大维护
A10,2024-09-04,24,24,139.8408919671925,139.79701167076965,0.7326812090230665,138.470078930016,141.214246390513,1.0,True,41.0,2,大维护
A10,2024-09-05,23,23,138.90578086152,138.65184763131913,1.736954692982286,132.078936975276,140.364826996134,0.9583333333333334,True,42.0,2,大维护
A10,2024-09-06,17,17,137.935189988539,137.98388505100823,0.8042737248013828,136.334639166205,139.536646887004,0.7083333333333334,True,43.0,2,大维护
A10,2024-09-07,18,18,137.3225560717675,137.2555469430625,0.784397245753291,135.935992182794,138.781039997343,0.75,True,44.0,2,大维护
A10,2024-09-08,24,23,136.606785342608,136.3982337716222,0.9042543896396316,134.221563398544,138.289254692122,0.9583333333333334,True,45.0,2,大维护
A10,2024-09-09,24,24,135.81943604481899,135.81366489049108,0.8220052143530545,134.784228180607,138.150615543442,1.0,True,46.0,2,大维护
A10,2024-09-10,23,23,135.417474207715,135.37657470894942,0.6684300982874107,134.169720356965,136.633745396424,0.9583333333333334,True,47.0,2,大维护
A10,2024-09-11,15,15,134.284643585264,134.3629736950708,0.7271324714161079,133.062931884336,135.98202482523,0.625,True,48.0,2,大维护
A10,2024-09-12,24,19,134.286201091009,134.0351761669924,0.9156172179986651,132.238753620071,135.779887567891,0.7916666666666666,True,49.0,2,大维护
A10,2024-09-13,23,23,133.780657336174,133.84028745662593,0.7016118731027137,132.787253548958,135.517673146579,0.9583333333333334,True,50.0,2,大维护
A10,2024-09-14,21,20,133.24496119302802,133.18290948966904,0.8451713156198631,131.536458104553,135.080945534611,0.8333333333333334,True,51.0,2,大维护
A10,2024-09-15,15,15,132.189951138657,132.173532006066,0.8547537633691289,131.075511442179,133.698440810608,0.625,True,52.0,2,大维护
A10,2024-09-16,23,22,131.5091805792155,131.4544015410676,0.714851573854648,130.244617715595,132.794371108079,0.9166666666666666,True,53.0,2,大维护
A10,2024-09-17,24,24,131.027567381274,131.02712638653074,0.7623902434632406,129.28534247626,132.322375472827,1.0,True,54.0,2,大维护
A10,2024-09-18,24,24,130.4162937702155,130.44333896267565,0.9319783287434902,128.508539565636,132.328068677605,1.0,True,55.0,2,大维护
A10,2024-09-19,12,11,129.769752330367,129.66006060297073,0.9359711447678289,127.902392499565,130.885245908786,0.4583333333333333,True,56.0,2,大维护
A10,2024-09-20,24,21,129.197195857216,129.10948305799053,0.6452392997731641,127.981920719828,130.072728797155,0.875,True,57.0,2,大维护
A10,2024-09-21,23,23,128.987993887607,129.09911633028435,0.8935748434531072,127.301514629078,131.264130040546,0.9583333333333334,True,58.0,2,大维护
A10,2024-09-22,24,23,128.590560608909,128.5328928674333,0.8288574241674825,127.257214982933,129.895637892388,0.9583333333333334,True,59.0,2,大维护
A10,2024-09-23,11,10,127.8549795705205,127.9177464127376,0.6072712621991664,127.188895496123,128.918514113817,0.4166666666666667,True,60.0,2,大维护
A10,2024-09-24,24,24,127.993013156199,128.03923805873313,0.8929786645465528,126.618436040794,130.023808099564,1.0,True,61.0,2,大维护
A10,2024-09-25,23,19,127.551473508122,127.36952951985789,0.8661030958010568,125.612862616501,128.944990130374,0.7916666666666666,True,62.0,2,大维护
A10,2024-09-26,24,23,126.561134916658,126.58399313631732,0.5450757233927012,125.325708868789,127.42998917644,0.9583333333333334,True,63.0,2,大维护
A10,2024-09-27,12,12,125.95056837330401,125.68960569679075,1.1243968967703548,122.972155213988,126.868846212075,0.5,True,64.0,2,大维护
A10,2024-09-28,24,24,125.2575318511125,125.30133862736342,0.9857065693642637,123.067637277955,127.60568371582,1.0,True,65.0,2,大维护
A10,2024-09-29,24,24,124.759991895217,124.94418063355708,0.9051845759516917,123.25566389261,126.916178730185,1.0,True,66.0,2,大维护
A10,2024-09-30,24,24,123.6524503300985,123.8068552808494,0.9987895334156441,121.475187833003,126.01026953258,1.0,True,67.0,2,大维护
A10,2024-10-01,12,0,,,,,,0.0,False,0.0,3,中维护
A10,2024-10-02,22,22,126.9871527218385,127.00603661362624,0.36867196260537366,126.340116545003,127.683203345713,0.9166666666666666,True,1.0,3,中维护
A10,2024-10-03,23,23,126.829030764605,126.7841489655596,0.2866301002451121,126.317911631501,127.346509899106,0.9583333333333334,True,2.0,3,中维护
A10,2024-10-04,24,24,126.739714584425,126.75203154570197,0.354700546093629,126.151696000019,127.407233244644,1.0,True,3.0,3,中维护
A10,2024-10-05,18,18,125.230833116683,125.38911463131824,0.6794769490318403,124.26933586854,127.205340786635,0.75,True,4.0,3,中维护
A10,2024-10-06,17,17,125.326829464727,125.14490745776148,0.6324310886989281,124.019552508731,125.988488538375,0.7083333333333334,True,5.0,3,中维护
A10,2024-10-07,23,23,124.461401480189,124.42544538200082,0.5620226970068585,123.518864571862,125.640240158143,0.9583333333333334,True,6.0,3,中维护
A10,2024-10-08,24,22,124.23405804732201,124.16613466599246,0.8049918893140028,122.509768982018,125.508695884849,0.9166666666666666,True,7.0,3,中维护
A10,2024-10-09,22,21,122.713148110921,122.96736722318067,0.7088956983823154,121.731198786081,124.506723076104,0.875,True,8.0,3,中维护
A10,2024-10-10,11,11,121.963482677523,121.96671652359892,0.6860002289908776,121.017614540392,122.944476292136,0.4583333333333333,True,9.0,3,中维护
A10,2024-10-11,24,24,120.7893788766145,120.96688096069225,0.695385928343407,119.676995350223,122.246295345822,1.0,True,10.0,3,中维护
A10,2024-10-12,23,23,120.726877269857,120.64870302327412,0.683847501364649,119.526909376611,121.822479521825,0.9583333333333334,True,11.0,3,中维护
A10,2024-10-13,24,24,120.061548821342,119.93222712490513,0.7715274533962314,117.771227600967,121.099256012029,1.0,True,12.0,3,中维护
A10,2024-10-14,13,12,119.1918358424625,119.23466027297049,0.6486875976635659,118.194872326147,120.459209319632,0.5,True,13.0,3,中维护
A10,2024-10-15,24,23,118.779007661382,118.66233359612961,0.6722363872026734,116.961099887088,119.997311441675,0.9583333333333334,True,14.0,3,中维护
A10,2024-10-16,23,22,118.467583517863,118.56514020964681,0.46326832507615273,117.966108356913,119.568139954654,0.9166666666666666,True,15.0,3,中维护
A10,2024-10-17,24,24,117.88998965925401,118.00928256284396,0.7643280155709516,116.537136422596,119.374807854809,1.0,True,16.0,3,中维护
A10,2024-10-18,14,14,116.62700345645399,116.60672636593678,0.6478072027388573,115.600035039288,118.107815774738,0.5833333333333334,True,17.0,3,中维护
A10,2024-10-19,21,21,116.026067845909,116.06126634445467,0.692850887685067,114.954761707002,117.443075033435,0.875,True,18.0,3,中维护
A10,2024-10-20,23,22,115.24421426453651,115.28500795986487,0.619708086630688,114.124680437207,116.556055493648,0.9166666666666666,True,19.0,3,中维护
A10,2024-10-21,24,24,114.2738494261985,114.38996510498299,0.5913726949185831,113.127981577604,115.629360816533,1.0,True,20.0,3,中维护
A10,2024-10-22,12,12,114.6803004028825,114.55220792949426,0.7131608505618617,113.215489370146,115.835267748525,0.5,True,21.0,3,中维护
A10,2024-10-23,23,23,113.447321527398,113.2569668159924,0.5838336002295808,111.930645148892,114.16957211293,0.9583333333333334,True,22.0,3,中维护
A10,2024-10-24,18,14,113.060950112974,113.03344151015985,0.5120547230147331,111.827812106784,113.715508245187,0.5833333333333334,True,23.0,3,中维护
A10,2024-10-25,20,20,112.2636282974475,112.45072845461365,0.7662893147996177,111.376903664472,114.16036676956,0.8333333333333334,True,24.0,3,中维护
A10,2024-10-26,14,13,112.032911919738,111.85870174221276,0.9105669305327959,109.996499752705,113.509529625543,0.5416666666666666,True,25.0,3,中维护
A10,2024-10-27,23,22,111.0720830850895,111.27191732985976,0.8982602030567169,109.893311870636,112.710961587878,0.9166666666666666,True,26.0,3,中维护
A10,2024-10-28,24,24,110.3465644347985,110.24223053707668,0.6426605388515014,109.089405958962,111.567362039228,1.0,True,27.0,3,中维护
A10,2024-10-29,24,24,109.54311900664149,109.35328183459671,0.7438898028671637,107.648908575511,110.450583663605,1.0,True,28.0,3,中维护
A10,2024-10-30,12,10,108.994186690864,108.80238478350559,0.7867607872740743,107.310915140659,109.582086020674,0.4166666666666667,True,29.0,3,中维护
A10,2024-10-31,22,21,107.941892664691,108.06093922553467,0.6333435717633811,106.747175864092,109.214124510939,0.875,True,30.0,3,中维护
A10,2024-11-01,22,22,107.192075767696,107.33545552597774,0.7500673193208648,106.001986462545,108.947197638774,0.9166666666666666,True,31.0,3,中维护
A10,2024-11-02,17,13,106.800452732621,106.66395160873608,1.1419115944070775,104.703223464411,108.514902570775,0.5416666666666666,True,32.0,3,中维护
A10,2024-11-03,24,23,105.323403722471,105.43637843396996,1.0830435022034925,103.410771350783,107.943093362197,0.9583333333333334,True,33.0,3,中维护
A10,2024-11-04,24,24,105.276002102373,105.11934689481943,1.0679896517321585,102.948101253068,107.394556083507,1.0,True,34.0,3,中维护
A10,2024-11-05,24,24,104.46958308149951,104.52159110587604,0.8376915689303754,102.621072716419,106.268415938722,1.0,True,35.0,3,中维护
A10,2024-11-06,12,12,104.12592818151,103.86316244902675,1.0324287938192624,101.114315284986,105.173868373797,0.5,True,36.0,3,中维护
A10,2024-11-07,23,23,103.239917154296,103.2325742671037,1.0337235380681744,101.380464738336,105.692745539807,0.9583333333333334,True,37.0,3,中维护
A10,2024-11-08,23,23,102.075285998744,102.14536884004934,1.433833610514861,99.8035541752794,106.606397117979,0.9583333333333334,True,38.0,3,中维护
A10,2024-11-09,23,23,101.469803585167,101.40268833188566,0.8359976929811223,99.1873692444633,102.5812265844,0.9583333333333334,True,39.0,3,中维护
A10,2024-11-10,15,15,99.9742702449083,100.43627454207133,1.0103641848822136,99.0652007384487,102.189340170892,0.625,True,40.0,3,中维护
A10,2024-11-11,24,21,100.923208124563,100.69691171251084,0.9717277861785746,99.1466747841888,102.188073409419,0.875,True,41.0,3,中维护
A10,2024-11-12,9,9,99.5016728518326,99.62336092266489,0.6823069542240051,98.6750213644187,101.180902025719,0.375,True,42.0,3,中维护
A10,2024-11-13,2,2,,,,,,0.08333333333333333,False,43.0,3,中维护
A10,2024-11-14,11,11,98.0156596197609,98.29729443907898,0.8822868585444682,97.4216659597782,99.981431358172,0.4583333333333333,True,44.0,3,中维护
A10,2024-11-15,23,22,98.23774191330925,98.4436125784693,0.7935017328553429,96.8535123540083,99.6586200872128,0.9166666666666666,True,45.0,3,中维护
A10,2024-11-16,24,23,98.0610799436164,98.02295393479083,0.9873849066567809,95.0890014665415,100.308026964826,0.9583333333333334,True,46.0,3,中维护
A10,2024-11-17,22,22,97.57477361362464,97.51766637807367,0.6981540601652128,95.9228085639656,98.8402929124782,0.9166666666666666,True,47.0,3,中维护
A10,2024-11-18,13,13,97.3491552544051,97.06586584943821,0.7982179622246288,95.5725193600151,98.2068396853755,0.5416666666666666,True,48.0,3,中维护
A10,2024-11-19,23,23,96.9276119914453,96.85087240167128,1.0216791579832054,95.1761264204813,99.8614691299388,0.9583333333333334,True,49.0,3,中维护
A10,2024-11-20,24,0,,,,,,0.0,False,0.0,4,中维护
A10,2024-11-21,24,24,101.3342178655745,101.5960418937272,1.1521715391720255,100.364303018164,106.514018423265,1.0,True,1.0,4,中维护
A10,2024-11-22,14,12,100.789463712952,100.73957605947533,0.3486557239211738,100.209634092112,101.274915597813,0.5,True,2.0,4,中维护
A10,2024-11-23,23,23,99.7672645084562,99.6891491719871,0.5574113049148471,98.319630573735,100.72578738213,0.9583333333333334,True,3.0,4,中维护
A10,2024-11-24,21,20,98.64754501121365,98.57559791747374,0.86541856183894,96.8250203781428,100.132730708923,0.8333333333333334,True,4.0,4,中维护
A10,2024-11-25,24,19,98.9069580535542,98.8337043210789,0.8618852262657476,97.2574187751174,100.449602914154,0.7916666666666666,True,5.0,4,中维护
A10,2024-11-26,22,21,98.0004224688762,98.22390817357713,0.7716432457687056,97.331100939358,99.8847080027355,0.875,True,6.0,4,中维护
A10,2024-11-27,13,13,97.8161156501573,97.64457646927514,0.7958816177738532,96.3907145175653,98.5843380200431,0.5416666666666666,True,7.0,4,中维护
A10,2024-11-28,17,14,98.1576746243251,98.09279462584706,1.1451689877671267,95.792165713794,99.8599182032931,0.5833333333333334,True,8.0,4,中维护
A10,2024-11-29,23,23,97.2575862009173,97.2569488261766,0.6815956350854027,95.9355725031588,98.5288399892849,0.9583333333333334,True,9.0,4,中维护
A10,2024-11-30,22,22,96.63431831000125,96.42889139916377,1.0364983259627512,93.4419441658981,97.7172069805168,0.9166666666666666,True,10.0,4,中维护
A10,2024-12-01,23,23,95.6299015818852,95.6170635659368,0.23020302072481927,95.1331221847429,96.2810767108073,0.9583333333333334,True,11.0,4,中维护
A10,2024-12-02,20,19,94.985758436974,95.01033619918019,0.15516334594860448,94.7773833977806,95.3619164944393,0.7916666666666666,True,12.0,4,中维护
A10,2024-12-03,11,10,94.5196358694375,94.5354407469096,0.24925410546495294,94.2065519998811,94.9645275881208,0.4166666666666667,True,13.0,4,中维护
A10,2024-12-04,23,22,94.41879031887845,94.44357530694292,0.17845814812274413,94.1202822336659,94.7595483776808,0.9166666666666666,True,14.0,4,中维护
A10,2024-12-05,24,22,93.7555570678111,93.73897607705318,0.17865029331519486,93.4326495877913,94.1180316773934,0.9166666666666666,True,15.0,4,中维护
A10,2024-12-06,24,24,92.5974977698747,92.63110102477839,0.20745166876638946,92.3025779927974,93.1018287804108,1.0,True,16.0,4,中维护
A10,2024-12-07,15,15,92.066608219332,92.05556973100813,0.23579021541702883,91.730789270284,92.5901966639912,0.625,True,17.0,4,中维护
A10,2024-12-08,19,19,91.1730998950329,91.2477784050539,0.2309839048793231,90.8814746909217,91.6504148840936,0.7916666666666666,True,18.0,4,中维护
A10,2024-12-09,24,24,90.73678944370215,90.71869357587286,0.1565738934258297,90.4302953700308,91.0511302893658,1.0,True,19.0,4,中维护
A10,2024-12-10,19,19,89.747584128227,89.7415312080664,0.1815665615255429,89.3628867959308,90.0187610466349,0.7916666666666666,True,20.0,4,中维护
A10,2024-12-11,14,12,89.29556954491055,89.29644294775078,0.13974417727906788,89.1209057409914,89.6171047814189,0.5,True,21.0,4,中维护
A10,2024-12-12,24,23,88.6861170228744,88.60403625820615,0.24448951798185553,88.1894412621008,89.1063138847868,0.9583333333333334,True,22.0,4,中维护
A10,2024-12-13,20,20,88.02426373615481,88.0046969810754,0.24697119452969998,87.5055846641378,88.3417210274215,0.8333333333333334,True,23.0,4,中维护
A10,2024-12-14,22,22,87.67130333472305,87.71356999851382,0.17745033048016784,87.4208319239322,88.1557834447383,0.9166666666666666,True,24.0,4,中维护
A10,2024-12-15,11,10,87.61871667130501,87.52177455493297,0.17240732656124214,87.1738058907933,87.6564288780456,0.4166666666666667,True,25.0,4,中维护
A10,2024-12-16,24,22,86.77387329932864,86.7561054753285,0.30334285820056933,86.255337460413,87.3105549374272,0.9166666666666666,True,26.0,4,中维护
A10,2024-12-17,24,23,85.6838397896499,85.65541780877798,0.19187676015011298,85.183488295021,85.9025932273396,0.9583333333333334,True,27.0,4,中维护
A10,2024-12-18,24,24,84.8821795979748,84.78089932178514,0.28759482780097145,84.2251532554068,85.1155095175731,1.0,True,28.0,4,中维护
A10,2024-12-19,12,12,84.80628303206186,84.83073870316517,0.22635127669499527,84.2392238910531,85.0834557845754,0.5,True,29.0,4,中维护
A10,2024-12-20,24,22,83.53728567145785,83.59275475958891,0.2139890072108112,83.3373745936041,84.1516726482504,0.9166666666666666,True,30.0,4,中维护
A10,2024-12-21,21,18,82.91144632425915,82.87326455201405,0.2639641071330628,82.2544439990666,83.2986231965904,0.75,True,31.0,4,中维护
A10,2024-12-22,22,21,82.8456326599092,82.84515340558907,0.2613102997163642,82.1960791053546,83.3333596643347,0.875,True,32.0,4,中维护
A10,2024-12-23,22,22,82.300547643852,82.31378510467694,0.21538139083321106,81.8650152356748,82.7737434520552,0.9166666666666666,True,33.0,4,中维护
A10,2024-12-24,13,12,81.7838349832587,81.76009619414369,0.17026454556930662,81.4721605628112,81.9840635347277,0.5,True,34.0,4,中维护
A10,2024-12-25,22,22,81.34663665084635,81.37556506568751,0.20914587934830278,81.0156674489025,81.7952952603536,0.9166666666666666,True,35.0,4,中维护
A10,2024-12-26,24,22,80.43632932716525,80.53486724182325,0.23895158970168626,80.2683644254381,81.3070621486291,0.9166666666666666,True,36.0,4,中维护
A10,2024-12-27,24,23,79.6721466098132,79.63989407001785,0.19959107764360567,79.0806995296105,80.0003842155771,0.9583333333333334,True,37.0,4,中维护
A10,2024-12-28,12,12,79.0561810415607,79.12826240090841,0.2342209298202286,78.832312814394,79.5132625017613,0.5,True,38.0,4,中维护
A10,2024-12-29,22,22,78.62730240527395,78.62087048255819,0.21172539003924284,78.147960477277,79.1050038235134,0.9166666666666666,True,39.0,4,中维护
A10,2024-12-30,11,11,78.0370594308259,78.03682782280174,0.15489397829922094,77.8455669323238,78.2955712394844,0.4583333333333333,True,40.0,4,中维护
A10,2024-12-31,7,7,77.3415029466342,77.3431224461334,0.13977668620542846,77.1559405318578,77.5426688910974,0.2916666666666667,True,41.0,4,中维护
A10,2025-01-01,23,23,76.5996906035561,76.61299192951942,0.18425270736603616,76.3072067375295,76.9456154812862,0.9583333333333334,True,42.0,4,中维护
A10,2025-01-02,22,17,75.9594998770145,75.97765441447318,0.2507753990779074,75.5363560802938,76.4665723279904,0.7083333333333334,True,43.0,4,中维护
A10,2025-01-03,24,24,75.83139933497205,75.90032300779664,0.20408311121390865,75.5430767590802,76.3531074789695,1.0,True,44.0,4,中维护
A10,2025-01-04,16,15,75.1207370304107,75.12374420599342,0.12977293467066175,74.9268466922252,75.3446268264343,0.625,True,45.0,4,中维护
A10,2025-01-05,14,14,74.81985094525265,74.79517747396721,0.20558400326743248,74.4578828145344,75.1959675510161,0.5833333333333334,True,46.0,4,中维护
A10,2025-01-06,21,19,74.2242627399206,74.2371553591014,0.2352669135122869,73.6662473017761,74.6873073109346,0.7916666666666666,True,47.0,4,中维护
A10,2025-01-07,21,20,73.60643091297314,73.63180696387214,0.16956322779480773,73.251421799975,73.9109895670874,0.8333333333333334,True,48.0,4,中维护
A10,2025-01-08,21,20,72.7218509793176,72.75743722573255,0.17998892338032238,72.4412883461657,73.1070250643214,0.8333333333333334,True,49.0,4,中维护
A10,2025-01-09,14,14,72.35852267794439,72.38936074125922,0.16262404739136388,72.1366470252844,72.6953782792055,0.5833333333333334,True,50.0,4,中维护
A10,2025-01-10,21,21,71.529130485951,71.4859266373415,0.18873830659777552,71.079321768333,71.788385550816,0.875,True,51.0,4,中维护
A10,2025-01-11,23,23,71.0815173601895,71.11836223278226,0.21001512607549488,70.8311176050106,71.6690591117072,0.9583333333333334,True,52.0,4,中维护
A10,2025-01-12,19,19,70.7702037151489,70.76769508716795,0.1213274776556436,70.5846046280541,70.9849793231964,0.7916666666666666,True,53.0,4,中维护
A10,2025-01-13,13,11,69.9896884665468,69.90911243867177,0.1919187014075196,69.5767134637545,70.1467512958822,0.4583333333333333,True,54.0,4,中维护
A10,2025-01-14,20,19,69.3153196546269,69.3200201729896,0.2170593514972423,68.7954521407865,69.670992655592,0.7916666666666666,True,55.0,4,中维护
A10,2025-01-15,24,23,68.4903720619568,68.4838787796761,0.19303311061772302,68.1328109738334,68.9143942463822,0.9583333333333334,True,56.0,4,中维护
A10,2025-01-16,8,8,68.2346120550131,68.21886747581445,0.15441283008271334,67.9525082669652,68.3986640821722,0.3333333333333333,True,57.0,4,中维护
A10,2025-01-17,22,22,67.47858055299321,67.52363190600184,0.24505349266667886,67.1137302384969,67.9932983780667,0.9166666666666666,True,58.0,4,中维护
A10,2025-01-18,23,0,,,,,,0.0,False,0.0,5,中维护
A10,2025-01-19,18,18,96.16126169596275,96.17542746933503,0.12668293455279545,95.8930352901408,96.4465392038669,0.75,True,1.0,5,中维护
A10,2025-01-20,9,9,95.4294426215316,95.4407379289568,0.11343243101764067,95.2806719138183,95.6580880342479,0.375,True,2.0,5,中维护
A10,2025-01-21,20,20,94.21639824469685,94.21931896818161,0.09257626795860838,94.0559096035277,94.3907011160854,0.8333333333333334,True,3.0,5,中维护
A10,2025-01-22,16,16,93.75422278709786,93.73478931522669,0.22666887776408584,93.1033443055895,94.0474269725603,0.6666666666666666,True,4.0,5,中维护
A10,2025-01-23,19,18,93.38227674179726,93.40781646304046,0.2900298793972543,92.9323600438403,93.9623507707621,0.75,True,5.0,5,中维护
A10,2025-01-24,17,17,92.8776177149282,92.89336646999561,0.23553625948285398,92.5354059600983,93.2411858616672,0.7083333333333334,True,6.0,5,中维护
A10,2025-01-25,19,19,92.4912497626292,92.45595146320345,0.22181850442598597,91.8892534165753,92.7920102487684,0.7916666666666666,True,7.0,5,中维护
A10,2025-01-26,4,4,92.18011237926754,92.1271977524132,0.14811768424419072,91.9112090345295,92.2373572165882,0.16666666666666666,True,8.0,5,中维护
A10,2025-01-27,4,4,91.3234908878086,91.33856088248793,0.24126728795328634,91.069147414295,91.6381143400395,0.16666666666666666,True,9.0,5,中维护
A10,2025-01-28,10,9,90.953139494333,90.9992222080928,0.22131707377782348,90.7397594133067,91.4154942294898,0.375,True,10.0,5,中维护
A10,2025-01-29,9,9,89.9572106770866,90.02221740062038,0.19500450741619516,89.7462037602934,90.2830507847884,0.375,True,11.0,5,中维护
A10,2025-01-30,15,15,89.5900383120056,89.59956111294734,0.19091559879541903,89.2348973548287,89.8851995697474,0.625,True,12.0,5,中维护
A10,2025-02-03,5,5,89.2635181549514,89.032264761669,0.5320834091234597,88.3723632877659,89.5939313102962,0.20833333333333334,True,16.0,5,中维护
A10,2025-02-04,9,9,88.2688201066242,88.26863071632096,0.35840729288174533,87.7735388808068,88.8779750495725,0.375,True,17.0,5,中维护
A10,2025-02-05,10,10,87.73564689034166,87.77429584023234,0.36233196837474324,87.0702784570818,88.232749005135,0.4166666666666667,True,18.0,5,中维护
A10,2025-02-06,18,18,86.88472537039365,87.01188156363713,0.45362354976752484,86.1019068228679,87.8474210616653,0.75,True,19.0,5,中维护
A10,2025-02-07,16,16,86.6180198167959,86.67166546336858,0.24019122742520188,86.3238413596806,87.1228707600824,0.6666666666666666,True,20.0,5,中维护
A10,2025-02-08,14,14,85.31749966874796,85.3551682148294,0.33933397217553457,84.80819549759,86.0252627988661,0.5833333333333334,True,21.0,5,中维护
A10,2025-02-09,11,11,84.145445384527,84.32675723225262,0.39070653432556435,83.9020799111683,84.8991288631888,0.4583333333333333,True,22.0,5,中维护
A10,2025-02-10,20,18,84.11144881109885,84.20091612161838,0.45495609772015194,83.562826862581,85.0374395770309,0.75,True,23.0,5,中维护
A10,2025-02-11,23,23,83.5843124642377,83.50952851862415,0.3505136523859111,82.7991449755435,84.2714051983451,0.9583333333333334,True,24.0,5,中维护
A10,2025-02-12,16,12,82.26982416611494,82.28959151163927,0.3997453993279319,81.7124736899963,83.1245542952605,0.5,True,25.0,5,中维护
A10,2025-02-13,12,11,81.3253633930523,81.37664783901324,0.270849211819615,80.9726367900154,81.7601078270888,0.4583333333333333,True,26.0,5,中维护
A10,2025-02-14,17,17,80.2887586490829,80.35967593818178,0.32446965095651176,79.7934801504677,81.2938508034232,0.7083333333333334,True,27.0,5,中维护
A10,2025-02-15,13,12,79.05241607464271,79.01889976661428,0.14275822076301065,78.745562882189,79.2601500589828,0.5,True,28.0,5,中维护
A10,2025-02-16,14,10,78.33716822616755,78.26542414643927,0.43092355558361106,77.6911266664905,78.7833830230729,0.4166666666666667,True,29.0,5,中维护
A10,2025-02-17,16,16,78.0551557784966,78.06542678210276,0.3475653434967868,77.4140364315585,78.5767047592793,0.6666666666666666,True,30.0,5,中维护
A10,2025-02-18,13,13,77.6741554163071,77.73316493264737,0.24888256644023773,77.3541584074408,78.3757901711735,0.5416666666666666,True,31.0,5,中维护
A10,2025-02-19,13,13,77.2282265153567,77.11967113929713,0.3188517216498174,76.5927492318451,77.5589031311482,0.5416666666666666,True,32.0,5,中维护
A10,2025-02-20,13,13,76.5691037400923,76.60432059066119,0.28700702841001013,76.2606303410553,77.0993898637811,0.5416666666666666,True,33.0,5,中维护
A10,2025-02-21,12,12,76.15254712138216,76.09539331557355,0.32950308213039664,75.6034969706861,76.7806507386579,0.5,True,34.0,5,中维护
A10,2025-02-22,19,19,75.5131595224285,75.49319427432097,0.2105513861448776,75.0164717624113,75.8783595125159,0.7916666666666666,True,35.0,5,中维护
A10,2025-02-23,19,19,74.563962381522,74.54027274168699,0.26432765184393275,74.1180785142812,75.0530122723446,0.7916666666666666,True,36.0,5,中维护
A10,2025-02-24,19,0,,,,,,0.0,False,0.0,6,中维护
A10,2025-02-25,17,13,93.9158788486118,93.95702448478475,0.15049459047501304,93.724620221838,94.2172832538935,0.5416666666666666,True,1.0,6,中维护
A10,2025-02-26,21,21,93.1524829089444,93.1833911756824,0.12584443271517465,92.9600865132458,93.4442867288323,0.875,True,2.0,6,中维护
A10,2025-02-27,16,14,92.30615018614645,92.33253530811339,0.17543340302759294,92.0202341636796,92.6775584079863,0.5833333333333334,True,3.0,6,中维护
A10,2025-02-28,20,19,91.9713339006989,91.94550021514331,0.22807267678007856,91.5705390732502,92.4875776157149,0.7916666666666666,True,4.0,6,中维护
A10,2025-03-01,17,16,91.37156997027284,91.61757068642437,0.8946378626373546,90.4934747104,93.0821604626388,0.6666666666666666,True,5.0,6,中维护
A10,2025-03-02,7,3,91.0060968325704,90.8142811267776,0.4244414965394659,90.3277895629522,91.1089569848102,0.125,True,6.0,6,中维护
A10,2025-03-03,18,16,91.43980805025825,91.26946848511736,0.8584699823700639,89.3166292504111,92.8190416858772,0.6666666666666666,True,7.0,6,中维护
A10,2025-03-04,12,7,91.1396267644631,91.21865796145117,0.2930415733748912,90.9197754496483,91.7417741767902,0.2916666666666667,True,8.0,6,中维护
A10,2025-03-05,17,17,90.8133895801065,90.7153330223933,0.7888109950290878,89.4984923280718,92.2899818021989,0.7083333333333334,True,9.0,6,中维护
A10,2025-03-06,20,15,90.8061836543804,90.79979362682863,0.5659831292930528,89.9837725622314,91.8620731503315,0.625,True,10.0,6,中维护
A10,2025-03-07,17,17,90.4355278397203,90.22052548954434,0.6751697711660414,88.6202316420521,91.1397619477644,0.7083333333333334,True,11.0,6,中维护
A10,2025-03-08,15,15,89.6581065221293,89.56759136723666,0.7742662251081315,87.5504135092522,90.5771730218382,0.625,True,12.0,6,中维护
A10,2025-03-09,12,11,90.1054324935972,89.99911631648298,0.6296284396384575,88.9933836109748,90.8802482602164,0.4583333333333333,True,13.0,6,中维护
A10,2025-03-10,15,14,89.01574051073035,89.10211520598065,0.7904311163657664,87.7806079209584,91.2036591220136,0.5833333333333334,True,14.0,6,中维护
A10,2025-03-11,6,6,88.58389926527315,88.58969834959673,0.2857005200104547,88.1635821515509,88.9092763689143,0.25,True,15.0,6,中维护
A10,2025-03-12,9,9,89.0362895302468,89.0500029330667,0.42696435863402926,88.5573870964489,89.7150936461984,0.375,True,16.0,6,中维护
A10,2025-03-13,19,19,87.9164578046192,87.88500659844615,0.6597307423521844,86.5852572074016,89.2090437441968,0.7916666666666666,True,17.0,6,中维护
A10,2025-03-14,10,10,87.52384576677726,87.47540168016226,0.6048990489245814,86.6991593228964,88.6403691153727,0.4166666666666667,True,18.0,6,中维护
A10,2025-03-15,13,13,88.1032241949146,88.02916128480054,0.853185459358642,86.7253159721362,89.974774784651,0.5416666666666666,True,19.0,6,中维护
A10,2025-03-16,16,16,87.4244391088036,87.36699997106871,0.34185899988078894,86.563850691439,88.03770382067,0.6666666666666666,True,20.0,6,中维护
A10,2025-03-17,20,19,87.0841820617387,87.08082975776865,0.7651860714254417,85.3359524734079,88.2153212190855,0.7916666666666666,True,21.0,6,中维护
A10,2025-03-18,17,16,87.14228948196995,87.10275505207433,0.6078944572611548,85.6345783553303,88.0990386855208,0.6666666666666666,True,22.0,6,中维护
A10,2025-03-19,5,5,86.6976154795139,86.67167336857216,0.48570430183929036,86.1351002170501,87.4079850294472,0.20833333333333334,True,23.0,6,中维护
A10,2025-03-20,18,17,86.1571437265235,86.16220416962109,0.5641874229657793,85.3606612330907,87.3158809418951,0.7083333333333334,True,24.0,6,中维护
A10,2025-03-21,17,17,85.7845624950015,85.64302605057146,0.5884534356413578,84.7288551835713,86.6925169680774,0.7083333333333334,True,25.0,6,中维护
A10,2025-03-22,14,13,85.9734912405146,85.80474850035911,0.5990911038725218,84.6611160416511,86.9134910687585,0.5416666666666666,True,26.0,6,中维护
A10,2025-03-23,4,4,84.9983703915047,85.11749383526865,0.41375965401269743,84.7768648599194,85.6963696981458,0.16666666666666666,True,27.0,6,中维护
A10,2025-03-24,16,16,84.7999780480575,84.67449010268109,0.5823569447879678,83.6903373938943,85.5808547485223,0.6666666666666666,True,28.0,6,中维护
A10,2025-03-25,17,16,84.3072427287604,84.47523727097855,0.7053206277518226,83.6761673326154,85.7618604165801,0.6666666666666666,True,29.0,6,中维护
A10,2025-03-26,6,6,84.01460752846364,84.07839117622434,0.649418838761939,83.2950275856197,85.0068980692953,0.25,True,30.0,6,中维护
A10,2025-03-27,6,6,83.61167618786169,83.6309485375104,0.826936167855916,82.411768678713,84.7894724263389,0.25,True,31.0,6,中维护
A10,2025-03-28,17,17,83.495600670275,83.51028410065499,0.9058570535108386,81.5849578976944,85.1488417791392,0.7083333333333334,True,32.0,6,中维护
A10,2025-03-29,7,7,83.7156762825452,83.2758910868255,0.8223398052414327,81.8008963929864,84.0520442618691,0.2916666666666667,True,33.0,6,中维护
A10,2025-03-30,14,14,83.17487004210261,83.12770454784251,0.570158706725248,82.205161044438,84.1393519684395,0.5833333333333334,True,34.0,6,中维护
A10,2025-03-31,10,10,83.04553420721274,83.19147106867547,0.512866338718457,82.628265947974,84.1602062657668,0.4166666666666667,True,35.0,6,中维护
A10,2025-04-01,7,3,82.4721498377957,82.72492609075037,1.0405900428947532,81.8340110363478,83.8686173981076,0.125,True,36.0,6,中维护
A10,2025-04-02,5,5,81.7417534174534,81.74885911367637,0.34168434193153363,81.3197016523438,82.2562101521972,0.20833333333333334,True,37.0,6,中维护
A10,2025-04-03,10,10,82.13950324192484,82.32049068886931,0.6977021605772412,81.3401138081981,83.7367364637501,0.4166666666666667,True,38.0,6,中维护
A10,2025-04-04,8,8,81.88852438221471,81.9255455135972,0.6760959580783713,80.8808093901113,83.0894758715311,0.3333333333333333,True,39.0,6,中维护
A10,2025-04-05,2,2,,,,,,0.08333333333333333,False,40.0,6,中维护
A10,2025-04-07,14,13,81.2010538257918,81.14462086184197,1.006739830415089,79.3323197816143,82.3104233942294,0.5416666666666666,True,42.0,6,中维护
A10,2025-04-08,13,13,81.1295767986411,81.11915645752491,0.563876875074858,80.0013456691001,81.8501372013927,0.5416666666666666,True,43.0,6,中维护
A10,2025-04-09,17,17,80.8824506127193,80.81690021266884,0.6026184826412793,79.7475579319257,81.7856263490557,0.7083333333333334,True,44.0,6,中维护
A10,2025-04-10,17,17,80.6001692529787,80.50630880047423,0.6991264633093195,78.9288288551555,81.8113103228278,0.7083333333333334,True,45.0,6,中维护
A10,2025-04-11,17,0,,,,,,0.0,False,0.0,7,大维护
A10,2025-04-12,18,17,95.4631900988347,95.47523465073255,0.28293280137833055,94.9659950950204,95.9839796003947,0.7083333333333334,True,1.0,7,大维护
A10,2025-04-13,8,8,95.10074722351806,96.50564335319987,4.40331315870956,94.1798884856405,107.358803286065,0.3333333333333333,True,2.0,7,大维护
A10,2025-04-14,15,15,95.2036491142809,95.13945765542866,0.3549298048372439,94.3691810890736,95.6148196910355,0.625,True,3.0,7,大维护
A10,2025-04-15,20,19,95.1461427951423,94.95664359710956,0.7583055662278624,93.2721251318551,96.3506951827381,0.7916666666666666,True,4.0,7,大维护
A10,2025-04-16,17,15,94.7857760868529,94.83936665761671,0.6513070337052754,93.7621228408136,95.8293497134371,0.625,True,5.0,7,大维护
A10,2025-04-17,7,5,94.1497249637462,94.24423621903183,0.8881409789927475,93.3580367079463,95.3169905841759,0.20833333333333334,True,6.0,7,大维护
A10,2025-04-18,18,18,94.12378546547666,94.1115932423457,0.6200357647213574,92.8446372714352,95.2270597699798,0.75,True,7.0,7,大维护
A10,2025-04-19,9,8,93.9578848477968,93.89410316151418,0.41243043102695204,93.3613180760858,94.5273500724923,0.3333333333333333,True,8.0,7,大维护
A10,2025-04-20,15,13,93.9458147034362,94.04728765545482,0.5398598824298338,92.7678318737122,94.9055977928166,0.5416666666666666,True,9.0,7,大维护
A10,2025-04-21,20,19,92.6593823654108,92.79387915052736,0.5812239378989812,91.678915434139,93.7535519953629,0.7916666666666666,True,10.0,7,大维护
A10,2025-04-22,8,8,92.60812136971005,92.54576616950557,0.5705833703485133,91.7555072271192,93.5850312387861,0.3333333333333333,True,11.0,7,大维护
A10,2025-04-23,19,19,92.9183631855144,92.50259373525732,1.368214761414583,88.4250597775233,94.7958925042496,0.7916666666666666,True,12.0,7,大维护
A10,2025-04-24,15,15,92.5171803223523,92.57917453032773,0.7984523629562104,91.2521346767358,94.7805421056389,0.625,True,13.0,7,大维护
A10,2025-04-25,11,11,92.1102149661083,92.2867310649586,0.7404633235261203,91.1158962511673,93.3147876514979,0.4583333333333333,True,14.0,7,大维护
A10,2025-04-26,13,13,92.2162876595086,92.12122963202393,0.761709367904519,91.0186693145162,94.1058613100304,0.5416666666666666,True,15.0,7,大维护
A10,2025-04-27,17,17,91.997354028302,92.0517435272615,0.568534817427971,90.9835573652866,93.1608491322963,0.7083333333333334,True,16.0,7,大维护
A10,2025-04-28,8,8,91.63354513342165,91.52780981759075,0.9744314144483606,89.8541162673185,93.0595929386248,0.3333333333333333,True,17.0,7,大维护
A10,2025-04-29,13,13,91.3330029417102,91.22416341814743,0.8129118435526195,89.8733569437007,92.5399591864247,0.5416666666666666,True,18.0,7,大维护
A10,2025-04-30,15,15,91.1448380454967,90.92696695593114,0.7866620766751912,89.4229410626513,91.8316715105583,0.625,True,19.0,7,大维护
A10,2025-05-01,20,20,90.21197171420789,90.37988718266703,0.8111815286184607,88.9915348141328,92.9002727254627,0.8333333333333334,True,20.0,7,大维护
A10,2025-05-02,20,20,90.3347377492826,90.35878297020854,0.6777372127532515,89.0339055304374,92.3577318563064,0.8333333333333334,True,21.0,7,大维护
A10,2025-05-03,11,11,90.1920311510913,90.22945968556688,0.8314985012299386,89.0584949523722,92.2024927885004,0.4583333333333333,True,22.0,7,大维护
A10,2025-05-04,14,14,90.02871072971939,90.12980990472427,0.7552790121585689,88.7040666946632,91.5273961409811,0.5833333333333334,True,23.0,7,大维护
A10,2025-05-05,12,12,89.953073250535,90.01829091836161,0.5564618357126933,89.032588989673,90.8320271331042,0.5,True,24.0,7,大维护
A10,2025-05-06,12,12,89.42320410877986,89.35526859480403,0.8631675574666291,87.4892232679347,90.5464872843688,0.5,True,25.0,7,大维护
A10,2025-05-07,17,16,89.3318582245706,89.21491824205026,0.6758646558435843,87.0982918254162,90.0541716689918,0.6666666666666666,True,26.0,7,大维护
A10,2025-05-08,17,13,89.4128834219759,89.44606234007402,0.6472280444365484,87.9575899502891,90.3994964421639,0.5416666666666666,True,27.0,7,大维护
A10,2025-05-09,24,22,89.01818678255245,89.01470424026725,0.6773094220301682,87.9928038263009,90.2830120452231,0.9166666666666666,True,28.0,7,大维护
A10,2025-05-10,17,17,88.441442995883,88.41945082314187,0.5228221007392057,87.6505046082715,89.8510783438101,0.7083333333333334,True,29.0,7,大维护
A10,2025-05-11,12,11,88.7417877585008,88.554302042093,0.6732608902080561,87.4786452058573,89.3133766195512,0.4583333333333333,True,30.0,7,大维护
A10,2025-05-12,19,18,88.32278951121675,88.46872558957374,0.7564817631749411,87.4653357526905,89.8572488520221,0.75,True,31.0,7,大维护
A10,2025-05-13,22,22,88.0022200778289,88.13296821640076,0.6637556568987386,86.991966425155,89.7747386075089,0.9166666666666666,True,32.0,7,大维护
A10,2025-05-14,24,24,87.57578436883105,87.72758445067929,0.7828440299463367,86.4275196839485,89.3421495686816,1.0,True,33.0,7,大维护
A10,2025-05-15,22,21,87.664390440026,87.6688511072086,0.8174663906344408,86.3558580085643,89.0514305157943,0.875,True,34.0,7,大维护
A10,2025-05-16,6,6,87.43826420845615,87.5342558324095,0.6250917292506183,86.8680973798363,88.6926009347843,0.25,True,35.0,7,大维护
A10,2025-05-17,19,17,86.8953904213716,86.9239336492926,0.3878954229302621,86.2583012931982,87.6215265161062,0.7083333333333334,True,36.0,7,大维护
A10,2025-05-18,17,17,86.8107392374077,86.71092004867585,0.544557482510454,85.8177147560266,87.8910740452102,0.7083333333333334,True,37.0,7,大维护
A10,2025-05-19,22,22,86.43868834718819,86.42601865806164,0.7633364058734736,85.0444270648689,87.7160373993047,0.9166666666666666,True,38.0,7,大维护
A10,2025-05-20,12,12,86.50818930930475,86.41110103774871,0.9517567814138401,83.8657789007433,87.5764066396189,0.5,True,39.0,7,大维护
A10,2025-05-21,17,15,85.7518933565904,85.88649166351884,0.5814371147253046,84.6235648602459,86.7369792478434,0.625,True,40.0,7,大维护
A10,2025-05-22,19,19,85.6434317893122,85.72268735040633,1.3654545326918406,81.4979816632866,87.5711098635736,0.7916666666666666,True,41.0,7,大维护
A10,2025-05-23,18,17,85.7324855729782,85.84445816927243,0.6820424054098871,84.979091371602,87.3225614608284,0.7083333333333334,True,42.0,7,大维护
A10,2025-05-24,16,16,85.2393045091228,85.29643344502938,0.7185948411342745,83.7973850027711,86.616483784455,0.6666666666666666,True,43.0,7,大维护
A10,2025-05-25,12,12,85.40463449931744,85.4111106039126,0.8621067554406139,83.8947782198049,86.8415319525328,0.5,True,44.0,7,大维护
A10,2025-05-26,19,18,84.89004918085345,85.09971145705413,0.6326776443307586,84.3425127197443,86.4491267702644,0.75,True,45.0,7,大维护
A10,2025-05-27,8,8,84.52202143823729,84.64682548978635,0.48238933753406976,83.889845035437,85.4928222062195,0.3333333333333333,True,46.0,7,大维护
A10,2025-05-28,10,10,84.22575826446915,84.24936689995369,1.0261043308793494,82.7066512081477,86.0336576190132,0.4166666666666667,True,47.0,7,大维护
A10,2025-05-29,16,15,84.0554034858216,84.2324054437274,0.5638418413782385,83.4894760059564,85.0819500920855,0.625,True,48.0,7,大维护
A10,2025-05-30,9,9,84.1064418835892,84.17866053094484,0.6965276823555993,83.1123410931486,85.6409050719181,0.375,True,49.0,7,大维护
A10,2025-05-31,17,17,83.4904519637508,83.47493479169482,0.6139739101121628,82.4373501382116,84.9097279567906,0.7083333333333334,True,50.0,7,大维护
A10,2025-06-01,13,12,82.1152636649921,82.32210893460235,1.2761960978779294,80.1403105195616,85.2465176017234,0.5,True,51.0,7,大维护
A10,2025-06-02,13,13,82.8443763211841,82.50568118059385,1.7436668045339028,79.1895185682289,84.6583838035925,0.5416666666666666,True,52.0,7,大维护
A10,2025-06-03,20,20,84.41929000352019,84.37063308404785,1.421267716017824,81.187587765702,86.952283386471,0.8333333333333334,True,53.0,7,大维护
A10,2025-06-04,23,23,83.7301424502668,83.31334506102449,1.6855199494436257,78.1488777393237,85.5113755830831,0.9583333333333334,True,54.0,7,大维护
A10,2025-06-05,8,0,,,,,,0.0,False,0.0,8,中维护
A10,2025-06-06,15,13,102.239251167637,102.4978665102783,0.902000231640245,101.275368297029,103.947374852549,0.5416666666666666,True,1.0,8,中维护
A10,2025-06-07,9,8,101.602254200624,101.69814939082113,0.605845762451562,100.787521082504,102.589696633161,0.3333333333333333,True,2.0,8,中维护
A10,2025-06-08,12,12,102.121666972003,101.85347372763634,0.9189216069059836,100.194489910515,102.919013438491,0.5,True,3.0,8,中维护
A10,2025-06-09,18,17,103.141908895622,102.66341329379605,2.0266297520763543,98.8035761022195,106.503200934942,0.7083333333333334,True,4.0,8,中维护
A10,2025-06-10,21,20,101.7671864574755,101.70626207905745,1.704333513339805,98.722071707135,104.943335914685,0.8333333333333334,True,5.0,8,中维护
A10,2025-06-11,15,15,101.388181420956,101.3738535393387,1.3684442865326467,99.3510182119891,103.736929481773,0.625,True,6.0,8,中维护
A10,2025-06-12,14,14,102.452012361261,102.71917293037409,2.1638520113797597,99.4666639710372,106.208066541598,0.5833333333333334,True,7.0,8,中维护
A10,2025-06-13,17,17,101.448826886216,101.29784120282221,1.98943166625092,98.5503926727074,106.707150516214,0.7083333333333334,True,8.0,8,中维护
A10,2025-06-14,23,23,100.661745100397,100.70739355470286,1.6937604600253828,97.6385955165504,103.435982270205,0.9583333333333334,True,9.0,8,中维护
A10,2025-06-15,10,10,100.546169692207,100.70980595887667,0.7122797318077907,99.6886031425036,101.965969702678,0.4166666666666667,True,10.0,8,中维护
A10,2025-06-16,17,17,101.080093452557,100.88531806436332,1.4303522572865441,97.9119280960592,103.527653802917,0.7083333333333334,True,11.0,8,中维护
A10,2025-06-17,21,18,100.907065990355,101.080221233182,1.9429944008916569,97.8718969072227,104.847749763592,0.75,True,12.0,8,中维护
A10,2025-06-18,22,20,101.03828836835399,101.2256159835886,1.8032102458193497,97.2066713999741,104.381385853956,0.8333333333333334,True,13.0,8,中维护
A10,2025-06-19,21,20,100.23646834905949,100.49489505172565,1.899406834247218,97.6508309365906,105.129911499867,0.8333333333333334,True,14.0,8,中维护
A10,2025-06-20,13,13,101.091288370617,101.4703910513449,2.3609955472953104,97.2285501239127,104.965532413467,0.5416666666666666,True,15.0,8,中维护
A10,2025-06-21,15,14,101.302451658999,101.32567725215338,1.7939460012996693,98.376108466004,104.179642509206,0.5833333333333334,True,16.0,8,中维护
A10,2025-06-22,19,19,100.953686111049,100.45420190547166,2.0982107197249102,96.446697414409,104.944441286894,0.7916666666666666,True,17.0,8,中维护
A10,2025-06-23,17,14,101.796475291492,101.04294863544592,2.13120721699476,96.8519853757071,104.023178884568,0.5833333333333334,True,18.0,8,中维护
A10,2025-06-24,12,12,100.85799885990849,101.05773380532175,1.593449238303934,99.0967439726297,104.54874208724,0.5,True,19.0,8,中维护
A10,2025-06-25,9,9,101.519213284381,101.04471765927227,1.7339080310630204,98.2944654919473,103.584054230554,0.375,True,20.0,8,中维护
A10,2025-06-26,10,10,100.419383345947,100.4840579674233,0.8428640508754892,99.0010869145196,101.732336598126,0.4166666666666667,True,21.0,8,中维护
A10,2025-06-27,17,17,101.047486166388,100.32120614539771,2.3164082914592323,94.8326375670289,102.969848425933,0.7083333333333334,True,22.0,8,中维护
A10,2025-06-28,19,18,100.5865031936255,100.60141467722919,1.6502418662357077,97.8523628914707,104.460139718311,0.75,True,23.0,8,中维护
A10,2025-06-29,13,13,100.478666553575,100.5033867986769,1.9584259359383067,97.9011373716374,103.406104548903,0.5416666666666666,True,24.0,8,中维护
A10,2025-06-30,23,22,100.1786093208193,100.02108142925408,1.7672431892272518,96.5361947396667,103.093147858228,0.9166666666666666,True,25.0,8,中维护
A10,2025-07-01,19,18,99.50768290594621,99.731100110559,2.267734046178628,95.5214837157273,104.029952117463,0.75,True,26.0,8,中维护
A10,2025-07-02,15,15,100.913375962274,100.67700080261156,1.8356667891304252,97.9693874799171,103.987657100436,0.625,True,27.0,8,中维护
A10,2025-07-03,17,16,100.2628592804475,100.26560704895444,2.4432610657344656,95.8416614416035,104.523847591904,0.6666666666666666,True,28.0,8,中维护
A10,2025-07-04,9,9,100.671656766512,100.68054538506595,1.8367327714249349,98.7993284282766,104.234085339196,0.375,True,29.0,8,中维护
A10,2025-07-05,23,23,98.4188022890711,99.19915493614913,2.3218743696438477,95.9032341827611,104.891712253857,0.9583333333333334,True,30.0,8,中维护
A10,2025-07-06,19,19,99.8184874104128,100.05146352670094,2.1106200517538194,95.3273907588082,103.760905613845,0.7916666666666666,True,31.0,8,中维护
A10,2025-07-07,7,7,98.1889071929981,97.99932768726758,1.4472576486929989,96.0784123145279,100.012663183589,0.2916666666666667,True,32.0,8,中维护
A10,2025-07-08,17,17,99.8608418021227,99.86470360954198,2.024811787437832,96.4721621713658,102.826176615657,0.7083333333333334,True,33.0,8,中维护
A10,2025-07-09,19,18,100.5338092457135,99.79735821334559,1.9777587761669702,96.876907227545,102.762963832756,0.75,True,34.0,8,中维护
A10,2025-07-10,24,24,99.57426250816471,99.41043007434784,1.8905673306754642,95.2416228597082,102.892227690983,1.0,True,35.0,8,中维护
A10,2025-07-11,12,8,99.35143639291624,99.4431494712833,2.5047584173491084,95.9996478434948,102.779859346474,0.3333333333333333,True,36.0,8,中维护
A10,2025-07-12,14,14,100.158784443041,99.24424209696052,2.4117930790556734,95.1146758075182,102.227613564263,0.5833333333333334,True,37.0,8,中维护
A10,2025-07-13,20,20,98.0933212557421,98.60176758057231,2.2264689799891406,93.1261461725468,102.751272093959,0.8333333333333334,True,38.0,8,中维护
A10,2025-07-14,18,17,99.2267110708973,99.35787710437248,1.8389866349431565,95.9467023163639,102.860169233024,0.7083333333333334,True,39.0,8,中维护
A10,2025-07-15,20,20,98.14277944969315,98.4390381010866,2.0320904731974707,95.1972061153889,103.164333116466,0.8333333333333334,True,40.0,8,中维护
A10,2025-07-16,14,14,98.7381975899325,98.41830695292393,3.1808143084708576,92.7876391986176,104.462007653801,0.5833333333333334,True,41.0,8,中维护
A10,2025-07-17,15,15,98.9510200199617,99.68608846852719,3.481119239409631,93.0294376131598,106.464886938193,0.625,True,42.0,8,中维护
A10,2025-07-18,12,12,99.06037285821955,99.0972025774558,1.9974015280281323,96.2617129428597,102.642179920308,0.5,True,43.0,8,中维护
A10,2025-07-19,19,19,98.3777665737822,98.07913411711485,2.352773046239607,94.9864000269881,101.813510434363,0.7916666666666666,True,44.0,8,中维护
A10,2025-07-20,24,24,99.07998776529655,98.76437164443225,1.7286941235781574,93.5173743707612,100.999435748116,1.0,True,45.0,8,中维护
A10,2025-07-21,20,20,99.1869221628953,98.81655523425908,1.8596627809005792,94.6515989556329,101.483193031486,0.8333333333333334,True,46.0,8,中维护
A10,2025-07-22,12,12,99.11936362008895,98.48246645537283,1.961573722397723,94.7137201754422,100.648098141249,0.5,True,47.0,8,中维护
A10,2025-07-23,20,20,98.3114078920571,98.64972050541765,2.1540427686188517,95.4250345658016,103.154951630919,0.8333333333333334,True,48.0,8,中维护
A10,2025-07-24,21,21,98.6141953654516,98.48181232829934,1.9455777369162077,95.5568606447872,102.309254444857,0.875,True,49.0,8,中维护
A10,2025-07-25,24,19,99.198930372971,98.72635816086994,2.5549990342997284,93.2040655093697,102.601554129785,0.7916666666666666,True,50.0,8,中维护
A10,2025-07-26,12,12,99.08621266203104,99.03113986141462,1.2959933493926177,96.9491392893871,100.946702121344,0.5,True,51.0,8,中维护
A10,2025-07-27,19,19,98.8851341217896,98.75909769379652,1.8694175008116405,96.1059617629088,102.493750793503,0.7916666666666666,True,52.0,8,中维护
A10,2025-07-28,24,23,98.4104955817446,97.72390911732121,2.035909411604086,93.5738655535023,101.418720338768,0.9583333333333334,True,53.0,8,中维护
A10,2025-07-29,24,24,98.97132826130576,98.79305357697005,1.5870386559679341,95.5668120569524,101.994744178027,1.0,True,54.0,8,中维护
A10,2025-07-30,17,14,97.69683472892464,97.84288744033415,2.6888740229539225,93.7244461459605,102.303908097336,0.5833333333333334,True,55.0,8,中维护
A10,2025-07-31,17,16,97.83797979945155,97.55011352195571,4.0246130559155935,85.4777638575263,101.899175316519,0.6666666666666666,True,56.0,8,中维护
A10,2025-08-01,20,20,96.3782661810708,97.45503416422041,2.5941769995574364,94.0339646841833,102.337673887838,0.8333333333333334,True,57.0,8,中维护
A10,2025-08-02,11,11,96.4940039986355,96.55897517388544,2.504045180834102,93.7147183310663,101.644498112529,0.4583333333333333,True,58.0,8,中维护
A10,2025-08-03,22,22,98.13598795509175,97.8307354858106,2.1521303925276443,93.1248971818991,101.352855768532,0.9166666666666666,True,59.0,8,中维护
A10,2025-08-04,13,13,97.2621514405216,97.53422347161964,1.8078939650391714,94.2750842308499,100.621933254203,0.5416666666666666,True,60.0,8,中维护
A10,2025-08-05,22,22,97.16312761925559,97.42219102924429,2.7120037908736356,91.9457303099284,104.396489810158,0.9166666666666666,True,61.0,8,中维护
A10,2025-08-06,21,21,97.5180456695242,97.36955928304039,3.013653588700231,91.9322832479722,103.307717728383,0.875,True,62.0,8,中维护
A10,2025-08-07,12,12,97.4924590699437,96.83543488924893,2.5457531465953402,92.7800389326344,100.142139623323,0.5,True,63.0,8,中维护
A10,2025-08-08,17,17,97.940524716948,97.70624672218206,2.1032624168199354,94.6009570678921,102.910997002783,0.7083333333333334,True,64.0,8,中维护
A10,2025-08-09,22,19,96.7259927247488,96.99817165477413,2.2400729925864913,91.9413270576551,100.411056399844,0.7916666666666666,True,65.0,8,中维护
A10,2025-08-10,7,7,96.6648004493472,96.8159442583637,2.6330178938946545,93.5880506871514,100.358097785694,0.2916666666666667,True,66.0,8,中维护
A10,2025-08-11,23,22,96.67941377837636,96.66021639128145,2.569231809062786,89.5608678364008,100.842191942619,0.9166666666666666,True,67.0,8,中维护
A10,2025-08-12,21,21,97.9537194144698,97.1851312888881,2.804698306921001,90.6910271282065,101.335032551732,0.875,True,68.0,8,中维护
A10,2025-08-13,20,20,96.90677179808274,97.28048180630506,2.542398079109505,93.3778620120869,102.311571723302,0.8333333333333334,True,69.0,8,中维护
A10,2025-08-14,11,11,95.7057651720235,96.49316426863858,3.737639955276916,88.9690121668497,102.644585418188,0.4583333333333333,True,70.0,8,中维护
A10,2025-08-15,15,15,97.0026696644043,96.29578868914476,3.2265782794207634,86.4734361867639,99.4275947968248,0.625,True,71.0,8,中维护
A10,2025-08-16,24,24,96.4974428846984,96.87228285307089,2.2033784735739013,91.570731417271,101.040856575216,1.0,True,72.0,8,中维护
A10,2025-08-17,10,10,96.73144118802796,96.99239416456801,1.99553074438446,94.2080274037375,100.857229798406,0.4166666666666667,True,73.0,8,中维护
A10,2025-08-18,19,19,95.6429687283439,96.41668109563544,2.4316207934505036,91.7876175196886,101.388666425322,0.7916666666666666,True,74.0,8,中维护
A10,2025-08-19,21,0,,,,,,0.0,False,0.0,9,中维护
A10,2025-08-20,20,20,101.9192873119695,101.77304762762444,1.0749483867964036,99.7563646175677,104.512314580357,0.8333333333333334,True,1.0,9,中维护
A10,2025-08-21,14,14,100.881463130825,100.71154715826843,1.4697438624435648,97.7600267772168,102.70181325637,0.5833333333333334,True,2.0,9,中维护
A10,2025-08-22,19,19,101.06230884371,100.82535372463299,1.1065722646325222,98.6613338270143,102.724964108888,0.7916666666666666,True,3.0,9,中维护
A10,2025-08-23,18,18,101.151176012577,100.93122149276542,2.007468484194408,97.1327527049883,104.314088700423,0.75,True,4.0,9,中维护
A10,2025-08-24,17,17,101.624030648712,101.61426141383619,1.933282612830383,99.321250698054,105.572931254643,0.7083333333333334,True,5.0,9,中维护
A10,2025-08-25,18,13,101.525459775671,101.2292493404757,2.6567030809788346,96.6454067784891,105.427467095776,0.5416666666666666,True,6.0,9,中维护
A10,2025-08-26,19,18,100.2276412981956,100.1650828507765,1.9576091554259618,97.0172673249659,103.7759831488,0.75,True,7.0,9,中维护
A10,2025-08-27,21,20,101.074127441059,100.92614620326657,1.731965436457242,98.0055726430809,104.820220061972,0.8333333333333334,True,8.0,9,中维护
A10,2025-08-28,10,10,100.5614407336975,100.68966155634169,2.1677378778684635,97.3268919231467,103.381751964977,0.4166666666666667,True,9.0,9,中维护
A10,2025-08-29,20,20,100.66419376746049,101.39985781271378,2.644319709699032,97.6139588187763,105.593400494986,0.8333333333333334,True,10.0,9,中维护
A10,2025-08-30,16,16,100.29912757283401,99.9508195870229,2.039854746575951,95.0180846387668,102.343544951414,0.6666666666666666,True,11.0,9,中维护
A10,2025-08-31,18,18,100.474200912713,100.34800852657304,2.5991632506280036,95.6847570996664,104.222402740324,0.75,True,12.0,9,中维护
A10,2025-09-01,20,20,99.94571361732704,100.08159843663466,0.949865617814903,97.9211346008358,101.475824846172,0.8333333333333334,True,13.0,9,中维护
A10,2025-09-02,18,18,99.38574882623335,99.47433822884648,0.835795221388615,98.2234357625718,101.073467060442,0.75,True,14.0,9,中维护
A10,2025-09-03,17,17,98.7940353080525,98.90610880062182,0.933038949800301,97.1500986798769,100.360392682623,0.7083333333333334,True,15.0,9,中维护
A10,2025-09-04,13,11,98.1980258859572,98.50858034982951,1.033818859845157,96.9975136986755,100.442672842377,0.4583333333333333,True,16.0,9,中维护
A10,2025-09-05,14,11,97.7734171321639,97.89729260715252,1.1524255380919664,96.0361064669221,100.111308727695,0.4583333333333333,True,17.0,9,中维护
A10,2025-09-06,22,22,97.12102460085555,97.2849668470115,0.9397636359374058,96.1107579965078,99.3464586221866,0.9166666666666666,True,18.0,9,中维护
A10,2025-09-07,20,20,96.8092949727001,96.8269859355421,0.5691128077386897,95.7975997064523,97.7918933614564,0.8333333333333334,True,19.0,9,中维护
A10,2025-09-08,13,13,96.8329031763023,96.73150817859633,0.5485461257156594,95.5715172345414,97.5526910604797,0.5416666666666666,True,20.0,9,中维护
A10,2025-09-09,18,18,96.71383489924929,96.63491967924831,0.8994245705777497,95.0956632698923,98.1311467953531,0.75,True,21.0,9,中维护
A10,2025-09-10,15,14,96.22573384512614,96.14289038621585,0.860727086560375,94.6138205960259,97.6273602045935,0.5833333333333334,True,22.0,9,中维护
A10,2025-09-11,21,21,95.7018235132531,95.61580457926657,0.8953119048006343,93.9218231750815,96.9515104046699,0.875,True,23.0,9,中维护
A10,2025-09-12,21,17,94.944360690778,94.74239082845345,0.7595326561883147,93.301092055397,95.8884570267881,0.7083333333333334,True,24.0,9,中维护
A10,2025-09-13,20,20,93.8398707603506,93.84388886712188,0.880425850513787,92.6612694434807,94.9865714002834,0.8333333333333334,True,25.0,9,中维护
A10,2025-09-14,11,11,92.9290268006079,92.93235706716598,0.9069800877469808,91.402446157782,94.2391878517322,0.4583333333333333,True,26.0,9,中维护
A10,2025-09-15,20,20,92.26420946991435,92.31389251153578,0.8515029073697279,90.6220169346986,93.9313414612213,0.8333333333333334,True,27.0,9,中维护
A10,2025-09-16,20,20,91.2665484121412,90.97912706535894,1.1862559705266458,88.4637690258142,92.5636396878105,0.8333333333333334,True,28.0,9,中维护
A10,2025-09-17,18,18,90.6407058398656,90.73538216150672,0.6950674105124989,89.6168178846653,92.2074432942812,0.75,True,29.0,9,中维护
A10,2025-09-18,12,12,89.90859469051975,90.08568421771496,0.6924928012421886,89.0042862823884,90.9998429157143,0.5,True,30.0,9,中维护
A10,2025-09-19,17,17,89.3546478494148,89.18019717648068,0.9139470444980393,87.8278812158357,90.4816345044717,0.7083333333333334,True,31.0,9,中维护
A10,2025-09-20,1,1,,,,,,0.041666666666666664,False,32.0,9,中维护
A10,2025-09-21,4,4,87.61031606218705,87.7031682044013,1.2340559166931149,86.3152189906503,89.2768217025808,0.16666666666666666,True,33.0,9,中维护
A10,2025-09-22,12,11,86.6790436095454,86.9971438138828,1.04025849388122,85.7435326016534,88.9381895202884,0.4583333333333333,True,34.0,9,中维护
A10,2025-09-23,19,18,85.16413840022545,85.35515344976936,1.2452806530756164,83.5136917065339,88.0731893830516,0.75,True,35.0,9,中维护
A10,2025-09-24,11,11,84.282979792115,84.39553260229374,0.692508956561504,83.2449386463394,85.7239720973939,0.4583333333333333,True,36.0,9,中维护
A10,2025-09-25,18,18,83.99213172218211,83.97166553165087,0.9748871569270724,82.5556963213844,85.5443261603179,0.75,True,37.0,9,中维护
A10,2025-09-26,20,20,82.9710813254983,82.94498358005265,0.7914346502315208,81.5820050010871,84.4183298640319,0.8333333333333334,True,38.0,9,中维护
A10,2025-09-27,16,16,82.8125860523553,82.90989148298453,0.6306759763486304,81.9513028177747,84.1168899708919,0.6666666666666666,True,39.0,9,中维护
A10,2025-09-28,12,12,82.36033511310654,82.26383093167821,0.9872554601550482,80.7689373623589,83.8966999909773,0.5,True,40.0,9,中维护
A10,2025-09-29,19,19,81.864468503704,81.84343793280941,0.7568649350158185,80.2991178088478,82.9460969284513,0.7916666666666666,True,41.0,9,中维护
A10,2025-09-30,21,20,80.96976813135845,81.00618408848513,0.924784481423562,78.9353086397384,82.8920811439847,0.8333333333333334,True,42.0,9,中维护
A10,2025-10-01,21,21,80.4986814370702,80.57529522335282,0.6992554498197728,79.1096500307507,81.9347523267708,0.875,True,43.0,9,中维护
A10,2025-10-02,18,16,79.12595802699985,79.12510496646794,0.5201513899127757,78.2864904841492,79.9163838433472,0.6666666666666666,True,44.0,9,中维护
A10,2025-10-03,19,19,79.6719159631381,79.6322486164032,0.6846273270929858,78.4787211782262,81.1243884403549,0.7916666666666666,True,45.0,9,中维护
A10,2025-10-04,20,20,78.68459370016839,79.01970793184884,1.1152401637159075,77.9548661754189,83.1172878017998,0.8333333333333334,True,46.0,9,中维护
A10,2025-10-05,13,13,77.8629761290606,77.96621306757521,0.831270043404859,76.5054136988359,79.1038038891935,0.5416666666666666,True,47.0,9,中维护
A10,2025-10-06,12,12,77.5436189229714,77.6608556172295,1.028592414918056,75.9593490836436,79.0528276497517,0.5,True,48.0,9,中维护
A10,2025-10-07,20,20,76.8743677740348,76.95735557907076,0.7108379243713363,76.0506184029527,78.6980522530992,0.8333333333333334,True,49.0,9,中维护
A10,2025-10-08,20,20,76.8027537541214,76.77751984129473,0.5271616302272073,75.5094495034839,77.5569431929365,0.8333333333333334,True,50.0,9,中维护
A10,2025-10-09,24,24,75.64169553839514,75.73757845344309,0.4557369284737923,74.9435322549369,76.8073792955753,1.0,True,51.0,9,中维护
A10,2025-10-10,13,13,74.8676318858622,75.02599120502136,0.4612984710219179,74.286391366002,75.8210234381092,0.5416666666666666,True,52.0,9,中维护
A10,2025-10-11,24,24,73.8400928410221,73.81825156648765,0.6925494309444694,72.2102437216614,75.4225530564915,1.0,True,53.0,9,中维护
A10,2025-10-12,22,21,73.5989677089088,73.63475084887767,0.8022789735818487,72.133820331856,75.2372794437488,0.875,True,54.0,9,中维护
A10,2025-10-13,21,21,72.8647547016818,72.83777640165472,0.707184900657848,71.3898328553635,74.0247260648703,0.875,True,55.0,9,中维护
A10,2025-10-14,12,12,72.43955751180019,72.54456498473952,0.5335134290094693,71.5518354629683,73.4580668430281,0.5,True,56.0,9,中维护
A10,2025-10-15,19,19,72.3823665806078,72.00857459864821,0.9912129073712969,70.0146769484018,73.4148124119352,0.7916666666666666,True,57.0,9,中维护
A10,2025-10-16,23,22,71.67732529798451,71.56423901762965,0.9339765325484976,69.3128026792068,72.8804964877245,0.9166666666666666,True,58.0,9,中维护
A10,2025-10-17,12,12,70.7371877807543,70.7294258242106,0.5466537010108442,70.0194376817662,71.7847468429623,0.5,True,59.0,9,中维护
A10,2025-10-18,22,21,69.9507092534863,70.11135696991411,0.6612462010339237,69.1953244835635,71.6768530359627,0.875,True,60.0,9,中维护
A10,2025-10-19,20,19,68.9276007514279,69.07321189878155,0.7455497281357377,68.0669068605853,70.4607241158265,0.7916666666666666,True,61.0,9,中维护
A10,2025-10-20,13,13,68.8192201709171,68.86876425146833,0.6008433201880504,67.7069950174579,69.8940427728292,0.5416666666666666,True,62.0,9,中维护
A10,2025-10-21,18,18,68.8830032465811,69.04679625510185,0.777359699974654,67.7687993884579,71.3511764320042,0.75,True,63.0,9,中维护
A10,2025-10-22,22,22,67.34366131666116,67.37664278548017,0.5814894683053871,66.1105179741976,68.3863383520722,0.9166666666666666,True,64.0,9,中维护
A10,2025-10-23,20,14,66.84079127786791,66.79013572706099,0.5495461626761153,65.7786162910209,67.644497333075,0.5833333333333334,True,65.0,9,中维护
A10,2025-10-24,12,11,66.8699350590839,66.73084140976607,0.47715311333760957,65.4678818778737,67.1775828546066,0.4583333333333333,True,66.0,9,中维护
A10,2025-10-25,19,14,66.0719090569986,66.16750910764152,0.7332453707651926,65.0642242614721,67.6752262510129,0.5833333333333334,True,67.0,9,中维护
A10,2025-10-26,20,19,65.7542224414155,65.68153002877499,0.63664221631299,64.6732817248658,66.7319840298534,0.7916666666666666,True,68.0,9,中维护
A10,2025-10-27,20,15,64.7681911778394,64.74602570757274,0.8850582798976149,63.4194831108138,66.1960672900453,0.625,True,69.0,9,中维护
A10,2025-10-28,11,10,64.99334354137434,65.07265888004933,0.5861300299351878,64.2241968704219,66.1850654462253,0.4166666666666667,True,70.0,9,中维护
A10,2025-10-29,23,23,64.0658676931892,63.931731758189514,0.6829311562828385,62.6305788292391,64.9853073057792,0.9583333333333334,True,71.0,9,中维护
A10,2025-10-30,23,23,63.3291113358617,63.3465013922547,0.5950166942043996,62.4206306762113,64.6424213367536,0.9583333333333334,True,72.0,9,中维护
A10,2025-10-31,22,22,62.6182640287623,62.535201673614864,0.8154342104496407,60.9566570814338,63.7706034935676,0.9166666666666666,True,73.0,9,中维护
A10,2025-11-01,12,0,,,,,,0.0,False,0.0,10,中维护
A10,2025-11-02,21,21,76.7441907693735,76.8041729000953,0.451420561773159,75.9681273342871,77.6430453876344,0.875,True,1.0,10,中维护
A10,2025-11-03,23,23,76.5473729573612,76.75615583822864,1.01158201023922,75.8481629511652,80.9237906835076,0.9583333333333334,True,2.0,10,中维护
A10,2025-11-04,19,19,76.5983848541195,76.60803274771386,0.41989573464380286,75.7278912511872,77.4795099932028,0.7916666666666666,True,3.0,10,中维护
A10,2025-11-05,17,15,76.2791881892182,75.88711239808407,0.8667288880020568,74.0958402087507,76.9212478799922,0.625,True,4.0,10,中维护
A10,2025-11-06,22,22,75.50143404135116,75.54548913534495,0.7627990443384172,73.4846039671492,76.9319454211437,0.9166666666666666,True,5.0,10,中维护
A10,2025-11-07,23,23,75.2073173719365,74.8771468024856,0.8452055320756632,72.8559925437095,76.2883357727456,0.9583333333333334,True,6.0,10,中维护
A10,2025-11-08,17,17,74.9911952147055,75.06567680202922,1.5574835309137518,72.1373875456952,79.2442555675502,0.7083333333333334,True,7.0,10,中维护
A10,2025-11-09,24,22,74.8447012296463,74.55384185562741,0.857442800020219,73.1610490743179,75.6980396642509,0.9166666666666666,True,8.0,10,中维护
A10,2025-11-10,13,12,74.28611661703971,74.09804330505516,0.9573765900860263,72.3627452174268,75.5771500471465,0.5,True,9.0,10,中维护
A10,2025-11-11,21,17,73.2306222334742,73.11814863022903,0.8173461647835455,71.5985891490975,74.3893660699957,0.7083333333333334,True,10.0,10,中维护
A10,2025-11-12,22,22,72.6693179281384,72.87664624303657,0.9830511690184851,71.1691384346333,75.3493419944351,0.9166666666666666,True,11.0,10,中维护
A10,2025-11-13,24,24,72.753739373407,72.6756358522991,0.9756444868517832,70.9390138374459,74.4410012905404,1.0,True,12.0,10,中维护
A10,2025-11-14,23,23,71.1605637728633,71.12861280104022,0.6242091673898585,70.0168019839784,72.4881741717168,0.9583333333333334,True,13.0,10,中维护
A10,2025-11-15,13,13,70.7614364048153,70.95522886971672,0.9362962965331906,69.4492336441734,73.093160481272,0.5416666666666666,True,14.0,10,中维护
A10,2025-11-16,22,22,69.87140671448854,69.85364411470572,1.068525256372869,68.1455070237855,71.5247590272072,0.9166666666666666,True,15.0,10,中维护
A10,2025-11-17,22,22,69.3812272111193,69.29331297935762,0.9193743959916091,67.2337103106849,70.8528879575512,0.9166666666666666,True,16.0,10,中维护
A10,2025-11-18,23,23,68.1191841702151,68.24243102262282,0.5908639772634898,67.482490690733,69.6802953357411,0.9583333333333334,True,17.0,10,中维护
A10,2025-11-19,23,22,67.21115300189035,67.36533988595774,0.9520141532530096,65.4182337126971,68.7635445796302,0.9166666666666666,True,18.0,10,中维护
A10,2025-11-20,19,19,66.2415370365031,66.38323014135521,0.6555607520644432,65.0787145930189,67.6897088251008,0.7916666666666666,True,19.0,10,中维护
A10,2025-11-21,17,17,65.5498559294478,65.47553876611468,1.0951131529487514,63.422129682397,67.3010815901821,0.7083333333333334,True,20.0,10,中维护
A10,2025-11-22,23,23,64.4964321551531,64.57456020138224,1.3218802097834668,62.6558688765805,68.6029723540034,0.9583333333333334,True,21.0,10,中维护
A10,2025-11-23,22,22,63.594186091511304,63.21311664782645,0.9841854447767592,61.3817769433923,64.5875736686753,0.9166666666666666,True,22.0,10,中维护
A10,2025-11-24,21,18,62.828450819522544,62.570783449453074,1.163900873336812,60.5258244947631,64.8085585097456,0.75,True,23.0,10,中维护
A10,2025-11-25,14,14,60.7935716715963,61.03656676874607,0.7648863824807738,59.9193903641441,62.1551375855873,0.5833333333333334,True,24.0,10,中维护
A10,2025-11-26,23,23,60.2592377486849,60.08361800726063,1.0449604819035168,57.0494930593527,61.9772237887605,0.9583333333333334,True,25.0,10,中维护
A10,2025-11-27,23,23,59.5279947607989,59.299193267645855,0.9192008238694186,56.7527911090968,60.6311016400133,0.9583333333333334,True,26.0,10,中维护
A10,2025-11-28,22,22,58.8696363866956,58.8380390965341,0.6776654779432614,57.3418829632428,60.5591365545174,0.9166666666666666,True,27.0,10,中维护
A10,2025-11-29,13,13,57.5583093687091,57.57477383747731,0.9665327974022927,55.6700668864852,59.1324138945416,0.5416666666666666,True,28.0,10,中维护
A10,2025-11-30,24,24,56.6371329522532,56.90207860455902,0.7947817164057652,55.9394430788705,58.9502702436851,1.0,True,29.0,10,中维护
A10,2025-12-01,19,19,56.5265017056931,56.4839206595158,0.2249434170392019,55.9404405919196,56.7971276456837,0.7916666666666666,True,30.0,10,中维护
A10,2025-12-02,20,20,56.16609268901175,56.08543717089626,0.2727616517766965,55.5273612214784,56.4784987982125,0.8333333333333334,True,31.0,10,中维护
A10,2025-12-03,23,22,55.249640629188704,55.2526134831259,0.19035334592629818,54.9648297488552,55.6729062437904,0.9166666666666666,True,32.0,10,中维护
A10,2025-12-04,22,22,54.9188752179457,54.93079439877549,0.21023301976964015,54.6168852280612,55.4763324743417,0.9166666666666666,True,33.0,10,中维护
A10,2025-12-05,12,9,53.8919179363528,53.87352769341633,0.21705609768659495,53.6048572038898,54.1976609591169,0.375,True,34.0,10,中维护
A10,2025-12-06,21,21,53.2633619742178,53.228522930448726,0.19982422560738688,52.9248585475242,53.5901107810739,0.875,True,35.0,10,中维护
A10,2025-12-07,21,20,52.040259477872695,52.07389011088162,0.2020695404874974,51.6898602376568,52.4687071227798,0.8333333333333334,True,36.0,10,中维护
A10,2025-12-08,11,11,51.3427963240498,51.35883733777228,0.1646199758699935,51.1090569412237,51.6446748907716,0.4583333333333333,True,37.0,10,中维护
A10,2025-12-09,23,23,50.7115380803351,50.72012304291237,0.1772626999354679,50.4391010080664,51.1881909701244,0.9583333333333334,True,38.0,10,中维护
A10,2025-12-10,23,23,49.6750321048589,49.70498470141306,0.24736130518820348,49.2549772211539,50.2049605331819,0.9583333333333334,True,39.0,10,中维护
A10,2025-12-11,19,18,49.30162764782625,49.272917088414786,0.2546692191648476,48.8792980504831,49.7060740948607,0.75,True,40.0,10,中维护
A10,2025-12-12,11,11,48.5478187226109,48.5248932303306,0.16146914286929862,48.2104992332638,48.7777820166702,0.4583333333333333,True,41.0,10,中维护
A10,2025-12-13,19,19,47.3841094307325,47.385638414594624,0.14516298513691314,47.0937790001869,47.7380275190442,0.7916666666666666,True,42.0,10,中维护
A10,2025-12-14,17,17,47.1038527928787,47.079739937174,0.1423773566031496,46.8219306639051,47.309785831686,0.7083333333333334,True,43.0,10,中维护
A10,2025-12-15,20,20,46.7423478446919,46.69430133351286,0.23156255508514795,46.2926701644467,47.2048031869557,0.8333333333333334,True,44.0,10,中维护
A10,2025-12-16,9,9,45.9164084500264,46.002146928782054,0.365595849773493,45.6476776070477,46.92824126578,0.375,True,45.0,10,中维护
A10,2025-12-17,14,14,45.390210224771806,45.45844838484454,0.2343041904541695,45.1774525884225,46.0587472775086,0.5833333333333334,True,46.0,10,中维护
A10,2025-12-18,17,17,45.3937718170554,45.373367351557185,0.2290232192319722,44.8849514964797,45.8874315687888,0.7083333333333334,True,47.0,10,中维护
A10,2025-12-19,21,20,44.4331301207924,44.461989268718725,0.2136406940594773,44.2130412767689,45.0707382849617,0.8333333333333334,True,48.0,10,中维护
A10,2025-12-20,21,20,43.3192985028143,43.33911534146298,0.20135211618385213,42.9539504873395,43.7548749881227,0.8333333333333334,True,49.0,10,中维护
A10,2025-12-21,11,10,42.621892518719804,42.56772036624972,0.14539411191742577,42.2261847995871,42.7458454610298,0.4166666666666667,True,50.0,10,中维护
A10,2025-12-22,14,12,41.674652199386244,41.670899921141334,0.19149424248213104,41.329678155462,41.9280259799778,0.5,True,51.0,10,中维护
A10,2025-12-25,6,5,40.8854695822263,40.90256383634678,0.27019507558202344,40.5548042499575,41.1708318294252,0.20833333333333334,True,54.0,10,中维护
A10,2025-12-26,21,17,39.9008916106192,39.96880719582768,0.2058817175111865,39.6527586238163,40.3734508163222,0.7083333333333334,True,55.0,10,中维护
A10,2025-12-27,22,21,39.0227025466504,39.03600010818585,0.28211297101682364,38.440200859729,39.5510472710283,0.875,True,56.0,10,中维护
A10,2025-12-28,17,17,38.0662070582009,38.111920596724666,0.3017795959343995,37.5047647850398,38.6282369695117,0.7083333333333334,True,57.0,10,中维护
A10,2025-12-29,23,18,37.4570922664599,37.42329655343369,0.20072143628762165,36.9724611167915,37.7184783181708,0.75,True,58.0,10,中维护
A10,2025-12-30,18,18,36.975771128044244,37.42633180318728,1.9128145295237453,36.5881409620467,45.0615630701976,0.75,True,59.0,10,中维护
A10,2025-12-31,19,16,36.0054930156782,36.05888604853567,0.3036552302892569,35.6229580461363,36.561383345736,0.6666666666666666,True,60.0,10,中维护
A10,2026-01-01,11,0,,,,,,0.0,False,0.0,11,大维护
A10,2026-01-02,19,19,49.3230315811793,49.31189816373456,0.09453914753335517,49.1366837227967,49.5044089410274,0.7916666666666666,True,1.0,11,大维护
A10,2026-01-03,17,17,48.9655212210096,49.63835386883201,2.843019560992145,48.7930494995626,60.6686667261103,0.7083333333333334,True,2.0,11,大维护
A10,2026-01-04,20,20,48.26565230471505,48.28477872872027,0.11484989484885057,48.0748404856017,48.5330019480448,0.8333333333333334,True,3.0,11,大维护
A10,2026-01-05,9,9,47.8444104609371,47.896224710658764,0.24125437411507877,47.579929968209,48.337447209823,0.375,True,4.0,11,大维护
A10,2026-01-06,21,21,47.008771892865,47.03474727629244,0.22034182081954878,46.5595713106169,47.4195845286176,0.875,True,5.0,11,大维护
A10,2026-01-07,22,22,46.4434599868337,46.393981295911,0.22391043916765532,45.8848123998048,46.7434099841801,0.9166666666666666,True,6.0,11,大维护
A10,2026-01-08,24,23,45.915914041193,45.941964269021405,0.2204507436535648,45.3234261371565,46.3239127772648,0.9583333333333334,True,7.0,11,大维护
A10,2026-01-09,15,15,45.3257356325398,45.286085074680315,0.1714273952148721,45.0080420998438,45.5886595938852,0.625,True,8.0,11,大维护
A10,2026-01-10,17,17,44.9869803014256,44.96482008265082,0.19682348311701633,44.5852480902243,45.2332244550642,0.7083333333333334,True,9.0,11,大维护
A10,2026-01-11,13,13,44.2093672823354,44.21509850220653,0.18063235397518684,43.9102149234046,44.565492782361,0.5416666666666666,True,10.0,11,大维护
A10,2026-01-12,16,15,43.1102521005459,43.08343732286974,0.20772199242001882,42.6729962090517,43.4722904450434,0.625,True,11.0,11,大维护
A10,2026-01-13,23,22,42.691366114354096,42.66597376765222,0.213557121822367,42.2961703554019,42.9604918870274,0.9166666666666666,True,12.0,11,大维护
A10,2026-01-14,23,22,41.92227735851455,41.87287595751488,0.19208209849053715,41.5797289652476,42.3205925917546,0.9166666666666666,True,13.0,11,大维护
A10,2026-01-15,18,17,41.0625859780064,41.09853332496563,0.17468251791465542,40.710813837965,41.3928243752523,0.7083333333333334,True,14.0,11,大维护
A10,2026-01-16,15,15,40.937058750668,40.97052896782335,0.26744677788305454,40.6095686234896,41.6693715079333,0.625,True,15.0,11,大维护
A10,2026-01-17,8,6,40.541880233808854,40.518093962545116,0.1836632193311972,40.2255274913074,40.7094281907471,0.25,True,16.0,11,大维护
A10,2026-01-18,21,21,40.2209010620417,40.18514461227258,0.1697215737594606,39.8549020621799,40.5433552277387,0.875,True,17.0,11,大维护
A10,2026-01-19,21,20,40.025686911593496,40.04514368815445,0.12264905264781334,39.7701362403813,40.2969746625821,0.8333333333333334,True,18.0,11,大维护
A10,2026-01-20,4,4,39.2865815636439,39.32742508034897,0.10520894283560811,39.2538560235518,39.4826811705563,0.16666666666666666,True,19.0,11,大维护
A10,2026-01-21,4,4,38.9495484928507,38.9729910334502,0.06913224877826359,38.9186174059518,39.0742497421476,0.16666666666666666,True,20.0,11,大维护
A10,2026-01-22,4,4,37.7637748997701,37.69799470900787,0.14606498393271047,37.4794888244309,37.7849402120604,0.16666666666666666,True,21.0,11,大维护
A10,2026-01-23,4,4,37.025167337291506,37.03324815518345,0.08844240694945676,36.9356257807131,37.1470321654377,0.16666666666666666,True,22.0,11,大维护
A10,2026-01-24,4,4,36.71826345779815,36.679050019210976,0.3157596916912787,36.2572289392967,37.0224442219509,0.16666666666666666,True,23.0,11,大维护
A10,2026-01-25,4,4,36.0045844075009,36.0149141029079,0.11437323142514208,35.88891244898,36.1615751476498,0.16666666666666666,True,24.0,11,大维护
A10,2026-01-26,4,4,35.965919983683904,35.88770944709228,0.39084424866112033,35.3972037684417,36.2217940525596,0.16666666666666666,True,25.0,11,大维护
A10,2026-01-27,4,4,34.93387973349935,34.921390899276425,0.1825628203595529,34.7272388240386,35.0905653060684,0.16666666666666666,True,26.0,11,大维护
A10,2026-01-28,4,4,34.189458592264245,34.22526588407057,0.19141536081287103,34.0384795080703,34.4836668436835,0.16666666666666666,True,27.0,11,大维护
A10,2026-01-29,4,4,33.74138597730705,33.721273183139346,0.1644407881438137,33.5018006694828,33.9005201084605,0.16666666666666666,True,28.0,11,大维护
A10,2026-01-30,4,4,32.8199017188651,32.839398393351324,0.1963714338868464,32.6514329279937,33.0663572076814,0.16666666666666666,True,29.0,11,大维护
A10,2026-01-31,4,4,32.1229525322209,32.08826792005117,0.13166090993539428,31.913800709786,32.1933659059769,0.16666666666666666,True,30.0,11,大维护
A10,2026-02-01,4,4,31.89625414023115,31.797740735295328,0.46267023143145214,31.1641535714459,32.2343010892731,0.16666666666666666,True,31.0,11,大维护
A10,2026-02-02,4,4,31.145505173390248,31.165394286471773,0.16571471025520462,31.0064993877265,31.3640674113801,0.16666666666666666,True,32.0,11,大维护
A10,2026-02-03,4,4,31.1686130242792,31.197773745054274,0.3303933409966147,30.8342133903677,31.619655541291,0.16666666666666666,True,33.0,11,大维护
A10,2026-02-04,4,4,31.25889379236625,31.23383214765535,0.1858753335293671,30.9962883899377,31.4212526159512,0.16666666666666666,True,34.0,11,大维护
A10,2026-02-05,4,3,30.5069204848686,30.518869572567635,0.2978903726231626,30.2271335378699,30.8225546949644,0.125,True,35.0,11,大维护
A10,2026-02-06,4,2,,,,,,0.08333333333333333,False,36.0,11,大维护
A10,2026-02-07,4,4,29.37275897671565,29.3751429990685,0.11821130228275684,29.2512952498486,29.5037587929941,0.16666666666666666,True,37.0,11,大维护
A10,2026-02-08,4,4,28.667150151463197,28.583014598546075,0.6593061664798359,27.7062500317743,29.2915080594836,0.16666666666666666,True,38.0,11,大维护
A10,2026-02-09,4,4,28.266464312700748,28.249356327748302,0.07299051627525113,28.1529676953063,28.3115289902854,0.16666666666666666,True,39.0,11,大维护
A10,2026-02-10,4,4,27.9130509132455,27.911838583976476,0.2702606506606711,27.645473602659,28.1757789067559,0.16666666666666666,True,40.0,11,大维护
A10,2026-02-11,4,4,27.4133580198165,27.441831392070725,0.3106408075740105,27.127905128296,27.8127044003539,0.16666666666666666,True,41.0,11,大维护
A10,2026-02-12,4,4,26.799706373088597,26.7453432830504,0.2324668903117518,26.4309793605295,26.9509810254949,0.16666666666666666,True,42.0,11,大维护
A10,2026-02-13,4,0,,,,,,0.0,False,0.0,12,中维护
A10,2026-02-14,4,4,48.8037676539503,48.80749154916248,0.035755712378455186,48.7717172042251,48.8507136845242,0.16666666666666666,True,1.0,12,中维护
A10,2026-02-15,4,4,47.4460731932819,47.509472188319975,0.19158535861050477,47.3560528310334,47.7896895356827,0.16666666666666666,True,2.0,12,中维护
A10,2026-02-16,4,4,46.7432356441273,46.77221556847317,0.14262948100532416,46.6354930733377,46.9668979123004,0.16666666666666666,True,3.0,12,中维护
A10,2026-02-17,4,4,45.6036876518474,45.716309787812776,0.26046441021044064,45.55584595323,46.1020178943263,0.16666666666666666,True,4.0,12,中维护
A10,2026-02-18,4,4,44.8362111659714,44.6264547690673,0.4997165076395725,43.8894436188841,44.9439531254423,0.16666666666666666,True,5.0,12,中维护
A10,2026-02-19,4,4,44.0660241386749,44.03398107439112,0.21656463416984403,43.7784050305236,44.2254709896911,0.16666666666666666,True,6.0,12,中维护
A10,2026-02-20,4,4,42.649355455469546,42.6475551671916,0.4674294193979256,42.2114196056379,43.0800901521894,0.16666666666666666,True,7.0,12,中维护
A10,2026-02-21,4,4,42.409105983168004,42.40058459001543,0.1458494655216345,42.2163179845421,42.5678084091836,0.16666666666666666,True,8.0,12,中维护
A10,2026-02-22,4,4,40.8065225810308,40.84087699559005,0.14710991938021328,40.7047060298608,41.0457567904378,0.16666666666666666,True,9.0,12,中维护
A10,2026-02-23,4,4,40.11048345079355,40.13868487325438,0.2902206405409122,39.8194054113121,40.5143671801183,0.16666666666666666,True,10.0,12,中维护
A10,2026-02-24,4,4,39.03694867685885,38.95613699595375,0.21701400955472683,38.6366678678416,39.1139827622557,0.16666666666666666,True,11.0,12,中维护
A10,2026-02-25,4,4,38.2074185775749,38.1759116139755,0.11820404858325201,38.0135796782716,38.2752296224806,0.16666666666666666,True,12.0,12,中维护
A10,2026-02-26,4,4,38.26886381252915,38.25072253090953,0.201305097210785,37.9878011216161,38.4773613769637,0.16666666666666666,True,13.0,12,中维护
A10,2026-02-27,4,4,37.733888351713546,37.6729244655302,0.4364497885347527,37.134509098813,38.0894120598807,0.16666666666666666,True,14.0,12,中维护
A10,2026-02-28,4,3,36.7705095129544,36.78833872033923,0.08421012155185459,36.7144708736282,36.8800357744351,0.125,True,15.0,12,中维护
A10,2026-03-01,4,4,37.0718009433945,37.0563033011663,1.250461294945901,35.5364017449996,38.5452095728766,0.16666666666666666,True,16.0,12,中维护
A10,2026-03-02,4,4,36.289788434224704,36.3736895958183,0.5721418712413721,35.8352622196475,37.0799192951763,0.16666666666666666,True,17.0,12,中维护
A10,2026-03-03,4,4,36.591406554310396,36.513595839045976,1.2312313106857402,34.9338594809151,37.937710766648,0.16666666666666666,True,18.0,12,中维护
A10,2026-03-04,4,4,36.67106762766575,36.7173180453376,0.4782391516255073,36.1841494673483,37.3429874586706,0.16666666666666666,True,19.0,12,中维护
A10,2026-03-05,4,4,35.72145525548985,35.63970116957593,0.23428996497925916,35.2962238749243,35.8196702923997,0.16666666666666666,True,20.0,12,中维护
A10,2026-03-06,4,4,35.4297813078701,35.0435908967164,0.8865934533837939,33.7297672428791,35.5850337282463,0.16666666666666666,True,21.0,12,中维护
A10,2026-03-07,4,4,35.36843069197725,35.29379955330663,0.5174747991446915,34.6360034346227,35.8023333946493,0.16666666666666666,True,22.0,12,中维护
A10,2026-03-08,4,4,34.96980957380495,34.95481248755145,0.7589785793380944,34.0434097391454,35.8362210634505,0.16666666666666666,True,23.0,12,中维护
A10,2026-03-09,4,4,34.6566843700762,34.451314916632924,0.4537943422518825,33.7721086094033,34.719782316976,0.16666666666666666,True,24.0,12,中维护
A10,2026-03-10,4,4,34.8025566642788,34.641073612294974,0.6142778230484738,33.7645933898227,35.1945877307996,0.16666666666666666,True,25.0,12,中维护
A10,2026-03-11,4,4,33.7718616047455,33.97019534599535,0.5640536234149479,33.5408810101055,34.7961771643849,0.16666666666666666,True,26.0,12,中维护
A10,2026-03-12,4,4,33.25855028227015,33.45599161594965,0.8096431793023809,32.7603291551046,34.5465367441537,0.16666666666666666,True,27.0,12,中维护
A10,2026-03-13,4,4,32.73230229145585,32.39125828217787,0.958072779197863,31.0124394396881,33.0879891061117,0.16666666666666666,True,28.0,12,中维护
A10,2026-03-14,4,4,31.7749297331151,31.854275776900728,0.7897503061549772,31.1051102758978,32.7621333654749,0.16666666666666666,True,29.0,12,中维护
A10,2026-03-15,4,4,31.909270573860503,32.05940636780423,0.5986962948377974,31.5147416306421,32.9043426928538,0.16666666666666666,True,30.0,12,中维护
A10,2026-03-16,4,4,31.167230071706648,31.167866577583702,0.44426510488638593,30.6661928821539,31.6708132847676,0.16666666666666666,True,31.0,12,中维护
A10,2026-03-17,4,4,31.2255740694746,31.258508706575824,0.8220933854444127,30.5189033519227,32.0639833354314,0.16666666666666666,True,32.0,12,中维护
A10,2026-03-18,4,4,31.26340254993695,31.235306676947875,1.186571400017331,29.7601884237349,32.6542331841827,0.16666666666666666,True,33.0,12,中维护
A10,2026-03-19,4,4,30.507355152562802,30.48713485629965,0.5560687306676456,29.7872837291374,31.1465453909356,0.16666666666666666,True,34.0,12,中维护
A10,2026-03-20,4,4,29.8425277651079,29.709589857764975,0.8141349697237538,28.6003695597704,30.5529343410737,0.16666666666666666,True,35.0,12,中维护
A10,2026-03-21,4,4,29.6622567858081,29.554057707751,0.39066719501151626,28.9928015860048,29.898915673383,0.16666666666666666,True,36.0,12,中维护
A10,2026-03-22,4,4,29.599058878466202,29.62016335606005,0.36469377639916545,29.2624723128116,30.0200633544962,0.16666666666666666,True,37.0,12,中维护
A10,2026-03-23,4,4,29.06388517552775,29.157006420650923,0.8300262294101608,28.2624547658326,30.2378005657156,0.16666666666666666,True,38.0,12,中维护
A10,2026-03-24,4,4,29.21241536274415,29.19218294664795,0.36308558683910996,28.7417306322464,29.6021704288571,0.16666666666666666,True,39.0,12,中维护
A10,2026-03-25,4,4,28.4635740454808,28.44487327161535,0.7176108730143724,27.6946671734381,29.1576778220617,0.16666666666666666,True,40.0,12,中维护
A10,2026-03-26,4,0,,,,,,0.0,False,0.0,13,中维护
A10,2026-03-27,4,4,52.94869185478525,53.041451705578176,0.37179363825218853,52.7158165500572,53.552606562685,0.16666666666666666,True,1.0,13,中维护
A10,2026-03-28,4,4,53.117326838536,50.059162651870174,6.333873142814427,40.5615060862805,53.4404908441282,0.16666666666666666,True,2.0,13,中维护
A10,2026-03-29,4,4,52.63089332111975,52.76121873116787,0.44585612707519956,52.4014088229602,53.3816794594718,0.16666666666666666,True,3.0,13,中维护
A10,2026-03-30,4,4,52.77939480702225,52.71103245049355,0.6682481646272742,51.8308247161652,53.4545154717645,0.16666666666666666,True,4.0,13,中维护
A10,2026-03-31,4,4,52.3086146933096,52.29583300340283,0.8634094400715066,51.2532462259296,53.3128564010625,0.16666666666666666,True,5.0,13,中维护
A10,2026-04-01,4,4,51.865184141232405,51.80617624245833,0.5946630949399877,51.1089958528459,52.3853408345226,0.16666666666666666,True,6.0,13,中维护
A10,2026-04-02,4,4,51.5484326767382,51.55167646211295,0.824682338304195,50.7271419499935,52.3826985449819,0.16666666666666666,True,7.0,13,中维护
A10,2026-04-03,4,4,51.84759874596265,51.8514929728591,0.2850915755490229,51.5611419307981,52.149632468713,0.16666666666666666,True,8.0,13,中维护
A10,2026-04-04,4,4,50.8988634765077,50.833131615872624,0.9055051526136937,49.8053979941812,51.7294015162939,0.16666666666666666,True,9.0,13,中维护
A10,2026-04-05,4,4,51.163759855825646,51.2105385303117,0.6414433376649419,50.4802928412892,52.0343415683063,0.16666666666666666,True,10.0,13,中维护
A10,2026-04-06,4,4,51.83143217954815,51.76769982285668,0.7514051799236554,50.7919323362742,52.6160025960562,0.16666666666666666,True,11.0,13,中维护
A10,2026-04-07,4,4,51.08952647954935,50.95918196267755,0.7810604400208695,49.8903805557165,51.767294335895,0.16666666666666666,True,12.0,13,中维护
A10,2026-04-08,4,4,50.7550100291361,50.72941965289813,0.3247941504025727,50.3244683533902,51.0831901999301,0.16666666666666666,True,13.0,13,中维护
A10,2026-04-09,4,4,50.9633008897895,51.0549562967685,1.0871855240249342,50.0284993876621,52.2647240198329,0.16666666666666666,True,14.0,13,中维护
A10,2026-04-10,4,4,50.2646036940725,50.26288287930707,0.26890708609135316,50.0247975923884,50.4975265366949,0.16666666666666666,True,15.0,13,中维护
A10,2026-04-11,4,4,49.96879753632175,50.123636252264276,0.6136398132044931,49.6238758380913,50.9330740983223,0.16666666666666666,True,16.0,13,中维护
A2,2024-04-03,14,14,74.5794993759303,74.4770523548992,0.8392817925185498,72.7721073813521,75.6932783363305,0.5833333333333334,True,0.0,0,观测起点
A2,2024-04-04,2,2,,,,,,0.08333333333333333,False,0.0,0,观测起点
A2,2024-04-05,9,9,74.3933232098042,74.23229784120477,0.6593928545132604,72.9454636640354,75.3528114301131,0.375,True,0.0,0,观测起点
A2,2024-04-06,14,13,73.7279870817746,73.77088515220787,0.8187534486099756,72.3463232896815,74.9447772225077,0.5416666666666666,True,0.0,0,观测起点
A2,2024-04-07,4,1,,,,,,0.041666666666666664,False,0.0,0,观测起点
A2,2024-04-08,7,6,72.59072625771515,72.46441784576663,0.831407538645076,71.2252253702657,73.3923355812884,0.25,True,0.0,0,观测起点
A2,2024-04-09,19,17,72.6407157297431,72.43183560321029,0.7849441990251113,70.6934399356965,73.5870812806585,0.7083333333333334,True,0.0,0,观测起点
A2,2024-04-10,21,20,72.04715192583885,72.07798056733061,0.7649335061037528,70.4046241703901,73.1137794708515,0.8333333333333334,True,0.0,0,观测起点
A2,2024-04-11,20,18,72.19437236717769,72.19779851832658,0.7689344733581949,70.9860470609616,73.372310412492,0.75,True,0.0,0,观测起点
A2,2024-04-12,12,12,71.0410690746682,70.98865402352996,0.8922421178423965,69.7321607483245,72.5600078274054,0.5,True,0.0,0,观测起点
A2,2024-04-13,21,21,71.2457050087654,71.14119080763004,0.6878893959930052,70.013947970564,72.4433230840149,0.875,True,0.0,0,观测起点
A2,2024-04-14,22,22,71.06176779790036,70.9975989125157,0.6811813690514159,69.4669678583478,71.9773999696722,0.9166666666666666,True,0.0,0,观测起点
A2,2024-04-15,17,17,70.9042218003769,70.70361013596204,0.5856755897481464,69.6449003165655,71.6947891123797,0.7083333333333334,True,0.0,0,观测起点
A2,2024-04-16,13,12,70.40354429261475,70.38629424817887,0.7857826259103917,69.1180191444495,71.8668410664681,0.5,True,0.0,0,观测起点
A2,2024-04-17,16,16,70.22957945088564,70.20259810631171,0.6370781258009927,68.9357996599304,71.2634939825499,0.6666666666666666,True,0.0,0,观测起点
A2,2024-04-18,23,23,69.73601327618,69.8929146826348,0.6377137927055874,69.1667206655582,71.2495606248322,0.9583333333333334,True,0.0,0,观测起点
A2,2024-04-19,22,21,69.6084623013272,69.71304059371425,0.7143951889882959,68.5085583405411,71.5180701080601,0.875,True,0.0,0,观测起点
A2,2024-04-20,23,23,69.6121987603458,69.48909909698553,0.5156817763298801,68.3689547995676,70.515107240825,0.9583333333333334,True,0.0,0,观测起点
A2,2024-04-21,18,18,69.23379634426914,69.34438681385544,0.6611072202399338,68.2039611359626,70.6629560257621,0.75,True,0.0,0,观测起点
A2,2024-04-22,16,16,69.12802945466746,69.06419214741923,0.8548751535512432,67.2350123212509,70.4152149116412,0.6666666666666666,True,0.0,0,观测起点
A2,2024-04-23,7,7,68.9137996147392,68.76997707066268,0.4085166409375781,67.9037447269886,69.1256066043395,0.2916666666666667,True,0.0,0,观测起点
A2,2024-04-24,12,12,68.92384613308275,68.79208315817662,0.6148724459557132,67.8295332729001,69.6925302853567,0.5,True,0.0,0,观测起点
A2,2024-04-25,22,21,68.1522582169393,68.21548511263126,0.8020558053673918,67.0897520758162,69.9098629376588,0.875,True,0.0,0,观测起点
A2,2024-04-26,17,17,68.3482011855551,68.33766835318713,0.7687546556213791,66.6991108818733,69.6902541250584,0.7083333333333334,True,0.0,0,观测起点
A2,2024-04-27,24,24,68.15416113180385,68.1675134646944,0.7716086097195339,66.7409213490049,69.5093951075658,1.0,True,0.0,0,观测起点
A2,2024-04-28,24,24,67.7455835928674,67.6760559360401,0.6442630010791215,65.9023741150245,68.5583979329784,1.0,True,0.0,0,观测起点
A2,2024-04-29,16,12,67.345749636688,67.40902856078621,0.5647729243859138,66.4200483106765,68.3508130536744,0.5,True,0.0,0,观测起点
A2,2024-05-14,9,9,66.7595636010094,67.14260267393993,1.290295860997217,64.9914121891824,68.8549943505108,0.375,True,0.0,0,观测起点
A2,2024-05-15,11,11,66.2846069272932,67.25713310575735,2.8373002826861216,65.0858825715827,75.0235654920445,0.4583333333333333,True,0.0,0,观测起点
A2,2024-05-16,21,21,67.493922969356,67.11341369943672,1.2175113097924,64.8178093748078,69.0330922303124,0.875,True,0.0,0,观测起点
A2,2024-05-17,24,24,66.6357918376892,66.91956644676073,1.3966895366862595,64.9392701970859,70.0642298131566,1.0,True,0.0,0,观测起点
A2,2024-05-18,22,22,66.636561880416,66.52459809934696,0.9878498859739777,64.4314631596917,68.2916109974608,0.9166666666666666,True,0.0,0,观测起点
A2,2024-05-19,12,12,66.78009039541115,66.46921671355582,1.1174008761773937,64.4798432248843,68.3455734511775,0.5,True,0.0,0,观测起点
A2,2024-05-20,18,18,66.29996604717115,66.44783028096221,1.2287204306729251,64.5707491610133,68.7596710807066,0.75,True,0.0,0,观测起点
A2,2024-05-21,22,21,66.1953837571311,66.21061993306151,1.0867143349586377,64.3616474820168,68.6926309146889,0.875,True,0.0,0,观测起点
A2,2024-05-22,22,22,66.28289927948475,66.08792015838625,1.1148417775433253,64.1768486913219,68.0409678819818,0.9166666666666666,True,0.0,0,观测起点
A2,2024-05-23,15,14,66.24354693280965,65.96200678895404,1.386539281954283,63.5532851536448,68.3003299569589,0.5833333333333334,True,0.0,0,观测起点
A2,2024-05-24,16,11,65.008420136063,65.15296408025395,1.6368420731618012,62.2931293571253,67.9910710730295,0.4583333333333333,True,0.0,0,观测起点
A2,2024-05-25,22,21,65.0666414151536,65.02939363956196,1.6418384039496425,59.3283640042733,66.9855484352829,0.875,True,0.0,0,观测起点
A2,2024-05-26,23,19,64.9781316505198,64.86738959226489,0.9507223341751975,62.6538951363575,66.7339556993376,0.7916666666666666,True,0.0,0,观测起点
A2,2024-05-27,15,15,64.6088490898578,64.41851267443374,0.9039005522184427,62.7948434107543,65.6908747416432,0.625,True,0.0,0,观测起点
A2,2024-05-28,15,13,65.3754048914975,65.04459979170161,1.1302180258174543,63.3975974091689,66.8286840695548,0.5416666666666666,True,0.0,0,观测起点
A2,2024-05-29,23,23,64.4237195708091,64.22187542651928,1.0469219279303508,61.5972258044256,65.7866345087457,0.9583333333333334,True,0.0,0,观测起点
A2,2024-05-30,23,22,64.1504198457713,64.14872725219747,1.4612981857876526,61.8348361534568,66.9977627548388,0.9166666666666666,True,0.0,0,观测起点
A2,2024-05-31,19,19,63.5819344701148,63.35167971592628,1.2952287085241816,60.9599469477628,65.9603825515646,0.7916666666666666,True,0.0,0,观测起点
A2,2024-06-03,14,14,64.26062799877144,64.11083041398162,2.1003964627402256,60.2602014307955,67.7119183117749,0.5833333333333334,True,0.0,0,观测起点
A2,2024-06-04,22,0,,,,,,0.0,False,0.0,1,中维护
A2,2024-06-05,12,12,86.3002811354539,86.42544768359706,1.1523390389021395,84.4804108668763,88.6776605948183,0.5,True,1.0,1,中维护
A2,2024-06-06,22,22,86.68984426701805,86.72292095083263,0.7912655652656064,85.3915835329338,88.017945574894,0.9166666666666666,True,2.0,1,中维护
A2,2024-06-07,23,23,86.5552878745284,86.63991073341883,1.2389115189054636,84.0080453946066,88.7053165458093,0.9583333333333334,True,3.0,1,中维护
A2,2024-06-08,24,24,86.28920956728265,86.15954934883133,2.747639030323779,79.2720236951708,92.7802574480091,1.0,True,4.0,1,中维护
A2,2024-06-09,11,11,84.9882786274847,83.64311636987925,5.945620942875359,67.5198901003507,90.7138799114794,0.4583333333333333,True,5.0,1,中维护
A2,2024-06-10,20,20,85.1779232709978,85.06157686472088,2.6752525059378383,81.2003246943639,90.4801742284214,0.8333333333333334,True,6.0,1,中维护
A2,2024-06-11,20,20,85.90449104905025,85.65918095414159,2.312925836168331,79.4971639069652,90.2315965278509,0.8333333333333334,True,7.0,1,中维护
A2,2024-06-12,24,24,85.62002182607065,85.7300747871255,1.646228675667317,82.4727760032654,88.6643683613079,1.0,True,8.0,1,中维护
A2,2024-06-13,9,9,84.0728046089739,84.67560868414519,2.6768506225547433,81.715861484043,91.3081283721428,0.375,True,9.0,1,中维护
A2,2024-06-14,23,23,86.1274056910813,85.0219411213046,4.058251290203741,70.081200035187,90.2296546655585,0.9583333333333334,True,10.0,1,中维护
A2,2024-06-15,19,19,85.2629605205203,85.74600262417955,2.1043238496466863,81.9150725476623,89.1102469597937,0.7916666666666666,True,11.0,1,中维护
A2,2024-06-16,22,22,85.6753053847402,85.76126010165025,2.017465188538372,81.5968288093335,89.7838802535217,0.9166666666666666,True,12.0,1,中维护
A2,2024-06-17,12,12,86.99162607659841,86.41585758729686,2.25364623934305,81.8567345612704,88.9083959074604,0.5,True,13.0,1,中维护
A2,2024-06-18,17,17,83.8093972400179,83.98130889632675,2.851681308455981,79.427807939425,90.0784202131194,0.7083333333333334,True,14.0,1,中维护
A2,2024-06-19,24,24,84.84058921677669,84.96158155804999,3.4358329891059753,78.8434542818836,91.6121158908165,1.0,True,15.0,1,中维护
A2,2024-06-20,23,23,85.6203257873096,84.90172862652074,2.4920320595631953,80.0589649865686,88.3204260892416,0.9583333333333334,True,16.0,1,中维护
A2,2024-06-21,15,15,85.6714753933891,85.86362087558011,2.343736702439175,82.0853295262105,90.558112849885,0.625,True,17.0,1,中维护
A2,2024-06-22,14,14,83.81621050800875,83.99159722840383,1.8678501475033567,81.4874078198783,88.6111625926125,0.5833333333333334,True,18.0,1,中维护
A2,2024-06-23,21,21,84.3367453171901,84.24058486443863,2.14199310637332,79.9374195936115,87.6555182029097,0.875,True,19.0,1,中维护
A2,2024-06-24,24,24,84.31353354761575,83.99360078405857,2.3005788528973166,78.2587549003017,88.2386509423935,1.0,True,20.0,1,中维护
A2,2024-06-25,19,19,84.0937725274523,84.97050330762973,3.61315033294737,80.8392098405907,96.3957131774806,0.7916666666666666,True,21.0,1,中维护
A2,2024-06-26,15,15,84.6892732049166,84.34099158499701,1.5431767532506677,80.6639539856476,87.3381107176757,0.625,True,22.0,1,中维护
A2,2024-06-27,19,18,84.0511113828433,83.8929188760471,2.409079484006338,79.8143771976469,88.3997038863934,0.75,True,23.0,1,中维护
A2,2024-06-28,24,24,84.73049010740765,84.56503989833337,2.0997700994884214,78.7060339084117,88.5742913731921,1.0,True,24.0,1,中维护
A2,2024-06-29,23,22,83.74575538962759,84.08613342897273,2.4043214187291038,78.3258376660771,88.0618627391652,0.9166666666666666,True,25.0,1,中维护
A2,2024-06-30,11,11,83.8808733957114,83.9140299629957,1.4702172389590538,81.0261540431355,87.0368642070795,0.4583333333333333,True,26.0,1,中维护
A2,2024-07-01,23,23,81.8923883883868,83.12343994396848,4.2006531802782705,74.8665809064251,92.6775562705434,0.9583333333333334,True,27.0,1,中维护
A2,2024-07-02,22,22,83.07957814313345,82.52915408994971,2.8795957132762586,76.8429655533269,88.843759909595,0.9166666666666666,True,28.0,1,中维护
A2,2024-07-03,20,20,85.48834188785605,84.98631523637015,4.119972764252403,78.3441916572753,94.1006026993352,0.8333333333333334,True,29.0,1,中维护
A2,2024-07-04,8,8,82.48200019358214,82.18854065790435,4.184866076719047,74.2034295901808,88.4190949288415,0.3333333333333333,True,30.0,1,中维护
A2,2024-07-05,4,4,81.57644639667765,81.76685894894993,4.863072592000468,76.132807861795,87.7817351406494,0.16666666666666666,True,31.0,1,中维护
A2,2024-07-06,4,4,86.14743784182346,85.15498797943515,2.9723876322296743,80.9076686098813,87.4174076242124,0.16666666666666666,True,32.0,1,中维护
A2,2024-07-07,4,4,83.23506745428014,83.37747992152337,3.5402775532799864,79.2498290783748,87.7899556991584,0.16666666666666666,True,33.0,1,中维护
A2,2024-07-08,4,4,83.87104120576475,82.6759574363922,6.301740421442622,74.4086804656682,88.5530668683711,0.16666666666666666,True,34.0,1,中维护
A2,2024-07-09,4,4,82.23540468387284,82.04758286012505,2.185431273242116,79.1972598795414,84.5222621932131,0.16666666666666666,True,35.0,1,中维护
A2,2024-07-10,4,4,83.30822051795515,82.73841056356298,2.240156127933226,79.8157900422698,84.5214111760718,0.16666666666666666,True,36.0,1,中维护
A2,2024-07-11,4,4,85.5499319409115,84.6437350578027,2.963683719076204,80.4519593426762,87.0231170067116,0.16666666666666666,True,37.0,1,中维护
A2,2024-07-12,4,4,81.43527135875314,81.68713420245417,4.309915778626669,77.674818790381,86.2031753019294,0.16666666666666666,True,38.0,1,中维护
A2,2024-07-13,4,4,80.6535422242153,81.40348026286304,3.1988778428812705,78.4691301653063,85.8377064377153,0.16666666666666666,True,39.0,1,中维护
A2,2024-07-14,4,4,81.87045389183496,81.87398373742653,3.837338259905705,77.199684977131,86.5553421889052,0.16666666666666666,True,40.0,1,中维护
A2,2024-07-15,4,4,84.1415038449354,85.47103528508745,5.280476227950614,80.6985726431173,92.9025608073617,0.16666666666666666,True,41.0,1,中维护
A2,2024-07-16,4,4,78.98539046921564,79.74048543294383,1.9451588455184003,78.3866697197453,82.6044910735987,0.16666666666666666,True,42.0,1,中维护
A2,2024-07-17,4,4,80.64612942507415,81.83979348498633,3.6250606243007364,78.9987610774662,87.0681540123308,0.16666666666666666,True,43.0,1,中维护
A2,2024-07-18,4,4,79.03520568177916,80.66050792902365,4.484400155693438,77.5182562157514,87.0533641367849,0.16666666666666666,True,44.0,1,中维护
A2,2024-07-19,4,4,84.8361327508448,84.09113580168838,1.7891680447901004,81.4278478474317,85.2644298576322,0.16666666666666666,True,45.0,1,中维护
A2,2024-07-20,4,4,81.6938565787639,81.65900909085738,2.5917473710701397,78.8748515469585,84.3734716589432,0.16666666666666666,True,46.0,1,中维护
A2,2024-07-21,4,4,85.90228716741339,84.420919096905,3.027333726279593,79.8805269641597,85.9985750886335,0.16666666666666666,True,47.0,1,中维护
A2,2024-07-22,4,4,85.63198047243606,85.7787793830312,4.754876951860638,80.6947186085903,91.1564379786624,0.16666666666666666,True,48.0,1,中维护
A2,2024-07-23,4,4,85.12561304154855,85.07184771181974,1.5561235566031575,83.2428511712084,86.7933135929735,0.16666666666666666,True,49.0,1,中维护
A2,2024-07-24,4,4,83.28703978860284,82.98420090947268,2.7859454920322033,79.3163124096052,86.0464116510798,0.16666666666666666,True,50.0,1,中维护
A2,2024-07-25,4,4,82.92427849407011,82.77557266497566,2.808306716985579,79.7583740233121,85.4953596484503,0.16666666666666666,True,51.0,1,中维护
A2,2024-07-26,4,4,84.40953486413025,84.56371085645753,2.6508325141398212,82.2561860810161,87.1795876165535,0.16666666666666666,True,52.0,1,中维护
A2,2024-07-27,4,4,82.82130929909445,82.27454270466978,4.739994645057626,76.7333825077323,86.7221697127579,0.16666666666666666,True,53.0,1,中维护
A2,2024-07-28,4,4,79.58853174844029,80.60553988709106,3.4084262721750487,77.945909932633,85.2991861188506,0.16666666666666666,True,54.0,1,中维护
A2,2024-07-29,4,4,79.5813452834645,80.60193786552587,5.132650768303004,75.5219548972344,87.7231059979401,0.16666666666666666,True,55.0,1,中维护
A2,2024-07-30,4,4,89.63076615419871,89.64681804254077,3.588367099055904,85.2721899761009,94.0535498856648,0.16666666666666666,True,56.0,1,中维护
A2,2024-07-31,4,4,83.78095594823779,82.38114379986814,4.3956283200870425,76.1835697312902,85.7790935717068,0.16666666666666666,True,57.0,1,中维护
A2,2024-08-01,4,4,80.23973406210266,80.2261084603435,1.9358152220383558,78.1657492130275,82.2592165041412,0.16666666666666666,True,58.0,1,中维护
A2,2024-08-02,4,4,80.0349351939062,78.74234464450812,3.007916127778069,74.2647830169921,80.634725173228,0.16666666666666666,True,59.0,1,中维护
A2,2024-08-03,4,4,79.42491589230914,79.51769669901273,2.400290803615885,76.7438838554263,82.4770711560063,0.16666666666666666,True,60.0,1,中维护
A2,2024-08-04,4,4,81.5706084800942,81.72489519190445,0.7090176981366669,81.1463080612935,82.6120557461359,0.16666666666666666,True,61.0,1,中维护
A2,2024-08-05,4,4,80.6518753607539,80.78109556582928,2.8286878358052485,77.759844696776,84.0607868450333,0.16666666666666666,True,62.0,1,中维护
A2,2024-08-06,4,4,77.9365986070715,79.87278561029608,5.58691146920473,75.549070642684,88.0688745843573,0.16666666666666666,True,63.0,1,中维护
A2,2024-08-07,4,4,79.6856932389348,80.91516280058667,5.765405112172432,75.3036874952893,88.9855772291878,0.16666666666666666,True,64.0,1,中维护
A2,2024-08-08,4,4,81.12065856032314,81.00147365966825,1.7326684587616554,78.822410343973,82.9421671740537,0.16666666666666666,True,65.0,1,中维护
A2,2024-08-09,4,4,78.8201675822425,79.44659323418068,1.4269224707255979,78.5774040545045,81.5686337177332,0.16666666666666666,True,66.0,1,中维护
A2,2024-08-10,4,4,82.1736733900931,81.36716220422292,2.483391430224348,77.8499023028411,83.2713997338644,0.16666666666666666,True,67.0,1,中维护
A2,2024-08-11,4,4,81.9435482066072,82.30487413872453,0.76126322258495,81.8865095065686,83.4458906351151,0.16666666666666666,True,68.0,1,中维护
A2,2024-08-12,4,4,83.5308543102462,82.4230833641766,3.6776203053347873,77.1934918219881,85.4371330142259,0.16666666666666666,True,69.0,1,中维护
A2,2024-08-13,4,4,83.41130013371256,83.57699363444745,0.9444193056397243,82.6118966817493,84.8734775886154,0.16666666666666666,True,70.0,1,中维护
A2,2024-08-14,4,4,84.26914249892184,83.49506494322912,2.057941761567647,80.4635539915569,84.9784207835159,0.16666666666666666,True,71.0,1,中维护
A2,2024-08-15,4,4,79.55838655597645,80.03477252596255,1.8100194968883627,78.4378149702462,82.5845020216511,0.16666666666666666,True,72.0,1,中维护
A2,2024-08-16,4,0,,,,,,0.0,False,0.0,2,中维护
A2,2024-08-17,4,4,99.55602939774955,99.45704566863989,0.2979590702984286,99.021093864103,99.6950300149575,0.16666666666666666,True,1.0,2,中维护
A2,2024-08-18,4,4,99.7008689028746,99.9599120311543,0.8175068508556986,99.348500695036,101.089409623832,0.16666666666666666,True,2.0,2,中维护
A2,2024-08-19,4,1,,,,,,0.041666666666666664,False,3.0,2,中维护
A2,2024-08-20,4,4,100.70576412920335,100.46617541430984,1.8364104972933015,98.3571661018407,102.096007296992,0.16666666666666666,True,4.0,2,中维护
A2,2024-08-21,4,4,100.670253429143,100.74089591618281,2.3983719041160874,98.4356193246212,103.187457481824,0.16666666666666666,True,5.0,2,中维护
A2,2024-08-22,4,4,101.38384248548999,99.91770820819455,3.794796185336637,94.3976388312582,102.50550903054,0.16666666666666666,True,6.0,2,中维护
A2,2024-08-23,4,4,99.7242605738875,98.79962339065804,4.006977127285471,93.7129605142112,102.037011900646,0.16666666666666666,True,7.0,2,中维护
A2,2024-08-24,4,4,100.06028628540595,98.9350835122968,3.3770337507697614,94.0193385178043,101.600422960571,0.16666666666666666,True,8.0,2,中维护
A2,2024-08-25,4,4,99.13816343668105,99.48161928708382,3.098598406195944,96.1926983539642,103.457451921009,0.16666666666666666,True,9.0,2,中维护
A2,2024-08-26,11,11,100.483568361117,99.89640489352946,2.9365372919712223,95.4217622499141,103.730379136582,0.4583333333333333,True,10.0,2,中维护
A2,2024-08-27,16,16,98.9985303189206,98.96129583236612,2.840546350501194,94.8325352755298,103.953632883805,0.6666666666666666,True,11.0,2,中维护
A2,2024-08-28,13,12,100.640092950216,100.59966702459222,2.6511800570996678,95.2498123121297,104.711902488129,0.5,True,12.0,2,中维护
A2,2024-08-29,24,24,98.77354033226945,99.24807500249051,3.0772757901050407,94.5865202602452,105.888756706596,1.0,True,13.0,2,中维护
A2,2024-08-30,23,23,99.7494950750744,99.43074159222832,3.199720988363103,92.5821855074937,104.119622879491,0.9583333333333334,True,14.0,2,中维护
A2,2024-08-31,22,20,98.69223454087324,98.98550612691895,2.957785188035471,93.6957591466891,104.239835286328,0.8333333333333334,True,15.0,2,中维护
A2,2024-09-01,9,9,98.5119888133344,98.44278027735128,0.5728825148553135,97.4714784405803,99.1991930827589,0.375,True,16.0,2,中维护
A2,2024-09-02,12,12,98.59762774038995,97.99950536654457,1.5366955360564816,93.8877063161422,99.3394513209916,0.5,True,17.0,2,中维护
A2,2024-09-03,24,23,98.1781967002003,98.18205640005763,1.0234305391280825,96.3141117191587,100.270485564371,0.9583333333333334,True,18.0,2,中维护
A2,2024-09-04,24,24,97.50887900677259,97.56217615928922,0.9433555282942296,95.9137802573154,99.4090787799558,1.0,True,19.0,2,中维护
A2,2024-09-05,15,15,97.3923518209517,97.2971856457537,0.9192089936376343,95.3845634367405,98.8663082242789,0.625,True,20.0,2,中维护
A2,2024-09-06,23,22,96.98783237174815,96.92614498242297,0.9030651576773221,94.6838601093766,98.2775995972468,0.9166666666666666,True,21.0,2,中维护
A2,2024-09-07,24,24,96.82961000657946,96.69425246966621,1.0166773923150467,94.7344005477016,98.6728579026086,1.0,True,22.0,2,中维护
A2,2024-09-08,24,20,96.5869917423203,96.59361401112068,1.054144343939108,94.4741423277658,99.0943794153451,0.8333333333333334,True,23.0,2,中维护
A2,2024-09-09,12,12,96.35650520055961,96.52769908270609,1.109934743285937,94.6299490086019,99.1501250080333,0.5,True,24.0,2,中维护
A2,2024-09-10,23,22,95.8779309419595,95.99534005204258,0.8896658646088349,94.8059455575873,98.3401029921683,0.9166666666666666,True,25.0,2,中维护
A2,2024-09-11,24,23,95.3200589892916,95.21186641183336,0.8204371962401378,93.4812936886646,96.6707356191915,0.9583333333333334,True,26.0,2,中维护
A2,2024-09-12,23,23,94.9327701122484,94.92538103342834,1.0087775982781744,93.4958389291243,96.9632596845683,0.9583333333333334,True,27.0,2,中维护
A2,2024-09-13,12,12,94.58289198924405,94.68500643928468,0.8256438190080959,93.0268268238147,95.9458562945777,0.5,True,28.0,2,中维护
A2,2024-09-14,24,24,94.12683256298834,94.2641853129857,0.9252351267656159,92.6285091533958,96.4633628100003,1.0,True,29.0,2,中维护
A2,2024-09-15,23,23,94.205516358403,94.27607701451089,0.8363682270908412,92.9665025482897,95.9360346032946,0.9583333333333334,True,30.0,2,中维护
A2,2024-09-16,23,23,93.3345279217754,93.46630838946022,1.2571852552976175,91.580277157165,96.6925164926369,0.9583333333333334,True,31.0,2,中维护
A2,2024-09-17,10,10,92.7389309934055,92.88910998254553,0.8082243351089596,91.6250365803259,94.4707662847414,0.4166666666666667,True,32.0,2,中维护
A2,2024-09-18,23,23,92.9292209773011,92.7961513964776,0.700283947597307,91.1062431190824,93.7253221028675,0.9583333333333334,True,33.0,2,中维护
A2,2024-09-19,24,21,92.479435064983,92.52943616404256,0.9462470414150389,90.8836673461702,94.9459710557323,0.875,True,34.0,2,中维护
A2,2024-09-20,24,24,92.38687116099035,92.25296314176792,0.8648532916806178,90.7512929259837,94.0668851988367,1.0,True,35.0,2,中维护
A2,2024-09-21,13,13,92.1475087830685,92.35371530079627,1.0338367881254333,90.5270197138651,94.1312817924055,0.5416666666666666,True,36.0,2,中维护
A2,2024-09-22,22,22,91.06764966260505,91.18582263050949,0.8376552343329015,90.0655345811492,93.2995572833689,0.9166666666666666,True,37.0,2,中维护
A2,2024-09-23,24,24,91.084244680952,91.09053294487957,0.8404571762192303,89.4399420018185,92.9073335375344,1.0,True,38.0,2,中维护
A2,2024-09-24,23,21,89.9793946969227,89.96096286175255,0.6726068513815776,88.4433800287759,91.5278210902075,0.875,True,39.0,2,中维护
A2,2024-09-25,17,17,90.1887201664557,89.9671155314473,0.9780711549521943,88.1339098010589,91.3416430264751,0.7083333333333334,True,40.0,2,中维护
A2,2024-09-26,18,18,89.2678114658769,89.10496286826483,0.7445319774817764,87.6146897147445,90.666917285098,0.75,True,41.0,2,中维护
A2,2024-09-27,24,24,88.70394266819974,88.6330451296436,0.9439560377303489,86.6730232953684,90.8015979956832,1.0,True,42.0,2,中维护
A2,2024-09-28,24,23,88.716938836179,88.58562350498958,1.0049358887598345,86.8505506283422,90.895082034474,0.9583333333333334,True,43.0,2,中维护
A2,2024-09-29,22,22,87.4774204318408,87.43097187303948,1.1361064691631262,85.847682677905,89.7561574157054,0.9166666666666666,True,44.0,2,中维护
A2,2024-09-30,16,16,86.3295183294232,86.2881725535131,0.6285824830849281,85.1586768755775,87.4553832052355,0.6666666666666666,True,45.0,2,中维护
A2,2024-10-01,7,7,84.9213664987914,85.24603347278996,0.8928036159509362,84.2707317410248,86.4811026924489,0.2916666666666667,True,46.0,2,中维护
A2,2024-10-03,7,4,85.2813903512482,85.58497704075583,0.9065930429685959,84.8851204223272,86.8920070381997,0.16666666666666666,True,48.0,2,中维护
A2,2024-10-04,11,9,85.5855723497535,85.63480713872211,1.1232610202700046,83.776530637669,88.0341371561779,0.375,True,49.0,2,中维护
A2,2024-10-05,24,22,84.80899617326006,84.96754970409042,1.0429806206897414,83.2242863382969,86.6507340607438,0.9166666666666666,True,50.0,2,中维护
A2,2024-10-06,24,22,84.54178810427766,84.45961588692946,1.2499053247534069,81.9034115770246,86.7292073742303,0.9166666666666666,True,51.0,2,中维护
A2,2024-10-07,24,24,83.83038542849715,84.05814746863156,1.041576498823967,82.2357705920194,86.3985673591963,1.0,True,52.0,2,中维护
A2,2024-10-08,13,11,82.8638721620684,83.183859626652,0.9044336374312526,82.1667264832202,84.7445044147168,0.4583333333333333,True,53.0,2,中维护
A2,2024-10-09,24,24,83.2349692371958,82.91736597092218,1.3510987234244332,79.8774603313944,86.0109377663956,1.0,True,54.0,2,中维护
A2,2024-10-10,24,22,83.0280397075276,82.89887742338598,1.048555429580106,80.7738301434841,84.5752901773207,0.9166666666666666,True,55.0,2,中维护
A2,2024-10-11,24,24,83.0019770708095,82.83961401446813,1.0538595463027147,80.6840637241405,84.7077400733558,1.0,True,56.0,2,中维护
A2,2024-10-12,12,12,82.47571316383366,82.19028904522041,1.140162204524326,79.6984165200913,83.5220873193076,0.5,True,57.0,2,中维护
A2,2024-10-13,24,24,81.81466288893,81.87230550669848,1.002386138755617,79.7449830260492,83.7102520168369,1.0,True,58.0,2,中维护
A2,2024-10-14,22,22,81.55198289471966,81.42605012867199,0.851161973882901,80.1192687664998,83.0721861218038,0.9166666666666666,True,59.0,2,中维护
A2,2024-10-15,24,23,81.2516414354164,81.11830929882261,1.061016845565981,78.9823057715467,83.0873675252325,0.9583333333333334,True,60.0,2,中维护
A2,2024-10-16,14,14,81.01426276857904,80.51913153188681,2.119849017237454,73.9186419655524,82.8669550742444,0.5833333333333334,True,61.0,2,中维护
A2,2024-10-17,22,21,79.7372401860951,80.00507425061582,0.9437731736885232,78.7228185572951,82.0370622968807,0.875,True,62.0,2,中维护
A2,2024-10-18,22,21,78.9609073826461,79.00768358295898,0.9243075599407652,77.6260717114858,81.3826448796733,0.875,True,63.0,2,中维护
A2,2024-10-19,24,24,79.08886110343809,79.04786763804877,1.115317140833849,76.8923098816117,80.9048674072903,1.0,True,64.0,2,中维护
A2,2024-10-20,18,16,78.5175840227236,78.4731116510345,1.0408058084040013,76.2793301425092,80.0036757128452,0.6666666666666666,True,65.0,2,中维护
A2,2024-10-21,18,18,78.28531722424005,78.55713049788255,1.948967403944337,76.3717068138994,85.0460089716728,0.75,True,66.0,2,中维护
A2,2024-10-22,23,21,78.16674820938,77.97665003709011,1.2816915411046774,75.4964426009069,79.6576519162992,0.875,True,67.0,2,中维护
A2,2024-10-23,14,9,77.4033302355526,77.61034362334006,1.2567768244293227,75.8547715928516,79.5139265984899,0.375,True,68.0,2,中维护
A2,2024-10-24,22,20,76.55999900604695,76.64456977201374,1.213830554022764,74.1220497120588,78.9337046959664,0.8333333333333334,True,69.0,2,中维护
A2,2024-10-25,24,16,76.25267313281086,76.30925925218571,1.1452351836223358,74.2350246466048,79.3851427207141,0.6666666666666666,True,70.0,2,中维护
A2,2024-10-26,8,8,76.63360853206109,76.22959378812625,1.4615117502876696,73.8435110353875,77.8577456469696,0.3333333333333333,True,71.0,2,中维护
A2,2024-10-27,5,5,75.263222307896,75.20151093700808,1.1124886788154784,73.5470964774748,76.6845125780275,0.20833333333333334,True,72.0,2,中维护
A2,2024-10-28,17,17,75.5875144189733,75.59822131501048,1.0005921597907277,73.8184800627023,77.380917623577,0.7083333333333334,True,73.0,2,中维护
A2,2024-10-29,16,16,75.17534664731426,74.90632720915048,1.7955639386683016,69.2853355482542,76.7898284665862,0.6666666666666666,True,74.0,2,中维护
A2,2024-10-30,24,24,74.60134139299521,74.71653825416908,1.0730956438989419,72.7532184574409,76.4298287684619,1.0,True,75.0,2,中维护
A2,2024-10-31,15,15,74.8941846935367,74.76686138042986,0.8973729616059384,73.6540722193576,76.6218365029055,0.625,True,76.0,2,中维护
A2,2024-11-01,22,17,73.8385011604706,73.71393621302792,0.8575753541548806,72.0077125254994,75.248037823138,0.7083333333333334,True,77.0,2,中维护
A2,2024-11-02,23,23,72.6606677092789,72.68673476305601,1.0307722387253297,69.991797815816,74.2628588247317,0.9583333333333334,True,78.0,2,中维护
A2,2024-11-03,24,0,,,,,,0.0,False,0.0,3,中维护
A2,2024-11-04,12,12,90.0483654315598,90.40581193996722,1.5003057801407294,89.218201065635,94.8082375661421,0.5,True,1.0,3,中维护
A2,2024-11-05,24,24,90.0742787140604,89.91753676257217,0.5347987515589699,88.3950049352009,90.6347822888957,1.0,True,2.0,3,中维护
A2,2024-11-06,23,21,90.0969554055741,90.08372281825605,0.4516889798227512,89.3641844913971,90.8582747305156,0.875,True,3.0,3,中维护
A2,2024-11-07,24,23,89.4635392426539,89.51605291296906,0.9007626166495972,88.2432781575449,91.9293274013538,0.9583333333333334,True,4.0,3,中维护
A2,2024-11-08,13,13,89.3100063138386,89.33649954255385,1.1534707246331997,87.7111231634657,91.1303061373549,0.5416666666666666,True,5.0,3,中维护
A2,2024-11-09,24,21,89.3641741300583,89.20439261282263,0.9687335793850194,87.3428165633149,91.7592416371299,0.875,True,6.0,3,中维护
A2,2024-11-10,23,19,89.0839509589273,88.99174459465253,1.2278358419029527,86.6117543803464,90.8752127681471,0.7916666666666666,True,7.0,3,中维护
A2,2024-11-11,24,24,88.02332770196065,87.79296784473014,0.9455496965416462,85.9619604211294,89.8665932596105,1.0,True,8.0,3,中维护
A2,2024-11-12,14,14,87.8019790212809,87.83697814817437,0.8818995995192838,86.3812776716132,89.3212237080724,0.5833333333333334,True,9.0,3,中维护
A2,2024-11-13,21,21,87.2227785589154,87.06243667036689,0.8448109981109186,84.9573144754521,88.3001918474336,0.875,True,10.0,3,中维护
A2,2024-11-14,24,24,86.6563874153691,86.65420540345514,0.9907338146087579,84.8950621362509,88.134776648773,1.0,True,11.0,3,中维护
A2,2024-11-15,24,24,85.86921221139636,85.7460242186463,0.9328337634841305,83.8785765634563,87.2410201190357,1.0,True,12.0,3,中维护
A2,2024-11-16,15,15,85.8842440778597,86.03304159465642,1.1808658392052565,84.6679416884233,88.8992820021788,0.625,True,13.0,3,中维护
A2,2024-11-17,21,21,85.4132460486633,85.60230880904561,0.9853238090957644,83.1488695491904,87.1821205978594,0.875,True,14.0,3,中维护
A2,2024-11-18,24,24,84.98332594444555,85.19335176175764,0.884972422638332,83.7688359722362,87.7489320770679,1.0,True,15.0,3,中维护
A2,2024-11-19,24,24,84.33475333152106,84.33716422850007,0.9932581101857141,82.1538465292881,86.6786415552545,1.0,True,16.0,3,中维护
A2,2024-11-20,19,19,83.1880962187179,83.23177536202081,0.8997861675058191,81.6470704990418,84.997467412258,0.7916666666666666,True,17.0,3,中维护
A2,2024-11-21,19,18,82.68469377323899,82.64177662187704,0.777021445676255,80.9281091876709,84.0944059134103,0.75,True,18.0,3,中维护
A2,2024-11-22,23,23,82.3880259262203,82.10158368601984,1.2998552566191128,78.7141918210236,84.2801482484369,0.9583333333333334,True,19.0,3,中维护
A2,2024-11-23,24,24,81.341908614325,81.32199649450966,0.9558664513347321,79.3959482133907,83.0950344395686,1.0,True,20.0,3,中维护
A2,2024-11-24,21,21,80.13280061878,80.56740180917771,1.133331380148163,78.4961874890362,82.8667200910445,0.875,True,21.0,3,中维护
A2,2024-11-25,8,8,79.81100714024674,80.13821669931188,1.2999565135500275,78.9360367283537,82.1142197472087,0.3333333333333333,True,22.0,3,中维护
A2,2024-11-26,23,23,79.2247571121722,79.04067423112801,0.8352920633193939,77.5097657137678,80.5291678565634,0.9583333333333334,True,23.0,3,中维护
A2,2024-11-27,23,23,78.6336424279311,78.77898755458872,0.8850150144060822,77.0714504438347,80.7075333883194,0.9583333333333334,True,24.0,3,中维护
A2,2024-11-28,24,24,77.84926793174631,77.98323012695933,1.37645635301712,74.8237615780396,81.5736318544639,1.0,True,25.0,3,中维护
A2,2024-11-29,22,21,77.2150948676928,77.4329733550129,1.0814293850179606,74.9490136767212,79.2722701435998,0.875,True,26.0,3,中维护
A2,2024-11-30,16,16,75.97640359272731,76.3123147566346,1.1280326253831405,74.6292290709017,78.2677803086777,0.6666666666666666,True,27.0,3,中维护
A2,2024-12-01,21,21,76.3500165334779,76.35653023413553,0.3682525332781926,75.346161810443,77.1194146822578,0.875,True,28.0,3,中维护
A2,2024-12-02,24,23,75.8336134422062,75.85380835012806,0.28296584895222393,75.3891666642466,76.4143297153619,0.9583333333333334,True,29.0,3,中维护
A2,2024-12-03,23,22,75.26836593421685,75.2726726643925,0.436417329313273,74.6107676947295,76.0686653711842,0.9166666666666666,True,30.0,3,中维护
A2,2024-12-04,24,23,74.9625600319152,74.9822596025579,0.32030988058061227,74.2562280434762,75.4948531528805,0.9583333333333334,True,31.0,3,中维护
A2,2024-12-05,23,22,74.48120257854865,74.47186201291896,0.24924419149896765,73.9848529055207,75.0733257687489,0.9166666666666666,True,32.0,3,中维护
A2,2024-12-06,14,14,74.15522743979369,74.08362730316446,0.2655079457958527,73.5426111557601,74.3717159111865,0.5833333333333334,True,33.0,3,中维护
A2,2024-12-07,24,24,72.94536032605694,73.01942119032927,0.294105426522951,72.566774914604,73.892202516963,1.0,True,34.0,3,中维护
A2,2024-12-08,24,24,73.31739456579879,73.27993723931093,0.35718677648097097,72.5112002464383,73.9969994257001,1.0,True,35.0,3,中维护
A2,2024-12-09,13,13,72.9882603094871,72.93284784820926,0.34970923374175755,72.155936696624,73.5780300240159,0.5416666666666666,True,36.0,3,中维护
A2,2024-12-10,24,24,72.21998883352975,72.15649059676603,0.33470176649407213,71.3951929783956,72.684684948993,1.0,True,37.0,3,中维护
A2,2024-12-11,24,21,71.6576829531207,71.67980073993071,0.2684579517940086,71.0254848025438,72.1177443460445,0.875,True,38.0,3,中维护
A2,2024-12-12,24,24,70.88205548485794,70.85325524318704,0.30757140509749864,70.1553654206537,71.3299843408063,1.0,True,39.0,3,中维护
A2,2024-12-13,9,5,70.0752900882089,70.11689186670264,0.27959218860920676,69.8586595912617,70.5583844314158,0.20833333333333334,True,40.0,3,中维护
A2,2024-12-15,8,8,69.7372221215539,69.73410980985034,0.1382248109674168,69.5199051583988,69.9105277731467,0.3333333333333333,True,42.0,3,中维护
A2,2024-12-16,24,24,69.13264783861145,69.13515918692444,0.21582473548582554,68.7242747145334,69.5384602290863,1.0,True,43.0,3,中维护
A2,2024-12-17,12,12,68.6278028668272,68.62813083947931,0.2758444181505654,68.2920278682229,69.3291126256937,0.5,True,44.0,3,中维护
A2,2024-12-18,24,23,68.324820247921,68.26034054074776,0.2619060012078708,67.7148001196679,68.7503055278796,0.9583333333333334,True,45.0,3,中维护
A2,2024-12-19,24,23,67.9920724382201,67.93316737769496,0.41017844404660336,66.9117569058324,68.6988339902778,0.9583333333333334,True,46.0,3,中维护
A2,2024-12-20,23,22,67.53533055731425,67.5506325888587,0.27824224438427375,66.9755023717265,68.113749285986,0.9166666666666666,True,47.0,3,中维护
A2,2024-12-21,23,23,67.1326845405399,67.18391576015514,0.322940713137911,66.7189606359115,67.9314033737194,0.9583333333333334,True,48.0,3,中维护
A2,2024-12-22,13,13,66.728492859916,66.65460213412987,0.29282736695288447,66.1630036864499,67.1530569334942,0.5416666666666666,True,49.0,3,中维护
A2,2024-12-23,24,24,65.92341702030465,65.92011510249101,0.20451844426182506,65.4875535043229,66.2826544295808,1.0,True,50.0,3,中维护
A2,2024-12-24,23,23,65.4297620817773,65.3508267233985,0.348290683507893,64.6501822345233,65.8931521429731,0.9583333333333334,True,51.0,3,中维护
A2,2024-12-25,24,24,64.73653387488895,64.68280875214482,0.4102707286682828,63.9342443334593,65.690333887095,1.0,True,52.0,3,中维护
A2,2024-12-26,11,11,63.9196312867796,63.96831601672552,0.3428232408528325,63.5592144243439,64.7211043747877,0.4583333333333333,True,53.0,3,中维护
A2,2024-12-27,24,20,63.94688190174445,63.94114503987927,0.270132852932159,63.3652307191483,64.4632221970301,0.8333333333333334,True,54.0,3,中维护
A2,2024-12-28,14,9,64.0257969006992,63.89879508804487,0.29592427286169676,63.2067663418714,64.1536485658577,0.375,True,55.0,3,中维护
A2,2024-12-30,4,4,63.402361134138204,63.39144504169808,0.33669941111157614,63.0472339958786,63.7138239026373,0.16666666666666666,True,57.0,3,中维护
A2,2024-12-31,24,24,63.2955472055124,63.736241958224305,2.481795280057471,62.7869220310472,75.3393945354154,1.0,True,58.0,3,中维护
A2,2025-01-01,13,0,,,,,,0.0,False,0.0,4,中维护
A2,2025-01-02,22,22,74.83520319685805,74.83775017040048,0.19213214091935274,74.4605355093712,75.1392270383247,0.9166666666666666,True,1.0,4,中维护
A2,2025-01-03,14,14,74.13905544225375,74.1130449706174,0.17191542498863532,73.8235830305135,74.3935791996835,0.5833333333333334,True,2.0,4,中维护
A2,2025-01-04,24,24,73.69767208417394,73.79751035314258,0.2816695629095963,73.2297617433822,74.3491238774742,1.0,True,3.0,4,中维护
A2,2025-01-05,24,22,72.90132228277085,73.07536233373948,0.5234222137585456,71.9759870379602,74.0571781522022,0.9166666666666666,True,4.0,4,中维护
A2,2025-01-06,24,24,72.86550578815705,72.72556161268639,0.4845715990056482,71.8583810612873,73.5475035509495,1.0,True,5.0,4,中维护
A2,2025-01-07,12,12,72.6732229403311,72.66982997934325,0.41892917473242564,72.0218796419901,73.2273441525894,0.5,True,6.0,4,中维护
A2,2025-01-08,22,21,71.9306397200209,71.95445990663234,0.5489662188850546,70.8806200416147,73.0046943166944,0.875,True,7.0,4,中维护
A2,2025-01-09,24,19,71.6501282569722,71.40804163717246,0.690201794811593,69.1941710908492,72.2836910164516,0.7916666666666666,True,8.0,4,中维护
A2,2025-01-10,24,24,70.59920387450205,70.59606716054738,0.41795172879278053,69.9223144159461,71.3845549245552,1.0,True,9.0,4,中维护
A2,2025-01-11,13,13,69.8245163973912,70.01651129398812,0.5093432418773074,69.2544852602333,70.9762973202256,0.5416666666666666,True,10.0,4,中维护
A2,2025-01-12,22,22,69.66256460655535,69.59460302385502,0.6567713663366219,68.4905000612191,70.9399192953815,0.9166666666666666,True,11.0,4,中维护
A2,2025-01-13,23,23,69.373164706252,69.25758491245143,0.604252845799585,67.7308317076805,70.2421018513203,0.9583333333333334,True,12.0,4,中维护
A2,2025-01-14,19,14,68.47805176552785,68.56373719975315,0.5490447197467754,67.6146080368883,69.6176351305824,0.5833333333333334,True,13.0,4,中维护
A2,2025-01-15,17,17,68.0652671740789,68.16248535180284,0.371145664916367,67.749648564857,68.9743894558023,0.7083333333333334,True,14.0,4,中维护
A2,2025-01-16,10,10,68.16450484956584,68.08593698993214,0.5628547964845437,67.3220275061838,69.2736770605367,0.4166666666666667,True,15.0,4,中维护
A2,2025-01-17,10,10,67.8336922612324,67.79319684402266,0.31828502457391245,67.0121488074024,68.0883521001755,0.4166666666666667,True,16.0,4,中维护
A2,2025-01-18,21,20,67.54003205873914,67.46546954697041,0.4562376251547809,66.5679333207843,68.3061382348055,0.8333333333333334,True,17.0,4,中维护
A2,2025-01-19,15,15,66.6929503442402,66.87209621219917,0.5668414671561025,66.0151929999071,68.0105096290218,0.625,True,18.0,4,中维护
A2,2025-01-20,24,23,66.4389541857238,66.27060287701441,0.5717713618142382,64.962157291403,67.1683459989777,0.9583333333333334,True,19.0,4,中维护
A2,2025-01-21,24,22,65.82321927523905,65.7496422806155,0.57978228489995,64.7424894888832,66.6573840548625,0.9166666666666666,True,20.0,4,中维护
A2,2025-01-22,24,24,64.97975028743775,65.01204453263055,0.6319802485929807,63.7437100719465,66.1905028190383,1.0,True,21.0,4,中维护
A2,2025-01-23,13,13,64.9027472239654,64.83778715599105,0.5123300842787287,63.9152792824869,65.6319350307456,0.5416666666666666,True,22.0,4,中维护
A2,2025-01-24,16,16,64.5766726025466,64.57209066523053,0.3872533348582598,63.7260482564463,65.1694410227098,0.6666666666666666,True,23.0,4,中维护
A2,2025-01-25,21,15,63.7489778702622,63.8512537523737,0.367046103234908,63.3212861569119,64.6245582949701,0.625,True,24.0,4,中维护
A2,2025-01-26,24,24,63.42212203721185,63.40731300916061,0.39765217799087826,62.5111785900603,64.5151696535074,1.0,True,25.0,4,中维护
A2,2025-01-27,12,12,62.828233080540144,62.791624281092595,0.5897329646412193,61.8466564599061,63.8375930992468,0.5,True,26.0,4,中维护
A2,2025-01-28,22,22,61.90354057370385,61.902312071051185,0.44360142816799186,60.892917480075,62.6449892733865,0.9166666666666666,True,27.0,4,中维护
A2,2025-01-29,23,23,61.3381331920108,61.37928872154501,0.4478477747615408,60.4067441620722,62.1825157264093,0.9583333333333334,True,28.0,4,中维护
A2,2025-01-30,15,15,60.9382940507671,60.951996926614676,0.37054994479156217,60.2300470823597,61.5283933947359,0.625,True,29.0,4,中维护
A2,2025-02-03,12,4,60.99450541180905,61.0302920902572,0.270960170544614,60.7427232736385,61.3894342637722,0.16666666666666666,True,33.0,4,中维护
A2,2025-02-04,24,23,60.2775439329216,60.280709464753684,0.2356242880143969,59.9143764277332,60.7010641123267,0.9583333333333334,True,34.0,4,中维护
A2,2025-02-05,24,24,59.6164468444768,59.594725764094996,0.2263573750211007,59.1122477620043,59.9237867672293,1.0,True,35.0,4,中维护
A2,2025-02-06,19,19,58.7534738457533,58.730261042356986,0.1777564942846527,58.421553059113,59.1113954222692,0.7916666666666666,True,36.0,4,中维护
A2,2025-02-07,23,23,58.5889834185907,58.527205449900755,0.24468951611598103,58.0510770964994,58.8525466699874,0.9583333333333334,True,37.0,4,中维护
A2,2025-02-08,22,22,58.0670708463861,57.97508107918315,0.5247832988062372,55.8057984549852,58.3586498294621,0.9166666666666666,True,38.0,4,中维护
A2,2025-02-09,24,21,57.4857207253394,57.489711540878425,0.20421509679606997,57.0890818989385,57.9281097324914,0.875,True,39.0,4,中维护
A2,2025-02-10,15,15,56.7332656087004,56.736755368989016,0.19765413365173576,56.4680807750512,57.1999461238925,0.625,True,40.0,4,中维护
A2,2025-02-11,4,3,56.0125640665865,56.13836455703244,0.21873108826260343,56.011596759546,56.3909328449648,0.125,True,41.0,4,中维护
A2,2025-02-12,24,24,55.9935302433865,55.98587338154047,0.17542022725190598,55.5188679617342,56.3485311462493,1.0,True,42.0,4,中维护
A2,2025-02-13,24,24,55.5409140497419,55.53433207904379,0.20864479168981956,55.1470166046903,56.0199924150126,1.0,True,43.0,4,中维护
A2,2025-02-14,19,19,55.0025295325475,54.95993544939328,0.20548579167866216,54.5573813357634,55.2656479632924,0.7916666666666666,True,44.0,4,中维护
A2,2025-02-15,19,19,54.9203360717502,54.90329884269052,0.16173194961113924,54.6028473815209,55.1749415376311,0.7916666666666666,True,45.0,4,中维护
A2,2025-02-16,24,24,54.25645196075595,54.27280670647301,0.14849467010023243,54.0375509366473,54.6173524830951,1.0,True,46.0,4,中维护
A2,2025-02-17,1,1,,,,,,0.041666666666666664,False,47.0,4,中维护
A2,2025-02-19,6,6,52.6757051924552,52.68108065985672,0.1880416006716057,52.3813114836235,52.8889620857347,0.25,True,49.0,4,中维护
A2,2025-02-20,14,0,,,,,,0.0,False,0.0,5,中维护
A2,2025-02-21,15,15,74.8634865434261,74.85755998795231,0.11045224042701078,74.6669864608137,75.0261263555934,0.625,True,1.0,5,中维护
A2,2025-02-22,18,18,74.1610472790709,74.3314344735283,5.465528763911153,59.2954250425703,91.1043967789263,0.75,True,2.0,5,中维护
A2,2025-02-23,15,15,73.6562094339982,73.6280333528189,0.10334743818770119,73.3983612389248,73.7649807738839,0.625,True,3.0,5,中维护
A2,2025-02-24,11,11,72.7396648543602,72.7618144046084,0.2469672558588503,72.3902948178753,73.1987836208269,0.4583333333333333,True,4.0,5,中维护
A2,2025-02-25,24,24,72.32401602973704,72.30851059481537,0.19085378349518697,71.8988199655146,72.6270119553401,1.0,True,5.0,5,中维护
A2,2025-02-26,23,20,72.07340878645765,72.11658679478305,0.19415871033707607,71.7976030426685,72.4351796545444,0.8333333333333334,True,6.0,5,中维护
A2,2025-02-27,21,21,71.1876447961636,71.18388420551517,0.1994391360130916,70.8470395303889,71.5244877373081,0.875,True,7.0,5,中维护
A2,2025-02-28,19,19,71.1999664869518,71.14156792351784,0.17472896574352115,70.7999104677528,71.3693270142537,0.7916666666666666,True,8.0,5,中维护
A2,2025-03-01,23,23,70.7284558183954,70.70651811452349,0.8271604902011156,68.5219037721871,72.0949886786765,0.9583333333333334,True,9.0,5,中维护
A2,2025-03-02,23,23,71.0271718689588,71.09374669781893,0.8506097890892226,69.1144559670646,72.4639010938458,0.9583333333333334,True,10.0,5,中维护
A2,2025-03-03,23,23,69.9668493396009,69.89992798228535,0.805667157153699,68.0265331729221,71.214560329708,0.9583333333333334,True,11.0,5,中维护
A2,2025-03-04,24,24,69.78792940342089,70.04665616981134,0.8224023656745378,68.6417983153486,72.0299412129978,1.0,True,12.0,5,中维护
A2,2025-03-05,23,22,69.3824497409784,69.35708142047339,0.9591871280460734,67.3440135037119,71.0659792185923,0.9166666666666666,True,13.0,5,中维护
A2,2025-03-06,12,12,69.65605750232825,69.64443466555697,0.9607001483462115,68.0726844644173,71.2893639471232,0.5,True,14.0,5,中维护
A2,2025-03-07,15,15,68.2814489742533,68.57460316410216,0.770208720049971,67.6058472367222,70.1601823112516,0.625,True,15.0,5,中维护
A2,2025-03-08,11,10,68.57222007056751,68.53685096391443,0.9379172538426003,66.4590520791466,70.0694656837471,0.4166666666666667,True,16.0,5,中维护
A2,2025-03-09,22,21,68.0200282992662,68.16937913177742,0.6680012105866778,66.9309676835195,69.3847141785437,0.875,True,17.0,5,中维护
A2,2025-03-10,23,23,68.3846477136812,68.48790793945713,1.1408205642247615,66.7989150747996,72.1575924450599,0.9583333333333334,True,18.0,5,中维护
A2,2025-03-11,20,20,67.84770765899844,67.7712616607468,0.5499371684306029,66.6777609020755,68.6615550437353,0.8333333333333334,True,19.0,5,中维护
A2,2025-03-12,20,20,67.36340307699915,67.25855592645256,0.7673055222001158,65.2265609821092,68.1581538975075,0.8333333333333334,True,20.0,5,中维护
A2,2025-03-13,21,21,67.0976133703289,67.0038382914953,0.7307991219298546,65.4765095573787,67.9684536281923,0.875,True,21.0,5,中维护
A2,2025-03-14,23,21,67.0169110955114,66.98600819281745,0.5248833689413597,65.9094398198954,67.8337464618453,0.875,True,22.0,5,中维护
A2,2025-03-15,21,21,66.7226333721635,66.72073792994699,0.6795598984865492,65.509709638844,68.0768073313611,0.875,True,23.0,5,中维护
A2,2025-03-16,24,24,66.07391342175839,66.00948242082525,0.59114759162156,64.5327481608327,66.933814604167,1.0,True,24.0,5,中维护
A2,2025-03-17,11,11,65.9591461417462,65.69698245261931,0.9697782984285995,64.0931102796166,66.7241118675723,0.4583333333333333,True,25.0,5,中维护
A2,2025-03-18,8,8,65.0304163431344,64.99530435816304,0.8620283550453967,63.6747866597579,65.921653322699,0.3333333333333333,True,26.0,5,中维护
A2,2025-03-19,24,24,64.81913584431695,64.84635387130946,0.8451659375676674,63.215900278713,66.3634825039353,1.0,True,27.0,5,中维护
A2,2025-03-20,24,24,64.6492284333033,64.6349770901454,0.5960170084226418,63.429944915579,65.6225749633819,1.0,True,28.0,5,中维护
A2,2025-03-21,23,23,64.4304612132993,64.33345976113576,0.7052148677338462,62.9009589302772,65.2176207144204,0.9583333333333334,True,29.0,5,中维护
A2,2025-03-22,23,23,64.3039134299165,64.16503255448691,0.9016298471744534,62.7227657271133,65.853202802519,0.9583333333333334,True,30.0,5,中维护
A2,2025-03-23,19,19,63.8102589758129,63.9661851159318,0.7525031716031426,63.0273879258809,65.8762872242229,0.7916666666666666,True,31.0,5,中维护
A2,2025-03-24,10,10,64.30288407811275,64.15100234042384,0.915674895345678,62.9923652051579,65.5488498853929,0.4166666666666667,True,32.0,5,中维护
A2,2025-03-25,17,17,63.7557708507821,63.45160609749907,0.7481653484600661,61.845267570542,64.3758495298742,0.7083333333333334,True,33.0,5,中维护
A2,2025-03-26,17,17,63.3133707336606,63.08390011608644,0.6194301536705272,61.8597331832255,64.1049565046117,0.7083333333333334,True,34.0,5,中维护
A2,2025-03-27,10,10,62.49838858184365,62.1875164436614,1.684909547807695,58.0366032722056,64.146323414466,0.4166666666666667,True,35.0,5,中维护
A2,2025-03-28,24,24,63.0144792861645,63.10714848339837,0.7928860344857189,61.7511232695771,64.4217316226624,1.0,True,36.0,5,中维护
A2,2025-03-29,13,13,62.4637605243662,62.7435112031325,0.7839590629829936,61.6754084382785,64.2960780982783,0.5416666666666666,True,37.0,5,中维护
A2,2025-03-30,24,23,62.6493181787648,62.70036802968002,0.7101429945321309,61.1702727412497,64.162231310494,0.9583333333333334,True,38.0,5,中维护
A2,2025-03-31,23,22,62.2512076096242,62.247959372357634,0.7810947572564847,60.8577369559167,63.6354146666952,0.9166666666666666,True,39.0,5,中维护
A2,2025-04-01,10,9,62.0228642141625,62.39930433629354,0.9449065294312192,61.2142787989173,64.0650322064145,0.375,True,40.0,5,中维护
A2,2025-04-03,4,4,61.7701751926527,61.83235531052952,0.2714121651283256,61.5792979266074,62.2097729302053,0.16666666666666666,True,42.0,5,中维护
A2,2025-04-04,22,22,61.51777606805385,61.42259197937455,0.7507089690326554,59.9787295874657,63.1505838730563,0.9166666666666666,True,43.0,5,中维护
A2,2025-04-05,13,5,61.3572095662684,61.226841478115446,0.6417801043791844,60.1824101031015,61.8471732061738,0.20833333333333334,True,44.0,5,中维护
A2,2025-04-06,15,15,60.9699974329668,60.81772912074764,0.7811774157723654,59.4769036110944,61.8886339130861,0.625,True,45.0,5,中维护
A2,2025-04-07,15,0,,,,,,0.0,False,0.0,6,中维护
A2,2025-04-08,16,16,76.38399313556846,76.40237071062012,0.5028995114856238,75.6753886067607,77.2347978474557,0.6666666666666666,True,1.0,6,中维护
A2,2025-04-09,19,19,76.2480867946907,76.29492432427428,0.387930988242422,75.7243395549746,77.1232928569441,0.7916666666666666,True,2.0,6,中维护
A2,2025-04-10,18,18,75.93515913244889,75.91036925073364,0.37377610229612673,75.2150801101251,76.6697114215986,0.75,True,3.0,6,中维护
A2,2025-04-11,12,12,75.75765546444785,75.65429768484007,0.4542359259144052,74.8048365534299,76.2343572528959,0.5,True,4.0,6,中维护
A2,2025-04-12,15,15,75.5847638127456,75.62839713009559,0.6256570056093891,74.7361613295602,76.5966624069682,0.625,True,5.0,6,中维护
A2,2025-04-13,13,12,75.6832141458717,75.54823989135393,0.6583704751224144,74.4912542247001,76.439564661149,0.5,True,6.0,6,中维护
A2,2025-04-14,20,18,75.3784344050635,75.30456451980133,0.6691928344522606,73.7340698867963,76.1788886012937,0.75,True,7.0,6,中维护
A2,2025-04-15,15,14,74.61740894057215,75.07649162583391,1.6315708485468048,73.5098716389472,79.4185027736616,0.5833333333333334,True,8.0,6,中维护
A2,2025-04-16,15,15,74.5610340593578,74.75037881968518,0.5760839761612032,74.0182934980722,75.8708052359254,0.625,True,9.0,6,中维护
A2,2025-04-17,17,17,74.5278135881714,74.44977776971845,0.6367974729021315,73.3398666978309,75.3349953056641,0.7083333333333334,True,10.0,6,中维护
A2,2025-04-19,8,8,74.2130777453991,74.24289074247953,0.40180873968733866,73.6762870544109,74.9077562642509,0.3333333333333333,True,12.0,6,中维护
A2,2025-04-20,16,12,73.96388670913899,74.0161403404982,0.8379108143089091,72.8361894079044,75.4862649261826,0.5,True,13.0,6,中维护
A2,2025-04-21,16,16,73.606681357618,73.636028658991,0.5779632177505357,72.3951643136117,74.7586019826692,0.6666666666666666,True,14.0,6,中维护
A2,2025-04-22,17,17,73.6673527437994,73.71219415093263,0.7850542978024087,72.6084490369964,75.6853978114707,0.7083333333333334,True,15.0,6,中维护
A2,2025-04-23,14,14,73.58595498858145,73.60001013909506,0.7971613726818814,72.3466507813795,75.5608885291452,0.5833333333333334,True,16.0,6,中维护
A2,2025-04-24,18,14,73.509960105201,73.55467317137712,0.872365080566739,72.2774056746553,75.0252920641992,0.5833333333333334,True,17.0,6,中维护
A2,2025-04-25,19,16,73.1785819420605,73.1660869147963,0.766139112524851,71.6216903564235,74.6529103089114,0.6666666666666666,True,18.0,6,中维护
A2,2025-04-26,14,13,73.3174596297561,73.3151967389763,0.7998411683658178,72.2461217289418,75.3041132494905,0.5416666666666666,True,19.0,6,中维护
A2,2025-04-27,13,13,73.131230440911,73.13051337599246,0.6723240153750523,71.7294826667975,74.1083312432981,0.5416666666666666,True,20.0,6,中维护
A2,2025-04-28,9,9,72.2645630814348,72.61055865517204,0.6475734816713591,71.9070811479149,73.6034256521525,0.375,True,21.0,6,中维护
A2,2025-04-29,20,19,72.3522030211043,72.55504726199037,0.7096612784168175,71.2369647911725,74.0845712443873,0.7916666666666666,True,22.0,6,中维护
A2,2025-04-30,17,17,72.2369531185468,72.4482607066185,0.731531141283215,71.3506368717512,73.7995609924316,0.7083333333333334,True,23.0,6,中维护
A2,2025-05-01,11,11,73.2555917895791,73.07508116843827,0.9598265514798398,71.7349112934592,74.7642860151137,0.4583333333333333,True,24.0,6,中维护
A2,2025-05-02,20,18,72.47677425083785,72.28231035819643,1.09262508259275,69.9692111660437,74.3006140628729,0.75,True,25.0,6,中维护
A2,2025-05-03,22,22,72.39561282516735,71.96144245060687,1.2486967489435707,69.8839215176802,73.6312156148439,0.9166666666666666,True,26.0,6,中维护
A2,2025-05-04,10,10,71.1861643555736,71.24587313097693,0.8274940880750784,69.8563091316138,72.6396421174025,0.4166666666666667,True,27.0,6,中维护
A2,2025-05-05,23,23,71.6988300700983,71.7816152461894,0.8354251601782686,70.3939409963205,73.3439190768599,0.9583333333333334,True,28.0,6,中维护
A2,2025-05-06,19,19,71.6584490394465,71.69736340845732,0.961229237563934,69.4108462306939,73.3872089978977,0.7916666666666666,True,29.0,6,中维护
A2,2025-05-07,19,19,71.728056127529,71.18168154902396,1.7945153984154745,66.9121007265133,73.809322765626,0.7916666666666666,True,30.0,6,中维护
A2,2025-05-08,12,9,70.8283457936284,70.93141233113248,0.8584898864990348,69.3271824359221,72.3950156042206,0.375,True,31.0,6,中维护
A2,2025-05-09,23,23,70.6233346924864,70.55732835725324,1.066271234239733,68.2186223285115,72.2673356327463,0.9583333333333334,True,32.0,6,中维护
A2,2025-05-10,18,17,70.9768456235693,70.96333615694824,1.0454475398154996,69.0568253622706,72.5829540567294,0.7083333333333334,True,33.0,6,中维护
A2,2025-05-11,18,18,70.7153181207929,70.67632064006513,1.4645645315436033,67.4224606727293,73.754456053433,0.75,True,34.0,6,中维护
A2,2025-05-12,22,22,71.0826228909673,70.69093890525305,1.176009941009014,68.4031063252221,72.3715917167317,0.9166666666666666,True,35.0,6,中维护
A2,2025-05-13,21,21,69.7248451383077,69.87186116375825,1.295761991086939,67.3905355030375,72.3659380734596,0.875,True,36.0,6,中维护
A2,2025-05-14,12,12,69.34724180448049,69.58290294540366,0.9339923088891531,68.3800528488046,71.7570909191207,0.5,True,37.0,6,中维护
A2,2025-05-15,21,20,69.18817512364305,69.17382769462664,0.8271051712186647,67.6028324704933,71.1017989018267,0.8333333333333334,True,38.0,6,中维护
A2,2025-05-16,22,22,69.51452598264359,69.32438836525621,1.0596931452985636,66.5720667047349,70.9419455539398,0.9166666666666666,True,39.0,6,中维护
A2,2025-05-17,23,19,69.0078099718247,68.83291985954163,1.2847278746094077,66.7744747989061,71.8709162958168,0.7916666666666666,True,40.0,6,中维护
A2,2025-05-18,15,15,68.6959872341686,68.20334601767539,2.0252780936295545,61.5873973898534,69.9735581930269,0.625,True,41.0,6,中维护
A2,2025-05-19,12,12,68.2533212131428,68.49846721177646,1.2975676124692095,66.2488050926669,70.3058796908073,0.5,True,42.0,6,中维护
A2,2025-05-20,22,21,67.4704623887691,67.61418961070781,1.2936634466304247,65.7791417901696,70.1411282915592,0.875,True,43.0,6,中维护
A2,2025-05-21,22,22,67.29719217658209,67.29050988226855,1.0588163126299088,64.5940019894239,69.0772162852815,0.9166666666666666,True,44.0,6,中维护
A2,2025-05-22,18,18,66.5983492316079,66.70254376096746,1.2408224162046695,64.4586109856616,69.3910088287085,0.75,True,45.0,6,中维护
A2,2025-05-23,11,11,66.7146757062292,66.58050345206068,1.378040259278282,63.2870250274229,68.7975173597891,0.4583333333333333,True,46.0,6,中维护
A2,2025-05-24,18,15,66.1979016183978,66.25049219805572,1.4879729847097716,63.7552087909625,68.7844922844445,0.625,True,47.0,6,中维护
A2,2025-05-25,19,17,66.4695326902398,65.96372631523093,1.2011092011580518,63.5505786146645,67.7424095418105,0.7083333333333334,True,48.0,6,中维护
A2,2025-05-26,19,19,65.3934571754665,65.53149616888578,1.0598171889374175,64.2931778532309,67.6927659623451,0.7916666666666666,True,49.0,6,中维护
A2,2025-05-27,18,16,65.26945516485591,65.27076525652701,1.2432630008449643,63.1209521438662,68.0028883668967,0.6666666666666666,True,50.0,6,中维护
A2,2025-05-28,20,0,,,,,,0.0,False,0.0,7,中维护
A2,2025-05-29,22,22,81.91460863572514,81.94214623033885,0.5013002376282688,80.9372619780498,82.9775115800053,0.9166666666666666,True,1.0,7,中维护
A2,2025-05-30,18,18,81.17307995219281,80.96074851879308,3.6167874798405992,67.7077217147174,87.2639259211564,0.75,True,2.0,7,中维护
A2,2025-05-31,10,10,81.4699004945079,81.31186332890539,0.4341366630031741,80.5904867791855,81.9022444564425,0.4166666666666667,True,3.0,7,中维护
A2,2025-06-01,16,16,81.0414810758938,81.18000572349584,1.3760367698142235,78.8277254057017,83.5128391557631,0.6666666666666666,True,4.0,7,中维护
A2,2025-06-02,19,19,80.0399758682819,80.35622914276775,2.2705912394638386,76.7976686488859,84.6741372538886,0.7916666666666666,True,5.0,7,中维护
A2,2025-06-03,19,17,81.0424501114426,80.89783467266317,1.9970987883323765,77.9173643467348,84.4083892058844,0.7083333333333334,True,6.0,7,中维护
A2,2025-06-04,9,9,80.9556862799151,80.59887804542944,2.06458653591177,76.1687684799775,83.5158334941029,0.375,True,7.0,7,中维护
A2,2025-06-05,18,18,80.29034715892435,80.62693436184946,2.161100149513281,76.0778226498929,84.1805648738556,0.75,True,8.0,7,中维护
A2,2025-06-06,22,22,81.1901569107996,81.22230904005319,1.6887957107204483,78.0783268853872,84.4175358061471,0.9166666666666666,True,9.0,7,中维护
A2,2025-06-07,18,16,79.8595365971547,80.56151121993213,3.1129255468195565,75.8593708155167,86.751365058354,0.6666666666666666,True,10.0,7,中维护
A2,2025-06-08,20,15,80.6273159667837,79.3491728030694,4.595431990443263,64.9845441058731,83.7186465011149,0.625,True,11.0,7,中维护
A2,2025-06-09,23,18,80.01118972126,78.67808265611966,3.964433469120483,68.4119505087428,85.0731389701098,0.75,True,12.0,7,中维护
A2,2025-06-10,12,12,80.03537083916925,80.79824550251735,3.6945968629263173,76.4749228071874,90.3203841796159,0.5,True,13.0,7,中维护
A2,2025-06-11,18,18,80.29039677320465,80.21445988201747,2.056342400460004,75.6629986761689,82.922992333149,0.75,True,14.0,7,中维护
A2,2025-06-12,21,21,79.5981617141865,79.75305673981873,2.557899493782869,74.1274427544484,84.274117901666,0.875,True,15.0,7,中维护
A2,2025-06-13,15,15,81.1306702497604,80.63677039425538,2.4791660535698035,75.4173213935731,84.4584391627256,0.625,True,16.0,7,中维护
A2,2025-06-14,14,14,80.156607669748,79.6291908206938,2.366212260708034,73.9973799813627,82.3525328565307,0.5833333333333334,True,17.0,7,中维护
A2,2025-06-15,22,21,79.3512647940734,78.67882673024413,2.454096448767404,73.8477433828993,83.1714757340313,0.875,True,18.0,7,中维护
A2,2025-06-16,19,19,80.8647410273221,80.16442690895538,2.185615348810692,73.7324700428271,82.4333011498254,0.7916666666666666,True,19.0,7,中维护
A2,2025-06-17,17,17,78.2656700004992,79.23040837484689,2.270142513647791,75.9352492096939,83.12707503375,0.7083333333333334,True,20.0,7,中维护
A2,2025-06-18,21,21,78.544975963398,78.83739622746232,2.4509424985578527,73.7311819164542,84.3793969561316,0.875,True,21.0,7,中维护
A2,2025-06-19,14,14,78.1428636293053,77.97372331364178,2.051659050617851,74.3310513414899,81.1427706755433,0.5833333333333334,True,22.0,7,中维护
A2,2025-06-20,19,14,77.75096920090121,78.8472554361709,2.8335562015751243,74.914240206422,84.6969018345493,0.5833333333333334,True,23.0,7,中维护
A2,2025-06-21,16,16,77.3635243627722,77.46224711981661,2.146845385396025,74.3017489782267,81.7254539509626,0.6666666666666666,True,24.0,7,中维护
A2,2025-06-22,7,7,76.3169996523419,76.33216908833666,2.466425449586512,72.2060111706354,80.2610539199573,0.2916666666666667,True,25.0,7,中维护
A2,2025-06-23,20,18,78.28792015059135,78.35447939876465,2.015850898796512,74.8535601953858,82.0129033225724,0.75,True,26.0,7,中维护
A2,2025-06-24,10,10,77.04046242675196,77.82979303209818,1.9369065516351973,75.736149783911,80.9306757508374,0.4166666666666667,True,27.0,7,中维护
A2,2025-06-25,16,15,77.616912243494,76.92242305638754,2.2056830933445757,72.8886414804722,80.1821040690183,0.625,True,28.0,7,中维护
A2,2025-06-26,20,20,77.52872455999301,77.96686267635843,2.338243495676177,73.9618635923989,82.6498993633595,0.8333333333333334,True,29.0,7,中维护
A2,2025-06-27,14,14,77.53303621167686,77.46534030828637,1.8332934552871312,74.4062696592855,80.3703064599363,0.5833333333333334,True,30.0,7,中维护
A2,2025-06-28,18,18,78.1003589492406,77.19026584627562,2.6898092159052682,71.8632557011968,81.3438498677589,0.75,True,31.0,7,中维护
A2,2025-06-29,18,18,78.46074994345075,78.01220135040823,2.121752037225091,73.2438572833965,81.4002907174044,0.75,True,32.0,7,中维护
A2,2025-06-30,9,9,77.4926624072153,77.08260727176992,2.6388281594144933,72.456271351506,80.9671313131041,0.375,True,33.0,7,中维护
A2,2025-07-01,20,17,77.0042078927639,76.90351272935052,2.523717517251332,72.1027593569136,81.3306287984819,0.7083333333333334,True,34.0,7,中维护
A2,2025-07-02,15,15,79.0079841115977,78.38769745000893,2.144387753479324,75.2005820325153,82.2285302141924,0.625,True,35.0,7,中维护
A2,2025-07-03,11,11,76.670603171458,76.31029345016832,2.9740135077605996,71.5586458701063,81.9833317318521,0.4583333333333333,True,36.0,7,中维护
A2,2025-07-04,20,20,76.4994139107976,76.44239429438512,4.018401048519919,69.5433828445291,84.5868293850475,0.8333333333333334,True,37.0,7,中维护
A2,2025-07-05,21,21,76.4374814387658,76.0343467337793,2.688824133433064,71.7369010039172,80.7210142890882,0.875,True,38.0,7,中维护
A2,2025-07-06,12,12,74.7318618093371,75.63368970912381,3.116493082554695,71.4870511716105,81.5589817322183,0.5,True,39.0,7,中维护
A2,2025-07-07,23,23,77.1587496810355,76.79892744648524,4.291039279911545,69.3161952139047,85.904707655636,0.9583333333333334,True,40.0,7,中维护
A2,2025-07-08,18,18,76.60558407626496,76.71850021253881,3.8239650725108647,72.5552245093211,85.8876855340152,0.75,True,41.0,7,中维护
A2,2025-07-09,20,20,75.7804738629296,76.29563126554685,3.891925406546342,66.8835614120333,81.9184123072065,0.8333333333333334,True,42.0,7,中维护
A2,2025-07-10,13,13,77.3538627027468,76.38987971444135,3.224163301392712,67.5457663101548,80.8398363976225,0.5416666666666666,True,43.0,7,中维护
A2,2025-07-11,21,21,75.2984355840411,74.72863987847148,3.739421261575836,68.4744880920052,82.843329565378,0.875,True,44.0,7,中维护
A2,2025-07-12,20,20,74.55680041773809,74.99917956051202,4.920105188532887,65.3265333212908,87.5897938714447,0.8333333333333334,True,45.0,7,中维护
A2,2025-07-13,22,22,76.07431821428764,75.79385921172936,4.7273840078987295,65.0355176614856,87.3486361341779,0.9166666666666666,True,46.0,7,中维护
A2,2025-07-14,20,20,76.0952830971073,75.6417127151185,4.428433711099312,66.8971307925887,82.3924770218305,0.8333333333333334,True,47.0,7,中维护
A2,2025-07-15,3,3,77.06768774112,78.5005798211028,3.0260125654097556,76.4571586067938,81.9768931153946,0.125,True,48.0,7,中维护
A2,2025-07-16,3,3,78.1262549461709,77.2279915525695,2.116686951047007,74.8103056133057,78.7474140982319,0.125,True,49.0,7,中维护
A2,2025-07-17,19,17,75.1204125407054,75.07928316968139,3.825036373613138,68.6733514109984,84.3257603145561,0.7083333333333334,True,50.0,7,中维护
A2,2025-07-18,20,20,73.24655038932355,72.96470839211034,4.311597388282885,61.7353288527604,78.8816549357667,0.8333333333333334,True,51.0,7,中维护
A2,2025-07-19,15,15,73.6012364148882,73.16762699519593,3.0268292749147543,69.079116567414,80.0360722205537,0.625,True,52.0,7,中维护
A2,2025-07-20,12,11,73.8905841475894,71.94087520088505,8.279538732990583,56.0127276487303,82.2985525880489,0.4583333333333333,True,53.0,7,中维护
A2,2025-07-21,19,0,,,,,,0.0,False,0.0,8,中维护
A2,2025-07-22,19,19,93.2768750194507,92.80079362812096,2.118109421938629,89.2643602489111,96.4273157511681,0.7916666666666666,True,1.0,8,中维护
A2,2025-07-23,17,13,92.2640759104718,92.427403156175,1.9295283912851446,89.7756236325765,97.0129401715581,0.5416666666666666,True,2.0,8,中维护
A2,2025-07-24,9,9,93.1811158243012,92.773621099338,2.152295855695177,88.9167025564969,96.2242848020591,0.375,True,3.0,8,中维护
A2,2025-07-25,21,21,91.9126846996071,91.71120618937631,3.1610309645099917,84.5581428136859,96.9470657523982,0.875,True,4.0,8,中维护
A2,2025-07-26,24,24,92.46108595072675,92.45573474818495,4.56350917817027,80.9568004464906,103.454985285622,1.0,True,5.0,8,中维护
A2,2025-07-27,19,19,92.229590000923,91.83478791745425,4.579168019712776,84.5717262111656,98.4529401840577,0.7916666666666666,True,6.0,8,中维护
A2,2025-07-28,24,24,91.0031635123236,91.68675376088477,3.2948503331531627,84.4999184579101,101.087736732389,1.0,True,7.0,8,中维护
A2,2025-07-29,12,12,90.41839590123149,89.39049237668546,6.863256281191411,71.4886602800881,97.5035082189283,0.5,True,8.0,8,中维护
A2,2025-07-30,24,24,91.8274890138184,91.87029646652498,5.030777850352174,84.6414176818191,107.868319300155,1.0,True,9.0,8,中维护
A2,2025-07-31,8,8,87.94762878370145,87.2940304859676,8.197148709098187,71.8949797210454,97.8147233883201,0.3333333333333333,True,10.0,8,中维护
A2,2025-08-01,17,17,89.0690423945625,89.51564811779537,3.5567293138248006,83.294131120221,96.965058511864,0.7083333333333334,True,11.0,8,中维护
A2,2025-08-02,20,20,91.0330856068176,91.1047005297499,3.0430426385255904,86.6412442695145,99.3959202989025,0.8333333333333334,True,12.0,8,中维护
A2,2025-08-03,21,21,90.163126883811,90.53326315089392,3.1161104121185708,84.0918327043957,96.3524378994843,0.875,True,13.0,8,中维护
A2,2025-08-04,11,11,91.2950019226704,91.21741570463422,3.2476980967474094,86.1204470403486,95.7368350080618,0.4583333333333333,True,14.0,8,中维护
A2,2025-08-05,11,11,90.3054318006228,90.4501764211197,1.3827076497730548,88.7263221680278,92.4545347340201,0.4583333333333333,True,15.0,8,中维护
A2,2025-08-06,15,15,92.0393324475017,91.96281546720635,2.66619392920341,86.2672367270068,95.723702785881,0.625,True,16.0,8,中维护
A2,2025-08-07,20,20,91.6776417661075,91.40349241458209,3.454421086336919,86.0998770903428,98.9770574885891,0.8333333333333334,True,17.0,8,中维护
A2,2025-08-08,16,16,89.6100563792757,90.82750361393445,3.7310239920675423,85.4320924709056,97.4501947207898,0.6666666666666666,True,18.0,8,中维护
A2,2025-08-09,14,14,92.03212959629181,91.49487651623349,2.998832708189888,86.9319289876418,97.1486069872517,0.5833333333333334,True,19.0,8,中维护
A2,2025-08-10,22,22,91.7630646444523,91.23230964717057,2.23660825383422,87.4663962457842,95.1376641629926,0.9166666666666666,True,20.0,8,中维护
A2,2025-08-11,24,23,89.6474660692407,89.02538005445567,3.8162092521603803,77.2369541424351,94.1060058670932,0.9583333333333334,True,21.0,8,中维护
A2,2025-08-12,11,11,90.6533684460661,90.18634389342972,2.495883176491707,85.092974129463,93.6956215563311,0.4583333333333333,True,22.0,8,中维护
A2,2025-08-13,23,23,90.3153618462757,90.26125098211995,2.9921653231001146,86.0994998813631,96.9323247571884,0.9583333333333334,True,23.0,8,中维护
A2,2025-08-14,18,18,89.53176591409604,89.5003331642346,2.5079972409528586,84.3153441740104,93.418846739033,0.75,True,24.0,8,中维护
A2,2025-08-15,18,18,90.5418870727369,89.6908057524981,3.0812673114890536,83.3701901842552,94.7326180307508,0.75,True,25.0,8,中维护
A2,2025-08-16,14,14,91.7024736755811,91.34984055784521,1.433274917802324,88.5143621200289,93.3019071955755,0.5833333333333334,True,26.0,8,中维护
A2,2025-08-17,18,17,89.2773742746821,89.50673573944086,1.9441884456835636,86.4691371035781,93.5109621226016,0.7083333333333334,True,27.0,8,中维护
A2,2025-08-18,21,21,89.9585134720131,89.90131236153952,2.917277114344091,85.9914143736176,97.9243071231387,0.875,True,28.0,8,中维护
A2,2025-08-19,22,22,88.6779747429719,89.11680007811118,3.0534649762603134,82.9976498743106,95.3227660960658,0.9166666666666666,True,29.0,8,中维护
A2,2025-08-20,12,8,89.8106873024488,90.17670343363878,3.5524088274569245,85.6703741422828,95.831298231029,0.3333333333333333,True,30.0,8,中维护
A2,2025-08-21,23,23,90.6551518215071,89.64135145316995,3.2161626007192337,82.9675261059249,95.5751310890728,0.9583333333333334,True,31.0,8,中维护
A2,2025-08-22,23,23,90.3936805354532,90.81888258024678,2.701967687405364,86.1443759939782,95.4936862503575,0.9583333333333334,True,32.0,8,中维护
A2,2025-08-23,20,20,89.21873274219374,89.62724751855984,2.3950441656158112,86.0759900587617,96.4694291597169,0.8333333333333334,True,33.0,8,中维护
A2,2025-08-24,12,12,90.3305727923007,90.56452531045011,3.047733448996498,86.39952890321,94.8477423456687,0.5,True,34.0,8,中维护
A2,2025-08-25,19,19,91.1282035721151,90.97087676453513,2.5593046087759213,86.6090610457995,95.0413463199908,0.7916666666666666,True,35.0,8,中维护
A2,2025-08-26,8,8,88.90069925164309,88.91327926577742,3.002784946971592,83.4482896728997,93.8122592035413,0.3333333333333333,True,36.0,8,中维护
A2,2025-08-27,24,24,90.07332681946636,90.85599371531073,3.1633626573624802,86.6461767802369,96.4607636133299,1.0,True,37.0,8,中维护
A2,2025-08-28,24,24,88.93307682733295,88.96595421146463,2.7421428737400797,84.298747025332,93.6170014426947,1.0,True,38.0,8,中维护
A2,2025-08-29,22,18,89.30281097040904,89.54784892288015,2.9367247331880755,83.6765029461459,93.8961696647144,0.75,True,39.0,8,中维护
A2,2025-08-30,9,9,88.9851125347703,89.3632781512346,3.200592611262343,84.2386369915121,94.2384740855859,0.375,True,40.0,8,中维护
A2,2025-08-31,17,17,88.6427327127821,89.33331644803569,2.0353650255637237,87.1274214601334,93.4750333084408,0.7083333333333334,True,41.0,8,中维护
A2,2025-09-01,11,11,88.7759859842682,88.49011296256326,1.7560863822282218,83.5456623184889,90.0675740985469,0.4583333333333333,True,42.0,8,中维护
A2,2025-09-02,15,13,88.7521123405958,88.9273355250384,1.109766335122111,87.0182979889391,90.4578991880525,0.5416666666666666,True,43.0,8,中维护
A2,2025-09-03,20,18,88.7016782844097,88.80148132149594,0.7792594285179629,87.7073449370311,89.9478178937268,0.75,True,44.0,8,中维护
A2,2025-09-04,20,20,88.2912702315594,88.44507244716186,0.9935686701739974,86.9996268172,90.2139582968861,0.8333333333333334,True,45.0,8,中维护
A2,2025-09-05,19,19,87.3989996338424,87.45052117296369,0.9574088051787256,85.5599639469695,89.0905833341241,0.7916666666666666,True,46.0,8,中维护
A2,2025-09-06,23,23,86.8802416540171,86.7294594489291,1.099814221887775,84.7670317646791,89.5253137307414,0.9583333333333334,True,47.0,8,中维护
A2,2025-09-07,19,19,86.0692349069907,86.01557662553515,0.8254980090196327,84.7998856588536,87.505263944293,0.7916666666666666,True,48.0,8,中维护
A2,2025-09-08,20,19,85.6945962050727,85.74074527352866,0.9942829832639958,84.3078253320713,87.6869903520325,0.7916666666666666,True,49.0,8,中维护
A2,2025-09-09,23,22,84.89018695638279,84.98737539312587,0.7749156953489215,83.5774012516181,86.9219368731134,0.9166666666666666,True,50.0,8,中维护
A2,2025-09-10,24,23,84.2217561254338,84.26899981612681,0.7745105203197252,82.8510811569681,85.6084585523642,0.9583333333333334,True,51.0,8,中维护
A2,2025-09-11,23,23,84.0091972831684,84.01934095446396,0.7446877073457823,82.2919592224194,85.1411251370684,0.9583333333333334,True,52.0,8,中维护
A2,2025-09-12,11,11,82.9665327180436,83.21984950680202,1.020647021841817,81.8494694265991,85.3651675637354,0.4583333333333333,True,53.0,8,中维护
A2,2025-09-13,20,17,82.4297274185106,82.32592955394261,0.903816632471344,80.4898815237166,84.2101559002344,0.7083333333333334,True,54.0,8,中维护
A2,2025-09-14,23,23,81.8610003901729,81.71282316919884,0.825878233387572,80.3274783622048,82.8581878806269,0.9583333333333334,True,55.0,8,中维护
A2,2025-09-15,22,20,80.81069723291485,80.7250235780159,0.8827669254797541,79.2282820550517,82.3691923263578,0.8333333333333334,True,56.0,8,中维护
A2,2025-09-16,11,11,80.0077697566173,79.89548722998789,0.6931013709037007,78.5601284468471,80.8924857564976,0.4583333333333333,True,57.0,8,中维护
A2,2025-09-17,22,22,79.31474386949981,79.52757815304984,1.0550046787235492,77.8093157358369,81.4438779071762,0.9166666666666666,True,58.0,8,中维护
A2,2025-09-18,20,20,78.97850567602156,79.01285062927704,0.7721345027158829,77.5442975415182,80.6661781274819,0.8333333333333334,True,59.0,8,中维护
A2,2025-09-19,20,20,78.58290695419106,78.47617443451267,0.8328491311058301,77.1255708639904,79.7491800998854,0.8333333333333334,True,60.0,8,中维护
A2,2025-09-20,7,6,77.8232076211765,78.0411033769871,0.5334253214270801,77.599757405363,79.0052919774183,0.25,True,61.0,8,中维护
A2,2025-09-21,21,18,76.9209563925077,77.17126241114062,1.1109890751357014,74.788858093198,79.1752772378359,0.75,True,62.0,8,中维护
A2,2025-09-22,21,21,76.4886963255708,76.59503052229418,0.8284841035579492,74.8043839602734,78.0828205149641,0.875,True,63.0,8,中维护
A2,2025-09-23,22,21,76.4548410996633,76.31437525961606,0.806059562330045,74.5304749036786,77.6620724871389,0.875,True,64.0,8,中维护
A2,2025-09-24,22,22,75.39223001695194,75.49980234048154,0.9939709130943966,73.6187912714833,77.8121251367219,0.9166666666666666,True,65.0,8,中维护
A2,2025-09-25,21,21,74.9589271251063,75.03168321442641,1.0328846326632335,72.4301901583382,76.9864553457816,0.875,True,66.0,8,中维护
A2,2025-09-26,11,8,74.53325810058544,74.27809735212337,0.9691808797732766,72.7940159837795,75.4358008732715,0.3333333333333333,True,67.0,8,中维护
A2,2025-09-27,20,20,73.96479961116634,73.64080298652682,1.4628375332250287,68.0148119579913,74.9991387416711,0.8333333333333334,True,68.0,8,中维护
A2,2025-09-28,23,23,73.6407644706924,73.39054363980021,0.8084439247114497,71.5731455978255,74.6342983408517,0.9583333333333334,True,69.0,8,中维护
A2,2025-09-29,23,23,72.5069629629543,72.32226707227174,0.8056342973527499,70.2967759688537,73.7292176515483,0.9583333333333334,True,70.0,8,中维护
A2,2025-09-30,13,13,71.9981652649232,72.4158579347518,1.8304716829153436,70.6977088334567,77.566529966134,0.5416666666666666,True,71.0,8,中维护
A2,2025-10-03,17,17,71.4046891107467,71.26669867952411,1.3082408330705768,69.566192428165,73.213998285029,0.7083333333333334,True,74.0,8,中维护
A2,2025-10-04,8,8,71.0447474098456,71.06331668363852,0.8403717687581729,69.6271396991261,72.2175032433643,0.3333333333333333,True,75.0,8,中维护
A2,2025-10-05,16,16,69.59596842701025,69.71933929608842,0.8812517495470701,68.2230269857999,71.4114050571478,0.6666666666666666,True,76.0,8,中维护
A2,2025-10-06,23,0,,,,,,0.0,False,0.0,9,大维护
A2,2025-10-07,23,23,85.6687334850678,85.60987998680682,0.49172466550319355,84.62073084705,86.4603506216803,0.9583333333333334,True,1.0,9,大维护
A2,2025-10-08,14,14,84.58321881345515,86.29324401824772,5.919969695489892,84.1330746894128,106.814144127078,0.5833333333333334,True,2.0,9,大维护
A2,2025-10-09,16,16,83.906044030373,84.000262873613,0.5060954337622509,82.9679204069461,84.8577408837234,0.6666666666666666,True,3.0,9,大维护
A2,2025-10-10,24,24,82.49868047255445,82.680409661047,1.1303528047161204,80.6714287479349,85.0228792277063,1.0,True,4.0,9,大维护
A2,2025-10-11,24,24,82.80619104512586,82.65095634663152,1.0232663424988,80.6800655607948,84.51684144732,1.0,True,5.0,9,大维护
A2,2025-10-12,23,23,82.566017397215,82.60331200248653,0.8286647994691283,81.0360435275021,84.8428043106693,0.9583333333333334,True,6.0,9,大维护
A2,2025-10-13,13,13,81.8657028092163,81.94753177158464,1.287879006190313,79.7566515560309,84.0484105921005,0.5416666666666666,True,7.0,9,大维护
A2,2025-10-14,24,23,81.7724187445704,81.59866433722874,1.1690070928876195,78.6951786134797,83.6895183277679,0.9583333333333334,True,8.0,9,大维护
A2,2025-10-15,12,12,79.9996455132285,80.27208555291683,0.808676247604982,79.2654860478453,81.9557181047818,0.5,True,9.0,9,大维护
A2,2025-10-16,24,24,80.5662210842888,80.67011686697249,1.026054151314943,78.684054452013,82.7553539520287,1.0,True,10.0,9,大维护
A2,2025-10-17,24,23,79.9417501330464,79.93612426389936,0.8228395571837557,77.9746066432667,81.5057810190265,0.9583333333333334,True,11.0,9,大维护
A2,2025-10-18,12,12,79.01746640504685,79.31636125483084,1.011493214826129,77.9073426841156,81.2063525685888,0.5,True,12.0,9,大维护
A2,2025-10-19,21,21,79.2610620189678,78.89480453785889,0.9241844293924857,76.9173033456102,80.095258293416,0.875,True,13.0,9,大维护
A2,2025-10-20,22,22,78.55452495899905,78.38224765082131,1.42654779737454,73.3441046790165,80.0776783957514,0.9166666666666666,True,14.0,9,大维护
A2,2025-10-21,21,21,78.2956066645822,78.24780956291765,1.139129954727441,76.2531096896857,80.892050403304,0.875,True,15.0,9,大维护
A2,2025-10-22,10,10,79.037143397849,78.78888974231737,1.2536604173037114,76.6890878686924,80.3901268686149,0.4166666666666667,True,16.0,9,大维护
A2,2025-10-23,20,20,77.79316445757895,77.90172722788517,0.7194555186075721,76.7189153649562,79.3375776512117,0.8333333333333334,True,17.0,9,大维护
A2,2025-10-24,21,21,77.5800123488797,77.70194000287587,1.0053839950655208,76.2693275542262,80.1691332038329,0.875,True,18.0,9,大维护
A2,2025-10-25,19,19,76.3957504937959,76.49843060978385,0.8981706118646723,75.0657820757021,78.2751973595652,0.7916666666666666,True,19.0,9,大维护
A2,2025-10-26,12,12,75.431505397776,75.63163715187495,1.044427597523542,73.8190065190252,77.2799328703579,0.5,True,20.0,9,大维护
A2,2025-10-27,19,18,74.9077879545232,74.74183442179454,0.9330700442933868,72.8473193360082,76.0986342951598,0.75,True,21.0,9,大维护
A2,2025-10-28,21,18,74.58033056677915,74.68062961092762,0.97158068807791,73.3414068738864,77.1960957065011,0.75,True,22.0,9,大维护
A2,2025-10-29,24,24,73.9572618371347,74.01792846812316,1.089376416957329,72.0922857953315,75.830273913759,1.0,True,23.0,9,大维护
A2,2025-10-30,16,16,73.03736108842236,73.15183591972105,1.3518157870749572,70.4151293580689,76.1007905379096,0.6666666666666666,True,24.0,9,大维护
A2,2025-10-31,19,19,72.2871493979774,72.20461689090216,1.2951094241923113,69.3704820724247,74.7583605846596,0.7916666666666666,True,25.0,9,大维护
A2,2025-11-01,23,21,72.0702459205164,72.32309531024865,2.3126555616645432,67.5558695646428,80.5949014613073,0.875,True,26.0,9,大维护
A2,2025-11-02,22,22,70.69920221416105,70.67519824003885,0.7712266495196687,69.0534382270119,71.9592601910192,0.9166666666666666,True,27.0,9,大维护
A2,2025-11-03,18,18,70.42123696981591,70.53913922459812,0.9309991990935151,68.8172594371924,72.0150552704138,0.75,True,28.0,9,大维护
A2,2025-11-04,17,17,69.7133183202452,69.84533487935495,0.9902211775646529,67.9430034019806,71.7159224376612,0.7083333333333334,True,29.0,9,大维护
A2,2025-11-05,24,24,68.82092633486204,68.75095730499447,1.0177242983224428,66.922551048389,71.3610221521184,1.0,True,30.0,9,大维护
A2,2025-11-06,23,22,68.02602229242714,67.7645617182323,1.1388646507993734,65.8479240042694,70.0391346833362,0.9166666666666666,True,31.0,9,大维护
A2,2025-11-07,13,13,66.9666776269866,66.97623377800066,0.8854616733160285,65.1064502587138,68.2260122041623,0.5416666666666666,True,32.0,9,大维护
A2,2025-11-08,22,22,67.14251492340705,67.06887393601338,1.0330282966294322,64.9800240243183,68.683001849575,0.9166666666666666,True,33.0,9,大维护
A2,2025-11-09,13,10,66.4271706775545,66.49088135960677,0.8228082297931315,65.2798671599563,67.486742241548,0.4166666666666667,True,34.0,9,大维护
A2,2025-11-10,23,23,64.8855772147018,64.33296847467587,1.8492663999906263,57.6227246588763,66.6964297707294,0.9583333333333334,True,35.0,9,大维护
A2,2025-11-11,24,23,63.9136005233047,64.01705411488177,1.1176044996960122,62.2810348491387,67.0329848160541,0.9583333333333334,True,36.0,9,大维护
A2,2025-11-12,22,21,63.587013651745,63.52817541482765,0.9304414617896736,61.3177533239773,65.2480945686733,0.875,True,37.0,9,大维护
A2,2025-11-13,14,14,63.61535913444625,63.543862125035325,1.0285020477462807,62.4466209647871,66.0473215362702,0.5833333333333334,True,38.0,9,大维护
A2,2025-11-14,23,23,62.8436582908829,62.60922127519384,0.7971524269821796,61.2084396351298,63.7509770843768,0.9583333333333334,True,39.0,9,大维护
A2,2025-11-15,19,19,61.9393816471106,62.103706451589076,1.1845269042766617,59.7279738420657,64.8900486293459,0.7916666666666666,True,40.0,9,大维护
A2,2025-11-16,24,24,61.3060153071608,61.25775450907583,0.7425357101653726,59.7407894776001,62.6797883174091,1.0,True,41.0,9,大维护
A2,2025-11-17,19,19,60.8294131332631,60.72294857689545,0.8564110236592475,59.3828624537807,61.925309539243,0.7916666666666666,True,42.0,9,大维护
A2,2025-11-18,16,16,60.64139871698225,60.913102246168364,1.2944377320581422,59.7357877969221,65.0221655762989,0.6666666666666666,True,43.0,9,大维护
A2,2025-11-19,14,14,60.76935267198721,60.707402854840055,0.7070205231500262,59.3512503304033,61.6435190607047,0.5833333333333334,True,44.0,9,大维护
A2,2025-11-20,22,22,59.0187734308728,59.20074044918149,0.8304981387686059,57.8661568550126,61.3438530749681,0.9166666666666666,True,45.0,9,大维护
A2,2025-11-21,24,24,58.4366361892625,58.39307517493733,1.0873862510923096,55.8455084630002,60.4092693899132,1.0,True,46.0,9,大维护
A2,2025-11-22,21,20,57.493666252757095,57.52027790299836,0.8271782089597085,55.8627938362321,59.0821727680021,0.8333333333333334,True,47.0,9,大维护
A2,2025-11-23,14,14,57.28554439803925,57.04310543496881,1.3770070136843684,55.0914148142906,59.2722379681001,0.5833333333333334,True,48.0,9,大维护
A2,2025-11-24,24,24,56.5434201660032,56.44991402830224,1.1000053253874171,54.6994965352752,59.0414129982156,1.0,True,49.0,9,大维护
A2,2025-11-25,23,23,56.2954889341578,56.27994038081657,1.1744266456939145,54.5130971924474,58.5660396423616,0.9583333333333334,True,50.0,9,大维护
A2,2025-11-26,23,23,55.173429966528,55.055387558856665,0.7223209160308487,52.9791000572007,56.0824383489591,0.9583333333333334,True,51.0,9,大维护
A2,2025-11-27,13,13,55.4705082949164,55.439193238779794,0.9073226298445489,54.0207258418514,57.1391638038101,0.5416666666666666,True,52.0,9,大维护
A2,2025-11-28,22,22,54.582640198859195,54.420811029256264,0.9656078827136448,52.6823083720554,56.0556448857454,0.9166666666666666,True,53.0,9,大维护
A2,2025-11-29,23,23,52.5640720189711,52.7317450283634,0.8092897984869472,51.66287088708,54.3838458825111,0.9583333333333334,True,54.0,9,大维护
A2,2025-11-30,22,21,52.5495241878648,52.662916021899306,1.1102207678521472,50.8970863418681,54.271602198603,0.875,True,55.0,9,大维护
A2,2025-12-01,12,12,52.15886311292895,52.240275509159524,0.266496301506696,51.9667482826267,52.9087420198338,0.5,True,56.0,9,大维护
A2,2025-12-02,23,23,51.6844899044247,51.68643736991306,0.24025195212752165,51.0969527610989,52.1880027691537,0.9583333333333334,True,57.0,9,大维护
A2,2025-12-03,11,11,51.5734384939624,51.60399287996149,0.2944483887584515,51.1882816692621,52.1217904715402,0.4583333333333333,True,58.0,9,大维护
A2,2025-12-04,22,22,50.9701511157752,50.942967662082225,0.2880246647864899,50.4934754222676,51.5976315949604,0.9166666666666666,True,59.0,9,大维护
A2,2025-12-05,22,19,50.4401675907498,50.42135215548115,0.2956863554179262,49.9092505877806,50.9037846070152,0.7916666666666666,True,60.0,9,大维护
A2,2025-12-06,21,20,50.3934753980144,50.40644469704316,0.3862090416716062,49.8077341589817,51.2952984172445,0.8333333333333334,True,61.0,9,大维护
A2,2025-12-07,18,18,49.605057273201254,49.55383890230541,0.33514690987753487,49.0276380690409,50.2902512382332,0.75,True,62.0,9,大维护
A2,2025-12-08,19,19,48.9883940413064,48.97830455241594,0.27629882142615086,48.329293456588,49.3772717477794,0.7916666666666666,True,63.0,9,大维护
A2,2025-12-09,22,22,48.56186216766545,48.53722012584716,0.3090194505947846,47.9718416680863,49.2080158383243,0.9166666666666666,True,64.0,9,大维护
A2,2025-12-10,12,0,,,,,,0.0,False,0.0,10,大维护
A2,2025-12-11,14,14,65.53311156004865,65.56964086553675,0.14411531871493877,65.3610747684957,65.8858524201679,0.5833333333333334,True,1.0,10,大维护
A2,2025-12-12,19,19,65.3983353004444,64.81796256160385,2.5097705187956745,54.4769639733622,65.7459023039848,0.7916666666666666,True,2.0,10,大维护
A2,2025-12-13,22,22,64.44170846353605,64.4479939324198,0.13262098506964723,64.2046649892179,64.6893712653245,0.9166666666666666,True,3.0,10,大维护
A2,2025-12-14,14,14,63.94834353408395,63.920286474403994,0.26411835308165377,63.563655798131,64.4738832565035,0.5833333333333334,True,4.0,10,大维护
A2,2025-12-15,12,12,63.181356611111255,63.180452567078646,0.37129057147259975,62.501265791131,63.8697340090284,0.5,True,5.0,10,大维护
A2,2025-12-16,17,17,62.2970105409416,62.29130226476943,0.21786618876443087,61.9534653738871,62.6898511184575,0.7083333333333334,True,6.0,10,大维护
A2,2025-12-17,16,14,61.61874947954685,61.61610002271523,0.24634972080840717,61.2281329761026,62.0589989759366,0.5833333333333334,True,7.0,10,大维护
A2,2025-12-18,18,18,60.97038269526315,60.94022225506798,0.257093872707139,60.3472150627837,61.2474215525363,0.75,True,8.0,10,大维护
A2,2025-12-19,21,19,61.0328070017334,60.9536034093739,0.25573273935631846,60.4667577369737,61.3808180728417,0.7916666666666666,True,9.0,10,大维护
A2,2025-12-20,14,14,59.73467137184565,59.73766326084499,0.24121479982738572,59.2626268397523,60.0603448642318,0.5833333333333334,True,10.0,10,大维护
A2,2025-12-21,22,22,59.10353660608145,59.09531419222346,0.3067759329726685,58.5734086652585,59.6542889082888,0.9166666666666666,True,11.0,10,大维护
A2,2025-12-22,21,21,58.4430892105961,58.465646923087476,0.33660785486524064,57.9584682721723,59.2757066750033,0.875,True,12.0,10,大维护
A2,2025-12-23,15,15,58.1100135584949,58.071150758051665,0.3938801595789568,57.4771865917515,58.7352477505641,0.625,True,13.0,10,大维护
A2,2025-12-24,15,15,57.5140333024698,57.52440834689987,0.3478262989527027,56.9956960293569,58.1612757636484,0.625,True,14.0,10,大维护
A2,2025-12-25,22,22,56.884798515566004,56.91151523617762,0.25446556306096485,56.5701560235534,57.531390694005,0.9166666666666666,True,15.0,10,大维护
A2,2025-12-26,21,21,56.3626740916574,56.397422629111986,0.3082927929086245,55.8311925601605,57.2518396881233,0.875,True,16.0,10,大维护
A2,2025-12-27,15,15,56.0791330611852,56.06269382740654,0.34191033832529094,55.5029830619691,56.7300024079888,0.625,True,17.0,10,大维护
A2,2025-12-28,15,15,55.5799451187279,55.60809232962033,0.2311331231266969,55.2425791770339,56.0646065125787,0.625,True,18.0,10,大维护
A2,2025-12-29,24,23,55.1454772858054,55.11833969761551,0.2737620295194147,54.5376928851913,55.5671140628642,0.9583333333333334,True,19.0,10,大维护
A2,2025-12-30,4,4,54.52919394080905,54.42562305522598,0.3738375691002371,53.8925547649256,54.7515495743602,0.16666666666666666,True,20.0,10,大维护
A2,2026-01-01,5,4,54.170594991774095,54.016778290458774,0.46954660882414667,53.3353564074365,54.3905667708504,0.16666666666666666,True,22.0,10,大维护
A2,2026-01-02,10,10,53.13890063034215,53.18449277625289,0.48849930771828765,52.3086491061786,54.0230130972532,0.4166666666666667,True,23.0,10,大维护
A2,2026-01-03,18,18,52.87647996647825,52.958728026112375,0.45231351584864127,52.1944578445936,54.0925002587791,0.75,True,24.0,10,大维护
A2,2026-01-04,15,15,52.1721077084387,52.23525428841289,0.3984265530384862,51.593852013292,52.9552223352413,0.625,True,25.0,10,大维护
A2,2026-01-05,21,21,51.6924711581936,51.684375166823735,0.45626529672061367,50.5050111656415,52.3892197976266,0.875,True,26.0,10,大维护
A2,2026-01-06,20,19,51.2812965112605,51.29015903716223,0.49088853086883055,50.3458968330659,52.1616218696766,0.7916666666666666,True,27.0,10,大维护
A2,2026-01-07,21,21,50.7410184380656,50.71201695729034,0.40014110429188665,50.050354230605,51.593845925319,0.875,True,28.0,10,大维护
A2,2026-01-08,14,14,49.53101111868715,49.596710079966655,0.374701179910267,48.9812117941352,50.2781032948844,0.5833333333333334,True,29.0,10,大维护
A2,2026-01-09,24,22,49.25216519001175,49.310838474919585,0.5633524920591445,48.3990224664598,50.5909597684635,0.9166666666666666,True,30.0,10,大维护
A2,2026-01-10,21,20,49.07895022320035,49.00768072873999,0.5443666138798418,48.1462147461485,50.4043316262737,0.8333333333333334,True,31.0,10,大维护
A2,2026-01-11,21,16,48.7012329914945,48.870294342582106,0.44036427289322516,48.30349590067,49.9414914635344,0.6666666666666666,True,32.0,10,大维护
A2,2026-01-12,23,23,48.2523432793567,48.15488881998136,0.6187049920185681,46.8993405874021,49.0552633569172,0.9583333333333334,True,33.0,10,大维护
A2,2026-01-13,22,20,47.4026698707083,47.36524286545251,0.4852993119824279,46.3207634422002,48.262604555011,0.8333333333333334,True,34.0,10,大维护
A2,2026-01-14,15,15,47.1199262441127,47.109934293659,0.537017497971084,46.0900075405963,47.9956950182175,0.625,True,35.0,10,大维护
A2,2026-01-15,23,23,46.9468570087351,47.006519828700114,0.4817749671995169,46.0751576283499,48.1171156637835,0.9583333333333334,True,36.0,10,大维护
A2,2026-01-16,23,23,46.2426520783281,46.16692816761825,0.4576221445302934,45.2630003847183,47.0526793574019,0.9583333333333334,True,37.0,10,大维护
A2,2026-01-17,20,19,45.3677833138369,45.29280114721793,0.7632126358034798,43.6755116067841,46.5951017804966,0.7916666666666666,True,38.0,10,大维护
A2,2026-01-18,21,21,44.6985215180146,44.69799624752318,0.4964463294120274,43.8918434058063,45.5848799685357,0.875,True,39.0,10,大维护
A2,2026-01-19,24,23,43.9659539145865,44.01234545508514,0.4081122839055265,43.1675396675429,44.7462817969233,0.9583333333333334,True,40.0,10,大维护
A2,2026-01-20,4,4,43.43318825681775,43.391654176401325,0.26778675399438323,43.0286158386532,43.6716243533166,0.16666666666666666,True,41.0,10,大维护
A2,2026-01-21,4,4,42.3733607501859,42.41823667368345,0.4283821753453635,41.9456689628111,42.9805562315509,0.16666666666666666,True,42.0,10,大维护
A2,2026-01-22,4,4,41.4723819510541,41.2498863716366,0.5751019401924187,40.4045150510595,41.6502665333787,0.16666666666666666,True,43.0,10,大维护
A2,2026-01-23,4,4,40.7311140600957,40.7492466116625,0.5294877741401108,40.1572373217527,41.3775210047059,0.16666666666666666,True,44.0,10,大维护
A2,2026-01-24,4,0,,,,,,0.0,False,45.0,10,大维护
A2,2026-01-25,4,3,39.4429688102332,39.3086707290783,0.3338245016679825,38.9286130485395,39.5544303284622,0.125,True,46.0,10,大维护
A2,2026-01-26,4,4,39.06508674393265,38.91589921859212,0.5776564790278498,38.0932943503858,39.4401290361174,0.16666666666666666,True,47.0,10,大维护
A2,2026-01-27,4,4,38.41813090472875,38.49152096690102,0.20019853249406108,38.3433959931454,38.7864260650012,0.16666666666666666,True,48.0,10,大维护
A2,2026-01-28,4,4,37.6242332380806,35.30976919190095,4.838447213684353,28.0564208372709,37.9341894541717,0.16666666666666666,True,49.0,10,大维护
A2,2026-01-29,4,0,,,,,,0.0,False,0.0,11,大维护
A2,2026-01-30,4,4,59.18738392635435,59.17263623189987,0.08039954436125672,59.0624876535503,59.2532894213405,0.16666666666666666,True,1.0,11,大维护
A2,2026-01-31,4,4,58.49761152106775,58.50267879878872,0.2366893345024449,58.2198825180132,58.7956096350062,0.16666666666666666,True,2.0,11,大维护
A2,2026-02-01,4,4,57.778776980112255,57.7659831336875,0.07626233307388201,57.6615579674397,57.8448206070858,0.16666666666666666,True,3.0,11,大维护
A2,2026-02-02,4,4,57.166659522265,57.214638457591604,0.31426492409451434,56.8872877523481,57.6379470334883,0.16666666666666666,True,4.0,11,大维护
A2,2026-02-03,4,4,56.70520203491055,56.690239232423195,0.10093457013371201,56.5536510170677,56.796901842804,0.16666666666666666,True,5.0,11,大维护
A2,2026-02-04,4,4,56.22574419876325,56.198895664999604,0.2875637063515489,55.8636714140366,56.4804228484353,0.16666666666666666,True,6.0,11,大维护
A2,2026-02-05,4,4,55.0314367409442,55.08268015046335,0.32594968624437026,54.799644409107,55.468202710858,0.16666666666666666,True,7.0,11,大维护
A2,2026-02-06,4,4,54.834784076579396,54.7957239385198,0.10358261379218801,54.6424647423927,54.8708628585277,0.16666666666666666,True,8.0,11,大维护
A2,2026-02-07,4,4,54.2644057049326,54.270846994850075,0.13033383164966167,54.1181525899366,54.4364239795985,0.16666666666666666,True,9.0,11,大维护
A2,2026-02-08,4,3,53.8619889988498,53.77189688848454,0.1830067872976876,53.5613091680497,53.8923924985541,0.125,True,10.0,11,大维护
A2,2026-02-09,4,4,52.5265813867676,52.53246688749485,0.10998335845383118,52.4109362119088,52.6657685645354,0.16666666666666666,True,11.0,11,大维护
A2,2026-02-10,4,2,,,,,,0.08333333333333333,False,12.0,11,大维护
A2,2026-02-11,4,4,50.573520927248296,50.629989233336126,0.13025767142433214,50.5498693374783,50.8230457413696,0.16666666666666666,True,13.0,11,大维护
A2,2026-02-12,4,0,,,,,,0.0,False,14.0,11,大维护
A2,2026-02-13,4,3,49.4956660303581,49.50251958261973,0.05544174508916756,49.450823235521,49.5610694819801,0.125,True,15.0,11,大维护
A2,2026-02-14,4,4,49.07482673173075,49.06145010333208,0.16987137866453442,48.8643955197155,49.2317514301513,0.16666666666666666,True,16.0,11,大维护
A2,2026-02-15,4,4,48.3450998681069,48.28343964119978,0.346118906681879,47.8338864646317,48.6096723639536,0.16666666666666666,True,17.0,11,大维护
A2,2026-02-16,4,4,47.86048405523715,47.84792307636885,0.17515550137094105,47.6473611195922,48.0233630754089,0.16666666666666666,True,18.0,11,大维护
A2,2026-02-17,4,4,47.79996196734345,47.71582899751598,0.1928161854690873,47.4279011165894,47.8354909387876,0.16666666666666666,True,19.0,11,大维护
A2,2026-02-18,4,4,46.9296126874029,46.968290303182656,0.12064512140180096,46.878385902022,47.1355499359028,0.16666666666666666,True,20.0,11,大维护
A2,2026-02-19,4,3,46.1859192759827,46.1217747739984,0.2008481767740726,45.8966893051626,46.2827157408499,0.125,True,21.0,11,大维护
A2,2026-02-20,4,3,45.4386177869355,45.441367150545865,0.03305282514644119,45.4097748792015,45.4757087855006,0.125,True,22.0,11,大维护
A2,2026-02-21,4,4,44.7017189490586,44.734572847961324,0.11358008070898218,44.6393972619002,44.8954562318279,0.16666666666666666,True,23.0,11,大维护
A2,2026-02-22,4,4,44.484316534508594,44.40356536727892,0.18496554865793968,44.1293890162119,44.5162393838866,0.16666666666666666,True,24.0,11,大维护
A2,2026-02-23,4,4,43.80668497159615,43.85033651017332,0.1713917141304005,43.6984700781422,44.0895060193588,0.16666666666666666,True,25.0,11,大维护
A2,2026-02-24,4,3,42.6002967273462,42.64594443125986,0.11603150685067155,42.5596787515118,42.7778578149216,0.125,True,26.0,11,大维护
A2,2026-02-25,4,3,41.91042982232,42.01287097105753,0.4055059074802555,41.6684093506217,42.4597737402309,0.125,True,27.0,11,大维护
A2,2026-02-26,4,4,41.5722334963462,41.5017251270991,0.22506189566770798,41.1810741579413,41.6813593577627,0.16666666666666666,True,28.0,11,大维护
A2,2026-02-27,4,4,41.082221025554,41.01111780830792,0.1547957466419294,40.7800501258607,41.099979056263,0.16666666666666666,True,29.0,11,大维护
A2,2026-02-28,4,4,40.54036088209885,40.60280508213315,0.35910370394609487,40.2458570881966,41.0846414761383,0.16666666666666666,True,30.0,11,大维护
A2,2026-03-01,4,4,40.427468459383405,40.302936190993876,0.5864309622980944,39.5632407734403,40.7935670717684,0.16666666666666666,True,31.0,11,大维护
A2,2026-03-02,4,4,40.3421313912355,40.38641323774335,0.700848964143746,39.7019323340574,41.159457834445,0.16666666666666666,True,32.0,11,大维护
A2,2026-03-03,4,4,39.86904759663855,39.65001735012208,0.6871006878515182,38.6578820538326,40.2040921533786,0.16666666666666666,True,33.0,11,大维护
A2,2026-03-04,4,4,38.8787665991818,38.91976887969475,0.5564489464872259,38.2955397290915,39.6260025913239,0.16666666666666666,True,34.0,11,大维护
A2,2026-03-05,4,4,40.349310557726696,40.05234845209708,0.6427020228241381,39.0926856035002,40.4180870894347,0.16666666666666666,True,35.0,11,大维护
A2,2026-03-06,4,4,38.7921851969476,38.74387442335313,0.5158671551272419,38.0964481655233,39.294679133994,0.16666666666666666,True,36.0,11,大维护
A2,2026-03-07,4,3,38.5568366095216,38.544761914714165,1.1105531705537868,37.4282206294804,39.6492285051405,0.125,True,37.0,11,大维护
A2,2026-03-08,4,4,38.0403992724248,38.01757658613097,0.12552474801570068,37.8481272146755,38.1413805849988,0.16666666666666666,True,38.0,11,大维护
A2,2026-03-09,4,4,37.2547422011287,37.178804369667276,0.627643590018673,36.4352545814049,37.7704784950068,0.16666666666666666,True,39.0,11,大维护
A2,2026-03-10,4,4,37.344866561964096,37.5003903979158,0.46446278941176544,37.1324213139072,38.1794071538278,0.16666666666666666,True,40.0,11,大维护
A2,2026-03-11,4,4,37.469559172592,38.87654156532078,2.987463702969604,37.217674809134,43.3493731069651,0.16666666666666666,True,41.0,11,大维护
A2,2026-03-12,4,0,,,,,,0.0,False,0.0,12,中维护
A2,2026-03-13,4,4,50.7218488359352,50.74985744983085,0.36735375110555935,50.330306448407,51.225425679046,0.16666666666666666,True,1.0,12,中维护
A2,2026-03-14,4,4,50.5749318875537,50.6290598456694,0.4682358933701859,50.1295935612794,51.2367820462908,0.16666666666666666,True,2.0,12,中维护
A2,2026-03-15,4,4,49.6998320608908,49.71628652485218,0.5039701808954608,49.2233397834695,50.2421421941576,0.16666666666666666,True,3.0,12,中维护
A2,2026-03-16,4,4,50.8528394047063,50.77685428245202,0.6482747684445507,49.9403843878239,51.4613539325716,0.16666666666666666,True,4.0,12,中维护
A2,2026-03-17,4,4,50.080946194935905,50.042506172985576,0.2837148103603172,49.6623775163287,50.3457547857418,0.16666666666666666,True,5.0,12,中维护
A2,2026-03-18,4,4,49.8543383244741,49.613280183776524,0.636228929867228,48.6724437260546,50.0720003601033,0.16666666666666666,True,6.0,12,中维护
A2,2026-03-19,4,4,49.40308381523995,49.49406157350985,0.3376752379476763,49.207766332105,49.9623123314545,0.16666666666666666,True,7.0,12,中维护
A2,2026-03-20,4,4,48.065318084358395,48.35549417627263,0.7218811827041131,47.8751894941147,49.416151042259,0.16666666666666666,True,8.0,12,中维护
A2,2026-03-21,4,4,48.9110822203724,48.63753857140595,0.7290421708013021,47.5767899801927,49.1511998646863,0.16666666666666666,True,9.0,12,中维护
A2,2026-03-22,4,4,48.44399713828065,48.46040006118463,0.6707873108451681,47.6811344222809,49.2724715458963,0.16666666666666666,True,10.0,12,中维护
A2,2026-03-23,4,4,48.57813636849965,48.62700610338625,0.16339751646961334,48.4882664330442,48.8634852435015,0.16666666666666666,True,11.0,12,中维护
A2,2026-03-24,4,4,47.59711505385425,47.88116706001237,0.7056190893302848,47.4096337294677,48.9208044028733,0.16666666666666666,True,12.0,12,中维护
A2,2026-03-25,4,4,47.491947561315996,47.5556993977916,1.2864550044375718,46.1672523265233,49.0716501420111,0.16666666666666666,True,13.0,12,中维护
A2,2026-03-26,4,4,47.30388060223825,47.29647029662803,0.5397036875204874,46.7595724307233,47.8185475513123,0.16666666666666666,True,14.0,12,中维护
A2,2026-03-27,4,4,46.789176392872605,46.807393719737476,0.43987670685994945,46.2944496845324,47.3567724086723,0.16666666666666666,True,15.0,12,中维护
A2,2026-03-28,4,4,47.2709517244444,47.17722183578567,0.6486957708287753,46.3688427172646,47.7981411769893,0.16666666666666666,True,16.0,12,中维护
A2,2026-03-29,4,4,46.323527605094654,46.81951225651975,1.3311915050634975,45.882584024215,48.7484097916747,0.16666666666666666,True,17.0,12,中维护
A2,2026-03-30,4,3,45.3898667666795,45.757647406764,1.3237425407302494,44.6566846750049,47.2263907786076,0.125,True,18.0,12,中维护
A2,2026-03-31,4,4,46.5811304444039,46.491754810645176,0.46727175294605805,45.8450728462823,46.9596855074906,0.16666666666666666,True,19.0,12,中维护
A2,2026-04-01,4,4,44.931668664697,45.26405180945417,1.217516275583087,44.3044769541955,46.8883929542272,0.16666666666666666,True,20.0,12,中维护
A2,2026-04-02,4,4,44.642084866900504,44.65929118777365,0.3506230533800135,44.2823810771822,45.0706139401114,0.16666666666666666,True,21.0,12,中维护
A2,2026-04-03,4,4,44.0631578590284,44.24045689880788,0.4505357084326309,43.9262506747661,44.9092612024086,0.16666666666666666,True,22.0,12,中维护
A2,2026-04-04,4,4,43.56702744587575,43.666085715536596,0.4761195096484728,43.2519729719827,44.2783149984122,0.16666666666666666,True,23.0,12,中维护
A2,2026-04-05,4,4,43.545034073949,43.29724698630558,0.7607360138037045,42.1874753448738,43.9114444524505,0.16666666666666666,True,24.0,12,中维护
A2,2026-04-06,4,4,42.58310428691865,42.60857634903065,0.23998850703155694,42.3423822047921,42.9257146174932,0.16666666666666666,True,25.0,12,中维护
A2,2026-04-07,4,4,42.8083475433986,42.50809676370598,0.7636084058101367,41.3785012811656,43.0371906868611,0.16666666666666666,True,26.0,12,中维护
A2,2026-04-08,4,4,40.767040089661904,41.049266167469774,1.0756562531923863,40.1891578123471,42.4738266782082,0.16666666666666666,True,27.0,12,中维护
A2,2026-04-09,4,4,41.92358911305065,41.72357099673853,0.49296752659325366,40.9904531237735,42.0566526370793,0.16666666666666666,True,28.0,12,中维护
A2,2026-04-10,4,4,41.695720372538105,41.849360014381574,0.6230568958413092,41.2832616641448,42.7227376483053,0.16666666666666666,True,29.0,12,中维护
A3,2024-04-03,21,0,,,,,,0.0,False,0.0,0,观测起点
A3,2024-04-04,18,18,121.42672333056899,121.58153917794932,0.3562915243314379,121.003950114807,122.222033419171,0.75,True,0.0,0,观测起点
A3,2024-04-05,20,16,121.6987206297765,121.68808098035919,0.34791265401536814,121.220763486002,122.462224682041,0.6666666666666666,True,0.0,0,观测起点
A3,2024-04-06,24,24,121.0187576908385,121.020792505546,0.39214942215402326,120.226156990888,121.691146185009,1.0,True,0.0,0,观测起点
A3,2024-04-07,17,16,120.91803758186751,120.79657246136831,1.0163303528263237,118.498810798158,122.254433385025,0.6666666666666666,True,0.0,0,观测起点
A3,2024-04-08,22,22,120.612663420739,120.41272584621456,0.5427328103882451,119.245787476855,121.102697857581,0.9166666666666666,True,0.0,0,观测起点
A3,2024-04-09,24,24,120.42972260807,120.47271705334951,0.6047485988704464,119.610321311351,121.897118999672,1.0,True,0.0,0,观测起点
A3,2024-04-10,24,24,120.2196586522955,120.37622706261654,0.8068345413840096,118.685530732639,121.689610288933,1.0,True,0.0,0,观测起点
A3,2024-04-11,23,23,120.259934339877,120.21668272744853,0.8749996282643195,118.462115469666,122.166679967154,0.9583333333333334,True,0.0,0,观测起点
A3,2024-04-12,12,12,120.005751334103,119.84783766646741,0.547586685902595,118.657317488663,120.523121702013,0.5,True,0.0,0,观测起点
A3,2024-04-13,22,22,119.3990878187345,119.37738692923095,0.8919448032854611,117.884420868941,120.661285769459,0.9166666666666666,True,0.0,0,观测起点
A3,2024-04-14,23,23,119.064883956202,119.18674326274925,0.7748309214659942,117.795768047843,120.5429752654,0.9583333333333334,True,0.0,0,观测起点
A3,2024-04-15,24,24,118.9884644148265,118.94733940555375,0.5531324001422684,117.79413151832,120.017764006172,1.0,True,0.0,0,观测起点
A3,2024-04-16,11,10,117.9739138903245,118.30334222282629,0.8075103160228312,117.408622360244,119.817706267078,0.4166666666666667,True,0.0,0,观测起点
A3,2024-04-17,20,16,118.5850261402415,118.51705931642013,0.6605132376376883,117.012929675558,119.535873147795,0.6666666666666666,True,0.0,0,观测起点
A3,2024-04-18,24,21,118.648657934825,118.56689123739571,0.8062583324246176,117.141368326182,119.768165369439,0.875,True,0.0,0,观测起点
A3,2024-04-19,24,19,118.191022946206,118.19913062008895,0.66353434020299,116.766776860438,119.33089567708,0.7916666666666666,True,0.0,0,观测起点
A3,2024-04-20,23,23,117.682634432504,117.57017371352292,0.6486662752118234,116.288516597108,118.638823126495,0.9583333333333334,True,0.0,0,观测起点
A3,2024-04-21,24,23,117.38307239268,117.37219304889156,0.668508178580178,116.197837256679,118.726593055672,0.9583333333333334,True,0.0,0,观测起点
A3,2024-04-22,17,16,117.4226136538385,117.50729164917657,0.7019112581782893,115.972512759569,118.872425749034,0.6666666666666666,True,0.0,0,观测起点
A3,2024-04-23,14,12,117.4767228144035,117.24118517265809,0.7068517642741842,115.992062900893,118.401792222135,0.5,True,0.0,0,观测起点
A3,2024-04-24,13,13,116.732066020224,116.72907694160378,0.7119188127892754,115.341672454183,118.008166271731,0.5416666666666666,True,0.0,0,观测起点
A3,2024-04-25,24,23,116.258467526247,116.20887159313456,0.8197836783903811,114.2132373102,117.780505877765,0.9583333333333334,True,0.0,0,观测起点
A3,2024-04-26,14,14,116.9150180898565,116.79083559626336,0.677929643339186,115.460843606753,117.932423779302,0.5833333333333334,True,0.0,0,观测起点
A3,2024-04-27,20,18,116.2155685297365,116.1922161554196,0.5908236750246306,114.513782188715,117.31963303133,0.75,True,0.0,0,观测起点
A3,2024-04-28,23,22,116.0468397739335,116.06603815607204,0.740485745245104,114.708353389843,117.366195062511,0.9166666666666666,True,0.0,0,观测起点
A3,2024-04-29,16,16,115.8835600141895,115.99228943530325,0.7671697588004168,114.537493425233,117.705726202195,0.6666666666666666,True,0.0,0,观测起点
A3,2024-05-14,10,9,115.907168577761,115.846158308392,0.5361494831976273,115.040071562047,116.517816675648,0.375,True,0.0,0,观测起点
A3,2024-05-15,18,18,115.71167154889051,115.71305003556296,0.4652026682348808,114.954345766884,116.657852007487,0.75,True,0.0,0,观测起点
A3,2024-05-16,18,18,115.504548277066,115.51914020693938,0.39019561063241887,114.963909514935,116.14279178257,0.75,True,0.0,0,观测起点
A3,2024-05-17,24,23,115.367351218844,115.29507125291279,0.52402119962947,114.2160272525,116.396709387965,0.9583333333333334,True,0.0,0,观测起点
A3,2024-05-18,23,20,115.1868370807985,115.22310757336204,0.4374180809341309,114.580316659747,116.027649449766,0.8333333333333334,True,0.0,0,观测起点
A3,2024-05-19,20,20,115.019758319929,114.91493676514274,0.5894392787335775,113.976683982081,115.934822701533,0.8333333333333334,True,0.0,0,观测起点
A3,2024-05-20,8,7,114.641291633156,114.51850698109628,0.38535085084195475,113.882733053551,114.93007390455,0.2916666666666667,True,0.0,0,观测起点
A3,2024-05-21,24,24,113.998346780081,113.9736121289835,0.3608835064713771,113.338468506553,114.542432616943,1.0,True,0.0,0,观测起点
A3,2024-05-22,24,24,114.037351279044,113.86033796783958,0.5710375162227314,112.29669588995,114.690250795583,1.0,True,0.0,0,观测起点
A3,2024-05-23,22,22,113.4570940459475,113.48721387711954,0.4251698373345753,112.928625959311,114.397750516758,0.9166666666666666,True,0.0,0,观测起点
A3,2024-05-24,12,11,113.488803936922,113.29606795590472,0.4417528957152158,112.547908889122,113.83139004332,0.4583333333333333,True,0.0,0,观测起点
A3,2024-05-25,24,22,113.2279146838245,113.15437540908155,0.5189589819735533,112.264837822228,114.077641016723,0.9166666666666666,True,0.0,0,观测起点
A3,2024-05-26,24,19,112.760090000864,112.74497001346548,0.5168952764513379,111.849549097488,113.956208639527,0.7916666666666666,True,0.0,0,观测起点
A3,2024-05-27,22,22,112.4228793879245,112.49704133547795,0.393863109518311,111.787603210424,113.422542542547,0.9166666666666666,True,0.0,0,观测起点
A3,2024-05-28,4,4,112.628467067397,112.59257619168,0.626591178124864,111.813872742589,113.299497889337,0.16666666666666666,True,0.0,0,观测起点
A3,2024-06-01,6,0,,,,,,0.0,False,3.0,1,中维护
A3,2024-06-03,14,14,120.60742565793299,120.77664471839492,0.9616678231448605,119.354118883452,122.499909959667,0.5833333333333334,True,5.0,1,中维护
A3,2024-06-04,24,20,120.610638764264,120.7762125849636,0.715225963470909,119.500376565183,122.80429123535,0.8333333333333334,True,6.0,1,中维护
A3,2024-06-05,11,11,121.1116422891,120.99235468939182,1.5043993755023406,118.982278822738,123.179088490819,0.4583333333333333,True,7.0,1,中维护
A3,2024-06-06,23,23,120.429393751152,120.60059369623177,1.757562044442444,116.521059161113,123.869156334976,0.9583333333333334,True,8.0,1,中维护
A3,2024-06-07,24,24,120.0987930671195,120.23340364574545,1.6318553908999784,117.580894007632,123.917286407774,1.0,True,9.0,1,中维护
A3,2024-06-08,23,23,120.459356379689,120.66547572765417,1.4232777270017565,117.526085647809,123.181871645621,0.9583333333333334,True,10.0,1,中维护
A3,2024-06-09,16,14,120.78662698035001,120.43665017378271,1.6918295842310913,116.872609134885,122.993165037679,0.5833333333333334,True,11.0,1,中维护
A3,2024-06-10,19,19,119.995522663135,120.50745658171347,2.1147127711691747,117.058588421196,124.055103487062,0.7916666666666666,True,12.0,1,中维护
A3,2024-06-11,23,23,121.389835885483,120.91808648679566,1.8360348426025586,117.198652162025,123.971546033988,0.9583333333333334,True,13.0,1,中维护
A3,2024-06-12,22,22,119.8508580230985,119.70381546228109,1.6173862631686071,116.445736594308,121.857117635123,0.9166666666666666,True,14.0,1,中维护
A3,2024-06-13,20,20,119.386101291509,119.4385166352786,1.3796838074584876,116.918417490019,121.359221233753,0.8333333333333334,True,15.0,1,中维护
A3,2024-06-14,14,14,119.833167318454,120.04034782573407,1.6629378076937145,116.834354815815,122.723117334218,0.5833333333333334,True,16.0,1,中维护
A3,2024-06-15,24,24,119.434946893842,119.88179077739795,2.1936793888920016,116.073292272454,123.936357234321,1.0,True,17.0,1,中维护
A3,2024-06-16,24,24,120.2780081422845,120.04815607298094,1.4381996407557458,117.734153252143,123.37162821794,1.0,True,18.0,1,中维护
A3,2024-06-17,22,21,120.305630548949,120.01019132641105,1.9260028617947265,116.134517449743,122.957713145246,0.875,True,19.0,1,中维护
A3,2024-06-18,11,11,119.129180364967,119.10403590348018,1.6314623731463809,116.44693286053,122.068786598273,0.4583333333333333,True,20.0,1,中维护
A3,2024-06-19,24,22,119.626742034481,119.53536054744777,1.8966449024792047,116.677866185746,122.648985017706,0.9166666666666666,True,21.0,1,中维护
A3,2024-06-20,24,24,119.0424939497205,118.78101734756363,1.8957954668150903,114.467390885152,121.650358264705,1.0,True,22.0,1,中维护
A3,2024-06-21,22,16,118.868781652837,118.77618497658463,1.083202721443287,116.965966997928,120.547568387515,0.6666666666666666,True,23.0,1,中维护
A3,2024-06-22,12,12,119.273929656494,119.40618181086558,2.1140998510425604,116.531116486623,123.496092757967,0.5,True,24.0,1,中维护
A3,2024-06-23,17,17,119.714199366066,119.50238592020712,1.6665362368845438,115.694585305757,121.870249994757,0.7083333333333334,True,25.0,1,中维护
A3,2024-06-24,22,18,119.0026282093515,118.85061822055322,1.8653917688418669,115.244723230081,122.231995573488,0.75,True,26.0,1,中维护
A3,2024-06-25,24,24,118.31614086508151,118.37358492963683,1.795402573796808,115.664700402444,123.78300749929,1.0,True,27.0,1,中维护
A3,2024-06-26,8,8,119.00182548138801,119.071887000817,1.0848872830263607,117.951513031572,120.888153879394,0.3333333333333333,True,28.0,1,中维护
A3,2024-06-27,15,15,118.896428687582,118.6146634174104,2.554835999304301,115.4072748853,126.053368520784,0.625,True,29.0,1,中维护
A3,2024-06-28,17,17,117.799995106197,118.43545806590194,1.9692229245363029,115.462057297582,121.693988656516,0.7083333333333334,True,30.0,1,中维护
A3,2024-06-29,23,22,117.908540228831,117.96293341370826,1.7772057205217735,113.799781660972,121.967395974149,0.9166666666666666,True,31.0,1,中维护
A3,2024-06-30,11,11,118.282580924989,118.33486287887118,1.438060314218063,116.240406431258,120.785606868868,0.4583333333333333,True,32.0,1,中维护
A3,2024-07-01,21,20,119.37527769532949,119.03285574682745,2.208751429016293,115.534603426277,123.88435075322,0.8333333333333334,True,33.0,1,中维护
A3,2024-07-02,22,22,118.69643561592599,118.3963683214325,2.0116487806856758,113.228071236484,121.551542168142,0.9166666666666666,True,34.0,1,中维护
A3,2024-07-03,24,24,118.221415057529,117.98439194546229,1.6052409582754166,114.300218348072,120.097170094917,1.0,True,35.0,1,中维护
A3,2024-07-04,14,14,118.3474921677295,118.7853668524285,2.7965717063380593,114.564933924534,124.604545249214,0.5833333333333334,True,36.0,1,中维护
A3,2024-07-05,4,4,116.3969897661195,116.4158717069685,1.4141834729467868,114.822748584516,118.046758711119,0.16666666666666666,True,37.0,1,中维护
A3,2024-07-06,4,4,118.6352067191525,117.608833995689,2.655747862750201,113.67459107619,119.490331468261,0.16666666666666666,True,38.0,1,中维护
A3,2024-07-07,4,4,117.718543635967,117.660777545541,1.411381055843162,115.928397630366,119.277625279864,0.16666666666666666,True,39.0,1,中维护
A3,2024-07-08,4,4,117.73664561297551,118.35493288131825,2.008189006470661,116.730074667126,121.216365632196,0.16666666666666666,True,40.0,1,中维护
A3,2024-07-09,4,4,115.7581872222465,115.9536326661775,1.2654639758673585,114.629328587389,117.668827632828,0.16666666666666666,True,41.0,1,中维护
A3,2024-07-10,4,4,116.28223057753,116.06907924990375,1.264239817990577,114.579474264207,117.132381580348,0.16666666666666666,True,42.0,1,中维护
A3,2024-07-11,4,4,116.2457014763205,117.7003019449565,3.582090837157142,115.289183704399,123.020621122786,0.16666666666666666,True,43.0,1,中维护
A3,2024-07-12,4,4,116.430373730729,116.6026646899345,0.5303502411923027,116.174180312539,117.375730985741,0.16666666666666666,True,44.0,1,中维护
A3,2024-07-13,4,4,117.0948826903905,116.85272526528101,2.1456150311743896,114.337614986461,118.883520693882,0.16666666666666666,True,45.0,1,中维护
A3,2024-07-14,4,4,117.4853529674895,117.0474358175105,1.3157313676779563,115.141453355608,118.077583979455,0.16666666666666666,True,46.0,1,中维护
A3,2024-07-15,4,4,115.7753077796245,115.4426752660885,1.3978819774439466,113.503133890994,116.716951614111,0.16666666666666666,True,47.0,1,中维护
A3,2024-07-16,4,4,112.9936912877165,113.005822104662,0.40004716200023416,112.535294154507,113.500611688708,0.16666666666666666,True,48.0,1,中维护
A3,2024-07-17,4,4,116.6085642967065,117.1637093998155,2.690389781596591,114.901051156694,120.536657849155,0.16666666666666666,True,49.0,1,中维护
A3,2024-07-18,4,0,,,,,,0.0,False,0.0,2,中维护
A3,2024-07-19,4,4,122.0645355747935,121.97281704941099,1.0296550766976094,120.630457073955,123.131739974102,0.16666666666666666,True,1.0,2,中维护
A3,2024-07-20,4,4,120.803219218292,121.05753761157875,0.8047407707577203,120.397124794491,122.22658721524,0.16666666666666666,True,2.0,2,中维护
A3,2024-07-21,4,4,120.53295703610999,120.91431602496725,1.1400070559368134,120.007886801331,122.583463226318,0.16666666666666666,True,3.0,2,中维护
A3,2024-07-22,4,4,121.70866955871699,121.65424383478425,0.34486788494962306,121.216722689951,121.982913531752,0.16666666666666666,True,4.0,2,中维护
A3,2024-07-23,4,4,122.976233137549,123.3450929926815,1.407810577278162,122.138220845313,125.289684850315,0.16666666666666666,True,5.0,2,中维护
A3,2024-07-24,4,4,122.92990590150549,121.650029684384,3.033071781212875,117.126674303449,123.613632631076,0.16666666666666666,True,6.0,2,中维护
A3,2024-07-25,4,4,119.4370154013555,119.54892412662176,1.2410579836837776,118.277012582774,121.044653121002,0.16666666666666666,True,7.0,2,中维护
A3,2024-07-26,4,4,118.9203306155735,120.20262100221875,2.705427612455368,118.715320026637,124.254502751091,0.16666666666666666,True,8.0,2,中维护
A3,2024-07-27,4,4,120.91083614262101,121.03749759221775,1.184859697386998,119.762448733374,122.565869350255,0.16666666666666666,True,9.0,2,中维护
A3,2024-07-28,4,4,117.9172195323825,119.18885800317625,3.5111256757104847,116.722519821674,124.198473126266,0.16666666666666666,True,10.0,2,中维护
A3,2024-07-29,4,4,121.6442279410405,121.345393602284,4.158762322586738,117.005974724273,125.087143802782,0.16666666666666666,True,11.0,2,中维护
A3,2024-07-30,4,4,122.3557411399685,122.85558824553075,2.4296197088592772,120.513815436477,126.197055265709,0.16666666666666666,True,12.0,2,中维护
A3,2024-07-31,4,4,121.350380227838,120.29266505379624,2.3374461339019192,116.811912774971,121.657986984538,0.16666666666666666,True,13.0,2,中维护
A3,2024-08-01,4,4,122.12101865999651,122.12720594548875,2.068038356620265,119.762525236497,124.504261225465,0.16666666666666666,True,14.0,2,中维护
A3,2024-08-02,4,3,117.803381992776,118.91193728630934,2.8001200117281675,116.835815543066,122.096614323086,0.125,True,15.0,2,中维护
A3,2024-08-03,4,4,122.97041153592,123.92908082277225,5.519325483902966,118.554440709574,131.221059509675,0.16666666666666666,True,16.0,2,中维护
A3,2024-08-04,4,4,120.0112624604835,119.51268023661275,3.1633222095148925,115.204557489386,122.823638536098,0.16666666666666666,True,17.0,2,中维护
A3,2024-08-05,4,4,120.9955533155955,120.40709578047324,1.9853776035231105,117.625236615303,122.012039875399,0.16666666666666666,True,18.0,2,中维护
A3,2024-08-06,4,4,119.6611096831785,120.01480336185026,1.7054169961397274,118.587418860776,122.149575220268,0.16666666666666666,True,19.0,2,中维护
A3,2024-08-07,4,4,119.201690919192,119.67699457257075,3.650536527475849,116.00637528729,124.298221164609,0.16666666666666666,True,20.0,2,中维护
A3,2024-08-08,4,4,117.28964506726399,118.17968906252875,2.3982807392658883,116.463074079577,121.67639203601,0.16666666666666666,True,21.0,2,中维护
A3,2024-08-09,4,4,119.483021407932,120.36577928429,2.6535190682962133,118.303121439878,124.193952881418,0.16666666666666666,True,22.0,2,中维护
A3,2024-08-10,4,4,118.91571826792949,119.06729738728126,2.6716361323174986,116.378568337274,122.059184675992,0.16666666666666666,True,23.0,2,中维护
A3,2024-08-11,4,4,121.15376537988149,121.284233177508,2.277234592294929,118.986911599288,123.842490350981,0.16666666666666666,True,24.0,2,中维护
A3,2024-08-12,4,4,121.1048180378155,120.812775154069,1.3785463944968905,118.913884113953,122.127580426692,0.16666666666666666,True,25.0,2,中维护
A3,2024-08-13,4,4,118.812268114212,119.56890105097051,5.394630206742894,113.868349441242,126.782718534216,0.16666666666666666,True,26.0,2,中维护
A3,2024-08-14,4,4,119.1141115087855,119.39973321832176,3.8056399834955053,115.244393098458,124.126316757258,0.16666666666666666,True,27.0,2,中维护
A3,2024-08-15,4,4,118.1542575206015,118.228612274677,0.9486963337374397,117.381925763292,119.224008294213,0.16666666666666666,True,28.0,2,中维护
A3,2024-08-16,4,4,118.70909307360199,118.1438463332455,4.040781346864099,113.098810565947,122.058388619831,0.16666666666666666,True,29.0,2,中维护
A3,2024-08-17,4,3,117.351329405241,117.81102649448034,1.5298990904941883,116.563681698097,119.518068380103,0.125,True,30.0,2,中维护
A3,2024-08-18,4,4,116.30875192478649,116.78061743448625,1.4519296293978943,115.6751663475,118.829799540872,0.16666666666666666,True,31.0,2,中维护
A3,2024-08-19,4,4,118.61738496978799,118.9932550954645,2.229486555204852,116.813288276578,121.924962165704,0.16666666666666666,True,32.0,2,中维护
A3,2024-08-20,4,4,117.8297076575965,117.237641052703,2.125361660279771,114.202520557721,119.088628337898,0.16666666666666666,True,33.0,2,中维护
A3,2024-08-21,4,4,116.24712726304949,115.86242826486125,2.409244778082517,112.712889176762,118.242569356584,0.16666666666666666,True,34.0,2,中维护
A3,2024-08-22,4,4,116.4754337829475,116.15138976026651,0.7895181756456506,114.992837482764,116.661853992407,0.16666666666666666,True,35.0,2,中维护
A3,2024-08-23,4,4,116.3268973101475,116.960809162353,2.4984542691663045,114.927207634359,120.262234394758,0.16666666666666666,True,36.0,2,中维护
A3,2024-08-24,4,4,118.80314885669051,118.9210999979375,1.502471206154479,117.580299370129,120.49780290824,0.16666666666666666,True,37.0,2,中维护
A3,2024-08-25,4,4,115.704662500385,115.16240657877874,3.3538457600152625,111.193637523816,118.046663790529,0.16666666666666666,True,38.0,2,中维护
A3,2024-08-26,10,10,116.9780754478945,117.4856950011969,2.3220691218500935,114.587318964261,122.015479450463,0.4166666666666667,True,39.0,2,中维护
A3,2024-08-27,24,24,117.16056518693,116.62672936838726,2.5481500418679985,110.861070129915,120.011563422083,1.0,True,40.0,2,中维护
A3,2024-08-28,12,11,116.54817998886,116.87650000491963,3.1549277820219506,112.664994792255,123.4082667877,0.4583333333333333,True,41.0,2,中维护
A3,2024-08-29,24,23,116.322550686888,115.6080492098183,2.1834035016522657,109.438561577192,118.74846332132,0.9583333333333334,True,42.0,2,中维护
A3,2024-08-30,24,22,117.2626273472725,117.19789404288645,2.3234123141048966,112.004739423874,121.745308186385,0.9166666666666666,True,43.0,2,中维护
A3,2024-08-31,22,22,117.262061686823,116.71286324918405,2.96572735752142,110.939814857843,121.241578157535,0.9166666666666666,True,44.0,2,中维护
A3,2024-09-01,7,7,116.455583673358,116.33885385143387,0.8073893843883545,115.169456983763,117.279318245121,0.2916666666666667,True,45.0,2,中维护
A3,2024-09-02,12,12,114.2952699737025,114.32847697386967,0.7089613170492165,113.084562823528,115.527757705247,0.5,True,46.0,2,中维护
A3,2024-09-03,24,19,114.082503959637,113.96610392857873,0.5085165745516986,113.094922727618,114.810012819385,0.7916666666666666,True,47.0,2,中维护
A3,2024-09-04,24,24,113.74301786646001,113.83072151066325,0.591610110203539,112.923964655788,114.964615055285,1.0,True,48.0,2,中维护
A3,2024-09-05,14,14,112.9654866530195,113.03433869061915,0.3871362640612474,112.552462486832,113.877170261341,0.5833333333333334,True,49.0,2,中维护
A3,2024-09-06,23,23,111.635247621758,111.64853497166949,0.6504077235247533,110.543094971535,112.961844181346,0.9583333333333334,True,50.0,2,中维护
A3,2024-09-07,24,24,110.952610745413,111.031113699809,0.6840835145367213,110.030298093501,112.72016070287,1.0,True,51.0,2,中维护
A3,2024-09-08,24,24,110.1168156582705,109.90757472471226,0.8550983223547597,108.047921697224,111.482500976169,1.0,True,52.0,2,中维护
A3,2024-09-09,14,14,109.89662051362751,109.84452737281579,0.7515621853706728,108.494040057143,110.831806811134,0.5833333333333334,True,53.0,2,中维护
A3,2024-09-10,21,21,109.160904932066,109.12593990513848,0.6345863258626948,108.007478101357,110.45541146485,0.875,True,54.0,2,中维护
A3,2024-09-11,24,24,108.2895487931385,108.16062540882338,0.7079489864754975,106.708055225178,109.369951648268,1.0,True,55.0,2,中维护
A3,2024-09-12,24,20,106.7196005930525,106.59828878230726,0.7553877401347359,104.955569532231,108.104223747617,0.8333333333333334,True,56.0,2,中维护
A3,2024-09-13,14,14,105.416861584785,105.502000064409,0.7121445243273133,104.603696954786,106.88096738989,0.5833333333333334,True,57.0,2,中维护
A3,2024-09-14,21,21,105.337477779043,105.26410778693705,0.5510733027584894,103.993947633568,105.964529667218,0.875,True,58.0,2,中维护
A3,2024-09-15,23,22,105.1066034568955,105.18078005886278,0.5911067611610771,104.266590624374,106.438690468861,0.9166666666666666,True,59.0,2,中维护
A3,2024-09-16,24,24,104.502197664799,104.53474699075412,0.6467302370489503,102.974579487133,105.596272428017,1.0,True,60.0,2,中维护
A3,2024-09-17,20,20,103.669166890772,103.74609883678269,0.4210880509246791,103.013142505814,104.499748023122,0.8333333333333334,True,61.0,2,中维护
A3,2024-09-18,18,18,103.6254379543535,103.65647646414439,0.6590801771337766,102.59679757588,104.579904271227,0.75,True,62.0,2,中维护
A3,2024-09-19,24,19,103.355308766482,103.28663623731937,0.5863072482803834,102.139608442672,104.325440296526,0.7916666666666666,True,63.0,2,中维护
A3,2024-09-20,24,23,102.690401219859,102.68686307231604,0.9019682575276556,101.363764551706,105.989167943031,0.9583333333333334,True,64.0,2,中维护
A3,2024-09-21,23,21,102.117318791659,102.13268791032858,0.46447210029723063,101.290273897336,103.00181177779,0.875,True,65.0,2,中维护
A3,2024-09-22,12,12,100.8239217101505,100.84340057681847,0.6505746170848782,99.8379396745507,101.764286844732,0.5,True,66.0,2,中维护
A3,2024-09-23,24,24,100.632201674812,100.48612938103626,0.6092880410597639,98.9314328518389,101.754491641377,1.0,True,67.0,2,中维护
A3,2024-09-24,24,24,99.85703493358105,99.95395614599276,0.7606493557394486,98.2106917227077,101.755365508871,1.0,True,68.0,2,中维护
A3,2024-09-25,24,24,98.9866302691459,98.85471526758931,0.6758644229457746,96.9727074937127,99.9678881193666,1.0,True,69.0,2,中维护
A3,2024-09-26,13,12,98.38419396405939,98.5148433977367,0.6379109126673185,97.7306190859721,99.8010847463384,0.5,True,70.0,2,中维护
A3,2024-09-27,24,24,98.32143117344805,98.26344108703857,0.6585363286104438,96.8492241398022,99.2761704752374,1.0,True,71.0,2,中维护
A3,2024-09-28,23,16,98.16873260006565,98.1836893775605,0.517971043377471,97.3989768214243,98.9688415200345,0.6666666666666666,True,72.0,2,中维护
A3,2024-09-29,24,22,97.87373497278764,97.3637316546961,3.2600240413776,82.9742815274513,98.9929285568391,0.9166666666666666,True,73.0,2,中维护
A3,2024-09-30,12,0,,,,,,0.0,False,0.0,3,中维护
A3,2024-10-05,12,12,102.213356109512,102.17851359901307,0.6624512028254811,101.157359759454,103.624733326473,0.5,True,5.0,3,中维护
A3,2024-10-06,24,24,101.29735455247351,101.32845292763191,0.5164694414026575,100.45465354328,102.186023925497,1.0,True,6.0,3,中维护
A3,2024-10-07,24,24,100.9163380482435,101.07886668870047,0.8561051869346888,100.07034511064,102.93060140524,1.0,True,7.0,3,中维护
A3,2024-10-08,16,16,100.801514826268,100.80333131843494,0.4837707229455277,100.02374641816,101.632465621694,0.6666666666666666,True,8.0,3,中维护
A3,2024-10-09,19,19,99.7045446498882,99.75848285680203,0.6471636671742687,98.4427138373372,100.763915829522,0.7916666666666666,True,9.0,3,中维护
A3,2024-10-10,22,22,99.20097664124074,99.18690353815147,0.5766000386230914,98.0609417314315,100.322912997826,0.9166666666666666,True,10.0,3,中维护
A3,2024-10-11,24,23,98.5342279148221,98.40879233796478,0.6919249547175427,96.9550058188186,99.4563676642272,0.9583333333333334,True,11.0,3,中维护
A3,2024-10-12,20,20,97.48859442474455,97.51588319784358,0.7758013717486182,96.2933316046807,99.0837145222723,0.8333333333333334,True,12.0,3,中维护
A3,2024-10-13,16,16,96.84997345661256,96.93280788725401,0.7622934436739133,95.6188671171183,98.3784008563294,0.6666666666666666,True,13.0,3,中维护
A3,2024-10-14,23,23,96.7571219642,96.69239750928261,0.5865924764227426,95.4415847109451,97.8116675538738,0.9583333333333334,True,14.0,3,中维护
A3,2024-10-15,23,14,96.64137763346164,96.50619600505038,0.5240271431731032,95.3907974876761,97.1293115117547,0.5833333333333334,True,15.0,3,中维护
A3,2024-10-16,23,20,95.9275781909972,95.98619213291309,0.5584159605124247,95.1065323467679,97.252468514454,0.8333333333333334,True,16.0,3,中维护
A3,2024-10-17,15,15,95.315939620722,95.24671648706223,0.6054882496449889,94.4385098520703,96.3806010500717,0.625,True,17.0,3,中维护
A3,2024-10-18,19,18,94.50724900733016,94.42499002734955,0.6431065196516788,93.1205699130495,95.5397822093853,0.75,True,18.0,3,中维护
A3,2024-10-19,24,24,94.10467037182015,94.1288089303881,0.7050739549729598,92.8666950080004,95.3934443331635,1.0,True,19.0,3,中维护
A3,2024-10-20,24,24,93.5177564267414,93.40162978288753,0.6443698851679368,91.9939052811357,94.2775199948234,1.0,True,20.0,3,中维护
A3,2024-10-21,12,11,93.3862579186335,93.27534164608582,0.6462906425016938,92.2946448767504,94.4003521698381,0.4583333333333333,True,21.0,3,中维护
A3,2024-10-22,20,19,92.4875531720441,92.32493810138205,0.48991365472585185,91.2962084191294,93.1589348483974,0.7916666666666666,True,22.0,3,中维护
A3,2024-10-23,22,22,91.65137421916785,91.54948475675756,0.7334477938402926,89.9379302399396,92.9737927373053,0.9166666666666666,True,23.0,3,中维护
A3,2024-10-24,11,11,90.9603844893211,91.28557361376535,0.8224929998439553,90.2997747078765,92.6615642697518,0.4583333333333333,True,24.0,3,中维护
A3,2024-10-25,19,19,91.1505507733971,91.06792344648503,0.6496175274276051,89.1154876621887,91.9433516692207,0.7916666666666666,True,25.0,3,中维护
A3,2024-10-26,24,21,89.9768971983259,90.00972082782388,0.4265842769331637,89.1957569098416,90.8521286992844,0.875,True,26.0,3,中维护
A3,2024-10-27,23,23,89.3449116790077,89.3808961740677,0.46789350241563704,88.3231660029226,90.5033530064963,0.9583333333333334,True,27.0,3,中维护
A3,2024-10-28,24,24,89.0209353262762,89.04526360927719,0.5562765494755184,88.1034011252682,90.2764494020726,1.0,True,28.0,3,中维护
A3,2024-10-29,13,13,88.0959387815732,88.13114286162862,0.6423263387331991,87.2393528645449,89.6259326811016,0.5416666666666666,True,29.0,3,中维护
A3,2024-10-30,24,24,87.65886691314245,87.59686750437801,0.5755184375443554,86.6672621450185,88.8072961913732,1.0,True,30.0,3,中维护
A3,2024-10-31,23,22,87.04830190458935,87.07823781402601,0.7828129133858663,85.2365958228612,88.3931745031344,0.9166666666666666,True,31.0,3,中维护
A3,2024-11-01,2,2,,,,,,0.08333333333333333,False,32.0,3,中维护
A3,2024-11-02,7,7,85.1804665786611,85.11816632406529,0.38917206356895745,84.5910323222532,85.7703181571002,0.2916666666666667,True,33.0,3,中维护
A3,2024-11-03,24,24,84.8840677291294,84.79550613510577,0.621430068194179,83.2091586972661,85.8146197891568,1.0,True,34.0,3,中维护
A3,2024-11-04,18,18,84.11733085887096,84.22003574592677,0.755171597146575,82.9055657645233,85.5891446535759,0.75,True,35.0,3,中维护
A3,2024-11-05,18,18,83.682090932419,83.76097795333257,0.5159000844233669,82.8194591746536,84.921405514645,0.75,True,36.0,3,中维护
A3,2024-11-06,24,23,82.8679489438684,82.85474224253515,0.759275759847926,80.4712809039078,84.0605701664754,0.9583333333333334,True,37.0,3,中维护
A3,2024-11-07,24,24,81.9870010256697,82.19319514489005,0.6576922407218825,80.9138330234271,83.2613353734007,1.0,True,38.0,3,中维护
A3,2024-11-08,21,21,81.7781672241476,81.9078218314365,0.8208601764888594,80.0616027438496,83.5143630196599,0.875,True,39.0,3,中维护
A3,2024-11-09,17,14,81.8591186115599,81.87065596702686,0.6403060141567889,80.4317532759043,82.689616817458,0.5833333333333334,True,40.0,3,中维护
A3,2024-11-10,24,24,80.98874618387896,80.9181862988117,0.6707915893740382,79.5650106785942,82.2054389641639,1.0,True,41.0,3,中维护
A3,2024-11-11,24,24,80.44043464634825,80.37077790319121,0.6437837085897093,79.0171902730154,81.3957052836429,1.0,True,42.0,3,中维护
A3,2024-11-12,22,22,80.14798236728655,80.2169775055726,0.8970430924593441,78.7105709899354,82.5584092272203,0.9166666666666666,True,43.0,3,中维护
A3,2024-11-13,15,15,79.9100505851712,79.87432399615825,0.6611654929101248,78.7780181337866,80.9450998467519,0.625,True,44.0,3,中维护
A3,2024-11-14,23,23,79.4975846019216,79.38302112254091,0.7585581693790842,78.1624976080815,80.6620065388389,0.9583333333333334,True,45.0,3,中维护
A3,2024-11-15,24,19,78.3721004778427,78.37972273699066,0.6424458633871241,76.6993416798234,79.5534322936911,0.7916666666666666,True,46.0,3,中维护
A3,2024-11-16,24,24,77.73781244488465,77.74148100021483,0.5759379162018922,76.6915619802397,78.9163189292092,1.0,True,47.0,3,中维护
A3,2024-11-17,13,13,77.2703685306743,77.28328731873799,0.5546572937329155,76.3614899620121,78.1099055023039,0.5416666666666666,True,48.0,3,中维护
A3,2024-11-18,23,23,76.85948417866,76.74250008023554,0.9119303666601567,74.8895246385688,77.9588968091225,0.9583333333333334,True,49.0,3,中维护
A3,2024-11-19,24,24,76.0597762682331,76.15400564819272,0.6498305886255649,74.3811418488653,77.2937249388069,1.0,True,50.0,3,中维护
A3,2024-11-20,23,23,75.5167312816881,75.35362693092776,0.6369987773139336,73.7172586921271,76.0775157511097,0.9583333333333334,True,51.0,3,中维护
A3,2024-11-21,14,14,74.77984688562546,74.78604536175921,0.49723254902232167,73.9952228863275,75.8534058733106,0.5833333333333334,True,52.0,3,中维护
A3,2024-11-22,24,22,73.58902108785506,73.73969940143046,0.694979530998133,72.2271476895488,75.2955077842115,0.9166666666666666,True,53.0,3,中维护
A3,2024-11-23,24,23,73.3265631239199,73.5439838424666,0.9635906863364151,71.9296686549435,75.5609073467189,0.9583333333333334,True,54.0,3,中维护
A3,2024-11-24,23,23,73.1711689903354,72.95667895228112,0.7297090646482447,71.5015611383424,74.2627338154709,0.9583333333333334,True,55.0,3,中维护
A3,2024-11-25,21,17,72.3476931033876,72.17752616401518,0.8135542796205689,70.3794855792788,73.5972167597898,0.7083333333333334,True,56.0,3,中维护
A3,2024-11-26,14,14,71.5790702418746,71.55830531733571,0.5459740425190788,70.6398289685909,72.5431979624506,0.5833333333333334,True,57.0,3,中维护
A3,2024-11-27,22,21,71.3350457727198,71.2016453079809,0.583587222316148,70.0411085854701,72.2546608941035,0.875,True,58.0,3,中维护
A3,2024-11-28,24,24,70.6167077788506,70.67880761245323,0.5874244326083354,69.9430159809445,72.3907981960792,1.0,True,59.0,3,中维护
A3,2024-11-29,23,18,69.85229628515924,69.97970217186675,0.7203298005071875,68.8624143613284,71.190037999353,0.75,True,60.0,3,中维护
A3,2024-11-30,24,0,,,,,,0.0,False,0.0,4,中维护
A3,2024-12-01,13,13,92.1254757267771,92.11651270343857,0.16094685322038857,91.8417296232704,92.3713812672052,0.5416666666666666,True,1.0,4,中维护
A3,2024-12-02,15,15,91.5344353647637,91.54449720554327,0.10145608510489214,91.3766273780582,91.7849247996522,0.625,True,2.0,4,中维护
A3,2024-12-03,24,24,90.73806144192885,90.76556805138101,0.1339520352818979,90.5661050334832,90.9923737985416,1.0,True,3.0,4,中维护
A3,2024-12-04,24,24,90.1909012113504,90.17965405618168,0.3890415876468444,89.4755502110052,90.9342446164576,1.0,True,4.0,4,中维护
A3,2024-12-05,23,23,89.6258624342484,89.60395011567769,0.32200918898328534,89.0462958097351,90.2515576989977,0.9583333333333334,True,5.0,4,中维护
A3,2024-12-06,12,12,88.95144253790309,88.8629601648213,0.2800014472593272,88.4925780906771,89.2856048150531,0.5,True,6.0,4,中维护
A3,2024-12-07,23,23,87.8669406204789,87.89392391133865,0.318221873132251,87.2318749927525,88.5797640030028,0.9583333333333334,True,7.0,4,中维护
A3,2024-12-08,21,19,87.4676017395746,87.41183581826719,0.32736150618416965,86.8145406879032,88.0474466620709,0.7916666666666666,True,8.0,4,中维护
A3,2024-12-09,18,17,86.7184673010502,86.74056123642015,0.34109515552168934,86.2566846501881,87.3563500286855,0.7083333333333334,True,9.0,4,中维护
A3,2024-12-10,19,19,86.4403956860638,86.41311239773236,0.30877042881124345,85.7866523943287,86.9387243829105,0.7916666666666666,True,10.0,4,中维护
A3,2024-12-11,23,23,85.9004778122219,85.92300022575476,0.29678682524562,85.1892598379934,86.5761705126581,0.9583333333333334,True,11.0,4,中维护
A3,2024-12-12,24,24,85.0718478347105,85.1261391681219,0.2810896983829478,84.6902999480559,85.6543393425044,1.0,True,12.0,4,中维护
A3,2024-12-13,19,18,84.4050381209242,84.45493247828604,0.2462397237108365,84.1330396599434,84.9645287717831,0.75,True,13.0,4,中维护
A3,2024-12-14,18,18,84.15361557931061,84.09110294515719,0.3218190566302814,83.4392119368831,84.580213269812,0.75,True,14.0,4,中维护
A3,2024-12-15,23,23,83.6670799042357,83.68602211001314,0.25551134140803794,83.1332766252539,84.2595374918406,0.9583333333333334,True,15.0,4,中维护
A3,2024-12-16,24,24,82.9908123241227,82.99533683399488,0.33395776784441344,82.1753438705173,83.6434633710614,1.0,True,16.0,4,中维护
A3,2024-12-17,21,21,82.1170935270937,82.15422111001173,0.2674566454177296,81.658198604847,82.7088814760482,0.875,True,17.0,4,中维护
A3,2024-12-18,15,14,81.85097342249159,81.86882666604261,0.28365817603967447,81.4740469854888,82.4473819263967,0.5833333333333334,True,18.0,4,中维护
A3,2024-12-19,24,23,81.3525334373468,81.40216085740681,0.32394194599219894,80.9012221450881,82.0039960058096,0.9583333333333334,True,19.0,4,中维护
A3,2024-12-20,24,24,81.1808743519014,81.1187512910261,0.35622965859355044,80.5410377117826,81.8018050483859,1.0,True,20.0,4,中维护
A3,2024-12-21,24,23,80.5745784853975,80.62544880736307,0.3213439154528397,80.0806805597114,81.2050760630559,0.9583333333333334,True,21.0,4,中维护
A3,2024-12-22,14,14,80.01164453075955,79.97633238005781,0.2802924997606319,79.4706796284165,80.4033189750499,0.5833333333333334,True,22.0,4,中维护
A3,2024-12-23,20,20,79.38973176793544,79.46268677913547,0.3288530731716859,78.8339776574353,80.1182982255787,0.8333333333333334,True,23.0,4,中维护
A3,2024-12-24,24,22,79.07471748036895,79.09778859102003,0.27219365589035677,78.4834643208174,79.5196430552624,0.9166666666666666,True,24.0,4,中维护
A3,2024-12-25,24,24,78.4648074725696,78.39006050869168,0.3157426248906875,77.7796917325378,78.8653567137231,1.0,True,25.0,4,中维护
A3,2024-12-26,18,14,77.94791674025569,77.99901969518058,0.30616764947918196,77.5321761779937,78.5221977533354,0.5833333333333334,True,26.0,4,中维护
A3,2024-12-27,18,18,77.38107864389995,77.45287007207223,0.2544787443295661,77.0682836415695,77.9000669482684,0.75,True,27.0,4,中维护
A3,2024-12-28,24,24,76.96682547137544,76.9598101736969,0.3259784743618529,76.4051768619428,77.8813576536002,1.0,True,28.0,4,中维护
A3,2024-12-29,24,24,76.19487616543395,76.18338391110603,0.295681587895117,75.6642944711272,76.8947940390229,1.0,True,29.0,4,中维护
A3,2024-12-30,21,20,75.68581869476026,75.68221293936122,0.32844540309339293,75.1994781669096,76.2710382980012,0.8333333333333334,True,30.0,4,中维护
A3,2024-12-31,16,16,75.4623692314151,75.49868360096097,0.41734882203634827,74.7283488613481,76.0512103808665,0.6666666666666666,True,31.0,4,中维护
A3,2025-01-01,18,18,74.71791103203876,74.74215254176656,0.3398676289773595,74.1367187457612,75.3442851403526,0.75,True,32.0,4,中维护
A3,2025-01-02,19,19,74.1048771277774,74.08912259386675,0.5600495354490242,72.8776739612306,75.0424146972984,0.7916666666666666,True,33.0,4,中维护
A3,2025-01-03,13,13,73.3117280061069,73.4651322434603,0.6330941710056778,72.6850994028756,74.9754798508243,0.5416666666666666,True,34.0,4,中维护
A3,2025-01-04,24,24,72.95775800324125,72.9546229638148,0.5854614386414653,71.8734980304517,74.1462107675781,1.0,True,35.0,4,中维护
A3,2025-01-05,23,23,72.4339739343138,72.51121799478184,0.5329254176203774,71.715396432283,73.3913807510378,0.9583333333333334,True,36.0,4,中维护
A3,2025-01-06,24,24,71.86819410268231,71.8580621844861,0.4666628174598661,70.9052769682359,72.728949927048,1.0,True,37.0,4,中维护
A3,2025-01-07,21,21,71.9217175239378,71.84049371056823,0.3866096529363944,70.7181403566247,72.346582805198,0.875,True,38.0,4,中维护
A3,2025-01-08,16,16,71.26734269999466,71.30678585680496,0.5677173729040467,70.516604039837,72.8180692706517,0.6666666666666666,True,39.0,4,中维护
A3,2025-01-09,21,18,71.1284812545901,70.92338316998965,0.5436307054987352,70.031790278345,71.5474499800045,0.75,True,40.0,4,中维护
A3,2025-01-10,24,24,69.746435253409,69.78911629618251,0.4553676854616247,68.9613450244281,70.9139997537629,1.0,True,41.0,4,中维护
A3,2025-01-11,11,11,70.1375964468557,70.10865620821063,0.5617514911797118,69.1111028919336,71.3355396941271,0.4583333333333333,True,42.0,4,中维护
A3,2025-01-13,11,9,69.4399005539809,69.38421168415292,0.20583524637783032,69.0586564703547,69.6505664357324,0.375,True,44.0,4,中维护
A3,2025-01-14,24,22,69.52724574762556,69.50075696684563,0.5328290598535593,68.070455595427,70.5876992828685,0.9166666666666666,True,45.0,4,中维护
A3,2025-01-15,13,13,69.0085776338597,68.99343634055947,0.3440490885551704,68.3275114241927,69.4558698165791,0.5416666666666666,True,46.0,4,中维护
A3,2025-01-16,24,24,68.57036446192811,67.91908271347086,3.2396193372573108,52.8541091721792,69.3122577736744,1.0,True,47.0,4,中维护
A3,2025-01-17,13,0,,,,,,0.0,False,0.0,5,中维护
A3,2025-01-18,9,9,94.5835626976787,94.32257307531137,0.7111319676668953,92.4884228001705,94.7698288710369,0.375,True,1.0,5,中维护
A3,2025-01-19,11,11,93.3308814551264,93.3319729496076,0.25078494775232574,92.9699186622862,93.7868123837393,0.4583333333333333,True,2.0,5,中维护
A3,2025-01-20,24,24,92.40382136871915,92.46444019897825,0.22531786491894795,92.0193431343266,92.8726206567477,1.0,True,3.0,5,中维护
A3,2025-01-21,23,22,91.72325790985235,91.60444750273719,0.593873142430896,90.5133145383171,92.8343088559738,0.9166666666666666,True,4.0,5,中维护
A3,2025-01-22,24,24,90.8882836161431,91.01871621889096,0.5574967761185674,89.7331934349716,91.9318529211383,1.0,True,5.0,5,中维护
A3,2025-01-23,13,13,90.1620444982797,90.25010912378086,0.43470132844589693,89.4815066433315,90.9707681793318,0.5416666666666666,True,6.0,5,中维护
A3,2025-01-24,15,15,89.6429382013794,89.4694930377648,0.5474341077391272,88.4963961424052,90.2419316924056,0.625,True,7.0,5,中维护
A3,2025-01-25,21,21,88.9372021023078,88.97105312238024,0.5959116778053469,87.9449324554175,90.3687738852146,0.875,True,8.0,5,中维护
A3,2025-01-26,24,24,88.5624124856769,88.72016148971623,0.6204501040131919,87.613783923223,90.1375255563107,1.0,True,9.0,5,中维护
A3,2025-01-27,20,19,87.8182174415479,87.82818848290422,0.4878908016481337,86.7177837325726,88.7357082420527,0.7916666666666666,True,10.0,5,中维护
A3,2025-01-28,15,15,86.8454525603706,86.80631229239037,0.5776586717066603,85.7034610323683,87.8366854736843,0.625,True,11.0,5,中维护
A3,2025-01-29,23,23,86.1120127814732,86.1300268652039,0.48099965713304044,85.2930847068013,87.2043277914345,0.9583333333333334,True,12.0,5,中维护
A3,2025-01-30,20,19,86.1842620486676,86.18599174139072,0.5658356660335349,85.364968952944,87.4683618193267,0.7916666666666666,True,13.0,5,中维护
A3,2025-02-03,6,6,85.5381194274816,85.62515561555243,0.21097959237115127,85.3861997646104,85.8988953350345,0.25,True,17.0,5,中维护
A3,2025-02-04,18,18,84.99180189139145,85.03455613446827,0.4005880249086747,84.3881816719593,85.7290993880023,0.75,True,18.0,5,中维护
A3,2025-02-05,24,24,84.26362433675085,84.24026012497059,0.34298883032079713,83.3142062766568,84.8392409173744,1.0,True,19.0,5,中维护
A3,2025-02-06,21,20,83.24620948518395,83.26160794424848,0.3204688796521002,82.5141121247266,83.7897979567589,0.8333333333333334,True,20.0,5,中维护
A3,2025-02-07,24,24,82.93417454166564,82.88201935388564,0.3844999720341576,82.0184790993592,83.5738962913882,1.0,True,21.0,5,中维护
A3,2025-02-08,12,12,82.2055769530444,82.0922706892584,0.4415324927973341,81.158055095963,82.6449775897952,0.5,True,22.0,5,中维护
A3,2025-02-09,23,23,81.8029543439161,81.78201967801297,0.29672562272149994,81.1548826457556,82.2763867084958,0.9583333333333334,True,23.0,5,中维护
A3,2025-02-10,24,23,80.9343012467982,80.90004567456647,0.3606820076944917,80.2614647358771,81.441049027522,0.9583333333333334,True,24.0,5,中维护
A3,2025-02-11,17,16,80.1573686184134,80.15199449710646,0.36092180373245447,79.6176981706368,80.8424248434918,0.6666666666666666,True,25.0,5,中维护
A3,2025-02-12,18,17,79.8707439907457,79.87205653360586,0.3591539063550085,79.1270266777054,80.6093495840448,0.7083333333333334,True,26.0,5,中维护
A3,2025-02-13,22,22,79.10075836184005,79.09344068892098,0.30041768847724987,78.6342586170813,79.6681232315759,0.9166666666666666,True,27.0,5,中维护
A3,2025-02-14,23,23,78.6540234990592,78.63283164620964,0.38989461748112597,77.6899784536482,79.2295207975844,0.9583333333333334,True,28.0,5,中维护
A3,2025-02-15,23,21,77.9007957884903,77.83213985374482,0.2847371629786577,77.1405778470488,78.1839568733335,0.875,True,29.0,5,中维护
A3,2025-02-16,22,22,77.36336710338395,77.31084066153298,0.3771276609192074,76.6732035074352,78.0997079408423,0.9166666666666666,True,30.0,5,中维护
A3,2025-02-17,13,12,76.98956753019269,77.00137582049844,0.320941731290883,76.5495813599359,77.5677925008108,0.5,True,31.0,5,中维护
A3,2025-02-18,22,22,76.84226518630581,76.76825126328893,0.3815772409248604,76.0527707209503,77.5107195592293,0.9166666666666666,True,32.0,5,中维护
A3,2025-02-19,24,24,76.6379804312192,76.49490681563607,0.5986439810568146,74.6186793902383,77.3382272193645,1.0,True,33.0,5,中维护
A3,2025-02-20,24,23,76.2966478135826,76.33889700636384,0.4207412825073019,75.7541113060319,77.717304847692,0.9583333333333334,True,34.0,5,中维护
A3,2025-02-21,23,22,75.8257540353261,75.86170356535966,0.29060848335515976,75.3900857693792,76.5479837911732,0.9166666666666666,True,35.0,5,中维护
A3,2025-02-22,7,7,74.9798583295987,75.0387024359765,0.2503293081908851,74.6619160163575,75.4269774832415,0.2916666666666667,True,36.0,5,中维护
A3,2025-02-23,9,9,75.0850668197352,74.89981528142022,0.31041235843746706,74.3751031035673,75.2185395922301,0.375,True,37.0,5,中维护
A3,2025-02-24,15,15,74.0348592192415,74.03902162618766,0.35455236520513067,73.5465201436605,74.5947397322514,0.625,True,38.0,5,中维护
A3,2025-02-25,12,12,73.7446567310846,73.72935153580204,0.24526876144029888,73.3027768104571,74.1162656025688,0.5,True,39.0,5,中维护
A3,2025-02-26,13,13,73.2026385165267,73.19988946383253,0.29053184044151265,72.7398686374096,73.7088658183313,0.5416666666666666,True,40.0,5,中维护
A3,2025-02-27,24,23,72.8177813999077,72.61014151506717,0.5163795203704189,71.0034128531913,73.1627120378262,0.9583333333333334,True,41.0,5,中维护
A3,2025-02-28,24,24,72.0154041478348,72.09340680273057,0.672553089562603,71.3182276913445,74.4830446936547,1.0,True,42.0,5,中维护
A3,2025-03-01,17,17,71.2333343926086,71.38439043229171,1.0542166398273132,69.880017535838,73.5136160193853,0.7083333333333334,True,43.0,5,中维护
A3,2025-03-02,21,20,71.7583866903997,71.71017990634707,1.3301248232857463,68.40857697253,73.3995356252465,0.8333333333333334,True,44.0,5,中维护
A3,2025-03-03,24,24,71.3504448978816,71.23835254808897,1.1902655146783039,68.5991971287896,73.0565058072544,1.0,True,45.0,5,中维护
A3,2025-03-04,23,23,70.7307861711323,70.79681567197926,1.4575641241443382,68.567323304178,75.26329273042,0.9583333333333334,True,46.0,5,中维护
A3,2025-03-05,24,0,,,,,,0.0,False,0.0,6,中维护
A3,2025-03-06,13,13,88.1335154249107,88.08943521212599,0.5782841676030626,87.0769463691598,89.2576431980892,0.5416666666666666,True,1.0,6,中维护
A3,2025-03-07,23,23,88.0582374344901,88.04972834147969,0.6921509917456062,86.528109480668,89.2136707241019,0.9583333333333334,True,2.0,6,中维护
A3,2025-03-08,16,16,87.67787702553815,87.60343794321075,0.7782395547843162,85.9884236068957,89.011899307891,0.6666666666666666,True,3.0,6,中维护
A3,2025-03-09,20,19,87.6242255359353,87.62313229447231,1.2543560022053586,85.860587801871,90.5279247618306,0.7916666666666666,True,4.0,6,中维护
A3,2025-03-10,24,24,87.7711279495415,87.4923949224762,1.168602826448453,85.340823479957,89.8331094349892,1.0,True,5.0,6,中维护
A3,2025-03-11,22,22,87.5660479489931,87.35459519045294,0.985930546593344,85.3153051649464,89.2165387464864,0.9166666666666666,True,6.0,6,中维护
A3,2025-03-12,24,24,86.70408450105685,86.90091081214582,1.1594789103368808,84.260659899138,89.5030528460583,1.0,True,7.0,6,中维护
A3,2025-03-13,18,18,86.18861372485276,86.42763509474845,1.1982483622885127,84.0926483922745,88.7422639415952,0.75,True,8.0,6,中维护
A3,2025-03-14,24,24,86.5256956603282,86.68841603343382,1.134218131902041,83.7526308872863,88.8476556896659,1.0,True,9.0,6,中维护
A3,2025-03-15,24,23,86.3318083481198,86.36001015863626,1.4272830475453722,83.1445687645516,88.8225934750219,0.9583333333333334,True,10.0,6,中维护
A3,2025-03-16,23,23,86.1779632768572,86.1438699089156,1.349339025682216,83.0158447638576,88.2425258451114,0.9583333333333334,True,11.0,6,中维护
A3,2025-03-17,21,21,86.3007908979445,86.08814544870681,1.1604029463670724,83.9335659329211,87.9014569527731,0.875,True,12.0,6,中维护
A3,2025-03-18,2,2,,,,,,0.08333333333333333,False,13.0,6,中维护
A3,2025-03-19,8,8,85.74357220103775,85.4419356555451,2.030686089089331,80.6363231178649,87.0614801788725,0.3333333333333333,True,14.0,6,中维护
A3,2025-03-20,24,24,85.00321423878225,84.83941766530982,1.089510066295407,83.039478225343,86.7254667234994,1.0,True,15.0,6,中维护
A3,2025-03-21,24,24,85.07688436293385,84.93680478529188,0.8598572771132147,82.7991152572051,86.2885877186014,1.0,True,16.0,6,中维护
A3,2025-03-22,23,23,85.0500456140696,84.93225027381358,0.8674545201356093,83.3010569744111,86.7369941352981,0.9583333333333334,True,17.0,6,中维护
A3,2025-03-23,23,22,84.2667461212057,84.81277827135662,1.534583679172072,82.4244019635387,87.6409028428211,0.9166666666666666,True,18.0,6,中维护
A3,2025-03-24,24,24,84.5040917133581,84.47838393097443,1.413049444633633,81.7448332502021,87.2675884518952,1.0,True,19.0,6,中维护
A3,2025-03-25,13,13,84.6406643364513,84.31132479140251,1.3408009206239122,81.8151864785655,86.0996066519477,0.5416666666666666,True,20.0,6,中维护
A3,2025-03-26,12,12,83.34594567189939,83.20550961800096,1.451581539125741,79.5944928823543,85.5714450118831,0.5,True,21.0,6,中维护
A3,2025-03-27,22,21,84.1955175595217,83.89091136640944,1.230586937584334,81.3391747780004,86.3085771809951,0.875,True,22.0,6,中维护
A3,2025-03-28,12,12,83.92962295836699,83.67077357937872,1.0302772491795937,81.8254009362638,84.9423110163314,0.5,True,23.0,6,中维护
A3,2025-03-29,15,15,83.0895609120931,82.80139372742292,1.3686714942821305,79.4940396600128,85.0612278159424,0.625,True,24.0,6,中维护
A3,2025-03-30,11,11,83.2372693547927,82.99955889956789,1.0998753736581826,80.5980073153227,84.6615283230556,0.4583333333333333,True,25.0,6,中维护
A3,2025-03-31,16,16,82.17357489729055,81.87828042943153,1.5290421510314454,77.925990171071,84.2532298678163,0.6666666666666666,True,26.0,6,中维护
A3,2025-04-01,22,22,82.1096142894859,82.0393715290916,0.6360572502093977,80.7479868066098,83.1041294864435,0.9166666666666666,True,27.0,6,中维护
A3,2025-04-02,24,24,82.47120547390554,82.38206719519242,0.5719503651955791,81.4628910286365,83.4076587959109,1.0,True,28.0,6,中维护
A3,2025-04-03,19,19,82.8471429601654,82.71980276216,0.7331873099821453,81.4069970026261,83.8230436390475,0.7916666666666666,True,29.0,6,中维护
A3,2025-04-04,15,15,82.4869496149449,82.62430359502902,0.7495688067429602,81.3332604585387,83.7828661873534,0.625,True,30.0,6,中维护
A3,2025-04-05,24,24,82.20328366739675,82.33881365028803,0.7691254835765207,80.9280332523199,84.0524987614343,1.0,True,31.0,6,中维护
A3,2025-04-06,24,24,82.2833729125058,82.25716571635543,0.6741864706764616,80.8840319366424,83.915819813897,1.0,True,32.0,6,中维护
A3,2025-04-07,13,13,82.2524592242508,82.29329969509196,0.7514495571520983,80.9859228813314,83.2918597280913,0.5416666666666666,True,33.0,6,中维护
A3,2025-04-08,24,24,81.73046320771155,81.56424620339497,0.8026073503982504,79.5214527066704,83.1062728367754,1.0,True,34.0,6,中维护
A3,2025-04-09,24,23,81.9138326624434,81.60451111645489,0.8116517025445054,80.1142936373721,83.1855885748501,0.9583333333333334,True,35.0,6,中维护
A3,2025-04-10,23,23,81.6145740791453,81.68990892971357,0.8101983111312352,80.0192681007631,82.9189176673025,0.9583333333333334,True,36.0,6,中维护
A3,2025-04-11,23,23,81.4377434415234,81.41512800531828,0.763515299258669,79.5074789834806,82.8259535866068,0.9583333333333334,True,37.0,6,中维护
A3,2025-04-12,13,13,81.1339657535684,81.05712216877167,0.9340529952876362,79.5029885644182,82.5206889152512,0.5416666666666666,True,38.0,6,中维护
A3,2025-04-13,24,24,80.86635751285395,80.94549587490832,0.7104990812834824,79.5804038991456,82.5748405064913,1.0,True,39.0,6,中维护
A3,2025-04-14,8,8,81.0125477639344,80.81818052120262,0.9897274034461514,78.7497673952095,81.8601153361108,0.3333333333333333,True,40.0,6,中维护
A3,2025-04-15,15,14,80.46451883315885,80.4178780961248,0.7775002019825861,79.1800779862043,81.9336750805649,0.5833333333333334,True,41.0,6,中维护
A3,2025-04-16,13,13,80.4953252646229,80.45643524468066,0.815805278607212,79.2149498575535,82.2349856826092,0.5416666666666666,True,42.0,6,中维护
A3,2025-04-17,23,23,79.6576151446031,79.68076785419458,1.086883893592303,78.0554374084701,81.6061283921723,0.9583333333333334,True,43.0,6,中维护
A3,2025-04-18,16,16,79.61832374172545,79.63370779727892,0.8076169065983634,78.1305537785583,80.8291666353224,0.6666666666666666,True,44.0,6,中维护
A3,2025-04-19,24,24,79.65329299308729,79.79886260413296,1.1534544045245063,78.3761306859515,84.4764216195585,1.0,True,45.0,6,中维护
A3,2025-04-20,24,22,79.1667235498502,79.05445964244879,0.7134776913803004,77.4961645082672,80.4376242520657,0.9166666666666666,True,46.0,6,中维护
A3,2025-04-21,13,13,78.9394419931195,78.92049452966693,0.5094532175818045,78.0772059833291,79.9170818511735,0.5416666666666666,True,47.0,6,中维护
A3,2025-04-22,24,24,78.48097208265256,78.45992817852148,0.6683288999040443,77.0760567346735,79.676256906791,1.0,True,48.0,6,中维护
A3,2025-04-23,15,15,78.2963891739119,78.36960849057238,0.5661710084173907,77.644001587076,79.3182978577884,0.625,True,49.0,6,中维护
A3,2025-04-24,20,20,78.10729861531004,77.95159927124253,0.6257358642454722,76.5246399494442,78.8554617145379,0.8333333333333334,True,50.0,6,中维护
A3,2025-04-25,23,23,78.0851734229856,78.00668599012515,0.7677652164119732,76.1027244667041,79.5928994032907,0.9583333333333334,True,51.0,6,中维护
A3,2025-04-26,24,24,77.7830811966967,78.0026135334469,0.8272009472024342,76.2654834503926,80.0400577089465,1.0,True,52.0,6,中维护
A3,2025-04-27,24,24,77.62453573061195,77.71264356248095,0.7493549791206696,76.465864584305,79.4289813802726,1.0,True,53.0,6,中维护
A3,2025-04-28,21,21,77.5272609023289,77.32221727018617,0.7691717410243192,75.5421676188395,78.6037093183387,0.875,True,54.0,6,中维护
A3,2025-04-29,23,19,77.9098545076801,77.8464337149599,0.6478177652995911,76.7005335575254,79.3976465638815,0.7916666666666666,True,55.0,6,中维护
A3,2025-04-30,24,20,77.3491434050438,77.33418896137914,0.628824063243953,75.7742316887266,78.5139815491337,0.8333333333333334,True,56.0,6,中维护
A3,2025-05-01,16,16,77.00751692555934,77.10342124092871,0.49282157872937643,76.2980179463482,77.9656363562972,0.6666666666666666,True,57.0,6,中维护
A3,2025-05-02,15,15,76.7497368882519,76.65493320651221,0.384005549962615,75.9947178549634,77.4900931442878,0.625,True,58.0,6,中维护
A3,2025-05-03,22,22,76.58791496805836,76.578958115548,0.4701861544067927,75.6888534080069,77.4988771014227,0.9166666666666666,True,59.0,6,中维护
A3,2025-05-04,12,12,75.8124255156914,75.90444408181285,0.4889502097410597,75.2408299050714,76.6922613576799,0.5,True,60.0,6,中维护
A3,2025-05-05,15,15,75.8381457709993,75.84863716381071,0.42067985656403745,75.0761716398676,76.4395676070836,0.625,True,61.0,6,中维护
A3,2025-05-06,8,0,,,,,,0.0,False,0.0,7,中维护
A3,2025-05-09,21,21,98.9473970625907,98.95996772513247,0.18622670215583428,98.6794378156282,99.3357043790304,0.875,True,3.0,7,中维护
A3,2025-05-10,22,22,98.87537382630606,98.88776581167525,0.49523309126398596,97.6481599130741,99.7064402069555,0.9166666666666666,True,4.0,7,中维护
A3,2025-05-11,24,24,98.73675806943535,98.67025978939012,0.5572425462887338,96.8502517786781,99.4091141053642,1.0,True,5.0,7,中维护
A3,2025-05-12,22,18,98.56767155684645,98.56695235577159,0.4980493526930168,97.7163906103441,99.5286546262094,0.75,True,6.0,7,中维护
A3,2025-05-13,23,23,98.2681463402818,98.37553850110575,0.547991937632837,97.1549326409249,99.4328781641527,0.9583333333333334,True,7.0,7,中维护
A3,2025-05-14,20,19,98.1278307022397,97.93830054040932,0.502500976613509,96.9106829535801,98.6804735947441,0.7916666666666666,True,8.0,7,中维护
A3,2025-05-15,15,13,97.7911968883212,97.79911748875458,0.5585760185125724,96.7890449822315,98.709957042477,0.5416666666666666,True,9.0,7,中维护
A3,2025-05-16,24,24,97.55790119142856,97.51849786271463,0.45359897946608485,96.5756316638719,98.437782230718,1.0,True,10.0,7,中维护
A3,2025-05-17,24,24,97.67063825796205,97.66027825974557,0.5237091926485395,96.6503441695862,98.5602392732179,1.0,True,11.0,7,中维护
A3,2025-05-18,24,24,97.6453655652914,97.58519569730286,0.4891737823370034,96.4230125545518,98.5242011149234,1.0,True,12.0,7,中维护
A3,2025-05-19,12,12,97.3571358817469,97.25032022180396,0.37678696807271195,96.6306261025639,97.8238504521391,0.5,True,13.0,7,中维护
A3,2025-05-20,23,23,96.9340051339567,96.89134248278737,0.5205751254163162,95.780714706315,98.0857451870606,0.9583333333333334,True,14.0,7,中维护
A3,2025-05-21,24,24,97.0528101881873,96.9820792983802,0.5431440631277089,95.4909058321563,98.0071457308462,1.0,True,15.0,7,中维护
A3,2025-05-22,24,23,96.659362354739,96.65838620187242,0.5225496283288349,95.6288365884386,97.4228737320581,0.9583333333333334,True,16.0,7,中维护
A3,2025-05-23,15,15,96.6391054108812,96.63670469663334,0.4098732462074913,95.7305201398281,97.1550396454955,0.625,True,17.0,7,中维护
A3,2025-05-24,21,21,96.1847903002081,96.20446652846792,0.47382836372837184,95.2256182302688,96.9201710953648,0.875,True,18.0,7,中维护
A3,2025-05-25,21,17,96.2745804576771,96.29256814782552,0.4940613981568415,95.4134361131382,97.456075001736,0.7083333333333334,True,19.0,7,中维护
A3,2025-05-26,21,21,95.8256941584711,95.75108591531125,0.44179441721161233,94.8534933782456,96.3975615555879,0.875,True,20.0,7,中维护
A3,2025-05-27,22,21,95.803639903234,95.70816464972097,0.4143553796999135,94.7295183059277,96.356670502739,0.875,True,21.0,7,中维护
A3,2025-05-28,23,23,95.7224431129494,95.664391038298,0.4869512150348595,94.7968624204474,96.434777262068,0.9583333333333334,True,22.0,7,中维护
A3,2025-05-29,23,23,95.6040400447128,95.57220094018258,0.5098305970627205,94.5897291205565,96.4835729643303,0.9583333333333334,True,23.0,7,中维护
A3,2025-05-30,24,23,95.4014345850313,95.34571912371506,0.4297889739160997,94.3789908135612,96.1748106358555,0.9583333333333334,True,24.0,7,中维护
A3,2025-05-31,14,14,95.24351939340956,95.21871837844533,0.38411671509631745,94.6609434523642,96.0252716873955,0.5833333333333334,True,25.0,7,中维护
A3,2025-06-01,17,17,94.2763238429906,94.51500929987165,1.4150315044932242,92.4516382198069,97.2673165700538,0.7083333333333334,True,26.0,7,中维护
A3,2025-06-02,21,21,94.9288963248668,94.40008004549584,1.6502894360625202,89.7789156488578,96.4400312893692,0.875,True,27.0,7,中维护
A3,2025-06-03,21,17,95.3994338942892,95.48003235279423,1.258872378985026,93.5913818352254,98.0672890601716,0.7083333333333334,True,28.0,7,中维护
A3,2025-06-04,17,17,94.1890532518372,94.54139797962296,1.5034157683322387,92.6927913841471,98.3922188734592,0.7083333333333334,True,29.0,7,中维护
A3,2025-06-05,18,17,94.8076031883366,94.62656841971828,1.5688322147510612,91.0967102324821,97.3207157971618,0.7083333333333334,True,30.0,7,中维护
A3,2025-06-06,22,21,94.0847593065641,94.636432561142,1.8733374745611038,90.4901391112531,98.3417386063943,0.875,True,31.0,7,中维护
A3,2025-06-07,19,19,95.0923276273009,95.2763951384739,1.6641105402883336,91.0791606808485,98.206414302863,0.7916666666666666,True,32.0,7,中维护
A3,2025-06-08,17,17,94.3985701611176,93.93233404035195,1.7690978588146309,90.3300766698768,95.7562077529758,0.7083333333333334,True,33.0,7,中维护
A3,2025-06-09,24,23,94.7838820403576,94.41824599967003,1.8235429886208987,89.3883379394334,97.0771375115839,0.9583333333333334,True,34.0,7,中维护
A3,2025-06-10,14,14,93.49334581025559,93.81714429095067,1.8618267622602114,90.925795601781,96.7568824089025,0.5833333333333334,True,35.0,7,中维护
A3,2025-06-11,17,17,94.1607845208171,94.31460021283814,1.5380939453054912,92.0535478795833,96.4993555520057,0.7083333333333334,True,36.0,7,中维护
A3,2025-06-12,19,19,93.6181173458347,93.9128725576488,1.7790462579623383,91.5441003948379,97.7658060160386,0.7916666666666666,True,37.0,7,中维护
A3,2025-06-13,24,23,93.6470255803466,93.97304719274304,1.921386221206041,89.0581924016042,97.4367531141687,0.9583333333333334,True,38.0,7,中维护
A3,2025-06-14,11,10,93.06102858574386,93.33783021740001,1.6397611261609923,91.424857066626,96.7237745011039,0.4166666666666667,True,39.0,7,中维护
A3,2025-06-15,24,24,93.68887780909695,93.94697051808693,1.582902624431929,90.9495559792269,97.7373088374977,1.0,True,40.0,7,中维护
A3,2025-06-16,22,21,93.4999214122328,93.78656713009721,1.6855444042701024,90.6973255998037,96.8374223498528,0.875,True,41.0,7,中维护
A3,2025-06-17,24,24,92.91902999189796,93.13996198987637,1.8691422934173638,90.2504265602649,97.7992114282741,1.0,True,42.0,7,中维护
A3,2025-06-18,22,22,94.22489443402429,94.24998760576091,1.260414074256601,92.545153068856,97.5262482694243,0.9166666666666666,True,43.0,7,中维护
A3,2025-06-19,17,17,93.9940989174413,93.69001680228536,2.0526293904671005,89.833285439386,96.7213800541728,0.7083333333333334,True,44.0,7,中维护
A3,2025-06-20,19,18,92.6598459065889,92.99201989577614,1.2078926649520487,91.5302243229636,95.574278034259,0.75,True,45.0,7,中维护
A3,2025-06-21,24,24,93.00366669032195,92.98937148058467,1.7424123793287045,89.4979243771718,97.1435921385582,1.0,True,46.0,7,中维护
A3,2025-06-22,17,15,93.1672014299996,93.27684427076714,1.4808150071710156,91.0210795659406,96.9773367467596,0.625,True,47.0,7,中维护
A3,2025-06-23,18,18,93.5023360546576,93.02467046266005,1.9954492465105558,89.0668109360056,97.6130049835683,0.75,True,48.0,7,中维护
A3,2025-06-24,17,16,94.12695784366099,94.47365762929262,2.3951870679269796,91.8017865640632,102.735090647859,0.6666666666666666,True,49.0,7,中维护
A3,2025-06-25,15,15,92.1620536937469,92.5018562145323,1.9284822936199246,89.0979574452714,96.3997454107734,0.625,True,50.0,7,中维护
A3,2025-06-26,20,19,92.6585397481334,92.74965323469031,1.870168032757079,88.1566717022562,94.9990343383313,0.7916666666666666,True,51.0,7,中维护
A3,2025-06-27,22,22,93.2066239521325,92.78378755610774,1.992479517422249,88.9726487049815,96.119340171605,0.9166666666666666,True,52.0,7,中维护
A3,2025-06-28,11,11,92.7332380814331,93.17282376394597,1.9318654583547739,90.6639291004508,96.8072351862091,0.4583333333333333,True,53.0,7,中维护
A3,2025-06-29,19,19,92.0366562237859,92.21127780838329,1.3561897636868594,90.2482692358231,95.7659157732902,0.7916666666666666,True,54.0,7,中维护
A3,2025-06-30,16,14,93.337187502541,93.07496020332317,1.7021253085691121,89.1455702624978,96.0160339527637,0.5833333333333334,True,55.0,7,中维护
A3,2025-07-01,13,13,91.4599650976153,92.23935464429987,2.2877087854302087,90.0720275194628,96.6675369653125,0.5416666666666666,True,56.0,7,中维护
A3,2025-07-02,23,0,,,,,,0.0,False,0.0,8,大维护
A3,2025-07-03,12,12,102.319847156444,102.28947805112382,0.864133868187237,100.88137508781,103.689237105708,0.5,True,1.0,8,大维护
A3,2025-07-04,17,17,102.739321055749,102.45499182652935,1.0143936192855325,100.961420575619,104.429360975281,0.7083333333333334,True,2.0,8,大维护
A3,2025-07-05,24,24,102.0136554796645,101.82832305061503,1.081241620183451,99.9228118979835,104.395907508065,1.0,True,3.0,8,大维护
A3,2025-07-06,11,10,101.4236169665095,101.66912410692072,2.4323821484998707,98.2897068024396,105.485395988149,0.4166666666666667,True,4.0,8,大维护
A3,2025-07-07,24,24,101.68722988104349,102.0015415021093,2.3829341795819015,95.1283962688346,106.924661331462,1.0,True,5.0,8,大维护
A3,2025-07-08,21,21,103.179131066092,102.96790985222427,2.3817957654361774,98.2918074856209,107.892092290912,0.875,True,6.0,8,大维护
A3,2025-07-09,24,23,102.086882254691,101.89037413849853,1.7622280953989993,98.6033556343234,105.830189641494,0.9583333333333334,True,7.0,8,大维护
A3,2025-07-10,9,9,101.946986244815,102.24758741596146,3.0998870435649324,97.2911705769555,106.850109935253,0.375,True,8.0,8,大维护
A3,2025-07-11,22,22,103.45582435119,102.89112690488996,2.2131792869873674,97.2902769048673,106.223542445067,0.9166666666666666,True,9.0,8,大维护
A3,2025-07-12,17,17,102.242727150509,102.6205733201735,2.8227967506999696,96.9952471213146,106.854816644022,0.7083333333333334,True,10.0,8,大维护
A3,2025-07-13,24,22,102.76185065980201,102.41492606965556,3.3764673596029455,97.5812134099833,111.273025285243,0.9166666666666666,True,11.0,8,大维护
A3,2025-07-14,21,21,101.728311065802,101.67383001346586,1.6218966043289682,98.7651399194178,104.79375717358,0.875,True,12.0,8,大维护
A3,2025-07-15,12,12,102.7679031757065,102.12090634474957,2.8235362531039123,98.0219129114455,107.083393488091,0.5,True,13.0,8,大维护
A3,2025-07-16,19,19,102.563011150188,102.81230090979074,1.639473343516483,100.59309417951,107.157921846353,0.7916666666666666,True,14.0,8,大维护
A3,2025-07-17,21,21,101.662361097565,101.88926751009343,2.408587341750229,96.2798758379954,106.362302400905,0.875,True,15.0,8,大维护
A3,2025-07-18,20,20,102.075559881581,101.52948346737955,2.086305740901007,96.8293800532344,104.836507761566,0.8333333333333334,True,16.0,8,大维护
A3,2025-07-19,23,22,101.91572659095999,102.00022290223193,2.458715083212855,98.0070401203312,107.034827802732,0.9166666666666666,True,17.0,8,大维护
A3,2025-07-20,20,20,101.743921931369,101.77555003928258,1.8332251740082932,98.6512385857534,105.027482609524,0.8333333333333334,True,18.0,8,大维护
A3,2025-07-21,13,13,101.142807394507,101.25880027355123,2.080372485425663,97.5619648829737,105.355677546238,0.5416666666666666,True,19.0,8,大维护
A3,2025-07-22,15,15,102.058328016527,102.67636609218575,1.6742110019133385,100.13374179788,106.289927210226,0.625,True,20.0,8,大维护
A3,2025-07-23,22,22,102.441770008877,102.29548497083486,2.8091164506502007,94.8364129278179,107.644389979784,0.9166666666666666,True,21.0,8,大维护
A3,2025-07-24,21,21,103.201438479028,102.87709290897025,2.8029170000322705,97.9758663653973,111.803174274463,0.875,True,22.0,8,大维护
A3,2025-07-25,12,12,100.994174235598,101.54452849585567,1.9948790605375488,99.149470154189,106.668540970183,0.5,True,23.0,8,大维护
A3,2025-07-26,22,22,102.43285491527749,101.55430956578442,2.378158919627369,97.0238343386668,104.198197178755,0.9166666666666666,True,24.0,8,大维护
A3,2025-07-27,24,24,101.805427938271,101.83795140273166,2.0179559077798146,98.0746862369882,104.471452626696,1.0,True,25.0,8,大维护
A3,2025-07-28,24,24,100.79278923000851,101.21584616598521,2.0015258971265664,98.0798883707284,105.555028218276,1.0,True,26.0,8,大维护
A3,2025-07-29,13,12,101.7090126263655,101.30154204482746,1.836850697722532,97.8823532267395,103.707100106075,0.5,True,27.0,8,大维护
A3,2025-07-30,22,22,102.611538971643,102.44317828540784,2.7779536113064647,97.2930005415401,110.283485805118,0.9166666666666666,True,28.0,8,大维护
A3,2025-07-31,20,20,102.174982776753,102.2752505808723,1.5679226889512792,100.24567180634,104.994619001734,0.8333333333333334,True,29.0,8,大维护
A3,2025-08-01,6,6,101.935924038818,101.76066161558008,1.564016456536116,98.9855271522314,103.246519435872,0.25,True,30.0,8,大维护
A3,2025-08-02,3,3,102.948671061046,103.04160968054966,0.5733923307555566,102.52036376704,103.655794213563,0.125,True,31.0,8,大维护
A3,2025-08-03,20,19,101.095266047187,101.83593275212938,4.315410735787437,95.6434347951545,114.505339661906,0.7916666666666666,True,32.0,8,大维护
A3,2025-08-04,15,14,101.5545821577185,101.85504375475452,2.2046744230388122,97.9061604738476,105.804558486936,0.5833333333333334,True,33.0,8,大维护
A3,2025-08-05,17,16,101.7317056959275,101.33074791294756,3.2851950749760808,96.2406931326919,108.379168670046,0.6666666666666666,True,34.0,8,大维护
A3,2025-08-06,13,13,101.705077978555,101.70959395664377,2.9860139585132703,97.2352233418402,107.105657309853,0.5416666666666666,True,35.0,8,大维护
A3,2025-08-07,21,21,101.085639692186,100.98890557206994,2.987198641484952,94.3520941801179,106.145282114873,0.875,True,36.0,8,大维护
A3,2025-08-08,24,24,100.154278659591,100.2437259027949,1.9703178133840265,96.1883089868148,104.34282384637,1.0,True,37.0,8,大维护
A3,2025-08-09,8,8,101.2804017079105,101.18375378081078,1.731804367449972,98.6190660053005,104.412338437438,0.3333333333333333,True,38.0,8,大维护
A3,2025-08-10,20,20,100.5926000638475,100.89210936516767,2.1906913817491604,98.0402327318243,106.931659034298,0.8333333333333334,True,39.0,8,大维护
A3,2025-08-11,23,22,101.13423835596299,100.07086066534502,2.4335072919218588,94.6557692259901,103.382772984626,0.9166666666666666,True,40.0,8,大维护
A3,2025-08-12,14,8,100.2475798291665,100.75790882948867,2.557982380194606,96.8481503685666,104.970836407474,0.3333333333333333,True,41.0,8,大维护
A3,2025-08-13,21,21,101.188003955453,100.75095250534798,2.065685645737179,96.5143619246269,104.052018625332,0.875,True,42.0,8,大维护
A3,2025-08-14,24,24,100.445513587178,100.3449541099684,2.524612618826736,95.2316759422285,104.737018118969,1.0,True,43.0,8,大维护
A3,2025-08-15,24,24,100.4525289254185,100.20125484961376,2.970334399627205,94.3740997570504,105.114456505505,1.0,True,44.0,8,大维护
A3,2025-08-16,12,8,98.89925852687534,99.29236909657607,2.6240140696073335,96.658636794223,104.722638704248,0.3333333333333333,True,45.0,8,大维护
A3,2025-08-17,18,16,99.35899732188454,99.65055489554359,2.432334800498627,96.1055891701424,103.097595507658,0.6666666666666666,True,46.0,8,大维护
A3,2025-08-18,24,18,99.38041506780024,99.06887180754126,2.2228804417303882,94.7382008622379,103.180923450101,0.75,True,47.0,8,大维护
A3,2025-08-19,24,24,99.4008738170281,99.69104247275077,4.681576458805132,84.4898043255414,107.946807557472,1.0,True,48.0,8,大维护
A3,2025-08-20,11,11,100.040348289992,99.93711676959384,1.986939772773418,96.3338284065985,103.035177034072,0.4583333333333333,True,49.0,8,大维护
A3,2025-08-21,24,24,97.7036980228468,98.42039581317805,2.917429487164447,93.664913135998,103.152528459729,1.0,True,50.0,8,大维护
A3,2025-08-22,24,24,99.13751320596404,99.26054139531165,1.948190969615578,95.671140740187,102.690939272723,1.0,True,51.0,8,大维护
A3,2025-08-23,23,23,98.4614028728194,98.28046612387618,3.135868265282492,91.7985903992258,103.418855259321,0.9583333333333334,True,52.0,8,大维护
A3,2025-08-24,12,12,100.075857677588,99.81929526848374,1.958316362748691,96.8657255463386,104.242743701021,0.5,True,53.0,8,大维护
A3,2025-08-25,17,17,97.1541091166311,97.67190323457069,2.428015156840739,93.4166690613601,102.46049425095,0.7083333333333334,True,54.0,8,大维护
A3,2025-08-26,19,19,96.6906417233574,97.45671851792247,3.364992858471923,93.4677212586679,106.701181997261,0.7916666666666666,True,55.0,8,大维护
A3,2025-08-27,17,17,99.3030440929164,98.61303607234971,2.09960120660277,94.4000797662334,101.964540747349,0.7083333333333334,True,56.0,8,大维护
A3,2025-08-28,24,24,99.1860307379844,98.99152521372093,2.898578709723131,92.4021068587074,103.300421136226,1.0,True,57.0,8,大维护
A3,2025-08-29,23,22,98.99498314663595,98.78701589793532,2.07218741278811,95.1616177122222,101.750458901575,0.9166666666666666,True,58.0,8,大维护
A3,2025-08-30,23,18,97.11963949524659,97.50130305508151,2.8420644622314724,92.2587955547283,103.230798724238,0.75,True,59.0,8,大维护
A3,2025-08-31,13,13,98.8179962173932,98.57802015926619,1.9554511864200288,94.2393203707009,101.746962989622,0.5416666666666666,True,60.0,8,大维护
A3,2025-09-01,22,22,97.3142675753456,97.32708987206496,0.7110252737123133,96.0002457121484,98.9071968094168,0.9166666666666666,True,61.0,8,大维护
A3,2025-09-02,11,10,96.76409405995375,96.75840509469793,0.7594068979912743,95.436213168288,98.2044251308652,0.4166666666666667,True,62.0,8,大维护
A3,2025-09-03,14,14,96.0155360515553,95.93144230735905,0.5203462132228712,95.2182535678889,96.6769034620957,0.5833333333333334,True,63.0,8,大维护
A3,2025-09-04,22,20,94.7663941836003,94.92314216998093,0.6235138140637533,93.9518168925261,96.4408159907327,0.8333333333333334,True,64.0,8,大维护
A3,2025-09-05,23,23,94.5307060118596,94.55636560525824,0.4650168833715259,93.1770927426669,95.3502328969542,0.9583333333333334,True,65.0,8,大维护
A3,2025-09-06,24,23,94.0500138106474,94.05134154826327,0.5700681336904587,93.2178825791057,95.5276156718198,0.9583333333333334,True,66.0,8,大维护
A3,2025-09-07,13,13,93.6845772569986,93.69690512034734,0.6710382281250278,92.6061065723959,94.9125340411078,0.5416666666666666,True,67.0,8,大维护
A3,2025-09-08,22,21,92.9491499753877,92.93505358046657,0.679018283312993,91.340150710161,94.5317638728656,0.875,True,68.0,8,大维护
A3,2025-09-09,24,24,92.56574272593895,92.56573569633566,0.4690068320343542,91.8108088397969,93.4507257646056,1.0,True,69.0,8,大维护
A3,2025-09-10,24,24,92.07488718879816,91.9904772648848,0.6700977201795107,90.8971599367723,93.3063822833246,1.0,True,70.0,8,大维护
A3,2025-09-11,24,23,91.0669352286338,90.94613326068473,0.598462255221593,89.8507422443367,91.7921385196143,0.9583333333333334,True,71.0,8,大维护
A3,2025-09-12,17,17,90.6523393038171,90.72575863465848,0.5560215861711976,89.3300218343397,91.5685510195258,0.7083333333333334,True,72.0,8,大维护
A3,2025-09-13,18,18,90.32581803838235,90.37238888681699,0.6981713248492477,89.1743670815994,91.8868420395335,0.75,True,73.0,8,大维护
A3,2025-09-14,23,20,89.9799241938175,89.8589975637487,0.5571628451410502,88.6752819221485,90.750431938791,0.8333333333333334,True,74.0,8,大维护
A3,2025-09-15,24,0,,,,,,0.0,False,0.0,9,中维护
A3,2025-09-16,20,20,119.81234655709201,119.86286943104344,0.35081656545476375,119.328071222721,120.659243204791,0.8333333333333334,True,1.0,9,中维护
A3,2025-09-17,16,16,119.5586638605175,119.51880315868237,0.31787116647391317,119.001067504904,120.018129743054,0.6666666666666666,True,2.0,9,中维护
A3,2025-09-18,24,24,118.7773882282345,118.83160026505884,0.236168849305044,118.451442691566,119.362983719318,1.0,True,3.0,9,中维护
A3,2025-09-19,24,24,118.535989289771,118.59261169119925,0.557643659398468,117.551800544123,119.8183795514,1.0,True,4.0,9,中维护
A3,2025-09-20,22,20,118.272606133186,118.29369834340726,0.5760820199541001,117.430724508578,119.477873193599,0.8333333333333334,True,5.0,9,中维护
A3,2025-09-21,12,12,117.46570991000499,117.345984061294,0.5906999744286056,115.987693276401,118.345304244256,0.5,True,6.0,9,中维护
A3,2025-09-22,23,23,116.764897463497,116.91813032481177,0.7471669022635027,115.661779470571,118.475908492733,0.9583333333333334,True,7.0,9,中维护
A3,2025-09-23,24,24,116.5256892343995,116.56491662627838,0.4286696190294536,115.847979232798,117.406125717227,1.0,True,8.0,9,中维护
A3,2025-09-24,24,24,115.5186479673465,115.63916917856562,0.6015149894718524,114.373314438442,116.800137795477,1.0,True,9.0,9,中维护
A3,2025-09-25,24,24,114.77032238861099,114.83825397012741,0.539763839284308,113.830736183913,115.980416244237,1.0,True,10.0,9,中维护
A3,2025-09-26,23,18,114.2042578497155,114.31489041829029,0.6264914426267977,113.134296698141,115.660754941897,0.75,True,11.0,9,中维护
A3,2025-09-27,13,12,113.411784922558,113.50125705190226,0.6580107040508594,112.668345144664,114.525810069175,0.5,True,12.0,9,中维护
A3,2025-09-28,22,21,113.186045615313,113.20637687588004,0.6969684713557087,111.901579058655,114.431783912964,0.875,True,13.0,9,中维护
A3,2025-09-29,24,24,113.20970346606549,113.2539157037155,0.7317458311847174,111.924083376991,114.74190756706,1.0,True,14.0,9,中维护
A3,2025-09-30,24,24,112.1502838110265,112.31218777098708,0.6154742366334625,111.302668958035,113.488199245966,1.0,True,15.0,9,中维护
A3,2025-10-01,14,14,111.8689040635705,111.90789746565113,0.5946717480202882,110.809392178862,113.194847596533,0.5833333333333334,True,16.0,9,中维护
A3,2025-10-02,23,21,111.283854182378,111.34973319719737,0.7043033877518811,109.982360892476,112.409644165539,0.875,True,17.0,9,中维护
A3,2025-10-03,24,24,110.5607264848145,110.73139786094076,0.707092510968899,109.727982651141,112.279226556126,1.0,True,18.0,9,中维护
A3,2025-10-04,19,19,110.56142243444,110.55187447993048,0.6733620130731354,109.093142971647,111.919585557351,0.7916666666666666,True,19.0,9,中维护
A3,2025-10-05,14,11,109.969131088176,109.98614104104337,0.46696186340139445,109.315450821824,110.716297549666,0.4583333333333333,True,20.0,9,中维护
A3,2025-10-06,23,21,110.005010648881,109.954814181057,0.6082014421448226,108.880645608639,110.990709441259,0.875,True,21.0,9,中维护
A3,2025-10-07,24,24,109.358902222182,109.22146158588733,0.5467210922578877,107.593990359756,110.03511429443,1.0,True,22.0,9,中维护
A3,2025-10-08,24,24,108.3936528744965,108.42309395722542,0.6574012384708516,107.203839751822,109.495065243265,1.0,True,23.0,9,中维护
A3,2025-10-09,11,11,108.118855021331,108.05653069178737,0.5793749835783025,107.061904609201,109.207014446939,0.4583333333333333,True,24.0,9,中维护
A3,2025-10-10,24,23,106.925684582719,106.96608247854034,0.7641988778426402,105.614105138802,108.583547483008,0.9583333333333334,True,25.0,9,中维护
A3,2025-10-11,24,24,106.4253359660665,106.47994708525391,0.6311261628728829,105.372202438042,107.392648950878,1.0,True,26.0,9,中维护
A3,2025-10-12,23,23,106.528696380361,106.58423111098635,0.5851346983673497,105.698153762288,108.040720349556,0.9583333333333334,True,27.0,9,中维护
A3,2025-10-13,12,12,105.5577406053075,105.49936100677934,0.33842665347498185,104.856080319693,105.94637546561,0.5,True,28.0,9,中维护
A3,2025-10-14,23,23,104.88225247256,104.83679406620999,0.649061619166603,103.593582206923,106.067371398859,0.9583333333333334,True,29.0,9,中维护
A3,2025-10-15,20,20,104.37181982463099,104.34113187065358,0.645282820830769,103.165304148198,105.721087786244,0.8333333333333334,True,30.0,9,中维护
A3,2025-10-16,16,16,103.60499750063249,103.59676047858044,0.7383906885250712,101.975311154936,105.280464350245,0.6666666666666666,True,31.0,9,中维护
A3,2025-10-17,24,23,102.493212908694,102.59576524289317,0.6781129309888286,101.001094887168,103.796483496547,0.9583333333333334,True,32.0,9,中维护
A3,2025-10-18,19,16,101.781241589931,101.78773581239801,0.8813472035839552,99.3572537074352,103.365865653144,0.6666666666666666,True,33.0,9,中维护
A3,2025-10-19,17,17,101.228609716391,101.36190882960571,0.7269205866211402,100.192929521544,102.544347164781,0.7083333333333334,True,34.0,9,中维护
A3,2025-10-20,24,24,100.99178099884301,101.01275726473399,0.5096685260864746,99.4896464450229,101.82773899109,1.0,True,35.0,9,中维护
A3,2025-10-21,24,23,100.424918503119,100.44754021613461,0.8495144757794029,99.0351579462755,101.618854610719,0.9583333333333334,True,36.0,9,中维护
A3,2025-10-22,22,22,100.06307247953049,100.20467919145678,0.5281987496312488,99.3683608398734,101.14357406101,0.9166666666666666,True,37.0,9,中维护
A3,2025-10-23,15,14,99.35123302953161,99.27197262313788,0.4238972044112816,98.4496194773863,99.9261778702857,0.5833333333333334,True,38.0,9,中维护
A3,2025-10-24,24,24,98.49436747747785,98.45130899383359,0.6603086510947039,97.2950189367495,99.5997559955784,1.0,True,39.0,9,中维护
A3,2025-10-25,24,23,97.8360653328237,97.81697629007354,0.4353880954000919,96.9582013076799,98.843400211288,0.9583333333333334,True,40.0,9,中维护
A3,2025-10-26,24,24,96.95671395889775,97.10389648022435,0.7741302338271525,95.387121889221,98.6652987251917,1.0,True,41.0,9,中维护
A3,2025-10-27,15,14,96.42662121284995,96.37394531041696,0.6897682097508301,95.1377839983735,97.4388990561034,0.5833333333333334,True,42.0,9,中维护
A3,2025-10-28,24,24,95.3182376411327,95.37588782707208,0.628037318278605,94.1965969177115,96.7654094408499,1.0,True,43.0,9,中维护
A3,2025-10-29,24,21,94.9932208922968,94.99651102524255,0.8633070655643295,93.4981139163564,96.6020445615492,0.875,True,44.0,9,中维护
A3,2025-10-30,23,22,94.28028314862516,94.42708900708594,0.5887716752897274,93.4651723796959,95.7233574459937,0.9166666666666666,True,45.0,9,中维护
A3,2025-10-31,13,12,93.5430806518041,93.51163728185439,0.3975579273910528,92.8076063038475,94.3038190883081,0.5,True,46.0,9,中维护
A3,2025-11-01,22,22,92.70956997997786,92.69153083461335,0.7164032554807869,91.1934280541077,93.8539919752045,0.9166666666666666,True,47.0,9,中维护
A3,2025-11-02,24,24,92.04270891411551,92.0291660746236,0.7616225294332107,90.0737621046873,93.5044210851844,1.0,True,48.0,9,中维护
A3,2025-11-03,24,24,91.536453062597,91.57213246872793,0.7526764716312933,90.2913589223464,93.2065732302484,1.0,True,49.0,9,中维护
A3,2025-11-04,20,18,91.23830756604801,91.19615731874833,0.7386490625196123,89.8302865787422,92.2897942323865,0.75,True,50.0,9,中维护
A3,2025-11-05,22,22,90.17211290560795,90.11489942608502,0.5993366806230461,88.9829570579181,91.3074034387557,0.9166666666666666,True,51.0,9,中维护
A3,2025-11-06,24,24,89.0649121752234,89.0370250932087,0.6467059388900409,87.706014685657,90.3404532137829,1.0,True,52.0,9,中维护
A3,2025-11-07,16,11,88.5112280887115,88.58289713483101,0.895488038469477,87.2335304402107,90.0399806788717,0.4583333333333333,True,53.0,9,中维护
A3,2025-11-08,22,21,87.67541052651,87.55418505855435,0.5826456442885104,86.2964687936351,88.6686354536791,0.875,True,54.0,9,中维护
A3,2025-11-09,14,14,87.3483629197474,87.56688474070702,0.8552868538924827,86.1078584705869,88.8621494552645,0.5833333333333334,True,55.0,9,中维护
A3,2025-11-10,24,23,87.0165474007717,86.7541404531429,0.7259737344851439,85.1965289860959,87.7133373593747,0.9583333333333334,True,56.0,9,中维护
A3,2025-11-11,23,23,85.6763407919484,85.74143000887338,0.665249201417418,84.7588204736253,87.544014870587,0.9583333333333334,True,57.0,9,中维护
A3,2025-11-12,24,22,84.8751679503712,84.979019396491,0.7030333597600887,83.4014150226941,86.0078405634325,0.9166666666666666,True,58.0,9,中维护
A3,2025-11-13,12,12,84.56136717650695,84.42782971253406,0.7512469161751649,82.765818841809,85.3361736474364,0.5,True,59.0,9,中维护
A3,2025-11-14,24,24,84.17745614150664,84.1153496314008,0.7861972329673433,82.2282911927652,85.7083678220669,1.0,True,60.0,9,中维护
A3,2025-11-15,23,23,84.0670310107286,83.94840024977567,0.682448975109187,82.4357101238444,85.2648363048507,0.9583333333333334,True,61.0,9,中维护
A3,2025-11-16,24,24,82.64888501168764,82.52494797426887,0.5929375373236424,80.9110282896569,83.6407079011394,1.0,True,62.0,9,中维护
A3,2025-11-17,24,0,,,,,,0.0,False,0.0,10,大维护
A3,2025-11-18,18,18,101.51718967961651,101.47704613029222,0.2629346206082396,100.978486326305,101.971778702489,0.75,True,1.0,10,大维护
A3,2025-11-19,11,11,100.972192887315,100.99349014655682,0.4013652195574718,100.35771804936,101.686801152158,0.4583333333333333,True,2.0,10,大维护
A3,2025-11-20,24,24,100.49725909672699,100.42499658611699,0.21531874721382369,99.8752298335856,100.72150046525,1.0,True,3.0,10,大维护
A3,2025-11-21,23,22,100.020498044158,99.94265114032406,0.6069482006635113,98.7412034707344,101.162979545493,0.9166666666666666,True,4.0,10,大维护
A3,2025-11-22,24,24,99.36912793469675,99.35681733532988,0.7231070146572904,98.0612621197461,100.460635634742,1.0,True,5.0,10,大维护
A3,2025-11-23,15,15,99.0806722140525,98.84352303223014,0.7935429132581834,97.2169186116869,100.136770163264,0.625,True,6.0,10,大维护
A3,2025-11-24,20,20,97.62813787485476,97.4388474701951,0.7520494047183386,95.4349735427593,98.6733503541586,0.8333333333333334,True,7.0,10,大维护
A3,2025-11-25,24,24,96.65644733228835,96.77057590989962,0.6656377108597022,95.5098808586997,97.8759453424449,1.0,True,8.0,10,大维护
A3,2025-11-26,24,23,95.8820147778139,95.86235173086489,0.8510564749828033,93.6938314117324,97.4739582354605,0.9583333333333334,True,9.0,10,大维护
A3,2025-11-27,18,18,95.42177469139446,95.47376718734719,0.7805471146546532,93.8031292760085,96.9620658981731,0.75,True,10.0,10,大维护
A3,2025-11-28,20,20,95.22766230430409,95.114733881669,0.8810835885431667,93.6021601543923,96.7389644356342,0.8333333333333334,True,11.0,10,大维护
A3,2025-11-29,24,24,93.71754609012105,94.0146733335584,1.107462407044775,92.6401495188396,97.7427744266949,1.0,True,12.0,10,大维护
A3,2025-11-30,24,23,93.0458481010428,92.88395405532572,0.9786370984013483,91.0158812179082,95.1753314614816,0.9583333333333334,True,13.0,10,大维护
A3,2025-12-01,21,17,92.2474551314941,92.31502648414084,0.4138906392138781,91.7085461446209,93.0481074611951,0.7083333333333334,True,14.0,10,大维护
A3,2025-12-02,24,23,91.7673796771964,91.72251534378053,0.4296813789518569,90.9930877809549,92.6511353200957,0.9583333333333334,True,15.0,10,大维护
A3,2025-12-03,24,21,91.2822865127057,91.28559690785653,0.24710771112656313,90.8353694804529,91.8225207083579,0.875,True,16.0,10,大维护
A3,2025-12-04,14,14,90.2627741854435,90.28413796755895,0.26577519542427547,89.7986324325583,90.7170945714426,0.5833333333333334,True,17.0,10,大维护
A3,2025-12-05,24,24,89.66057206654159,89.67425632273647,0.2705803728825083,89.1861128402693,90.1641291445265,1.0,True,18.0,10,大维护
A3,2025-12-06,24,24,88.8336436640488,88.84050717773697,0.23718519592078027,88.3907965967278,89.2589643746968,1.0,True,19.0,10,大维护
A3,2025-12-07,21,21,88.2237032357812,88.23901322868417,0.31370741440401,87.7323091310171,88.9059415519254,0.875,True,20.0,10,大维护
A3,2025-12-08,24,22,87.47479815405946,87.51569012638384,0.27602588656530885,87.12326813117,88.0681036545183,0.9166666666666666,True,21.0,10,大维护
A3,2025-12-09,23,22,86.3112668518242,86.38161227737508,0.2567138849911895,86.0506862604262,86.9167239992973,0.9166666666666666,True,22.0,10,大维护
A3,2025-12-10,24,22,85.23975251742306,85.20007473862496,0.24449332752426792,84.6884352067653,85.715300957732,0.9166666666666666,True,23.0,10,大维护
A3,2025-12-11,13,13,84.1590495815056,84.11527107931406,0.2279505156941758,83.7079639949476,84.5440761891122,0.5416666666666666,True,24.0,10,大维护
A3,2025-12-12,24,24,83.66379543396769,83.66817349383643,0.24325280146363265,83.219269274873,84.0573367680594,1.0,True,25.0,10,大维护
A3,2025-12-13,24,22,83.2076001615102,83.0965854096451,0.33273401746428677,82.3998338694133,83.5969114635104,0.9166666666666666,True,26.0,10,大维护
A3,2025-12-14,24,21,82.5581245192252,82.50517256143777,0.37428545275184294,81.6640543540939,83.316503991764,0.875,True,27.0,10,大维护
A3,2025-12-15,15,15,82.3993370342328,82.33822455181652,0.25372347346898766,81.9489467395803,82.7605081579747,0.625,True,28.0,10,大维护
A3,2025-12-16,24,23,81.7279288457979,81.65474936820655,0.3816615645820037,80.7781549751196,82.1424196258331,0.9583333333333334,True,29.0,10,大维护
A3,2025-12-17,24,24,81.095002115205,81.13712225131428,0.32865816854020824,80.5586554463415,81.8183511919041,1.0,True,30.0,10,大维护
A3,2025-12-18,24,23,80.3453297592234,80.28159001804602,0.25692743183371025,79.7441242623078,80.6490575363669,0.9583333333333334,True,31.0,10,大维护
A3,2025-12-19,23,22,79.47050828382154,79.44868455344427,0.25283463277413226,79.0549242321675,79.9076371000231,0.9166666666666666,True,32.0,10,大维护
A3,2025-12-20,10,10,78.7271067449919,78.70537777243513,0.486151714818189,78.0608148848748,79.3794300341079,0.4166666666666667,True,33.0,10,大维护
A3,2025-12-22,14,14,78.1535117594965,78.2507592668721,0.29310195703940295,77.8968222435775,78.8131077606257,0.5833333333333334,True,35.0,10,大维护
A3,2025-12-23,24,24,77.4474329686101,77.35134043951507,0.30573637793572717,76.7179240169008,77.7999940911511,1.0,True,36.0,10,大维护
A3,2025-12-24,20,19,76.4983623572117,76.48637361587369,0.3186373897880063,75.6220703612898,77.0432789196799,0.7916666666666666,True,37.0,10,大维护
A3,2025-12-25,23,23,75.1072420204059,75.08682743311331,0.2860559876654081,74.3781307295264,75.5683156094289,0.9583333333333334,True,38.0,10,大维护
A3,2025-12-26,24,23,74.749864659116,74.79381870197876,0.27464429892385583,74.3590989107029,75.252907315329,0.9583333333333334,True,39.0,10,大维护
A3,2025-12-27,24,20,73.7545451331649,73.78856558473012,0.27772066200629725,73.3510715913312,74.3391365656379,0.8333333333333334,True,40.0,10,大维护
A3,2025-12-28,16,14,73.09553233880075,73.04891028332321,0.3478866559577551,72.2907868260774,73.4829716536061,0.5833333333333334,True,41.0,10,大维护
A3,2025-12-29,23,23,72.6661300248207,72.69215383752594,0.2375051863169693,72.1730164675905,73.1005357552134,0.9583333333333334,True,42.0,10,大维护
A3,2025-12-30,15,15,71.7893231750007,71.76708717051015,0.1840459925315411,71.4487446864516,72.0403099658277,0.625,True,43.0,10,大维护
A3,2025-12-31,21,21,70.8048400288358,70.78433419209411,0.2858646497773289,70.2651331329286,71.4097356459079,0.875,True,44.0,10,大维护
A3,2026-01-01,24,24,70.52580517151236,70.43802270551468,0.5735781367233068,69.1731620287441,71.4852984240757,1.0,True,45.0,10,大维护
A3,2026-01-02,23,22,69.69970420812734,69.74533173323807,0.4557599127224778,68.9186145303864,70.8309998093958,0.9166666666666666,True,46.0,10,大维护
A3,2026-01-03,24,24,69.9284656871897,69.88504357050839,0.4582975169900718,68.9891232838871,70.5572084386184,1.0,True,47.0,10,大维护
A3,2026-01-04,11,11,69.7117516877251,69.75120152867144,0.5794752683732495,68.7763891732903,71.1571115265991,0.4583333333333333,True,48.0,10,大维护
A3,2026-01-05,24,24,69.3976603750538,69.50370425906372,0.4649350203455216,68.6085088830551,70.3270426868197,1.0,True,49.0,10,大维护
A3,2026-01-06,24,24,68.4385737699086,68.50386982075965,0.45504870611468173,67.5863082420959,69.2156197906268,1.0,True,50.0,10,大维护
A3,2026-01-07,24,24,67.54105723101395,67.46592160407948,0.48912151014671856,66.4633085224467,68.4495780480437,1.0,True,51.0,10,大维护
A3,2026-01-08,12,12,66.0805567319194,66.28741244481992,0.657185470905054,65.4138185825181,67.6494177639857,0.5,True,52.0,10,大维护
A3,2026-01-09,24,24,65.43135398365955,65.63497717788742,0.6329547609849024,64.6968042064643,67.0266947247031,1.0,True,53.0,10,大维护
A3,2026-01-10,14,14,65.07595367219506,65.10372475234672,0.5588472277385207,64.2512479331664,66.1601361238243,0.5833333333333334,True,54.0,10,大维护
A3,2026-01-11,24,24,64.80658994535175,64.83108787258794,0.38047078547434826,64.2568892170016,65.7410194550266,1.0,True,55.0,10,大维护
A3,2026-01-12,24,24,63.56586977476055,63.52030375974149,0.6147307987782038,62.4301982459518,64.947183948833,1.0,True,56.0,10,大维护
A3,2026-01-13,24,24,63.35822586073215,63.31740143645893,0.49308626753501,62.3234474915437,63.9683529587346,1.0,True,57.0,10,大维护
A3,2026-01-14,15,15,63.2644486732272,63.351000917047,0.490871309420302,62.5981357210029,64.2571371167357,0.625,True,58.0,10,大维护
A3,2026-01-15,22,22,63.10542508751975,63.04280035423526,0.46157192858060997,62.0429160921348,63.8527077193582,0.9166666666666666,True,59.0,10,大维护
A3,2026-01-16,23,23,62.4729401291016,62.391639240254634,0.4542771671500108,61.4307226776154,63.3730279157162,0.9583333333333334,True,60.0,10,大维护
A3,2026-01-17,24,24,61.545681340645345,61.52347030777691,0.5198310691090852,60.4305568326631,62.5699137908171,1.0,True,61.0,10,大维护
A3,2026-01-18,24,24,61.06724342900715,61.05177566679811,0.49411546646483223,59.9295808626213,61.7579911980715,1.0,True,62.0,10,大维护
A3,2026-01-19,24,20,60.4364233426434,60.445934133232335,0.5496410987628693,59.4898396566971,61.3490698627015,0.8333333333333334,True,63.0,10,大维护
A3,2026-01-20,4,0,,,,,,0.0,False,0.0,11,中维护
A3,2026-01-21,4,4,86.15186454618765,86.18348816373718,0.1656566861174066,86.0172421999698,86.4129813626036,0.16666666666666666,True,1.0,11,中维护
A3,2026-01-22,4,4,85.8605080319794,85.8164970231212,0.13745648426543755,85.6160815474456,85.9288904810804,0.16666666666666666,True,2.0,11,中维护
A3,2026-01-23,4,4,85.57113612885976,85.58730632982733,0.08256243036603715,85.5157478456606,85.6912052159292,0.16666666666666666,True,3.0,11,中维护
A3,2026-01-24,4,4,85.40178387100744,85.4582728978064,0.2142038415996253,85.2862198048371,85.7433040443736,0.16666666666666666,True,4.0,11,中维护
A3,2026-01-25,4,4,83.79120011488456,83.7592026974549,0.20015413172727267,83.4894565282703,83.9649540317802,0.16666666666666666,True,5.0,11,中维护
A3,2026-01-26,4,4,83.53924506239414,83.44151410509212,0.31709736094104124,82.989271382488,83.6982949130922,0.16666666666666666,True,6.0,11,中维护
A3,2026-01-27,4,4,82.23402716732535,82.31315635618807,0.3645475749137199,81.9666933399868,82.8178777501148,0.16666666666666666,True,7.0,11,中维护
A3,2026-01-28,4,4,81.35844798796461,81.27456574827627,0.8028597747258195,80.3441471442027,82.0372198729732,0.16666666666666666,True,8.0,11,中维护
A3,2026-01-29,4,4,81.01390655920349,80.91226129452107,0.2588355754404215,80.5312457407202,81.0899863189571,0.16666666666666666,True,9.0,11,中维护
A3,2026-01-30,4,4,80.62715579610575,80.61408198049013,0.47822451938491173,80.1683662036284,81.0336501261206,0.16666666666666666,True,10.0,11,中维护
A3,2026-01-31,4,4,79.27528185943851,79.1633144779969,0.7132689144541882,78.1943553377811,79.9083388553295,0.16666666666666666,True,11.0,11,中维护
A3,2026-02-01,4,4,78.47890926382345,78.48187911544134,0.15074675000293025,78.3483471638997,78.6213507702188,0.16666666666666666,True,12.0,11,中维护
A3,2026-02-02,4,4,77.43057111058425,77.44915342521531,0.23426043702468788,77.2005725209264,77.7348989587664,0.16666666666666666,True,13.0,11,中维护
A3,2026-02-03,4,4,76.53220891495275,76.45627945947962,0.21958612860592297,76.134181862228,76.626518145785,0.16666666666666666,True,14.0,11,中维护
A3,2026-02-04,4,4,75.48481922249825,75.5353232573296,0.18276708981542486,75.3811384671578,75.7905161171641,0.16666666666666666,True,15.0,11,中维护
A3,2026-02-05,4,4,75.01633771072821,74.98497192526443,0.31126167165451935,74.5779381453621,75.3292741342392,0.16666666666666666,True,16.0,11,中维护
A3,2026-02-06,4,4,73.52582696934019,73.5716703092254,0.14107602469996328,73.4585160073043,73.7765112909169,0.16666666666666666,True,17.0,11,中维护
A3,2026-02-07,4,4,72.9353544885256,72.81825352956957,0.3588186111465273,72.3200472446142,73.0822578966129,0.16666666666666666,True,18.0,11,中维护
A3,2026-02-08,4,4,71.96031036842024,71.96100896434088,0.09206908700513715,71.8810109782399,72.0424041422831,0.16666666666666666,True,19.0,11,中维护
A3,2026-02-09,4,4,71.35689635853795,71.37024444302247,0.23062508268723658,71.1313282504625,71.6358568045515,0.16666666666666666,True,20.0,11,中维护
A3,2026-02-10,4,4,71.0486545141771,71.08302800110485,0.15661678309896218,70.9326318541128,71.3021711219524,0.16666666666666666,True,21.0,11,中维护
A3,2026-02-11,4,4,69.81318320145255,69.88593453379897,0.3241277841202721,69.6232619974187,70.2941097348721,0.16666666666666666,True,22.0,11,中维护
A3,2026-02-12,4,4,68.4450731657681,68.61616905942508,0.6705103130793576,68.0046004232687,69.5699294828954,0.16666666666666666,True,23.0,11,中维护
A3,2026-02-13,4,4,68.50757369237185,68.5463223288817,0.10913182023320256,68.4689348652585,68.7012070655246,0.16666666666666666,True,24.0,11,中维护
A3,2026-02-14,4,3,68.4345038335799,68.2472287442752,0.465704842287889,67.7170399073045,68.5901424919412,0.125,True,25.0,11,中维护
A3,2026-02-15,4,4,67.41260457274655,67.3873009411183,0.32725170188008224,66.9927024366912,67.7312921822889,0.16666666666666666,True,26.0,11,中维护
A3,2026-02-16,4,3,67.2673094544429,67.32142353962077,0.18912987376266688,67.165248875105,67.5317122893144,0.125,True,27.0,11,中维护
A3,2026-02-17,4,4,65.8738582328715,65.80480477391404,0.2982117120989813,65.3911504543182,66.080352175595,0.16666666666666666,True,28.0,11,中维护
A3,2026-02-18,4,4,65.10760883840915,65.14470991301818,0.19496498530726128,64.9579327709895,65.4056892042649,0.16666666666666666,True,29.0,11,中维护
A3,2026-02-19,4,4,64.3791330947534,64.39779378370778,0.24704997618019753,64.1578587084562,64.6750502368681,0.16666666666666666,True,30.0,11,中维护
A3,2026-02-20,4,4,63.87260001604335,63.94208009436017,0.31862198265884156,63.656210895112,64.366909450242,0.16666666666666666,True,31.0,11,中维护
A3,2026-02-21,4,4,63.587995850053204,63.60677466292427,0.259913320383465,63.328521325068,63.9225856265227,0.16666666666666666,True,32.0,11,中维护
A3,2026-02-22,4,4,62.960334112411246,62.94109229797565,0.07595981271689,62.8329774240915,63.0107235429886,0.16666666666666666,True,33.0,11,中维护
A3,2026-02-23,4,4,62.19909885509945,62.09820482554565,0.5164691587087203,61.403095738645,62.5915258533387,0.16666666666666666,True,34.0,11,中维护
A3,2026-02-24,4,0,,,,,,0.0,False,0.0,12,中维护
A3,2026-02-25,4,4,77.23221552013041,77.24924914509377,0.2408760667169427,76.9792219327631,77.5533436073512,0.16666666666666666,True,1.0,12,中维护
A3,2026-02-26,4,4,76.81313611833116,76.79108186679676,0.11030579355825523,76.6412306851445,76.8968245453802,0.16666666666666666,True,2.0,12,中维护
A3,2026-02-27,4,4,76.1752358287251,76.15702348552233,0.08569934191107213,76.0445549013777,76.2330673832614,0.16666666666666666,True,3.0,12,中维护
A3,2026-02-28,4,4,75.41692951581875,75.58062527969766,0.45986011340339483,75.2343712664569,76.2542708206962,0.16666666666666666,True,4.0,12,中维护
A3,2026-03-01,4,4,74.9334835365577,74.8640344865068,1.3690029310720484,73.2830133433024,76.3061575296094,0.16666666666666666,True,5.0,12,中维护
A3,2026-03-02,4,4,75.9344247503987,75.8183686288546,1.2666326777751467,74.1597792297851,77.2448457848359,0.16666666666666666,True,6.0,12,中维护
A3,2026-03-03,4,4,75.68949740989125,75.51732845057984,0.789368904540751,74.462800387788,76.2275185947489,0.16666666666666666,True,7.0,12,中维护
A3,2026-03-04,4,4,75.2098454920783,75.41700334579255,1.0307199830128118,74.401294141004,76.8470282580096,0.16666666666666666,True,8.0,12,中维护
A3,2026-03-05,4,4,74.34463498425364,74.56970932880702,1.2459835431836583,73.3040245938849,76.2855427528359,0.16666666666666666,True,9.0,12,中维护
A3,2026-03-06,4,4,75.8775586864799,75.82974305512792,0.9553354750134285,74.9069701765594,76.6568846709925,0.16666666666666666,True,10.0,12,中维护
A3,2026-03-07,4,4,75.0603470288695,74.77264758570965,1.9604867874053253,72.4829405581397,76.4869557269599,0.16666666666666666,True,11.0,12,中维护
A3,2026-03-08,4,4,75.72930094791519,75.3724759337967,0.9943949647029483,73.9554726448189,76.0758291945375,0.16666666666666666,True,12.0,12,中维护
A3,2026-03-09,4,4,74.11230785610854,74.1095198209189,1.7237489812532119,72.2381987792839,75.9752647921746,0.16666666666666666,True,13.0,12,中维护
A3,2026-03-10,4,4,72.78945635586601,73.21807060356022,1.0824435686521587,72.4709998349856,74.8223698675233,0.16666666666666666,True,14.0,12,中维护
A3,2026-03-11,4,4,73.41040259568206,73.9357016219293,1.8730816603937737,72.3493422926727,76.5726590036804,0.16666666666666666,True,15.0,12,中维护
A3,2026-03-12,4,4,72.71980582712575,72.81451872517702,0.4834680781396902,72.4138693931604,73.4045938532962,0.16666666666666666,True,16.0,12,中维护
A3,2026-03-13,4,4,73.46219712563214,73.47803959258334,1.6993410632143564,71.6178505961666,75.3699135229025,0.16666666666666666,True,17.0,12,中维护
A3,2026-03-14,4,4,73.32507751674775,73.08362530363877,0.8989443603340872,71.7955245968419,73.8888215842177,0.16666666666666666,True,18.0,12,中维护
A3,2026-03-15,4,4,72.7678566258177,72.8324703566623,1.507730670390211,71.0854678387346,74.7087003362792,0.16666666666666666,True,19.0,12,中维护
A3,2026-03-16,4,4,72.94940131908504,72.94077280709215,0.36970386843006026,72.5176289347843,73.3466596554142,0.16666666666666666,True,20.0,12,中维护
A3,2026-03-17,4,4,72.94561145075164,72.53969313284803,1.6929976173014705,70.2041794175737,74.0633702123151,0.16666666666666666,True,21.0,12,中维护
A3,2026-03-18,4,4,72.0862433199657,71.9991264369247,0.5492101833679245,71.2575815986125,72.5664375091549,0.16666666666666666,True,22.0,12,中维护
A3,2026-03-19,4,4,73.09279849305435,73.25762542357947,1.777790686618474,71.349720262654,75.4951844455552,0.16666666666666666,True,23.0,12,中维护
A3,2026-03-20,4,4,72.95096412322225,72.76990265771528,0.47736995299935936,72.0639602465237,73.1137221378929,0.16666666666666666,True,24.0,12,中维护
A3,2026-03-21,4,4,71.98185052101834,71.90902503240163,1.306044167742134,70.3805711757981,73.2918279117717,0.16666666666666666,True,25.0,12,中维护
A3,2026-03-22,4,4,71.27431582004655,71.37936510945732,1.2669655284689099,70.2086448028681,72.7601839948681,0.16666666666666666,True,26.0,12,中维护
A3,2026-03-23,4,4,70.72322120295351,70.02588855253575,1.984802233991086,67.1292340405486,71.5278777636874,0.16666666666666666,True,27.0,12,中维护
A3,2026-03-24,4,4,72.33120692761071,72.82785375217777,1.3408618556518621,71.8823337398934,74.7666674135963,0.16666666666666666,True,28.0,12,中维护
A3,2026-03-25,4,4,71.01028126152895,70.96630521550978,1.4631629781643898,69.2067391123034,72.6379192266778,0.16666666666666666,True,29.0,12,中维护
A3,2026-03-26,4,4,71.44921138088014,71.2229549831375,0.7083470399918449,70.1904803451013,71.8029168256884,0.16666666666666666,True,30.0,12,中维护
A3,2026-03-27,4,4,69.89523453708586,69.59285020753093,1.8525101523459868,67.367375834563,71.213555921389,0.16666666666666666,True,31.0,12,中维护
A3,2026-03-28,4,4,69.74642466655226,69.9950442900481,0.9314607625485415,69.1590515103904,71.3282763166975,0.16666666666666666,True,32.0,12,中维护
A3,2026-03-29,4,4,70.55605809104875,70.0828555993901,1.0916298204623647,68.4679668910837,70.7513393243792,0.16666666666666666,True,33.0,12,中维护
A3,2026-03-30,4,4,68.94035722286645,69.3255454629622,1.0618742226813795,68.5615133054965,70.8599541006194,0.16666666666666666,True,34.0,12,中维护
A3,2026-03-31,4,4,69.08025875600654,68.78044116933295,1.7882439090045241,66.6614055202891,70.2998416450296,0.16666666666666666,True,35.0,12,中维护
A3,2026-04-01,4,4,68.3781983717765,68.58814575909325,0.5001441503808616,68.2629444084645,69.3332418843555,0.16666666666666666,True,36.0,12,中维护
A3,2026-04-02,4,4,68.61455506762906,68.63495504024587,0.4258357855412276,68.1346850546904,69.176024971035,0.16666666666666666,True,37.0,12,中维护
A3,2026-04-03,4,4,68.9925155292216,68.85267974871492,0.8400294118755912,67.7248602639184,69.7008276724981,0.16666666666666666,True,38.0,12,中维护
A3,2026-04-04,4,4,68.0672235316748,68.1880249646412,0.7597073178861758,67.5046473246708,69.1130054705444,0.16666666666666666,True,39.0,12,中维护
A3,2026-04-05,4,0,,,,,,0.0,False,0.0,13,中维护
A3,2026-04-06,4,4,81.04938035981425,80.86945213431572,0.4280309105796911,80.2339264850423,81.1451213325921,0.16666666666666666,True,1.0,13,中维护
A3,2026-04-07,4,4,80.4932609621233,80.49759614336287,0.07000335409429592,80.416419825132,80.5874428240729,0.16666666666666666,True,2.0,13,中维护
A3,2026-04-08,4,4,80.482307185367,80.1377998672808,0.8470933835740947,78.8800307998585,80.7065542985307,0.16666666666666666,True,3.0,13,中维护
A3,2026-04-09,4,4,79.6532570716149,79.90956954564793,1.2995864428032655,78.6169339705662,81.7148300687957,0.16666666666666666,True,4.0,13,中维护
A3,2026-04-10,4,4,79.7913652823937,79.75615813486255,0.24390152329226114,79.4472088487124,79.9946931259504,0.16666666666666666,True,5.0,13,中维护
A4,2024-04-03,23,23,49.3839615267757,49.208352724378976,0.9024518862732908,47.3479290114849,50.8049025637041,0.9583333333333334,True,0.0,0,观测起点
A4,2024-04-04,20,20,49.01345340951715,48.91898429270399,0.7108633368014778,47.5647678996452,49.9181284433038,0.8333333333333334,True,0.0,0,观测起点
A4,2024-04-05,24,23,48.5381527251183,48.70768232055543,0.8806693498710214,46.781257973759,50.56324297306,0.9583333333333334,True,0.0,0,观测起点
A4,2024-04-06,23,23,48.4043051600063,48.16170118800609,0.9218688219750285,46.2179846891345,49.5604041969,0.9583333333333334,True,0.0,0,观测起点
A4,2024-04-07,24,19,48.0959845254556,47.975112384710606,0.8312011033149191,46.4200710452103,49.1267732831035,0.7916666666666666,True,0.0,0,观测起点
A4,2024-04-08,3,3,47.2394817765868,47.191540020912036,0.9527258158091814,46.2157484293074,48.1193898568419,0.125,True,0.0,0,观测起点
A4,2024-04-10,23,23,47.4763241116727,47.532377594336005,0.7212630873732238,46.4260971648298,49.4664169449395,0.9583333333333334,True,0.0,0,观测起点
A4,2024-04-11,22,22,46.83035321503035,46.85600770941597,0.817096724936066,44.7690202405536,48.228872328088,0.9166666666666666,True,0.0,0,观测起点
A4,2024-04-12,19,19,47.0358222026644,47.008625149552124,0.865929118506365,45.4981588439445,48.8702453992515,0.7916666666666666,True,0.0,0,观测起点
A4,2024-04-13,19,19,46.5853485246555,46.61711955997685,0.8784005016036204,45.2549317895153,48.3555561415708,0.7916666666666666,True,0.0,0,观测起点
A4,2024-04-14,22,22,46.2315626565897,46.31229960467075,0.6549333561016999,45.0683751122118,47.320965586557,0.9166666666666666,True,0.0,0,观测起点
A4,2024-04-15,24,24,46.0026344852986,46.16455637965834,0.7198353566176529,44.7140871198821,47.6133883061168,1.0,True,0.0,0,观测起点
A4,2024-04-16,19,19,46.3023927421221,46.3311503318645,1.0250501495181608,43.7553880080326,48.2379024168939,0.7916666666666666,True,0.0,0,观测起点
A4,2024-04-17,12,12,45.491312240616296,45.748060738413734,0.7106500631509135,44.9101240062661,47.1294248039818,0.5,True,0.0,0,观测起点
A4,2024-04-18,23,21,45.8615249260081,45.847271782608495,0.8445474912723406,43.7725672071287,47.4148838811765,0.875,True,0.0,0,观测起点
A4,2024-04-19,24,18,45.90247306795955,45.70130429200433,0.7835483634420494,44.0429166090098,46.6941223712261,0.75,True,0.0,0,观测起点
A4,2024-04-20,24,20,45.466056332493906,45.404604255105404,0.8614697334751218,44.2493165349465,46.8308545035575,0.8333333333333334,True,0.0,0,观测起点
A4,2024-04-21,24,23,45.1570874618018,45.12745938729856,0.9643378564695129,43.6237332782422,47.0756677570751,0.9583333333333334,True,0.0,0,观测起点
A4,2024-04-22,24,24,45.12435395345965,44.98187895072544,0.9587271169811813,43.1655200847264,46.6650282381581,1.0,True,0.0,0,观测起点
A4,2024-04-23,14,13,44.2831225022807,44.28511067969651,0.6366205543161788,43.464216634818,45.7199371380049,0.5416666666666666,True,0.0,0,观测起点
A4,2024-04-24,13,13,44.4897697238512,44.31680459599515,0.9181775776748944,42.0868780421173,45.917924740648,0.5416666666666666,True,0.0,0,观测起点
A4,2024-04-25,23,23,44.5630487698596,44.37404604413373,1.2837249391285401,40.7799543485863,46.6342174744117,0.9583333333333334,True,0.0,0,观测起点
A4,2024-04-26,23,23,43.771724243451,43.79288034684068,0.6477437596467056,42.5904914310613,45.068435758965,0.9583333333333334,True,0.0,0,观测起点
A4,2024-04-27,12,11,44.1365941133481,44.06293163528034,0.7264494831121658,42.7878722315995,44.9034228443917,0.4583333333333333,True,0.0,0,观测起点
A4,2024-04-28,24,24,43.65428981391865,43.754177967754636,0.9096575959328644,42.1836808756964,45.2605747746748,1.0,True,0.0,0,观测起点
A4,2024-04-29,16,16,43.4193469277196,43.624810351678725,0.7368370148977677,42.462219120493,44.9090520299121,0.6666666666666666,True,0.0,0,观测起点
A4,2024-05-14,10,10,43.10204804757975,43.25798849607556,1.1881666982974446,41.7247062698112,45.1690221486631,0.4166666666666667,True,0.0,0,观测起点
A4,2024-05-15,24,24,42.461020797060854,42.78333587159215,0.9940942410434455,41.553321802768,44.8751994393166,1.0,True,0.0,0,观测起点
A4,2024-05-16,13,13,41.9424787193421,42.113549528411085,0.9167037030797615,40.8351823682363,43.9413533219302,0.5416666666666666,True,0.0,0,观测起点
A4,2024-05-17,24,24,42.076336785138096,41.87041799007955,0.9530575248371682,39.6537115909356,43.3334645173498,1.0,True,0.0,0,观测起点
A4,2024-05-18,23,22,41.8917534651908,41.95625507493587,0.8992144439404518,40.736118008904,43.6759445237672,0.9166666666666666,True,0.0,0,观测起点
A4,2024-05-19,24,24,41.037586268023404,41.07672669407636,0.8374388389218969,38.385104345044,42.3914264429462,1.0,True,0.0,0,观测起点
A4,2024-05-20,12,12,41.0477177090129,40.871161527235024,0.7737366497092437,39.6850120180341,42.0692127280805,0.5,True,0.0,0,观测起点
A4,2024-05-21,24,23,40.5111534431027,40.68083560369201,1.066843926581721,38.4992533659349,42.3746734212354,0.9583333333333334,True,0.0,0,观测起点
A4,2024-05-22,23,23,40.4868905826231,40.34249985577826,0.9410573403443082,38.9237074127268,42.5006401652735,0.9583333333333334,True,0.0,0,观测起点
A4,2024-05-23,24,24,39.906781708926445,39.895398052342564,0.8093759936841776,38.4961563594849,41.725915397559,1.0,True,0.0,0,观测起点
A4,2024-05-24,9,9,39.6913300721458,39.401910519423666,1.0218058234912177,37.3392379544265,40.61967279544,0.375,True,0.0,0,观测起点
A4,2024-05-25,23,18,39.29399877385765,39.69955103030085,1.225214993080367,37.9074589215038,43.0480373755006,0.75,True,0.0,0,观测起点
A4,2024-05-26,24,24,38.80225538861005,38.66728979638874,0.9209897892563599,35.9460559237691,40.7165727786465,1.0,True,0.0,0,观测起点
A4,2024-05-27,24,22,38.22949609695835,38.39026953836501,0.6778429141687882,37.469530664193,39.8268172939328,0.9166666666666666,True,0.0,0,观测起点
A4,2024-05-28,13,0,,,,,,0.0,False,0.0,1,中维护
A4,2024-05-29,21,17,84.3841705482346,84.44859151964174,0.4044281297595914,83.8873512558787,85.4848210630968,0.7083333333333334,True,1.0,1,中维护
A4,2024-05-30,24,23,83.9397146735887,84.01596519951063,0.40472785572147807,83.4570688362357,84.6992395550897,0.9583333333333334,True,2.0,1,中维护
A4,2024-05-31,22,18,83.36917002154141,83.48142831729484,0.44596680221575596,82.7324884056148,84.1615359651931,0.75,True,3.0,1,中维护
A4,2024-06-01,9,9,82.6004908401017,83.11601183258364,2.9150904634321715,80.1412843811556,89.3462038692699,0.375,True,4.0,1,中维护
A4,2024-06-03,13,13,85.9345596257634,86.18670480390622,3.0137784490542505,80.4098342671306,90.9620569884,0.5416666666666666,True,6.0,1,中维护
A4,2024-06-04,23,23,83.6237715533244,83.32229882598175,3.5172581283002713,75.6631449742093,89.0712107651424,0.9583333333333334,True,7.0,1,中维护
A4,2024-06-05,22,20,82.10646792889551,82.2500619452459,2.9224679094383705,77.2220923296302,88.062986401764,0.8333333333333334,True,8.0,1,中维护
A4,2024-06-06,14,13,82.4231752771231,83.31802453577568,4.4317486360432925,77.3202597674613,92.5590993873854,0.5416666666666666,True,9.0,1,中维护
A4,2024-06-07,23,23,82.7945193674414,82.31339707107924,3.8690783495811147,69.8662612030835,88.150448093698,0.9583333333333334,True,10.0,1,中维护
A4,2024-06-08,24,24,81.9499829932732,82.40576330845234,3.547451564589961,76.4657660309357,89.3675686152912,1.0,True,11.0,1,中维护
A4,2024-06-09,24,24,81.3763220464401,82.65935041415092,3.5014921941432533,77.2822107836293,88.5638161540232,1.0,True,12.0,1,中维护
A4,2024-06-10,12,12,80.81083206809774,81.15069008967863,3.238523534981042,76.6692709092898,87.6136507866316,0.5,True,13.0,1,中维护
A4,2024-06-11,23,23,81.8026997203501,81.57313072949182,4.784363323100087,68.7715785894464,89.5140970845585,0.9583333333333334,True,14.0,1,中维护
A4,2024-06-12,24,23,81.8140888823635,82.09270851785399,3.6197461930479795,76.7004242052955,91.9911657126152,0.9583333333333334,True,15.0,1,中维护
A4,2024-06-13,24,24,82.43007644556624,83.0041912318142,3.9112474558501025,76.306025519782,90.763380870321,1.0,True,16.0,1,中维护
A4,2024-06-14,12,12,84.1374016811643,82.96326347718457,2.681034957738718,78.9382483252398,86.2696214246775,0.5,True,17.0,1,中维护
A4,2024-06-15,23,23,81.7087389791315,82.08177704315435,4.100416033564273,74.2068142945932,90.2548950905215,0.9583333333333334,True,18.0,1,中维护
A4,2024-06-16,24,24,82.97630358399326,82.24241959280694,3.61430726984958,74.4778457850095,87.0736814011346,1.0,True,19.0,1,中维护
A4,2024-06-17,23,23,81.9185468032717,82.58934691324848,3.873691001875548,76.3944662186398,90.7082122512155,0.9583333333333334,True,20.0,1,中维护
A4,2024-06-18,11,11,81.559896680741,81.49144436469973,2.718224906729453,77.6949421214479,85.4912048742674,0.4583333333333333,True,21.0,1,中维护
A4,2024-06-19,23,22,80.76647415331145,81.16967937332691,3.3789929301595576,75.3071663169442,89.3520734256064,0.9166666666666666,True,22.0,1,中维护
A4,2024-06-20,23,23,80.7685713311944,81.08765304060239,3.757596505764807,71.3824101001709,87.152033326954,0.9583333333333334,True,23.0,1,中维护
A4,2024-06-21,24,24,81.01135744640425,80.79011824610478,3.362734141559174,72.1168262408744,86.0377415724408,1.0,True,24.0,1,中维护
A4,2024-06-22,13,13,79.8870523130637,81.08348584726991,2.69730772689307,78.177373885814,85.473460777625,0.5416666666666666,True,25.0,1,中维护
A4,2024-06-23,20,20,80.88472266600874,82.09826686053792,5.650630158510355,74.9846928844177,102.058072460279,0.8333333333333334,True,26.0,1,中维护
A4,2024-06-24,24,24,80.1501049094194,80.64367580322231,4.146963965109392,72.7112334578518,91.2645722092727,1.0,True,27.0,1,中维护
A4,2024-06-25,10,10,80.3118819076943,79.97983744342865,3.271132160475188,75.3252068169077,83.9351093169798,0.4166666666666667,True,28.0,1,中维护
A4,2024-07-01,13,9,79.7169286935906,80.48075041266634,2.714445981704888,78.145274806403,87.0188711835413,0.375,True,34.0,1,中维护
A4,2024-07-02,22,19,81.2430251745585,80.76537441844613,2.891629223696868,75.2334042438273,87.2495836227999,0.7916666666666666,True,35.0,1,中维护
A4,2024-07-03,22,22,81.50761646909706,81.40070539208648,2.7344910306804353,75.5660843687243,86.7395523407546,0.9166666666666666,True,36.0,1,中维护
A4,2024-07-04,18,17,80.4169240792088,80.19495053879658,1.8428530411714454,76.9985576649383,83.9063624666713,0.7083333333333334,True,37.0,1,中维护
A4,2024-07-05,4,4,81.23573222879514,81.03014404695092,2.346107753685531,78.4464527289568,83.2026590012566,0.16666666666666666,True,38.0,1,中维护
A4,2024-07-06,4,4,80.34774277255241,79.86364950992815,1.9302972446718265,77.156291402312,81.6028210922958,0.16666666666666666,True,39.0,1,中维护
A4,2024-07-07,4,4,81.92522444612865,81.1063717735552,2.5221752028481785,77.525376032637,83.0496621693265,0.16666666666666666,True,40.0,1,中维护
A4,2024-07-08,4,4,80.61296357778045,80.44423378858087,3.7843610790320743,75.9812954561409,84.5697125426217,0.16666666666666666,True,41.0,1,中维护
A4,2024-07-09,4,4,79.94990383911079,80.2867633557548,3.111652460204387,76.8660190823842,84.3812266624134,0.16666666666666666,True,42.0,1,中维护
A4,2024-07-10,4,4,81.27189451883456,81.4009120498924,3.520151138872402,77.8490133035402,85.2108458583603,0.16666666666666666,True,43.0,1,中维护
A4,2024-07-11,4,4,79.9490093335533,79.76079812916447,0.9383232340303577,78.4705328620437,80.6746409875076,0.16666666666666666,True,44.0,1,中维护
A4,2024-07-12,4,4,80.86446098063635,83.1737528013621,6.473473323502916,78.2585639349364,92.7075253092393,0.16666666666666666,True,45.0,1,中维护
A4,2024-07-13,4,4,79.11249822806525,79.36953651204928,1.8647913606975794,77.7257993641951,81.5273502278715,0.16666666666666666,True,46.0,1,中维护
A4,2024-07-14,4,4,79.51112608009646,79.34632152606775,2.5139001801400775,76.1204479992199,82.2425859448582,0.16666666666666666,True,47.0,1,中维护
A4,2024-07-15,4,4,77.42915830289306,77.606554518148,3.486355564993646,73.6585503558883,81.9093511109176,0.16666666666666666,True,48.0,1,中维护
A4,2024-07-16,4,0,,,,,,0.0,False,0.0,2,中维护
A4,2024-07-17,4,4,106.989508522964,106.61534595348125,2.4411012434748454,103.312379860205,109.169986907792,0.16666666666666666,True,1.0,2,中维护
A4,2024-07-18,4,4,106.0438994849545,106.06814274373426,0.6867830077408419,105.384696947442,106.800075057586,0.16666666666666666,True,2.0,2,中维护
A4,2024-07-19,4,4,107.04265196512651,106.87671127438675,1.6570271172400577,104.763847086457,108.657694080837,0.16666666666666666,True,3.0,2,中维护
A4,2024-07-20,4,4,104.8930418185745,105.180783417049,2.0220665037588,103.429357919165,107.507692111882,0.16666666666666666,True,4.0,2,中维护
A4,2024-07-21,4,4,105.839360045648,105.15889800385375,1.8742436514012073,102.400359229602,106.556512694517,0.16666666666666666,True,5.0,2,中维护
A4,2024-07-22,4,4,105.154410504875,104.35025145579425,2.263156225334932,101.03129432182,106.060890491607,0.16666666666666666,True,6.0,2,中维护
A4,2024-07-23,4,4,105.8092206217595,105.49704968471325,0.895604206188669,104.185154079433,106.184603415901,0.16666666666666666,True,7.0,2,中维护
A4,2024-07-24,4,3,105.334668856594,104.22205016764133,2.109502538147714,101.789158637862,105.542323008468,0.125,True,8.0,2,中维护
A4,2024-07-25,4,4,106.1779713553375,106.227595951361,0.8458059723941443,105.244091144948,107.310349949821,0.16666666666666666,True,9.0,2,中维护
A4,2024-07-26,4,4,107.01978687647701,106.71846097726025,1.6182453058781423,104.483090376745,108.351179779342,0.16666666666666666,True,10.0,2,中维护
A4,2024-07-27,4,4,106.03399197408899,106.03649958436449,2.398205466963918,103.115843280989,108.962171108291,0.16666666666666666,True,11.0,2,中维护
A4,2024-07-28,4,4,106.094417283327,106.07794427412425,1.134798106113085,104.954118597667,107.168823932176,0.16666666666666666,True,12.0,2,中维护
A4,2024-07-29,4,4,105.982999543521,105.210532790976,2.364598596467257,101.867848480638,107.008283596224,0.16666666666666666,True,13.0,2,中维护
A4,2024-07-30,4,4,104.863639648802,104.44006799425276,3.392302577716239,100.333345613568,107.699647065839,0.16666666666666666,True,14.0,2,中维护
A4,2024-07-31,4,4,104.956330856365,104.90938193680824,0.9546738507537021,103.704572620513,106.02029341399,0.16666666666666666,True,15.0,2,中维护
A4,2024-08-01,4,4,103.568589933803,104.5711701812635,3.8306817762842362,101.510985294536,109.636515562912,0.16666666666666666,True,16.0,2,中维护
A4,2024-08-02,4,4,104.65421943078701,106.41170933273875,5.173203077979742,102.42995241728,113.908446052101,0.16666666666666666,True,17.0,2,中维护
A4,2024-08-03,4,4,107.44814576049001,107.658341921149,5.093517376099857,102.504274958186,113.23280120543,0.16666666666666666,True,18.0,2,中维护
A4,2024-08-04,4,4,103.856567391027,104.746265550526,3.2293619372496494,102.092265607258,109.179661812792,0.16666666666666666,True,19.0,2,中维护
A4,2024-08-05,4,4,104.106554163461,102.906993726306,6.816231749569023,93.575496876535,109.839369701767,0.16666666666666666,True,20.0,2,中维护
A4,2024-08-06,4,4,102.21707385194,103.56767895848955,5.508621467510524,98.6539171090662,111.182651021012,0.16666666666666666,True,21.0,2,中维护
A4,2024-08-07,4,4,102.081793041774,105.44659165483074,7.41892952184311,101.093907058717,116.528873477058,0.16666666666666666,True,22.0,2,中维护
A4,2024-08-08,4,4,104.3721113191145,104.25331394878225,3.72113013928457,100.511566046541,107.757467110359,0.16666666666666666,True,23.0,2,中维护
A4,2024-08-09,4,4,104.0800398638185,103.6215490297197,4.137886306263246,99.1046589683708,107.221457422871,0.16666666666666666,True,24.0,2,中维护
A4,2024-08-10,4,1,,,,,,0.041666666666666664,False,25.0,2,中维护
A4,2024-08-11,4,2,,,,,,0.08333333333333333,False,26.0,2,中维护
A4,2024-08-12,4,4,100.48194652420415,101.2970109844084,2.855587556062297,98.8742716089543,105.349879280271,0.16666666666666666,True,27.0,2,中维护
A4,2024-08-13,4,4,100.7410811216305,100.02940636837837,3.4397773522425794,95.2713458762715,103.364117353981,0.16666666666666666,True,28.0,2,中维护
A4,2024-08-14,4,4,103.3205842837895,103.75372921927575,2.635064461358926,101.336705230323,107.037043079201,0.16666666666666666,True,29.0,2,中维护
A4,2024-08-15,4,4,103.3658246560125,103.758701441149,1.0765043823223335,102.956039771611,105.34711668096,0.16666666666666666,True,30.0,2,中维护
A4,2024-08-16,4,4,99.8623011100108,101.07203740720662,3.0437211119394645,98.9745629803989,105.588984428406,0.16666666666666666,True,31.0,2,中维护
A4,2024-08-17,4,4,103.9872224813015,103.88564228374325,0.5056018440418445,103.181772621928,104.386351550442,0.16666666666666666,True,32.0,2,中维护
A4,2024-08-18,4,4,103.85411731951251,104.24517858928874,1.0282226318533954,103.512211310904,105.760268407226,0.16666666666666666,True,33.0,2,中维护
A4,2024-08-19,4,3,104.091193862448,103.07316577161966,2.0437116202295593,100.720386206576,104.407917245835,0.125,True,34.0,2,中维护
A4,2024-08-20,4,4,103.182139749599,103.3078528845446,3.2259173601092663,99.5158698272854,107.351262211695,0.16666666666666666,True,35.0,2,中维护
A4,2024-08-21,4,4,102.256739309923,102.969392852085,2.5921046965487884,100.779030373667,106.585062414827,0.16666666666666666,True,36.0,2,中维护
A4,2024-08-22,4,4,101.416133952286,101.14553218381243,3.7926399270912783,96.2863355943237,105.463525236354,0.16666666666666666,True,37.0,2,中维护
A4,2024-08-23,4,4,98.96253026863185,98.94896439995648,2.3384190304742742,96.8034177272392,101.067379335323,0.16666666666666666,True,38.0,2,中维护
A4,2024-08-24,4,4,98.36285332492245,98.41739251721353,1.0099350130435214,97.4515294410044,99.4923339780048,0.16666666666666666,True,39.0,2,中维护
A4,2024-08-25,4,4,100.911173653248,100.5402611685124,1.5646768979983103,98.3887908025906,101.949906564963,0.16666666666666666,True,40.0,2,中维护
A4,2024-08-26,11,11,102.957883517482,103.53668844558848,3.182462665337299,99.2215801782692,108.079210820994,0.4583333333333333,True,41.0,2,中维护
A4,2024-08-27,24,23,99.3144694422065,99.41384328075698,3.2796444580906514,93.572530738213,106.387163425304,0.9583333333333334,True,42.0,2,中维护
A4,2024-08-28,11,11,103.236283628514,102.11707636493954,3.0590779562345585,97.4872676224758,107.618945649412,0.4583333333333333,True,43.0,2,中维护
A4,2024-08-29,22,17,100.587799593252,100.95733350252928,3.5217411886462995,92.5676604707791,107.089257473022,0.7083333333333334,True,44.0,2,中维护
A4,2024-08-30,24,23,100.642183459561,99.84795936473115,3.312749587178131,93.2651404338472,107.222903803845,0.9583333333333334,True,45.0,2,中维护
A4,2024-08-31,24,24,100.7040237412335,100.75585936196704,3.5824110221791727,94.5470736476694,110.057226873185,1.0,True,46.0,2,中维护
A4,2024-09-01,17,17,99.7503155164556,99.81158070251342,0.5454267569617168,99.0348409539873,100.699844245961,0.7083333333333334,True,47.0,2,中维护
A4,2024-09-02,12,12,99.22364679475629,99.20492317047201,0.6367016980137076,98.2588245870018,100.152905241265,0.5,True,48.0,2,中维护
A4,2024-09-03,24,24,98.69350965099216,98.58652617063689,0.6788324205285236,96.9915879991896,99.64649466518,1.0,True,49.0,2,中维护
A4,2024-09-04,24,24,97.9202247917289,97.90666047547381,0.7413800719544771,96.705016955329,99.2285745417286,1.0,True,50.0,2,中维护
A4,2024-09-05,20,20,96.89622437826645,96.89014533357279,0.6653211564336702,95.7684285420623,98.312347328755,0.8333333333333334,True,51.0,2,中维护
A4,2024-09-06,16,16,96.04662711875375,96.07939863503206,0.719834778962788,94.9134069601886,97.5636236490586,0.6666666666666666,True,52.0,2,中维护
A4,2024-09-07,24,21,95.5752572188016,95.73600777914956,0.7170033343207951,94.5177208466364,97.1482795674133,0.875,True,53.0,2,中维护
A4,2024-09-08,24,24,94.7225724320586,94.53799824402422,0.7853231511431834,92.8906397104838,95.7289049520606,1.0,True,54.0,2,中维护
A4,2024-09-09,23,23,94.0693198479097,94.04524237223822,0.7051736950821286,92.522837440391,95.8145955276947,0.9583333333333334,True,55.0,2,中维护
A4,2024-09-10,13,13,93.21026293318,93.24514934824728,0.5332166593624652,92.157176710855,94.0458866573475,0.5416666666666666,True,56.0,2,中维护
A4,2024-09-11,24,23,93.0186037311689,93.0262263526679,0.5066721882788803,92.1203350917384,93.7633202017314,0.9583333333333334,True,57.0,2,中维护
A4,2024-09-12,23,23,91.8782345801657,91.88018004092736,0.5956466248369203,90.325596318494,92.8388003160201,0.9583333333333334,True,58.0,2,中维护
A4,2024-09-13,24,24,90.6850012231434,90.77708113267653,0.6906706889832697,89.1270558156681,91.9844448227872,1.0,True,59.0,2,中维护
A4,2024-09-14,14,14,89.88379985483066,89.96957212360519,0.575888640629544,89.2787499421205,91.3942434301672,0.5833333333333334,True,60.0,2,中维护
A4,2024-09-15,23,23,88.8922989719104,88.7976545611381,0.7254714111199803,86.7710793345418,89.6512172704216,0.9583333333333334,True,61.0,2,中维护
A4,2024-09-16,23,23,87.4214322971323,87.44896587725223,0.7149768228268912,85.8925598870234,88.647600634218,0.9583333333333334,True,62.0,2,中维护
A4,2024-09-17,24,24,86.96228276516754,86.79058849924462,0.5957059534030501,85.6290921006802,87.8711875945833,1.0,True,63.0,2,中维护
A4,2024-09-18,12,12,85.5570277481179,85.3831601929602,0.8018645816939646,83.5431088994278,86.5430571989993,0.5,True,64.0,2,中维护
A4,2024-09-19,24,24,84.7999702731947,84.85678920754494,0.5786221060610366,84.0050247652048,86.2919503099039,1.0,True,65.0,2,中维护
A4,2024-09-20,24,24,84.70642939919324,84.59459128087735,0.731519215216106,83.3563609651032,85.7171140158927,1.0,True,66.0,2,中维护
A4,2024-09-21,23,0,,,,,,0.0,False,0.0,3,中维护
A4,2024-09-22,13,9,107.622608504713,107.73198599384523,0.3760318858318425,107.32556942523,108.290725176552,0.375,True,1.0,3,中维护
A4,2024-09-23,24,24,106.67614911389151,106.68194535181988,0.2825313491832651,105.8642072224,107.130715658087,1.0,True,2.0,3,中维护
A4,2024-09-24,23,23,106.238123877077,106.28308792044434,0.3794450271067194,105.783206266804,107.557836391704,0.9583333333333334,True,3.0,3,中维护
A4,2024-09-25,24,24,105.5764427423815,105.83104896590699,0.7436121629262169,104.876577337419,107.383645764354,1.0,True,4.0,3,中维护
A4,2024-09-26,12,12,104.9865609913205,105.08207231722825,0.5876623400540778,103.899748255783,105.890702900064,0.5,True,5.0,3,中维护
A4,2024-09-27,23,23,104.261576344362,104.334651073669,0.6356623742646951,103.481281543789,105.546824082513,0.9583333333333334,True,6.0,3,中维护
A4,2024-09-28,24,24,103.637718502075,103.68260281802505,0.6554951094984163,102.505027355243,104.829807307614,1.0,True,7.0,3,中维护
A4,2024-09-29,24,24,103.06761987328849,103.03874967247437,0.5996612637154475,101.755276948237,104.112937258223,1.0,True,8.0,3,中维护
A4,2024-09-30,19,19,102.346398047446,102.25744209639488,0.6878688269681071,100.673375873954,103.387936485715,0.7916666666666666,True,9.0,3,中维护
A4,2024-10-01,20,19,102.138575318963,102.12897098074764,0.7319020435983505,100.848386771114,103.5650839626,0.7916666666666666,True,10.0,3,中维护
A4,2024-10-02,24,23,101.712086727341,101.780175284949,0.584392688914383,100.921273508548,103.073284788723,0.9583333333333334,True,11.0,3,中维护
A4,2024-10-03,24,24,101.62717269660601,101.55572988720168,0.7111805026743984,99.5956512098965,103.082004723115,1.0,True,12.0,3,中维护
A4,2024-10-04,21,21,101.386850607823,101.36832092661358,0.6672729128743277,99.5135595217172,102.54737626099,0.875,True,13.0,3,中维护
A4,2024-10-07,22,22,100.582688972819,100.40449052760796,0.5315550672753062,98.9967254583398,101.022635050568,0.9166666666666666,True,16.0,3,中维护
A4,2024-10-08,23,21,100.269887021323,100.09657402309936,0.807574878020704,98.5012150950074,101.189105874082,0.875,True,17.0,3,中维护
A4,2024-10-09,15,15,99.5591280783224,99.40053067514228,0.6777721382429914,98.3648267122152,100.709247622635,0.625,True,18.0,3,中维护
A4,2024-10-10,24,24,98.70640998380921,98.89340861684514,0.8373901351903207,97.225941988909,100.414506838082,1.0,True,19.0,3,中维护
A4,2024-10-11,24,24,98.19624679382825,97.99914099595061,0.9146735482790359,96.3826692638125,99.5266019561383,1.0,True,20.0,3,中维护
A4,2024-10-12,22,22,97.3425115986818,97.19864732501196,0.6202827058731853,95.6955839432476,98.0238691483692,0.9166666666666666,True,21.0,3,中维护
A4,2024-10-13,14,14,95.43119926128696,95.49054595984833,0.6559344008877601,94.3754136395494,97.032855614691,0.5833333333333334,True,22.0,3,中维护
A4,2024-10-14,23,20,94.7616957123841,94.51986865741436,1.5423909345983922,88.910873571688,96.3991386437102,0.8333333333333334,True,23.0,3,中维护
A4,2024-10-15,23,22,94.10464347215535,94.17741216894966,0.7369749837897351,92.6331935554834,95.4387622581204,0.9166666666666666,True,24.0,3,中维护
A4,2024-10-16,23,21,93.7536821857676,93.71556580083784,0.6113574140095243,92.3795039591952,94.6970430307701,0.875,True,25.0,3,中维护
A4,2024-10-17,12,12,93.14675962116985,93.15521386398098,0.8550070774518829,91.6304382232409,94.6653711924546,0.5,True,26.0,3,中维护
A4,2024-10-18,22,21,91.6349072374156,91.70794083534017,0.947143243195364,89.9307624200258,93.50981190604,0.875,True,27.0,3,中维护
A4,2024-10-19,24,24,91.0712862414849,90.746151846162,0.6399534870766243,89.3795619668616,91.4666465467202,1.0,True,28.0,3,中维护
A4,2024-10-20,23,23,89.8849190923416,89.84803269208433,0.7729491659557981,88.4390910929521,91.4871952728206,0.9583333333333334,True,29.0,3,中维护
A4,2024-10-21,14,13,90.4548596427891,90.316735691879,0.5836096964927157,89.1233773995978,91.049717208993,0.5416666666666666,True,30.0,3,中维护
A4,2024-10-22,22,22,89.75308474944791,89.48972094933073,0.73551935328031,87.9704121988932,90.5129509491866,0.9166666666666666,True,31.0,3,中维护
A4,2024-10-23,15,15,89.2122938042786,89.11451740742721,0.6526995231198247,87.6169874087806,89.9637562728555,0.625,True,32.0,3,中维护
A4,2024-10-24,13,13,89.15737425839,89.22743935515801,0.46325452028376446,88.5381890040336,90.0015393516212,0.5416666666666666,True,33.0,3,中维护
A4,2024-10-25,13,13,88.8772258253304,88.88003951074276,0.560860068447201,87.6697615587134,89.7338739210038,0.5416666666666666,True,34.0,3,中维护
A4,2024-10-26,22,21,88.261742998921,88.28348522988013,0.534460893222112,87.0823684057805,89.7595226610928,0.875,True,35.0,3,中维护
A4,2024-10-27,23,23,87.4334212436457,87.29831078502198,0.8357223139054322,85.5247437825148,88.510759019272,0.9583333333333334,True,36.0,3,中维护
A4,2024-10-28,24,24,86.2529675738459,86.28283019667822,0.7580400432596437,85.1309298385822,87.6679162360619,1.0,True,37.0,3,中维护
A4,2024-10-29,13,13,86.7998223102862,86.65930605478158,0.5867392270114229,85.5900297466453,87.3769396032238,0.5416666666666666,True,38.0,3,中维护
A4,2024-10-30,23,21,86.4114583228282,86.49780174075927,0.8548133864705807,85.0644170100717,88.0575591923198,0.875,True,39.0,3,中维护
A4,2024-10-31,24,24,85.81557358120304,85.7906488946365,0.8790009838519585,84.2586262442208,87.1780518160114,1.0,True,40.0,3,中维护
A4,2024-11-01,19,19,85.0953777128318,85.2235174427423,0.40342833681328283,84.4172493877395,85.7216138825856,0.7916666666666666,True,41.0,3,中维护
A4,2024-11-02,19,18,84.43166340490275,84.32743119094253,0.5450153915243006,83.2174696421546,85.0483687044309,0.75,True,42.0,3,中维护
A4,2024-11-03,13,10,83.92140936770039,83.94616343217055,0.4755952247283126,83.357052083274,84.6140482711029,0.4166666666666667,True,43.0,3,中维护
A4,2024-11-04,23,22,82.71436541663411,82.75771875148327,0.43002145251058366,81.7651091750438,83.5734245894227,0.9166666666666666,True,44.0,3,中维护
A4,2024-11-05,13,13,81.9701367902449,81.9782443733174,0.5882822468748397,80.8705679766078,83.1204614782561,0.5416666666666666,True,45.0,3,中维护
A4,2024-11-06,23,23,81.3077780938697,81.29733348650609,0.6211885531686655,80.1740690269494,83.2544214915304,0.9583333333333334,True,46.0,3,中维护
A4,2024-11-07,24,24,80.74542682753079,80.71357310186202,0.4740991298189154,79.8572750498194,81.5670533892371,1.0,True,47.0,3,中维护
A4,2024-11-08,23,23,80.1650516222549,80.19643310722331,0.5256971148893148,79.333458135249,81.1987603928259,0.9583333333333334,True,48.0,3,中维护
A4,2024-11-09,13,13,79.4936013419491,79.401397022742,0.420289122792383,78.4111037273387,80.0159577609093,0.5416666666666666,True,49.0,3,中维护
A4,2024-11-10,23,18,78.43839574390896,78.50814112178671,0.5186410720335674,77.5215058319884,79.5175585755354,0.75,True,50.0,3,中维护
A4,2024-11-11,23,22,78.11780174433986,78.10122543631697,0.5091062011883565,77.1683893615837,78.8808278730687,0.9166666666666666,True,51.0,3,中维护
A4,2024-11-12,23,23,76.917216161761,76.90141422532584,0.5642656560748401,75.8059799085004,77.8221232450073,0.9583333333333334,True,52.0,3,中维护
A4,2024-11-13,13,13,75.6458256785074,75.78205047803547,0.47069186341043173,75.1029227436421,76.5982899522214,0.5416666666666666,True,53.0,3,中维护
A4,2024-11-14,24,24,75.33402902539649,75.32786896766284,0.4394631997918935,74.3857937536603,76.4029460017604,1.0,True,54.0,3,中维护
A4,2024-11-15,24,24,74.62128119013705,74.70399464535274,0.46626819493353006,73.8830113357462,75.5439716146513,1.0,True,55.0,3,中维护
A4,2024-11-16,23,23,74.2270219184891,74.29604063193685,0.5284569308171101,72.9815873072499,75.3854080362109,0.9583333333333334,True,56.0,3,中维护
A4,2024-11-17,13,13,73.0848105149693,73.10164666332649,0.3880221471959079,72.3751919512428,73.5338213308091,0.5416666666666666,True,57.0,3,中维护
A4,2024-11-18,22,22,73.06883391057386,73.02258861670789,0.5145595015526053,71.9462672064651,73.7567572875402,0.9166666666666666,True,58.0,3,中维护
A4,2024-11-19,24,24,72.01439297101109,72.04686563060334,0.48467830880545615,71.1875362065549,72.9790445800626,1.0,True,59.0,3,中维护
A4,2024-11-20,24,0,,,,,,0.0,False,0.0,4,中维护
A4,2024-11-21,15,15,88.3766341647966,88.39214345749757,0.25648207110663374,88.0742764791503,88.9268732044862,0.625,True,1.0,4,中维护
A4,2024-11-22,17,17,87.8987615338828,87.84249601316947,0.37374593920544763,87.207822937124,88.4162110048795,0.7083333333333334,True,2.0,4,中维护
A4,2024-11-24,9,9,87.4588552072719,87.53805596814883,0.7104288225808272,86.4720453654472,88.8836749143635,0.375,True,4.0,4,中维护
A4,2024-11-25,23,22,86.88651113185739,86.742230792052,0.4813783455635927,85.8855038784703,87.391972257332,0.9166666666666666,True,5.0,4,中维护
A4,2024-11-26,13,13,86.090419824846,85.98750115268952,0.491628516717269,85.2315930327793,86.9024193463062,0.5416666666666666,True,6.0,4,中维护
A4,2024-11-27,23,23,85.6183328579667,85.57924855834291,0.5813009641327369,83.7974029410594,86.3871688310812,0.9583333333333334,True,7.0,4,中维护
A4,2024-11-28,24,24,84.82021950818796,84.78763431668817,0.4364163153404692,83.8116218636576,85.8735542955095,1.0,True,8.0,4,中维护
A4,2024-11-29,24,24,83.86559369060376,83.94520871135315,0.5898601002583835,82.9877934698361,85.128629695502,1.0,True,9.0,4,中维护
A4,2024-11-30,7,7,83.4421169564709,83.5552419497019,0.45637562269183474,82.985277669906,84.3796712353144,0.2916666666666667,True,10.0,4,中维护
A4,2024-12-02,6,6,82.86328761309466,82.95982237252731,0.3215458371851616,82.6804935051644,83.5083468773414,0.25,True,12.0,4,中维护
A4,2024-12-03,20,20,82.48540087198671,82.51922454421856,0.49695683517070893,81.5592698945162,83.3260713199075,0.8333333333333334,True,13.0,4,中维护
A4,2024-12-04,13,13,82.1530698737853,82.1930248727464,0.33570214622498795,81.6767391839085,82.8581309476877,0.5416666666666666,True,14.0,4,中维护
A4,2024-12-08,4,4,81.2387420564877,81.21412289090233,0.21265306725812674,80.9818919058426,81.3971155447913,0.16666666666666666,True,18.0,4,中维护
A4,2024-12-09,24,24,80.8984216335557,80.96026803860165,0.3451935374628831,80.4686025442227,81.7612213134167,1.0,True,19.0,4,中维护
A4,2024-12-10,15,11,80.6914132379992,80.64392270961345,0.41376169535328167,80.0501311213913,81.2346369373253,0.4583333333333333,True,20.0,4,中维护
A4,2024-12-11,23,23,80.5097480620962,80.48844417101651,0.36856191536028426,79.9642951065749,81.228283149385,0.9583333333333334,True,21.0,4,中维护
A4,2024-12-12,24,24,80.07204003296144,80.07485670547514,0.3994249659585351,79.12413007723,80.9732284340279,1.0,True,22.0,4,中维护
A4,2024-12-13,24,23,79.6129963849994,79.6096794449862,0.38736777614841894,78.8753240176586,80.281369843399,0.9583333333333334,True,23.0,4,中维护
A4,2024-12-14,14,14,78.8236282949445,78.8517391315767,0.3825349916591595,78.1865466290634,79.5668117070131,0.5833333333333334,True,24.0,4,中维护
A4,2024-12-15,24,24,78.37527193661464,78.41034453198765,0.46274144621092517,77.5678545090696,79.2362784478075,1.0,True,25.0,4,中维护
A4,2024-12-16,24,24,77.94449090800165,77.92446309871399,0.4879615114030452,77.1769791589638,78.7426564207728,1.0,True,26.0,4,中维护
A4,2024-12-17,24,24,77.0394988677582,77.07906642448202,0.3862371946125308,76.3923473509052,77.9218780284446,1.0,True,27.0,4,中维护
A4,2024-12-18,14,14,76.58594992016185,76.64975301223872,0.5066780133036923,75.4957335797132,77.6229057794756,0.5833333333333334,True,28.0,4,中维护
A4,2024-12-19,24,24,75.89022098716384,75.95688271967741,0.36113933373109935,75.1346466249258,76.9261333103555,1.0,True,29.0,4,中维护
A4,2024-12-20,23,23,75.2692983181232,75.26109127812482,0.37790646056219457,74.4829229257742,75.8957794732851,0.9583333333333334,True,30.0,4,中维护
A4,2024-12-21,24,24,74.77410805349089,74.82388669143236,0.37928848778075736,74.2888613483856,75.9505389905389,1.0,True,31.0,4,中维护
A4,2024-12-22,23,23,74.0761079606714,74.10527482439002,0.22035485057481088,73.7252631778554,74.5345102891376,0.9583333333333334,True,32.0,4,中维护
A4,2024-12-23,14,14,73.98385846321725,73.79170039867945,0.5012210815252831,72.7928847697855,74.3599607707295,0.5833333333333334,True,33.0,4,中维护
A4,2024-12-24,23,23,73.1317569394678,73.04316361020207,0.43433000296136703,72.0569699234464,73.7996149115747,0.9583333333333334,True,34.0,4,中维护
A4,2024-12-25,24,23,72.2818692126412,72.29258165295299,0.2746138670320625,71.8459908552787,72.8087996690317,0.9583333333333334,True,35.0,4,中维护
A4,2024-12-26,24,21,71.7892896225799,71.75422077077701,0.3915684566806271,71.0163468548065,72.3644575213161,0.875,True,36.0,4,中维护
A4,2024-12-27,15,15,71.2158650080952,71.26159769585084,0.24839123531176252,70.8579286274189,71.6014762248354,0.625,True,37.0,4,中维护
A4,2024-12-28,23,18,70.5557661956835,70.57097140688114,0.3479110455681975,70.0017905021647,71.3065073546955,0.75,True,38.0,4,中维护
A4,2024-12-29,24,23,70.0600554889997,70.07552177577197,0.3384937329705519,69.2419147698667,70.6635240002798,0.9583333333333334,True,39.0,4,中维护
A4,2024-12-30,24,23,68.8954200561894,68.88631970227951,0.27240903984302034,68.434094080139,69.6195916744183,0.9583333333333334,True,40.0,4,中维护
A4,2024-12-31,23,23,68.5225107186655,68.55039742709754,0.43196445387235505,67.8154176027277,69.5294826137833,0.9583333333333334,True,41.0,4,中维护
A4,2025-01-01,24,23,67.3071770884816,67.33755944422128,0.20141329423400553,66.9810813640611,67.7652464102451,0.9583333333333334,True,42.0,4,中维护
A4,2025-01-02,18,18,66.57401147402214,66.54990411876321,0.1758851656075826,66.2788061678113,66.9262988128065,0.75,True,43.0,4,中维护
A4,2025-01-03,20,20,65.95350349024571,65.9445848811687,0.16520123958872115,65.6037993294698,66.4286894486822,0.8333333333333334,True,44.0,4,中维护
A4,2025-01-04,12,11,65.4861591449143,65.56364143875675,0.1829193467754912,65.3699390711817,65.8684229818078,0.4583333333333333,True,45.0,4,中维护
A4,2025-01-05,24,24,64.89115473996969,64.91420180525171,0.16559006928563363,64.6986899911977,65.3486026371531,1.0,True,46.0,4,中维护
A4,2025-01-06,24,24,64.25412776070795,64.22624890602269,0.20896970476201618,63.7367148386796,64.6259078285167,1.0,True,47.0,4,中维护
A4,2025-01-07,23,22,63.48640292465925,63.43170603816995,0.16402404563850528,62.9718284811405,63.6499015127869,0.9166666666666666,True,48.0,4,中维护
A4,2025-01-08,12,12,62.97055222042795,63.01033659300865,0.16297094041514096,62.784416489563,63.2340892382766,0.5,True,49.0,4,中维护
A4,2025-01-09,24,24,62.39518735117275,62.404416066030386,0.1834361242608601,62.1238647823968,62.7752891471115,1.0,True,50.0,4,中维护
A4,2025-01-10,24,24,62.38184563656455,62.35946870088731,0.2182640973658219,61.9465906057966,62.7108595486549,1.0,True,51.0,4,中维护
A4,2025-01-11,23,22,61.165703132658706,61.21232936754123,0.21890223730348565,60.815332839003,61.5998602774773,0.9166666666666666,True,52.0,4,中维护
A4,2025-01-12,11,11,61.2248947710211,61.28807661268725,0.25755129283118,60.981076198932,61.714304351899,0.4583333333333333,True,53.0,4,中维护
A4,2025-01-13,23,23,60.7078176377044,60.69286734036129,0.14542492136424748,60.3252974308389,60.9888454524618,0.9583333333333334,True,54.0,4,中维护
A4,2025-01-14,24,24,60.18588095559315,60.159772248691645,0.17440546345569213,59.8585189246667,60.5525997442158,1.0,True,55.0,4,中维护
A4,2025-01-15,15,15,59.6296372883687,59.61164771448169,0.19359538132290185,59.2077027780971,59.8871864382807,0.625,True,56.0,4,中维护
A4,2025-01-16,21,19,58.8685116239379,58.86261111837721,0.1845674284348255,58.4983231813027,59.1934946103056,0.7916666666666666,True,57.0,4,中维护
A4,2025-01-17,23,23,58.3363351704275,58.78418593818025,1.862059582586485,58.0789691461971,67.2804068606562,0.9583333333333334,True,58.0,4,中维护
A4,2025-01-18,13,0,,,,,,0.0,False,0.0,5,中维护
A4,2025-01-19,3,3,98.5169725149929,98.4997945671272,0.0945452596536045,98.3978380683085,98.5845731180802,0.125,True,1.0,5,中维护
A4,2025-01-20,19,19,98.4752595933829,98.46933000578402,0.10746522468424502,98.2818915461059,98.6480600051242,0.7916666666666666,True,2.0,5,中维护
A4,2025-01-21,23,23,97.6051621595645,97.57237282224831,0.10351396156200433,97.3155783299326,97.7722279354741,0.9583333333333334,True,3.0,5,中维护
A4,2025-01-22,24,24,97.21980643423615,97.22116403516826,0.19297178960088468,96.7758764157729,97.4984148715642,1.0,True,4.0,5,中维护
A4,2025-01-23,19,19,96.8827219305793,96.85172724102621,0.26342636146051107,96.3131239180328,97.331993605105,0.7916666666666666,True,5.0,5,中维护
A4,2025-01-24,17,17,96.4562619929265,96.47548271090142,0.18942877445431042,96.0971389432838,96.7643504084026,0.7083333333333334,True,6.0,5,中维护
A4,2025-01-25,14,14,96.40360951710775,96.319618626528,0.24167839424782986,95.8066733243984,96.6365174584524,0.5833333333333334,True,7.0,5,中维护
A4,2025-01-26,24,24,95.71500095935934,95.7404596196328,0.13280774440721949,95.5587121812593,96.0169611882059,1.0,True,8.0,5,中维护
A4,2025-01-27,24,24,95.7280967373522,95.70362342491067,0.17566351343650113,95.3043389532554,96.0445706429133,1.0,True,9.0,5,中维护
A4,2025-01-28,12,12,95.2321567028347,95.24475080038735,0.2480356838632957,94.9402705204819,95.6772891131316,0.5,True,10.0,5,中维护
A4,2025-01-29,24,23,94.9557973802776,94.99060329537879,0.18188615935452274,94.6834547371772,95.295946872306,0.9583333333333334,True,11.0,5,中维护
A4,2025-01-30,20,20,94.92524310838314,94.90922881521507,0.2157273184830555,94.4478987776005,95.3747717650791,0.8333333333333334,True,12.0,5,中维护
A4,2025-02-03,1,1,,,,,,0.041666666666666664,False,16.0,5,中维护
A4,2025-02-04,16,16,94.5884766521369,94.56804115747178,0.2799845152422315,94.0102870971591,95.0902968466443,0.6666666666666666,True,17.0,5,中维护
A4,2025-02-05,20,18,94.0569748709385,94.0702423359557,0.29761906779872527,93.6074183797889,94.6271618056937,0.75,True,18.0,5,中维护
A4,2025-02-06,14,14,93.04180711640166,92.99687177552762,0.2238147751424352,92.6172931206368,93.3272338063985,0.5833333333333334,True,19.0,5,中维护
A4,2025-02-07,23,23,92.6520565891417,92.70634629344667,0.3390769424299023,92.1714658540046,93.2191976015414,0.9583333333333334,True,20.0,5,中维护
A4,2025-02-08,17,17,92.1647635502037,92.11140859974334,0.24810575136926932,91.5219389159795,92.5523398449081,0.7083333333333334,True,21.0,5,中维护
A4,2025-02-09,15,15,91.6612577914955,91.6631466145755,0.3103634521293128,91.1436268576764,92.1586324713353,0.625,True,22.0,5,中维护
A4,2025-02-10,23,22,91.0356828968201,91.05843054010894,0.2968582567028624,90.5037181636037,91.90312652333,0.9166666666666666,True,23.0,5,中维护
A4,2025-02-11,15,15,90.5027548502983,90.45811966553133,0.31036479550384605,89.9954068795821,90.9841309569361,0.625,True,24.0,5,中维护
A4,2025-02-12,6,6,90.1442251408571,90.1189535222034,0.23887849991683652,89.719535175288,90.3583069528373,0.25,True,25.0,5,中维护
A4,2025-02-13,24,23,89.7337462022414,89.77007956066497,0.28424445307921353,89.2580318478467,90.4869576326668,0.9583333333333334,True,26.0,5,中维护
A4,2025-02-14,14,14,89.59820168839781,89.65551157126392,0.2643096806904305,89.2147284048924,90.3883673826635,0.5833333333333334,True,27.0,5,中维护
A4,2025-02-15,23,23,89.1174669072896,89.14775729628394,0.2710776123597852,88.748340912707,89.7356034045213,0.9583333333333334,True,28.0,5,中维护
A4,2025-02-16,22,22,89.02489293111235,89.00893837118245,0.38266990942123863,88.1750186901272,89.6145646859324,0.9166666666666666,True,29.0,5,中维护
A4,2025-02-17,20,20,88.0390188896861,88.14934349599017,0.33246420699137175,87.7744489762992,89.078327650121,0.8333333333333334,True,30.0,5,中维护
A4,2025-02-18,16,16,87.1401553836888,87.06901661098348,0.2861228957825381,86.5907133419164,87.5073443628229,0.6666666666666666,True,31.0,5,中维护
A4,2025-02-19,22,22,86.5279990427778,86.61854237913631,0.26617331273589645,86.261923442582,87.1772824570342,0.9166666666666666,True,32.0,5,中维护
A4,2025-02-20,24,0,,,,,,0.0,False,0.0,6,中维护
A4,2025-02-21,24,24,111.22409796524599,111.23331855376553,0.13855144640580516,111.046299990463,111.651396264103,1.0,True,1.0,6,中维护
A4,2025-02-22,23,23,110.966821358956,110.98706400549813,0.1769133368596048,110.717710442231,111.376184890638,0.9583333333333334,True,2.0,6,中维护
A4,2025-02-23,23,22,110.478041413272,110.45356968392433,0.1772029904044911,110.135482281351,110.714900563289,0.9166666666666666,True,3.0,6,中维护
A4,2025-02-24,17,16,109.888410487196,109.85187061638,0.3430768522065628,109.263086171857,110.255548058989,0.6666666666666666,True,4.0,6,中维护
A4,2025-02-25,19,18,109.427718096772,109.38965582282499,0.293504867058163,108.771347742717,109.81116631153,0.75,True,5.0,6,中维护
A4,2025-02-26,11,9,108.627965873031,108.57641214246367,0.38144505084831537,108.093578258439,109.288345630684,0.375,True,6.0,6,中维护
A4,2025-02-27,8,8,108.2766126565005,108.27424987473063,0.2032169547070299,108.004328238458,108.566146009397,0.3333333333333333,True,7.0,6,中维护
A4,2025-02-28,22,22,107.95389494642049,107.93660223968254,0.2655081240493932,107.483701849487,108.421808458727,0.9166666666666666,True,8.0,6,中维护
A4,2025-03-01,15,14,107.5184457489645,107.54443053145165,0.47936479377588886,106.97456856185,108.572835343151,0.5833333333333334,True,9.0,6,中维护
A4,2025-03-02,17,17,107.629704974463,107.55654527820136,0.45314162049285217,106.5604137428,108.173893724826,0.7083333333333334,True,10.0,6,中维护
A4,2025-03-03,23,23,107.287506928458,107.29467190851544,0.3720735065811797,106.485021564424,107.992253057308,0.9583333333333334,True,11.0,6,中维护
A4,2025-03-04,21,19,106.978209627807,107.00736034913564,0.44550018409794434,106.362547712549,107.968188353892,0.7916666666666666,True,12.0,6,中维护
A4,2025-03-05,24,19,106.701150792744,106.68296998988711,0.42478306260729404,105.82246619157,107.300329326884,0.7916666666666666,True,13.0,6,中维护
A4,2025-03-06,22,20,106.4841520964115,106.53592109178877,0.33674560717780494,105.812527577335,107.057035313256,0.8333333333333334,True,14.0,6,中维护
A4,2025-03-07,2,2,,,,,,0.08333333333333333,False,15.0,6,中维护
A4,2025-03-08,12,11,105.905890573906,106.04236271372146,0.37014438166491265,105.459801614017,106.56078131447,0.4583333333333333,True,16.0,6,中维护
A4,2025-03-09,19,16,105.771982165533,105.71664311107938,0.2707106624731724,105.216500266974,106.09865569642,0.6666666666666666,True,17.0,6,中维护
A4,2025-03-10,23,23,105.653649050871,105.59265795633583,0.46898041653607847,104.617020608124,106.421344714362,0.9583333333333334,True,18.0,6,中维护
A4,2025-03-11,24,24,105.478860542396,105.33565947671313,0.44733004395685,104.590838186328,106.07527558316,1.0,True,19.0,6,中维护
A4,2025-03-12,20,20,104.9893384672405,105.07388444925705,0.2900752684193351,104.596124917705,105.64316605191,0.8333333333333334,True,20.0,6,中维护
A4,2025-03-13,14,14,104.460473629539,104.63085872426208,0.34830380746400635,104.114934738532,105.23354768036,0.5833333333333334,True,21.0,6,中维护
A4,2025-03-14,22,22,104.532492650412,104.50727396608522,0.48003551201004563,103.58197546647,105.379344770688,0.9166666666666666,True,22.0,6,中维护
A4,2025-03-15,23,23,104.167009921167,104.15210408853054,0.37021261193133076,103.496552222254,104.835791440994,0.9583333333333334,True,23.0,6,中维护
A4,2025-03-16,21,20,103.8562726899725,103.8533884251681,0.2971894065759162,103.337802693043,104.379558822706,0.8333333333333334,True,24.0,6,中维护
A4,2025-03-17,24,24,103.514456244894,103.54610643880825,0.29733367896546287,102.853472064633,104.178375150977,1.0,True,25.0,6,中维护
A4,2025-03-18,18,18,103.45580114206649,103.43532471762768,0.3932285008658582,102.621189336218,104.320823613442,0.75,True,26.0,6,中维护
A4,2025-03-19,11,11,103.210762572574,103.22659601001064,0.3783537195936862,102.549276492186,103.794729174675,0.4583333333333333,True,27.0,6,中维护
A4,2025-03-20,10,10,102.70535584363199,102.7500836076114,0.4456696395683998,102.221850342258,103.45639738558,0.4166666666666667,True,28.0,6,中维护
A4,2025-03-21,24,24,102.7124755912335,102.76020232307609,0.3337211218419101,102.083418930804,103.377846296915,1.0,True,29.0,6,中维护
A4,2025-03-22,22,21,102.343598198964,102.30813865287239,0.3451355249710412,101.608014142295,102.909317116674,0.875,True,30.0,6,中维护
A4,2025-03-23,23,23,102.151039847616,102.15816116123253,0.3400610979554713,101.69063514949,102.933446359692,0.9583333333333334,True,31.0,6,中维护
A4,2025-03-24,23,17,102.009591027868,101.95940391991587,0.46480428231863286,100.703450424447,102.605041144068,0.7083333333333334,True,32.0,6,中维护
A4,2025-03-25,12,12,101.994610932346,101.965762895301,0.2698107162706349,101.350831620095,102.290414032385,0.5,True,33.0,6,中维护
A4,2025-03-26,23,23,101.681822591721,101.70872929727179,0.3511828717551301,101.042160224806,102.369436516804,0.9583333333333334,True,34.0,6,中维护
A4,2025-03-27,18,17,101.597834845627,101.58784755902636,0.3168499067499087,101.019321684612,102.132883545174,0.7083333333333334,True,35.0,6,中维护
A4,2025-03-28,21,21,101.519795113504,101.52406461121275,0.4570760283720175,100.88528976667,102.488938947907,0.875,True,36.0,6,中维护
A4,2025-03-29,21,21,101.210074353906,101.20487626715062,0.47476316981091343,100.495963281162,102.228469398224,0.875,True,37.0,6,中维护
A4,2025-03-30,22,22,101.16705101618251,101.0364241482363,0.3704374188889739,100.441635960083,101.739845253993,0.9166666666666666,True,38.0,6,中维护
A4,2025-03-31,17,16,100.7639273456675,100.67866554545999,0.39045847903584535,99.9666183545569,101.412441165109,0.6666666666666666,True,39.0,6,中维护
A4,2025-04-01,17,17,100.530320126878,100.54640420261308,0.6159072334847524,99.6298495151804,101.908296124835,0.7083333333333334,True,40.0,6,中维护
A4,2025-04-02,24,23,100.163069435364,100.2949980899131,0.8062317493783892,99.1304973989573,101.944568366298,0.9583333333333334,True,41.0,6,中维护
A4,2025-04-03,22,22,100.364593395745,100.23550077251558,0.7634651898240311,98.6009957662005,101.550813265369,0.9166666666666666,True,42.0,6,中维护
A4,2025-04-04,19,19,99.6678167195964,99.75094495279323,0.7264211534322861,98.4292809908007,101.18972311338,0.7916666666666666,True,43.0,6,中维护
A4,2025-04-05,24,24,99.12336870869211,99.1303597638575,0.9594287268930765,97.0931231338226,101.149039228196,1.0,True,44.0,6,中维护
A4,2025-04-06,24,19,98.3929040119433,98.49717703844941,0.9035682724010796,97.0841735693305,99.8940364967931,0.7916666666666666,True,45.0,6,中维护
A4,2025-04-07,15,14,98.47455693051465,98.43898570546425,0.7136250671822065,96.800163762821,99.2452038051695,0.5833333333333334,True,46.0,6,中维护
A4,2025-04-08,20,20,98.2027132857438,99.1501336142177,4.141059299210778,96.945048772826,116.370023607863,0.8333333333333334,True,47.0,6,中维护
A4,2025-04-09,22,22,97.71604087914645,97.56488795571407,1.0383884167762951,95.4755263842029,100.35589874525,0.9166666666666666,True,48.0,6,中维护
A4,2025-04-10,23,0,,,,,,0.0,False,0.0,7,中维护
A4,2025-04-11,23,23,105.07722621762,105.41261075248283,7.718512503205231,82.6286015648063,133.481872220241,0.9583333333333334,True,1.0,7,中维护
A4,2025-04-12,12,12,104.9158943013185,104.86362090028582,0.3741207548427401,104.313187654142,105.437280601869,0.5,True,2.0,7,中维护
A4,2025-04-13,24,23,104.471795007774,104.47061850708404,0.33238803742760487,103.692650611305,105.034781161916,0.9583333333333334,True,3.0,7,中维护
A4,2025-04-14,24,24,104.10160416992349,104.3815361182635,0.8543541477218307,103.09206709787,106.434019463378,1.0,True,4.0,7,中维护
A4,2025-04-15,22,22,104.04009825349951,104.05189965662959,0.8871196459236774,102.459194726829,105.811623545386,0.9166666666666666,True,5.0,7,中维护
A4,2025-04-16,13,13,104.13171104374,103.92809430057346,1.1511939957929953,101.710701922068,105.471555750861,0.5416666666666666,True,6.0,7,中维护
A4,2025-04-17,22,22,103.9358303749505,104.10838821936214,0.8635701328087344,102.646189451328,105.405047821983,0.9166666666666666,True,7.0,7,中维护
A4,2025-04-18,14,14,103.87449556476349,103.75221764994407,0.5670923743061542,102.792670129473,104.661801670439,0.5833333333333334,True,8.0,7,中维护
A4,2025-04-19,19,19,103.932093592033,103.96830729431642,0.8655184463097977,101.793377416573,105.398639275918,0.7916666666666666,True,9.0,7,中维护
A4,2025-04-20,24,23,103.654667139549,103.55113330598155,0.7489868394926911,102.24220852355,105.519581474126,0.9583333333333334,True,10.0,7,中维护
A4,2025-04-21,21,21,103.29361552785,103.45972810646933,0.8531725916603982,101.738632182462,105.266897119013,0.875,True,11.0,7,中维护
A4,2025-04-22,15,15,102.742872138179,102.94526161312166,1.1062349904168594,101.442525527746,104.969454842937,0.625,True,12.0,7,中维护
A4,2025-04-23,15,15,102.888662541486,103.00957197882187,1.251129340639423,101.099695068671,105.456882197668,0.625,True,13.0,7,中维护
A4,2025-05-01,17,17,102.788766071645,102.76367500684216,0.9712186009086999,101.032161873148,104.617360050276,0.7083333333333334,True,21.0,7,中维护
A4,2025-05-02,11,11,102.187585272818,102.07636185834882,0.9040309577085401,100.489392787531,103.245988248439,0.4583333333333333,True,22.0,7,中维护
A4,2025-05-03,22,21,103.139791414469,103.18387075827147,0.6038766773308033,102.02681077918,104.373681215821,0.875,True,23.0,7,中维护
A4,2025-05-04,23,23,102.648792423027,102.54188912945403,0.7344634769818928,101.315408713858,103.942874721458,0.9583333333333334,True,24.0,7,中维护
A4,2025-05-05,14,14,102.309589953998,102.3644443715295,0.7579617555462641,100.993504212043,103.587040396422,0.5833333333333334,True,25.0,7,中维护
A4,2025-05-06,23,22,102.315175071602,102.47451106257,0.7572774085623323,101.208490957718,104.050139724823,0.9166666666666666,True,26.0,7,中维护
A4,2025-05-07,22,22,102.4287136764835,102.53411398938732,1.0140181458870834,100.013928293227,104.202452416519,0.9166666666666666,True,27.0,7,中维护
A4,2025-05-08,23,23,102.485406518125,102.37718227670504,0.8650363376657856,100.473243352903,103.991725020206,0.9583333333333334,True,28.0,7,中维护
A4,2025-05-09,22,22,102.04580916005551,101.82999373557142,0.960565269544824,99.9195619567564,103.23937389601,0.9166666666666666,True,29.0,7,中维护
A4,2025-05-10,23,23,101.912859808414,101.66856755821519,0.8078124959037525,99.2986281425685,102.899021448327,0.9583333333333334,True,30.0,7,中维护
A4,2025-05-11,24,24,101.49317549565251,101.58480587876123,0.9395702587629332,99.6132411041802,103.735617125213,1.0,True,31.0,7,中维护
A4,2025-05-12,23,22,101.591496179294,101.52369654256448,0.8134050670298772,99.9258780127594,102.674743369152,0.9166666666666666,True,32.0,7,中维护
A4,2025-05-13,22,14,101.2554535765525,101.42730463796589,1.3411830999518188,99.7512148447067,103.868672016407,0.5833333333333334,True,33.0,7,中维护
A4,2025-05-14,24,19,100.485690416412,100.96147549721046,0.9675967451155875,99.4827992075539,102.844762382615,0.7916666666666666,True,34.0,7,中维护
A4,2025-05-15,13,13,100.740277921808,100.99468261423691,0.8837109316321553,99.4188680627362,102.432485012146,0.5416666666666666,True,35.0,7,中维护
A4,2025-05-16,24,24,100.9147664555115,100.8185785303286,1.0903055369827879,98.3888803946299,102.670249345734,1.0,True,36.0,7,中维护
A4,2025-05-17,23,21,100.975073461769,100.9652267210961,0.853403228808772,99.6562847331247,102.944640822514,0.875,True,37.0,7,中维护
A4,2025-05-18,22,22,100.83108688297,100.73734574619007,0.9641609481875396,98.9504564457922,102.414684535852,0.9166666666666666,True,38.0,7,中维护
A4,2025-05-19,23,23,100.79414497391,100.74564472811274,0.8749924179302816,98.9502030928766,102.79486402858,0.9583333333333334,True,39.0,7,中维护
A4,2025-05-20,15,15,100.594303304757,100.781383169004,1.2178860320179274,99.0055235404147,102.929380006498,0.625,True,40.0,7,中维护
A4,2025-05-21,23,23,100.662683736066,100.61501578965058,0.6443933684066234,99.3202841529586,101.953784860154,0.9583333333333334,True,41.0,7,中维护
A4,2025-05-22,23,23,100.001950516618,100.09335219241797,0.7389388854607278,98.7944709937987,101.266234213173,0.9583333333333334,True,42.0,7,中维护
A4,2025-05-23,23,23,99.8477142183861,100.26790263481594,1.0965494871205086,98.9285789315973,103.447573629223,0.9583333333333334,True,43.0,7,中维护
A4,2025-05-24,12,12,100.1081099652965,100.03165950543814,0.8606710835877696,98.5470048429132,101.681378708978,0.5,True,44.0,7,中维护
A4,2025-05-25,24,23,99.9063508373035,99.96618023256305,0.5619386936847596,99.1045256756418,101.694835500049,0.9583333333333334,True,45.0,7,中维护
A4,2025-05-26,13,12,99.32046529051955,99.40113103607258,0.9602426121739803,97.7969645129401,100.980165953796,0.5,True,46.0,7,中维护
A4,2025-05-27,20,19,99.4296176553127,99.44986819786712,0.8885578835614375,97.105458899624,100.874933797064,0.7916666666666666,True,47.0,7,中维护
A4,2025-05-28,24,24,99.37155648745475,99.20618583239828,0.7381054537504794,97.5657428493375,100.30008712765,1.0,True,48.0,7,中维护
A4,2025-05-29,22,20,99.62141185043495,99.52629195386336,0.8357507142014219,97.7334845692013,101.14676923758,0.8333333333333334,True,49.0,7,中维护
A4,2025-05-30,22,21,99.2564766342739,99.30483931448849,0.7754405927094155,97.9126049857296,100.883826775147,0.875,True,50.0,7,中维护
A4,2025-05-31,22,22,98.7323962033837,98.81391375791605,0.9018711709462531,97.4427864111067,100.555646438837,0.9166666666666666,True,51.0,7,中维护
A4,2025-06-01,13,13,98.6451864933487,99.39230059220466,2.8730944145907213,94.107157178086,105.786027753842,0.5416666666666666,True,52.0,7,中维护
A4,2025-06-02,24,24,98.30592348691454,98.35936725827383,5.971217407511834,76.8421873305945,110.799627394322,1.0,True,53.0,7,中维护
A4,2025-06-03,23,23,99.5912138447599,99.66731263775911,2.9176614543090036,93.1977355211722,105.335375639817,0.9583333333333334,True,54.0,7,中维护
A4,2025-06-04,24,0,,,,,,0.0,False,0.0,8,中维护
A4,2025-06-05,19,19,108.030655404498,108.22388419106046,1.751303520533749,104.67530458061,111.156930226626,0.7916666666666666,True,1.0,8,中维护
A4,2025-06-06,23,23,107.534814908732,107.25792877460769,1.3326452920351277,105.106831498837,109.843094066777,0.9583333333333334,True,2.0,8,中维护
A4,2025-06-07,17,17,107.849516562905,108.30412145623747,2.073663157394159,105.024078476312,111.501776887016,0.7083333333333334,True,3.0,8,中维护
A4,2025-06-08,24,24,109.43666163346299,108.3876230529782,4.169718760918687,98.3506244559317,115.299254317985,1.0,True,4.0,8,中维护
A4,2025-06-09,24,24,108.2414948214005,108.01047465717575,3.1030363941630683,102.263925939527,113.667664212652,1.0,True,5.0,8,中维护
A4,2025-06-10,23,23,105.987438242375,106.89537050805713,4.197351843958755,101.263699089196,118.60143290161,0.9583333333333334,True,6.0,8,中维护
A4,2025-06-11,13,13,106.11820628105,105.97638664661196,3.213036696407025,99.6875839985843,111.54030196915,0.5416666666666666,True,7.0,8,中维护
A4,2025-06-12,21,21,108.054905731361,107.24145172492098,4.322306213775813,98.407661807169,114.024675005508,0.875,True,8.0,8,中维护
A4,2025-06-13,22,22,107.060327102117,107.35981837590845,3.5276422022453073,100.193011123399,114.835986100316,0.9166666666666666,True,9.0,8,中维护
A4,2025-06-14,15,15,106.860411757552,106.70114031787146,3.6651709726115955,100.607202105906,113.652141357026,0.625,True,10.0,8,中维护
A4,2025-06-15,22,22,108.3088293368175,108.00193909110936,3.31869642225336,99.5254876554933,113.568252020697,0.9166666666666666,True,11.0,8,中维护
A4,2025-06-16,24,23,106.264072199537,106.62484517354905,3.599621071276269,98.957718984012,114.994818962974,0.9583333333333334,True,12.0,8,中维护
A4,2025-06-17,23,23,106.689021902065,106.83604533645192,2.6777801386331954,102.35261291617,112.555184650154,0.9583333333333334,True,13.0,8,中维护
A4,2025-06-18,24,23,106.08275960591,106.26918778551322,6.770584531120659,89.9997751275524,129.316024029178,0.9583333333333334,True,14.0,8,中维护
A4,2025-06-19,24,24,106.900689922326,107.30916698979114,2.794504516096957,100.77971781,112.066552109678,1.0,True,15.0,8,中维护
A4,2025-06-20,21,20,106.2863047936895,106.6858549607276,2.7528339035779545,101.877901187018,111.780917572288,0.8333333333333334,True,16.0,8,中维护
A4,2025-06-21,22,22,106.6736290523845,106.73569305828183,3.388381436019299,100.287731742776,113.089557871211,0.9166666666666666,True,17.0,8,中维护
A4,2025-06-22,21,21,105.021302134593,105.45044679336412,8.563538562020362,80.8337345546948,131.164729766489,0.875,True,18.0,8,中维护
A4,2025-06-23,14,13,108.733494303604,106.83857799399584,4.091700753844761,100.160464360207,113.035676733203,0.5416666666666666,True,19.0,8,中维护
A4,2025-06-24,20,20,105.8760881949245,106.0272370723983,2.887551010639546,100.906811272149,111.985471069525,0.8333333333333334,True,20.0,8,中维护
A4,2025-06-25,12,12,106.593736985015,106.89603889850224,2.8934434980029486,101.640576014768,112.621369049201,0.5,True,21.0,8,中维护
A4,2025-06-26,20,20,107.06045593089601,107.21955346301404,4.669918843731627,99.0429055598199,114.8283037405,0.8333333333333334,True,22.0,8,中维护
A4,2025-06-27,24,24,106.345757029819,105.94155800115924,3.123258443725316,97.3457951116977,111.861635797607,1.0,True,23.0,8,中维护
A4,2025-06-28,10,10,105.7480835638215,105.65194584581158,4.612958855420893,99.2765177273832,113.782117540657,0.4166666666666667,True,24.0,8,中维护
A4,2025-06-29,17,17,104.436309677721,105.25585603970059,3.110980507132162,100.944296455593,112.957150470705,0.7083333333333334,True,25.0,8,中维护
A4,2025-06-30,22,22,104.5692248103025,103.73499081253445,4.723803474243376,91.0601634024918,110.708851964136,0.9166666666666666,True,26.0,8,中维护
A4,2025-07-01,18,17,105.171994937737,106.04871873756136,2.0725343860059366,103.039102546455,110.850274487104,0.7083333333333334,True,27.0,8,中维护
A4,2025-07-02,22,22,105.04049865263599,104.76905520949684,1.9021261864533952,99.8394774016732,108.861772229322,0.9166666666666666,True,28.0,8,中维护
A4,2025-07-03,13,13,106.020871226729,106.24712759865123,1.3785349605821458,103.301240356511,108.608849151044,0.5416666666666666,True,29.0,8,中维护
A4,2025-07-04,18,18,105.6787179608755,105.20665313807666,2.2224867179589105,100.512060905953,108.128026867983,0.75,True,30.0,8,中维护
A4,2025-07-05,24,23,104.593071667755,105.04540341468913,1.9192484810985304,101.864035013541,110.306671475433,0.9583333333333334,True,31.0,8,中维护
A4,2025-07-06,18,14,104.4108410383275,104.45288380273578,2.0383033545692677,101.356949928492,108.132232819732,0.5833333333333334,True,32.0,8,中维护
A4,2025-07-07,20,20,105.225627388748,105.38877541075314,1.7048899275661817,102.570867380539,108.326767423491,0.8333333333333334,True,33.0,8,中维护
A4,2025-07-08,22,22,105.4894460139675,105.12644397793555,2.2530454207543644,100.616782199138,108.496949137731,0.9166666666666666,True,34.0,8,中维护
A4,2025-07-09,23,20,104.383549987509,104.80835583498481,1.9509505988927793,102.038434349604,109.367303292544,0.8333333333333334,True,35.0,8,中维护
A4,2025-07-10,20,16,105.7220561768535,105.63368064186069,2.002340970823407,101.317897583189,108.228706274371,0.6666666666666666,True,36.0,8,中维护
A4,2025-07-11,16,16,104.1577768872555,103.83314215792927,2.046186010785905,98.6734584233784,106.17190619884,0.6666666666666666,True,37.0,8,中维护
A4,2025-07-12,23,21,104.32825693135,104.58317691717596,2.124747843966618,100.382440877284,108.359255388121,0.875,True,38.0,8,中维护
A4,2025-07-13,24,23,104.156063329759,103.83232939305609,2.4288906957221204,98.9271237388827,107.869845858882,0.9583333333333334,True,39.0,8,中维护
A4,2025-07-14,23,22,104.261553177111,104.197647169712,2.572657472125987,99.735559806546,109.843053209909,0.9166666666666666,True,40.0,8,中维护
A4,2025-07-15,22,22,104.439285107324,104.99419800444572,3.4866515338511426,100.805619302228,118.1370817496,0.9166666666666666,True,41.0,8,中维护
A4,2025-07-16,11,7,104.527682031685,104.129366229378,1.7250100416689462,100.874964508414,106.259461849389,0.2916666666666667,True,42.0,8,中维护
A4,2025-07-17,4,4,102.8613824964945,102.89464754243926,2.798971482964486,100.31656200186,105.539263174908,0.16666666666666666,True,43.0,8,中维护
A4,2025-07-18,19,19,103.365454029107,103.54749877120429,2.057174930324952,99.9093319002895,107.79247963879,0.7916666666666666,True,44.0,8,中维护
A4,2025-07-19,21,21,103.705209700716,103.15694121889774,2.325885142250041,98.8108814871229,107.307180913482,0.875,True,45.0,8,中维护
A4,2025-07-20,24,24,103.5584090751995,103.31486375104122,2.1882867836612316,98.0970668631304,107.567820273563,1.0,True,46.0,8,中维护
A4,2025-07-21,14,11,103.640927291541,103.37919008032827,3.250442705081591,98.4175138681693,108.911662926125,0.4583333333333333,True,47.0,8,中维护
A4,2025-07-22,19,18,102.74212071126951,102.06804521148678,1.8649793221944861,99.003639585177,105.438931633261,0.75,True,48.0,8,中维护
A4,2025-07-23,21,21,103.333334167853,103.06353724634019,2.248204015472118,99.980016719742,106.847293696024,0.875,True,49.0,8,中维护
A4,2025-07-24,23,23,101.877143455132,102.08674876090336,2.1061998862968396,99.4123245271618,106.39587930809,0.9583333333333334,True,50.0,8,中维护
A4,2025-07-25,14,14,103.576753196324,103.37317454130637,2.144190930386673,100.03052191703,106.682891028814,0.5833333333333334,True,51.0,8,中维护
A4,2025-07-26,22,22,101.66185398015949,102.12827953651673,2.836514950303423,96.8215654355806,109.606477353805,0.9166666666666666,True,52.0,8,中维护
A4,2025-07-27,23,20,103.0202448941265,102.95016795806252,2.957359184445011,98.7658917834745,109.235523285746,0.8333333333333334,True,53.0,8,中维护
A4,2025-07-28,24,24,102.4860377267155,102.27455754938723,2.42871529211591,97.1816949157078,106.748554039855,1.0,True,54.0,8,中维护
A4,2025-07-29,23,21,102.14774540193,102.29140092167216,2.150714828334998,98.0705881412716,106.812260348422,0.875,True,55.0,8,中维护
A4,2025-07-30,14,14,102.203770170925,102.30583094356469,3.1596553717073204,96.6063363586135,106.909723592012,0.5833333333333334,True,56.0,8,中维护
A4,2025-07-31,24,24,100.5664790050165,100.92300515240443,3.203235657502391,94.5495632201386,108.21275360211,1.0,True,57.0,8,中维护
A4,2025-08-01,13,13,103.199099761949,103.38634002649029,3.7081763003341943,97.2227911458074,110.925826345883,0.5416666666666666,True,58.0,8,中维护
A4,2025-08-02,19,18,101.8666023731785,101.54865376433689,3.962154109530918,92.9746123595724,107.803201587852,0.75,True,59.0,8,中维护
A4,2025-08-03,23,23,103.015908924008,103.19615559064084,3.525663295863761,96.8703984306724,109.196584217209,0.9583333333333334,True,60.0,8,中维护
A4,2025-08-04,15,15,103.423579902778,102.84479789939002,5.092359268126244,93.0363766721744,111.723732254878,0.625,True,61.0,8,中维护
A4,2025-08-05,23,23,103.099523038233,103.0213402187858,3.1189750791902457,98.8063808214883,110.628628957801,0.9583333333333334,True,62.0,8,中维护
A4,2025-08-06,12,0,,,,,,0.0,False,0.0,9,中维护
A4,2025-08-07,20,20,124.37308076068351,124.17866480755345,0.958394730397494,121.776964121774,125.354306835361,0.8333333333333334,True,1.0,9,中维护
A4,2025-08-08,23,23,125.121320343736,125.211788835168,1.3775315872185154,122.012408147825,127.618527251369,0.9583333333333334,True,2.0,9,中维护
A4,2025-08-09,14,13,124.267858649014,124.33633183802469,1.5613583469156371,121.828494654608,126.646038066232,0.5416666666666666,True,3.0,9,中维护
A4,2025-08-10,20,20,125.42724242064651,125.27114176698781,3.490193616874894,119.078524352475,130.656107242897,0.8333333333333334,True,4.0,9,中维护
A4,2025-08-11,23,23,124.185373866459,124.50648826247196,2.8849444957076864,119.127945252586,128.595007699878,0.9583333333333334,True,5.0,9,中维护
A4,2025-08-12,23,23,125.333061514923,124.41994507063909,3.3633851649505324,119.749664294735,130.483755453921,0.9583333333333334,True,6.0,9,中维护
A4,2025-08-13,12,12,124.95424116472,124.79997078808883,2.408699126308762,121.38089466526,129.031859061154,0.5,True,7.0,9,中维护
A4,2025-08-14,23,23,123.890564113561,123.45403695012264,2.7695760725093606,117.853106443895,130.249217508764,0.9583333333333334,True,8.0,9,中维护
A4,2025-08-15,22,22,124.377977769032,123.95498240711936,4.099209864488829,116.65744492633,130.5753096732,0.9166666666666666,True,9.0,9,中维护
A4,2025-08-16,16,16,123.41508619636551,123.18153520092662,3.56525083325982,116.012041056752,129.32438264149,0.6666666666666666,True,10.0,9,中维护
A4,2025-08-17,14,14,122.232595288078,122.9027622266,2.8389146261261797,117.89549225942,128.852441637026,0.5833333333333334,True,11.0,9,中维护
A4,2025-08-18,23,18,122.8274466602135,123.0039870603379,3.070923396973795,117.058469149256,130.213026276629,0.75,True,12.0,9,中维护
A4,2025-08-19,24,24,124.37059899863499,124.18395762579645,3.2534433117555293,117.086246110939,129.168473906788,1.0,True,13.0,9,中维护
A4,2025-08-20,19,19,123.07488425294,123.1198593948639,3.0461395847997763,118.597998396463,129.825466333206,0.7916666666666666,True,14.0,9,中维护
A4,2025-08-21,18,18,121.4156504047555,122.20238451564461,2.6397688014017713,118.771658883135,127.321078005254,0.75,True,15.0,9,中维护
A4,2025-08-22,24,24,123.3988372109765,123.55053134852575,2.5005065062178167,118.77438859484,128.642996981222,1.0,True,16.0,9,中维护
A4,2025-08-23,22,22,122.225800167763,122.48117277197406,3.5172155264947524,116.056858639647,131.496920288866,0.9166666666666666,True,17.0,9,中维护
A4,2025-08-24,21,21,121.807470029366,121.0558955058514,4.87260023311856,105.532446180322,126.859253339458,0.875,True,18.0,9,中维护
A4,2025-08-25,3,3,119.424141490599,119.02934247646233,3.3612063683030384,115.488171363236,122.175714575552,0.125,True,19.0,9,中维护
A4,2025-08-26,24,24,122.279589543097,122.58402199553775,3.1507626707447534,116.474878775306,128.955575419324,1.0,True,20.0,9,中维护
A4,2025-08-27,12,12,123.2692842806685,122.57345195045724,3.9066514879714878,114.005100307875,127.762518144604,0.5,True,21.0,9,中维护
A4,2025-08-28,13,13,123.707921865204,123.20881755551153,3.189689585520999,115.996184075999,127.159926293759,0.5416666666666666,True,22.0,9,中维护
A4,2025-08-29,15,15,122.706681119756,122.76863863131553,3.5878718763991553,117.443793670714,128.908475860648,0.625,True,23.0,9,中维护
A4,2025-08-30,22,22,124.28643521729549,123.97678349598736,3.0764418320620184,117.902029611927,128.443214697525,0.9166666666666666,True,24.0,9,中维护
A4,2025-08-31,11,11,121.140915625832,121.728184511782,4.655572780591104,115.650625916902,132.117487061536,0.4583333333333333,True,25.0,9,中维护
A4,2025-09-01,24,24,120.1252819976155,120.11315212100125,0.7059898617381111,118.984923500486,121.196793714789,1.0,True,26.0,9,中维护
A4,2025-09-02,12,12,119.479440117057,119.51491286824258,0.5813850337091382,118.596064316123,120.67745470893,0.5,True,27.0,9,中维护
A4,2025-09-03,17,17,118.860481100084,118.91459246998211,0.6304997268975102,117.484874519656,120.20352824943,0.7083333333333334,True,28.0,9,中维护
A4,2025-09-04,15,15,118.91054900099,118.99374744979754,0.41127023009695546,118.036725185053,119.512493747801,0.625,True,29.0,9,中维护
A4,2025-09-05,18,17,118.358944193217,118.28049024037912,0.6924261699710922,116.794764466966,119.322597824182,0.7083333333333334,True,30.0,9,中维护
A4,2025-09-06,22,21,117.920332542212,117.92686747654153,0.6979070968502719,116.649562387746,119.317342452825,0.875,True,31.0,9,中维护
A4,2025-09-07,18,18,117.713219510643,117.70902383597348,0.7299034609682908,116.229633180572,118.892843791321,0.75,True,32.0,9,中维护
A4,2025-09-08,13,13,117.264621008335,117.38329061079669,0.5084842264188612,116.339215787527,118.105210495033,0.5416666666666666,True,33.0,9,中维护
A4,2025-09-09,21,21,116.743572840531,116.61001722058886,0.5871339897065158,115.303487729524,117.560654583058,0.875,True,34.0,9,中维护
A4,2025-09-10,24,24,115.686998312231,115.680814991708,0.7251741592789644,114.552363115467,117.358791215977,1.0,True,35.0,9,中维护
A4,2025-09-11,22,22,115.488378255079,115.49560596769719,0.6881455934104098,114.252455559166,117.5606485043,0.9166666666666666,True,36.0,9,中维护
A4,2025-09-12,22,22,114.8295131876495,114.74153126055131,0.5869707191178803,113.636130588194,115.945219189927,0.9166666666666666,True,37.0,9,中维护
A4,2025-09-13,13,13,114.0619474305,114.01672356652846,0.6280038225394193,112.737077416462,115.198048938088,0.5416666666666666,True,38.0,9,中维护
A4,2025-09-14,23,22,113.45272189819599,113.32864361864505,0.47519328052551335,112.356987577031,113.856221533407,0.9166666666666666,True,39.0,9,中维护
A4,2025-09-15,24,24,112.6862346590825,112.66585144169204,0.7648870294483915,111.229377220177,113.798780952135,1.0,True,40.0,9,中维护
A4,2025-09-16,23,23,112.128675383124,112.13752229585982,0.8188846076780077,110.423444191293,113.88391701446,0.9583333333333334,True,41.0,9,中维护
A4,2025-09-17,12,11,111.485579498663,111.27017026531544,0.7053798550915643,110.270685219114,112.203537919314,0.4583333333333333,True,42.0,9,中维护
A4,2025-09-18,21,20,111.0553017981565,111.0970434051995,0.5141359689586518,110.372611169748,112.247354861427,0.8333333333333334,True,43.0,9,中维护
A4,2025-09-19,24,24,110.6498989673415,110.68980934419284,0.47383279054859734,109.887105417369,111.76825878027,1.0,True,44.0,9,中维护
A4,2025-09-20,22,22,110.674879567609,110.65532922831109,0.6275996799042459,109.623532148207,111.919511542867,0.9166666666666666,True,45.0,9,中维护
A4,2025-09-21,14,14,109.8328472249575,109.92741358134265,0.6709817311144121,108.73406619415,111.294589363397,0.5833333333333334,True,46.0,9,中维护
A4,2025-09-22,23,22,109.255259518895,109.36681284259986,0.581605364844993,108.273056416941,110.507595186683,0.9166666666666666,True,47.0,9,中维护
A4,2025-09-23,15,14,108.7087793434565,108.77208020936585,0.49880468597390715,107.860435186566,109.535916609544,0.5833333333333334,True,48.0,9,中维护
A4,2025-09-24,23,23,108.739056570079,108.8073170999949,0.5987665882075687,107.827063371754,109.971554101116,0.9583333333333334,True,49.0,9,中维护
A4,2025-09-25,23,23,108.10142439398,108.08085939302535,0.6935086840196284,106.653978124462,109.307247078542,0.9583333333333334,True,50.0,9,中维护
A4,2025-09-26,24,18,107.195817763517,107.23800583346662,0.5661218049784643,105.957562629199,108.329376235692,0.75,True,51.0,9,中维护
A4,2025-09-27,14,14,107.01314791040599,107.1085273731795,0.5968655255061222,105.871732336915,107.972882133419,0.5833333333333334,True,52.0,9,中维护
A4,2025-09-28,24,20,106.366579296629,106.31378451857645,0.6919348409837761,104.938084014342,107.92630118565,0.8333333333333334,True,53.0,9,中维护
A4,2025-09-29,24,24,105.4551451186295,105.38460363367433,0.7168537380313744,104.03954893496,106.69835886128,1.0,True,54.0,9,中维护
A4,2025-09-30,23,23,104.541043994876,104.41705195198674,0.6852346975895136,103.001146000797,105.838715000695,0.9583333333333334,True,55.0,9,中维护
A4,2025-10-01,13,13,103.959593946673,103.99457828018846,0.6864123180169684,103.048856027249,105.38441499979,0.5416666666666666,True,56.0,9,中维护
A4,2025-10-02,20,20,103.63209929561799,103.6903294909124,0.9385122531971682,102.411738633971,106.563053927008,0.8333333333333334,True,57.0,9,中维护
A4,2025-10-06,6,6,103.0040909684225,103.09601352925166,1.077062962899163,101.901877825999,104.80619888827,0.25,True,61.0,9,中维护
A4,2025-10-07,23,23,102.376132414605,102.45404143458882,0.7706589328475439,100.257804306364,103.78213326611,0.9583333333333334,True,62.0,9,中维护
A4,2025-10-08,16,13,102.624036640435,102.31489944325884,0.7474257660439889,100.918232731753,103.306996361227,0.5416666666666666,True,63.0,9,中维护
A4,2025-10-09,16,15,101.25901245272,101.56149312808401,1.14148305268813,100.029346305201,103.575120578273,0.625,True,64.0,9,中维护
A4,2025-10-10,21,0,,,,,,0.0,False,0.0,10,中维护
A4,2025-10-11,23,23,105.635084696671,105.58304117081491,0.3474198955268549,104.823088874347,106.185045329118,0.9583333333333334,True,1.0,10,中维护
A4,2025-10-12,24,24,104.635411504328,104.7171863957937,0.4063400171320951,104.110393826978,105.813189417874,1.0,True,2.0,10,中维护
A4,2025-10-13,19,19,103.857877035072,103.83653450823267,0.3664881808972381,103.210177196903,104.677014562461,0.7916666666666666,True,3.0,10,中维护
A4,2025-10-14,18,18,104.0585971428655,103.75792146680357,1.0163612126840291,101.817428945497,105.723451724764,0.75,True,4.0,10,中维护
A4,2025-10-15,24,24,102.8144436277345,102.8424835864857,0.6033615510300067,101.630182786834,103.920823667728,1.0,True,5.0,10,中维护
A4,2025-10-16,15,15,102.105193909508,101.87402925196973,0.6189532920479112,100.668806911453,102.742790944694,0.625,True,6.0,10,中维护
A4,2025-10-17,24,24,102.486853374616,102.40965688100988,0.5282918329456332,101.205426858155,103.479889656963,1.0,True,7.0,10,中维护
A4,2025-10-18,23,23,101.566664147918,101.5359491433173,0.9483498481565815,99.2218676192569,104.088182768023,0.9583333333333334,True,8.0,10,中维护
A4,2025-10-19,14,14,100.816415317033,100.79690715804259,0.7465972490236893,99.8913800312766,102.07675042153,0.5833333333333334,True,9.0,10,中维护
A4,2025-10-20,23,20,100.7093197086165,100.67905326368043,0.5869919314605443,99.7318803400731,101.94998218832,0.8333333333333334,True,10.0,10,中维护
A4,2025-10-21,24,24,99.5780970392918,99.67122018127161,0.6947436062867083,98.6836060611995,101.050694806641,1.0,True,11.0,10,中维护
A4,2025-10-22,23,23,99.6169973074038,99.65608602531948,0.8722124747193558,97.789915642569,101.681382032182,0.9583333333333334,True,12.0,10,中维护
A4,2025-10-23,13,13,99.423102402263,99.53281277716717,0.6771881162152842,98.4174444679499,100.815698906205,0.5416666666666666,True,13.0,10,中维护
A4,2025-10-24,23,19,98.5909376900864,98.65559692779566,0.7427225340950302,97.2006495507464,99.9531888963173,0.7916666666666666,True,14.0,10,中维护
A4,2025-10-25,24,22,97.85287199647175,98.00269229236764,0.6135039830073978,97.0727423450481,99.2487560586389,0.9166666666666666,True,15.0,10,中维护
A4,2025-10-26,23,23,97.182681702886,97.11917903533858,0.7013740352751855,95.9539968212018,98.4948163966989,0.9583333333333334,True,16.0,10,中维护
A4,2025-10-27,13,13,96.5674006897697,96.59638899994056,0.8947688840997212,95.2868991124918,98.2676311181605,0.5416666666666666,True,17.0,10,中维护
A4,2025-10-28,22,21,96.3384873058037,96.33270417461151,0.8366487792861161,95.0587546872793,98.2172646717031,0.875,True,18.0,10,中维护
A4,2025-10-29,24,24,95.93661040080084,96.09773492476398,0.79464355869397,94.7890082393179,97.5975343526008,1.0,True,19.0,10,中维护
A4,2025-10-30,24,24,95.8147284311519,95.88898475442794,0.5569525204655709,95.0253473443248,97.3848404548042,1.0,True,20.0,10,中维护
A4,2025-10-31,14,14,95.28973083909615,95.39277341708974,0.9013649041329462,94.2855220367275,97.000421883558,0.5833333333333334,True,21.0,10,中维护
A4,2025-11-01,23,19,94.4941182802088,94.57389473799208,0.5702765922751191,93.4540761083495,95.5856718804894,0.7916666666666666,True,22.0,10,中维护
A4,2025-11-02,24,24,93.8320984390092,93.91681338846793,0.5535873490317404,92.9690191498939,95.1610209058233,1.0,True,23.0,10,中维护
A4,2025-11-03,23,23,93.3533480751888,93.3431332580571,0.5689005293546591,92.2708938554364,94.5617607076748,0.9583333333333334,True,24.0,10,中维护
A4,2025-11-04,24,23,93.1801241407657,93.07406736816992,0.6052011571059797,91.3833039307123,93.9698907794318,0.9583333333333334,True,25.0,10,中维护
A4,2025-11-05,24,23,92.6703612603028,92.72042431365239,0.6190766004617849,91.5723260778316,93.7795868010607,0.9583333333333334,True,26.0,10,中维护
A4,2025-11-06,23,23,92.4494004143607,92.41242756132466,0.48265186715180475,91.0355935169753,93.2529518544638,0.9583333333333334,True,27.0,10,中维护
A4,2025-11-07,23,23,91.5176814123178,91.6154203829451,0.708348311854945,90.56807884561,93.0836025220584,0.9583333333333334,True,28.0,10,中维护
A4,2025-11-08,16,16,91.2504463391693,91.28025147179511,0.5245285525035301,90.4966416467885,92.3590522086736,0.6666666666666666,True,29.0,10,中维护
A4,2025-11-09,19,19,90.0134350495558,89.98727456420139,0.6024264439255087,88.666265823521,91.4532775209896,0.7916666666666666,True,30.0,10,中维护
A4,2025-11-10,19,19,88.868351682613,88.96982732824547,0.5245453214953022,88.0950756823667,89.9370862108773,0.7916666666666666,True,31.0,10,中维护
A4,2025-11-11,24,24,88.345129773688,88.38002223332116,0.39362657580029486,87.5118478401597,89.1365978500193,1.0,True,32.0,10,中维护
A4,2025-11-12,24,22,87.78348101401465,87.7809429561104,0.5414316944629116,87.0336356017586,89.0760569038716,0.9166666666666666,True,33.0,10,中维护
A4,2025-11-13,21,20,87.19091295711735,87.18626919017089,0.5300986582594573,85.9636208852027,87.9325083786451,0.8333333333333334,True,34.0,10,中维护
A4,2025-11-14,16,16,86.57881448832575,86.59732620889326,0.37063558007081676,85.959157410063,87.262698656588,0.6666666666666666,True,35.0,10,中维护
A4,2025-11-15,24,24,86.11602506349215,86.1667239151764,0.6572185520860736,84.8309415315266,87.6815429194364,1.0,True,36.0,10,中维护
A4,2025-11-16,24,21,85.6561137480044,85.76792038219641,0.5331660208250776,84.9107578040003,86.8300382728617,0.875,True,37.0,10,中维护
A4,2025-11-17,23,23,85.1049731971951,85.12736497388464,0.4117430270219922,84.3679543102846,85.7639195222201,0.9583333333333334,True,38.0,10,中维护
A4,2025-11-18,24,23,84.916483776155,84.8963882124212,0.985032099875396,83.4539819020471,88.1562635320467,0.9583333333333334,True,39.0,10,中维护
A4,2025-11-19,23,20,84.4108052089174,84.43094450612949,0.4876134411432589,83.5690619240687,85.7697349453945,0.8333333333333334,True,40.0,10,中维护
A4,2025-11-20,15,14,84.22558996557655,84.13962503053908,0.4894021404856948,83.3426747869794,84.8657365113965,0.5833333333333334,True,41.0,10,中维护
A4,2025-11-21,24,19,83.474712550441,83.46676643481781,0.5382446037919024,82.2334051508827,84.3913702242595,0.7916666666666666,True,42.0,10,中维护
A4,2025-11-22,24,24,83.0941752330983,83.0732610716499,0.5276410645321765,81.962994404312,84.0609446111619,1.0,True,43.0,10,中维护
A4,2025-11-23,24,22,82.9242856067838,82.95986728019096,0.5689444514630225,82.062587036463,84.2685392296734,0.9166666666666666,True,44.0,10,中维护
A4,2025-11-24,14,14,82.77558918739416,82.7517623921316,0.6720738139886648,81.5804456131083,83.776434726691,0.5833333333333334,True,45.0,10,中维护
A4,2025-11-25,23,23,82.641836178513,82.56697891156055,0.46528241702863865,81.8242611662811,83.5414611986959,0.9583333333333334,True,46.0,10,中维护
A4,2025-11-26,24,24,81.87674448254734,81.8715696560681,0.5281383811657312,80.8201755745678,83.1971050875695,1.0,True,47.0,10,中维护
A4,2025-11-27,23,23,81.4019201742696,81.30199842357698,0.4890628888655524,80.2042340374895,82.0557076538073,0.9583333333333334,True,48.0,10,中维护
A4,2025-11-28,13,12,80.8039303240443,80.81401021411953,0.4688892876686966,80.0720235273799,81.653015660912,0.5,True,49.0,10,中维护
A4,2025-11-29,23,23,80.5004517926113,80.57754383967753,0.4467925980767637,79.8629594363894,81.4768634205229,0.9583333333333334,True,50.0,10,中维护
A4,2025-11-30,24,24,80.04410612066354,80.02569583728281,0.5899185736121149,78.918500356864,81.3176583101183,1.0,True,51.0,10,中维护
A4,2025-12-01,24,24,79.89661089142245,79.84040172180849,0.33149547285762176,79.1561447270082,80.3936935316251,1.0,True,52.0,10,中维护
A4,2025-12-02,24,24,79.50387894917495,79.45441141683003,0.5200889922909071,78.3906302405546,80.478994833027,1.0,True,53.0,10,中维护
A4,2025-12-03,24,20,79.29589852664421,79.16012210223069,0.34537526875290897,78.4139797965165,79.7555386707619,0.8333333333333334,True,54.0,10,中维护
A4,2025-12-04,12,12,78.71829308447575,78.63651139506153,0.4101910327942684,77.8857095095311,79.352520418039,0.5,True,55.0,10,中维护
A4,2025-12-05,23,22,77.79171023006874,77.71809784262842,0.38403843200232046,77.0296234729087,78.3900347815003,0.9166666666666666,True,56.0,10,中维护
A4,2025-12-06,24,21,77.2354772314187,77.21743876148923,0.3647156967552706,76.4088268350471,77.7846744335834,0.875,True,57.0,10,中维护
A4,2025-12-07,16,13,76.7645039590261,76.77175473652363,0.31384449684262866,76.1305956402501,77.2074128282414,0.5416666666666666,True,58.0,10,中维护
A4,2025-12-08,24,24,76.22813941948931,75.37257393767744,3.9265523524122763,57.0332577968467,76.7087422466633,1.0,True,59.0,10,中维护
A4,2025-12-09,23,0,,,,,,0.0,False,0.0,11,中维护
A4,2025-12-10,23,20,99.23810803312139,99.28506693636623,0.22463898556808398,98.8788161957646,99.8778167471341,0.8333333333333334,True,1.0,11,中维护
A4,2025-12-11,12,12,98.90487447910189,98.85239334914145,0.18620800046064215,98.4897670725038,99.1259946909703,0.5,True,2.0,11,中维护
A4,2025-12-12,24,24,98.65455070556371,98.66347366025646,0.1981421752344487,98.231929219781,99.0023235412385,1.0,True,3.0,11,中维护
A4,2025-12-13,21,20,97.84987445586995,97.99376124907904,0.40515111197589043,97.3704910241229,98.6139673760628,0.8333333333333334,True,4.0,11,中维护
A4,2025-12-14,22,22,97.60325269709065,97.59242248065742,0.28231591887586893,96.9219381200346,98.0182296850289,0.9166666666666666,True,5.0,11,中维护
A4,2025-12-15,12,11,96.8457662686963,96.90072182857635,0.27038130742773114,96.586654130237,97.450402029112,0.4583333333333333,True,6.0,11,中维护
A4,2025-12-16,21,21,96.3653180703645,96.25463534234025,0.3029053376428734,95.6296576958141,96.7122212762588,0.875,True,7.0,11,中维护
A4,2025-12-17,20,20,95.52855288779725,95.6110291699506,0.40520648830416184,94.7094576446539,96.3188313161297,0.8333333333333334,True,8.0,11,中维护
A4,2025-12-18,22,22,95.0165746102648,94.95061301809761,0.3845312054290943,94.2799367226644,95.5052953477049,0.9166666666666666,True,9.0,11,中维护
A4,2025-12-19,24,24,94.3574267889017,94.39673689208011,0.3093424077788794,93.8525939607906,95.0571572579208,1.0,True,10.0,11,中维护
A4,2025-12-20,11,11,93.8373254477128,93.92758896818162,0.4312833828832665,93.3177498929692,94.5711251925332,0.4583333333333333,True,11.0,11,中维护
A4,2025-12-21,21,21,93.2604973859249,93.23769538692386,0.2595594618171381,92.6878601837204,93.5707870656224,0.875,True,12.0,11,中维护
A4,2025-12-22,24,21,92.6076896605999,92.56563239469317,0.38398411951988354,91.7945115276379,93.3601577692997,0.875,True,13.0,11,中维护
A4,2025-12-23,23,23,92.2492527700071,92.22386210031193,0.34933810495830286,91.2777761242112,92.8848089989597,0.9583333333333334,True,14.0,11,中维护
A4,2025-12-24,12,12,91.37279043008249,91.32253947091895,0.3784258386635818,90.6675914826789,92.0353861098491,0.5,True,15.0,11,中维护
A4,2025-12-25,23,23,91.1068846836822,91.00031898186084,0.358038755228088,90.3186491699599,91.7027839062956,0.9583333333333334,True,16.0,11,中维护
A4,2025-12-26,21,21,90.3984174292515,90.3672789643547,0.40754175573803325,89.6278998577635,91.0504013586169,0.875,True,17.0,11,中维护
A4,2025-12-27,23,23,90.4229651300467,90.45751639855048,0.3710079648231794,89.8129129195869,91.3763541541971,0.9583333333333334,True,18.0,11,中维护
A4,2025-12-28,24,22,89.79023950933215,89.70412840542166,0.3616793995156386,89.036419767029,90.6476728438721,0.9166666666666666,True,19.0,11,中维护
A4,2025-12-29,24,24,88.95509109193864,88.99255806786448,0.3734784331567864,88.1936917628707,89.6504483665347,1.0,True,20.0,11,中维护
A4,2025-12-30,21,20,87.73292498475645,87.78424644398726,0.3992756763723016,86.6249654784446,88.5397484787472,0.8333333333333334,True,21.0,11,中维护
A4,2025-12-31,12,12,87.0188078877269,87.05395947210756,0.27276771528945565,86.6388806525619,87.5335104205172,0.5,True,22.0,11,中维护
A4,2026-01-01,22,22,86.5049186132141,86.47363693423264,0.14308899707889972,86.174468073426,86.7387154337914,0.9166666666666666,True,23.0,11,中维护
A4,2026-01-02,14,14,86.0266717485416,86.02534225270747,0.27175640662582273,85.6648489222524,86.5667306534694,0.5833333333333334,True,24.0,11,中维护
A4,2026-01-03,2,2,,,,,,0.08333333333333333,False,25.0,11,中维护
A4,2026-01-04,3,3,85.3947293228256,85.40400592849305,0.0997404088313635,85.3092278966814,85.5080605659721,0.125,True,26.0,11,中维护
A4,2026-01-05,16,12,84.7870999718518,84.77598981311043,0.25475280771102315,84.4333321245712,85.2396848378605,0.5,True,27.0,11,中维护
A4,2026-01-06,19,13,84.5739895475592,84.60537728145468,0.24744242168386754,84.29993796856,85.0658932779919,0.5416666666666666,True,28.0,11,中维护
A4,2026-01-07,24,20,83.9458120489499,83.98583250910016,0.17527735440209147,83.6623987248346,84.2345400252333,0.8333333333333334,True,29.0,11,中维护
A4,2026-01-08,20,19,83.5194491655567,83.50258796016269,0.19566119035968538,83.1151589953198,83.8326957823501,0.7916666666666666,True,30.0,11,中维护
A4,2026-01-09,16,16,83.2667592453991,83.24500524383716,0.1689762552536968,82.9969950305363,83.4926018678362,0.6666666666666666,True,31.0,11,中维护
A4,2026-01-10,22,22,82.87468905152915,82.88281553775954,0.17892213583055078,82.5235238141886,83.1598834194768,0.9166666666666666,True,32.0,11,中维护
A4,2026-01-11,14,12,82.058790018929,82.08829999144045,0.21412415131706766,81.7237128518621,82.4578197011888,0.5,True,33.0,11,中维护
A4,2026-01-12,23,23,81.4613363007871,81.51867746831864,0.21169401916700173,81.1416187638564,81.8914454530841,0.9583333333333334,True,34.0,11,中维护
A4,2026-01-13,24,24,80.8179193586891,80.84420285346333,0.21059797087699447,80.4576461733018,81.3416125144819,1.0,True,35.0,11,中维护
A4,2026-01-14,22,22,80.00180840806391,80.02701631974793,0.1740449249612359,79.6430737428173,80.353485022405,0.9166666666666666,True,36.0,11,中维护
A4,2026-01-15,15,15,79.420200387737,79.4469923001595,0.21759653795862474,79.1520755475474,79.8898226547341,0.625,True,37.0,11,中维护
A4,2026-01-16,24,24,79.49651749959266,79.47868958321675,0.1850123747988794,79.1145376575388,79.9304601429813,1.0,True,38.0,11,中维护
A4,2026-01-17,24,24,79.03550905690535,79.08012867233025,0.1768172275869996,78.7396925629603,79.5559594986231,1.0,True,39.0,11,中维护
A4,2026-01-18,23,23,78.1901371102035,78.23496915965534,0.19541717588171106,77.9559975481253,78.6664604327275,0.9583333333333334,True,40.0,11,中维护
A4,2026-01-19,24,23,77.3056606562269,77.34282161506071,0.2264634938748302,76.9727264588659,78.0624180153096,0.9583333333333334,True,41.0,11,中维护
A4,2026-01-20,4,3,76.528039840358,76.53638094259914,0.13189950576077836,76.4088499404639,76.6722530469755,0.125,True,42.0,11,中维护
A4,2026-01-21,4,0,,,,,,0.0,False,0.0,12,中维护
A4,2026-01-22,4,4,109.1700322091965,109.18012727951924,0.10870891432881541,109.073487939115,109.306956760569,0.16666666666666666,True,1.0,12,中维护
A4,2026-01-23,4,4,108.62023205071651,108.6033824285645,0.15405070220657757,108.414145467647,108.758920145178,0.16666666666666666,True,2.0,12,中维护
A4,2026-01-24,4,4,108.5087596802295,108.52706360952101,0.03863250442821476,108.505777600527,108.584957477098,0.16666666666666666,True,3.0,12,中维护
A4,2026-01-25,4,4,107.681484650798,107.66202760526625,0.20446222761643104,107.399212196806,107.885928922663,0.16666666666666666,True,4.0,12,中维护
A4,2026-01-26,4,4,107.1176110112095,107.19176082994,0.26765443979450043,106.967038583166,107.564782714175,0.16666666666666666,True,5.0,12,中维护
A4,2026-01-27,4,4,106.5161522259695,106.60855704161175,0.34614811602116785,106.297697873855,107.104225840653,0.16666666666666666,True,6.0,12,中维护
A4,2026-01-28,4,4,105.994711797449,106.06634848821426,0.19508227968609473,105.922436304281,106.353534053678,0.16666666666666666,True,7.0,12,中维护
A4,2026-01-29,4,4,105.6788668363875,105.6277655977275,0.17999023752592555,105.374122383091,105.779206335044,0.16666666666666666,True,8.0,12,中维护
A4,2026-01-30,4,4,105.3317401133005,105.418151933586,0.378972456702275,105.065136664588,105.943990843155,0.16666666666666666,True,9.0,12,中维护
A4,2026-01-31,4,4,104.537679949949,104.42684254275,0.31416270943512253,103.965297776654,104.666712494448,0.16666666666666666,True,10.0,12,中维护
A4,2026-02-01,4,4,103.98039726802651,103.945496011388,0.12609352677273522,103.771627960266,104.049561549233,0.16666666666666666,True,11.0,12,中维护
A4,2026-02-02,4,4,103.0858501682535,103.086365423564,0.4834489036592497,102.529143230399,103.64461812735,0.16666666666666666,True,12.0,12,中维护
A4,2026-02-03,4,4,102.604747943573,102.59883833822326,0.21933360375091362,102.342356955788,102.843500509959,0.16666666666666666,True,13.0,12,中维护
A4,2026-02-04,4,3,102.083328209929,102.10561253095933,0.19745714756360788,101.92024290582,102.313266477129,0.125,True,14.0,12,中维护
A4,2026-02-05,4,0,,,,,,0.0,False,15.0,12,中维护
A4,2026-02-06,4,4,101.208259753278,101.2166508326665,0.10834565512605479,101.11032246623,101.33976135788,0.16666666666666666,True,16.0,12,中维护
A4,2026-02-07,4,4,100.702332326721,100.673746465351,0.33019503095998826,100.300096242673,100.990224965289,0.16666666666666666,True,17.0,12,中维护
A4,2026-02-08,4,4,99.95431421946375,99.926359054985,0.36116751172165407,99.5029027571125,100.2939050239,0.16666666666666666,True,18.0,12,中维护
A4,2026-02-09,4,4,99.78679105857509,99.83687821753014,0.37425296065538194,99.4614667355564,100.312464017414,0.16666666666666666,True,19.0,12,中维护
A4,2026-02-10,4,4,98.77160264607615,98.83285157464027,0.21945882232275113,98.6598708193498,99.128330187059,0.16666666666666666,True,20.0,12,中维护
A4,2026-02-11,4,4,98.01402967108424,98.07697837631935,0.35176072004531306,97.7657705018537,98.5140836612552,0.16666666666666666,True,21.0,12,中维护
A4,2026-02-12,4,4,98.08089191739259,98.0952048983294,0.3807724228171888,97.6540397973963,98.5649959611361,0.16666666666666666,True,22.0,12,中维护
A4,2026-02-13,4,3,97.5674215819325,97.56585173979597,0.09127339702406742,97.4738035473582,97.6563300900972,0.125,True,23.0,12,中维护
A4,2026-02-14,4,4,97.4008631643229,97.4215788096506,0.2384592181837539,97.1803688335153,97.7042200764413,0.16666666666666666,True,24.0,12,中维护
A4,2026-02-15,4,4,96.74752331374489,96.7952268485478,0.11956477777614881,96.7153621000934,96.970498666608,0.16666666666666666,True,25.0,12,中维护
A4,2026-02-16,4,4,96.57925208991304,96.56410605324167,0.1623185427840055,96.3800201142171,96.7178999189235,0.16666666666666666,True,26.0,12,中维护
A4,2026-02-17,4,4,96.1197004650587,96.08879565273322,0.19329850879903426,95.8376350980754,96.2781465827401,0.16666666666666666,True,27.0,12,中维护
A4,2026-02-18,4,4,95.4461780641071,95.4576137098567,0.27688315359709886,95.1318409799245,95.8062577312881,0.16666666666666666,True,28.0,12,中维护
A4,2026-02-19,4,4,94.79917568866514,94.77447279446473,0.2661189195048177,94.4308157823045,95.0687240182241,0.16666666666666666,True,29.0,12,中维护
A4,2026-02-20,4,4,94.31653913437175,94.24372174542133,0.21043160149755322,93.9375903497238,94.404218363218,0.16666666666666666,True,30.0,12,中维护
A4,2026-02-21,4,3,93.9722839243012,93.93123522420863,0.11896659362039456,93.7971798054491,94.0242419428756,0.125,True,31.0,12,中维护
A4,2026-02-22,4,4,93.2988412109133,93.33630644278813,0.2401717041568746,93.0844386114225,93.6631047379034,0.16666666666666666,True,32.0,12,中维护
A4,2026-02-23,4,4,92.82041044800829,92.81197549841394,0.05402961848915835,92.7455625192342,92.861518578405,0.16666666666666666,True,33.0,12,中维护
A4,2026-02-24,4,4,91.71900452151621,91.70137092468077,0.05313061355965809,91.6264181640793,91.7410564916114,0.16666666666666666,True,34.0,12,中维护
A4,2026-02-25,4,4,91.76798878017084,91.76234349282147,0.24733058620089982,91.5043224399164,92.0090739710278,0.16666666666666666,True,35.0,12,中维护
A4,2026-02-26,4,4,91.71051436734425,91.63852178900717,0.2891466889305558,91.2411899561242,91.891868465216,0.16666666666666666,True,36.0,12,中维护
A4,2026-02-27,4,4,90.78401112476524,90.77907330369689,0.11240276758917923,90.6368995871128,90.9113713781443,0.16666666666666666,True,37.0,12,中维护
A4,2026-02-28,4,4,90.15136828164485,90.1367043036883,0.35366549739556497,89.7773558994291,90.4667247520344,0.16666666666666666,True,38.0,12,中维护
A4,2026-03-01,4,4,89.99469305717095,90.03241014042717,0.29746949558494745,89.7712083229427,90.3690461244241,0.16666666666666666,True,39.0,12,中维护
A4,2026-03-02,4,3,89.8948006536692,89.7017040226018,0.706520085031869,88.9187113183109,90.2916000958253,0.125,True,40.0,12,中维护
A4,2026-03-03,4,4,89.58437212419776,89.52858328818633,0.6775722166341642,88.7263689956587,90.2192199086911,0.16666666666666666,True,41.0,12,中维护
A4,2026-03-04,4,4,89.6297262034783,89.67964726758757,0.1844417933975877,89.5231857486364,89.9359509147573,0.16666666666666666,True,42.0,12,中维护
A4,2026-03-05,4,4,89.1530875795527,89.17168460252712,0.3166424096622711,88.8681201044304,89.5124431465727,0.16666666666666666,True,43.0,12,中维护
A4,2026-03-06,4,4,89.0519683368682,88.95604591174643,0.5303181100218844,88.2458413690259,89.4744056042234,0.16666666666666666,True,44.0,12,中维护
A4,2026-03-07,4,4,88.2541158027131,88.26246867723675,0.31169566947321836,87.9440452591958,88.597597844325,0.16666666666666666,True,45.0,12,中维护
A4,2026-03-08,4,4,88.37191398534385,88.22067077242393,0.4106752485466283,87.6251943177011,88.5136608013069,0.16666666666666666,True,46.0,12,中维护
A4,2026-03-09,4,4,88.45509888957534,88.43548941130885,0.47920356334884084,87.8669592602689,88.9648006058158,0.16666666666666666,True,47.0,12,中维护
A4,2026-03-10,4,4,88.2974733553929,88.26934053934225,0.17193762128142032,88.0388411262181,88.4435743203651,0.16666666666666666,True,48.0,12,中维护
A4,2026-03-11,4,4,87.8882392136737,87.9208928230408,0.6090024823344186,87.2920051465814,88.6150877182344,0.16666666666666666,True,49.0,12,中维护
A4,2026-03-12,4,0,,,,,,0.0,False,0.0,13,中维护
A4,2026-03-13,4,4,115.2513653057285,110.98390234917368,8.602090890654994,98.0814877849037,115.351391000334,0.16666666666666666,True,1.0,13,中维护
A4,2026-03-14,4,4,114.83528780738101,114.8544463836565,0.2285956240291885,114.614804986176,115.132404933688,0.16666666666666666,True,2.0,13,中维护
A4,2026-03-15,4,4,114.7430842297625,114.72089100886625,0.14821571482550394,114.519977614566,114.877417961374,0.16666666666666666,True,3.0,13,中维护
A4,2026-03-16,4,4,114.631651425976,114.654249651062,0.2590552102909029,114.378596318108,114.975099434188,0.16666666666666666,True,4.0,13,中维护
A4,2026-03-17,4,4,114.272906788819,114.23056334367,0.24347016827627407,113.905256177681,114.471183619361,0.16666666666666666,True,5.0,13,中维护
A4,2026-03-18,4,4,114.0162118965345,114.024889583402,0.3302370310100494,113.727371992353,114.339762548186,0.16666666666666666,True,6.0,13,中维护
A4,2026-03-19,4,4,113.49376674081,113.6069645058405,0.5611381161605885,113.145916041703,114.294408500039,0.16666666666666666,True,7.0,13,中维护
A4,2026-03-20,4,3,113.207397194291,113.27416657505633,0.23953581070200314,113.075099567332,113.540002963546,0.125,True,8.0,13,中维护
A4,2026-03-21,4,4,113.794849355825,113.76135820659175,0.628268457915487,112.961822405083,114.493911709634,0.16666666666666666,True,9.0,13,中维护
A4,2026-03-22,4,4,113.571077461557,113.567398323209,0.07451433986510693,113.48760797442,113.639830395302,0.16666666666666666,True,10.0,13,中维护
A4,2026-03-23,4,4,112.9844345326165,112.99760621374224,0.3477592865461545,112.593071410184,113.428484379552,0.16666666666666666,True,11.0,13,中维护
A4,2026-03-24,4,4,112.6561047265145,112.72773693750075,0.5522202837384333,112.185460741237,113.413277555737,0.16666666666666666,True,12.0,13,中维护
A4,2026-03-25,4,4,112.056568507867,112.18026251559675,0.5110860196977267,111.750801620364,112.857111426289,0.16666666666666666,True,13.0,13,中维护
A4,2026-03-26,4,4,112.129330608938,112.083905016707,0.3719273608101859,111.597840771424,112.479118077528,0.16666666666666666,True,14.0,13,中维护
A4,2026-03-27,4,4,111.5835234643535,111.653330560656,0.24651178784007213,111.440884466122,112.005390847795,0.16666666666666666,True,15.0,13,中维护
A4,2026-03-28,4,2,,,,,,0.08333333333333333,False,16.0,13,中维护
A4,2026-03-29,4,2,,,,,,0.08333333333333333,False,17.0,13,中维护
A4,2026-03-30,4,4,111.15627364864551,111.07560727557625,0.38800193876781003,110.54244209049,111.447439714524,0.16666666666666666,True,18.0,13,中维护
A4,2026-03-31,4,4,111.3444418629555,111.32063454950574,0.2610142933416613,111.003095367727,111.590559104385,0.16666666666666666,True,19.0,13,中维护
A4,2026-04-01,4,4,112.0760883111945,111.9627612636155,0.631460367871598,111.209520709308,112.489347722765,0.16666666666666666,True,20.0,13,中维护
A4,2026-04-02,4,4,110.898582920237,110.86923681541751,0.8510982167352548,109.868650692222,111.811130728974,0.16666666666666666,True,21.0,13,中维护
A4,2026-04-03,4,4,110.436579542656,110.48484731899501,0.3009785234948657,110.171353444288,110.89487674638,0.16666666666666666,True,22.0,13,中维护
A4,2026-04-04,4,4,109.8307296974245,109.76118205017076,0.32176038391696504,109.319697913029,110.063570892805,0.16666666666666666,True,23.0,13,中维护
A4,2026-04-05,4,4,110.4579172055935,110.65833790866274,0.8311485287869871,109.921149317632,111.796367905832,0.16666666666666666,True,24.0,13,中维护
A4,2026-04-06,4,4,110.066167033755,110.04273067877526,0.41331785522622905,109.530901660095,110.507686987496,0.16666666666666666,True,25.0,13,中维护
A4,2026-04-07,4,4,110.025431246784,110.07017762598676,0.23649157111494507,109.833824227656,110.396023782723,0.16666666666666666,True,26.0,13,中维护
A4,2026-04-08,4,4,108.940194311937,108.92191405171324,0.3756835244065464,108.485322213175,109.321945369804,0.16666666666666666,True,27.0,13,中维护
A4,2026-04-09,4,4,109.4808379060585,109.2484137888115,1.1492314423550218,107.647640440409,110.38433890272,0.16666666666666666,True,28.0,13,中维护
A4,2026-04-10,4,4,108.4909437435065,108.7743446931415,0.7673733243299229,108.213060104226,109.902431181327,0.16666666666666666,True,29.0,13,中维护
A5,2024-04-03,23,23,108.646756756315,108.71094363450896,0.22066623680473768,108.45621179311,109.211043579085,0.9583333333333334,True,0.0,0,观测起点
A5,2024-04-04,23,23,108.523990503004,108.51280748740587,0.2711271452233463,107.931152421742,109.042703596333,0.9583333333333334,True,0.0,0,观测起点
A5,2024-04-05,23,23,108.311984114515,108.32411328376112,0.21304267759222448,107.958796666097,108.69986365303,0.9583333333333334,True,0.0,0,观测起点
A5,2024-04-06,24,24,108.094164667331,108.1176314716018,0.26900730784014887,107.685725899511,108.622031671726,1.0,True,0.0,0,观测起点
A5,2024-04-07,24,24,108.0277444555905,107.98703801062929,0.36124964714634966,107.362304717897,108.582168655953,1.0,True,0.0,0,观测起点
A5,2024-04-08,23,23,107.966553338478,107.95985690130011,0.2829238848384639,107.122537972753,108.500961445836,0.9583333333333334,True,0.0,0,观测起点
A5,2024-04-09,15,15,107.939766007565,107.82338937376893,0.3557954822987053,107.128978750602,108.362621650772,0.625,True,0.0,0,观测起点
A5,2024-04-10,10,10,107.249414428651,107.2824032147656,0.33078411690067216,106.610367334648,107.717927853928,0.4166666666666667,True,0.0,0,观测起点
A5,2024-04-11,12,11,107.187786966234,107.15900612354618,0.30089650882296237,106.668941291781,107.686817372742,0.4583333333333333,True,0.0,0,观测起点
A5,2024-04-12,2,0,,,,,,0.0,False,0.0,0,观测起点
A5,2024-04-13,14,11,106.722345718703,106.77426833234881,0.39023674703628897,106.300288238897,107.498129922106,0.4583333333333333,True,0.0,0,观测起点
A5,2024-04-14,23,22,106.414002571561,106.54472757951747,0.3760952766992113,106.013298882214,107.322613607809,0.9166666666666666,True,0.0,0,观测起点
A5,2024-04-15,24,24,106.2609659307565,106.30479681744045,0.30057277657032316,105.672966480141,106.908811187875,1.0,True,0.0,0,观测起点
A5,2024-04-16,24,20,106.14374526340049,106.12976650579576,0.23391435892990511,105.663600444634,106.567602272908,0.8333333333333334,True,0.0,0,观测起点
A5,2024-04-17,13,13,106.041115291115,106.05815666728208,0.2439239086372731,105.632546846926,106.421870730289,0.5416666666666666,True,0.0,0,观测起点
A5,2024-04-18,24,23,105.712457974264,105.7007504362724,0.23625583361449956,105.29030314693,106.050389398563,0.9583333333333334,True,0.0,0,观测起点
A5,2024-04-19,24,22,105.29187407571851,105.25098866353287,0.3062460434977171,104.580808861499,105.758314346716,0.9166666666666666,True,0.0,0,观测起点
A5,2024-04-20,23,23,104.764668764539,104.84642053419773,0.3878267555606999,104.226462111336,105.514690901019,0.9583333333333334,True,0.0,0,观测起点
A5,2024-04-21,23,18,104.8081731037955,104.65649288262155,0.34032103315023216,104.01464958246,105.144775497495,0.75,True,0.0,0,观测起点
A5,2024-04-22,23,21,104.324680939322,104.24397864398944,0.3804236414630725,103.607269712302,104.855834784612,0.875,True,0.0,0,观测起点
A5,2024-04-23,14,12,103.9187554385245,103.94097198884107,0.21501750883494572,103.600357108395,104.374229233639,0.5,True,0.0,0,观测起点
A5,2024-04-24,8,8,103.7821146575445,103.63601797387588,0.4475254970480593,102.978713247957,104.186069615256,0.3333333333333333,True,0.0,0,观测起点
A5,2024-04-25,24,23,103.38224543725,103.4828196715607,0.3595206382584891,102.666412646151,104.137936356842,0.9583333333333334,True,0.0,0,观测起点
A5,2024-04-26,24,23,103.162369924639,103.12055992564314,0.3054600610493583,102.475890903972,103.65643767422,0.9583333333333334,True,0.0,0,观测起点
A5,2024-04-27,11,11,102.774504935894,102.78248425997654,0.2946669769794736,102.407853962075,103.254616470129,0.4583333333333333,True,0.0,0,观测起点
A5,2024-04-28,23,23,102.476138301472,102.51086584225322,0.19001905180262116,102.157759827642,102.861791894879,0.9583333333333334,True,0.0,0,观测起点
A5,2024-04-29,16,16,102.4897988881875,102.45733224446593,0.30804202934980884,101.74215794585,102.921108871531,0.6666666666666666,True,0.0,0,观测起点
A5,2024-05-14,10,10,102.0550080425585,101.9299680747523,1.237174846320373,99.758692995228,103.363862485755,0.4166666666666667,True,0.0,0,观测起点
A5,2024-05-15,22,22,102.037521352115,102.05190391684455,0.9654501567061197,100.208073805406,103.713592055408,0.9166666666666666,True,0.0,0,观测起点
A5,2024-05-16,10,10,101.5190110276985,101.74114636650737,1.328222592678476,99.3505246525017,103.682560171669,0.4166666666666667,True,0.0,0,观测起点
A5,2024-05-17,20,20,101.189133490279,100.62404773785136,3.295166200403232,87.106384640464,103.813815184816,0.8333333333333334,True,0.0,0,观测起点
A5,2024-05-18,23,21,101.135598276499,100.9355006894136,1.4023970953026863,98.0240983938083,103.481375028474,0.875,True,0.0,0,观测起点
A5,2024-05-19,23,0,,,,,,0.0,False,0.0,1,中维护
A5,2024-05-20,18,13,115.524153889981,113.14679309334292,8.701173915305018,84.21985367878,116.509214644993,0.5416666666666666,True,1.0,1,中维护
A5,2024-05-21,15,15,115.721126472985,115.67965545108319,0.40560071806949183,115.175926675145,116.589209953415,0.625,True,2.0,1,中维护
A5,2024-05-22,23,18,115.62811509935099,115.6513847307979,0.5488998873641733,114.662878484118,116.853552267714,0.75,True,3.0,1,中维护
A5,2024-05-23,24,24,115.652176136732,115.7087838330025,1.379860346489829,112.747317969878,118.408692083187,1.0,True,4.0,1,中维护
A5,2024-05-24,22,22,115.50288738130399,115.51569686166786,0.8933041491126736,113.326267544348,117.408243945985,0.9166666666666666,True,5.0,1,中维护
A5,2024-05-25,13,13,114.953320219757,115.10481906017807,1.0825303014586318,112.974327342689,117.306559049759,0.5416666666666666,True,6.0,1,中维护
A5,2024-05-26,24,24,115.38116900875201,115.78729441491267,1.1186898285701585,114.011776312445,117.654255189526,1.0,True,7.0,1,中维护
A5,2024-05-27,20,20,115.7554483419645,115.56503126960415,1.2630313491108331,113.44236654768,117.4037340578,0.8333333333333334,True,8.0,1,中维护
A5,2024-05-28,20,15,115.044532113218,115.14206071763107,0.8120387883215257,113.503597249713,117.054185612121,0.625,True,9.0,1,中维护
A5,2024-05-29,12,12,115.43217323632899,115.36508430934542,1.0233910470487368,113.720934087471,117.312675573458,0.5,True,10.0,1,中维护
A5,2024-05-30,21,21,114.970358040617,115.10982580257182,0.9610144405391738,113.180200177225,116.64700996864,0.875,True,11.0,1,中维护
A5,2024-05-31,23,22,115.067067351243,115.11229904469369,0.9309915202535439,113.382132586438,117.568388000051,0.9166666666666666,True,12.0,1,中维护
A5,2024-06-01,10,10,115.5296531527225,115.7668128026672,2.7915922639910695,111.332268799585,120.687749841502,0.4166666666666667,True,13.0,1,中维护
A5,2024-06-03,14,14,114.76688995862551,114.89009491978972,1.7944908617553577,112.026659816061,118.372934606237,0.5833333333333334,True,15.0,1,中维护
A5,2024-06-04,24,24,115.0072197882595,114.99535238570779,2.821494448585206,108.380510881407,119.90230560877,1.0,True,16.0,1,中维护
A5,2024-06-05,24,24,115.696552042684,115.60404584695608,2.5673398570683954,110.62228053764,119.555707017539,1.0,True,17.0,1,中维护
A5,2024-06-06,14,14,114.0710685581025,114.43239309437614,3.8069699906404937,108.027971363554,120.045674962589,0.5833333333333334,True,18.0,1,中维护
A5,2024-06-07,23,18,115.3611182856045,116.14205636842212,3.1463851381336063,111.356619531207,122.453000612712,0.75,True,19.0,1,中维护
A5,2024-06-08,23,20,114.647129080723,114.4021757979788,3.070896748767898,108.490352237935,121.570274087039,0.8333333333333334,True,20.0,1,中维护
A5,2024-06-09,23,23,114.596899379656,115.06100228710343,2.698772391043128,111.149987059915,120.918386374902,0.9583333333333334,True,21.0,1,中维护
A5,2024-06-10,15,15,117.753159966799,117.71151675367807,2.3519316821186087,111.609996920437,120.836924082248,0.625,True,22.0,1,中维护
A5,2024-06-11,23,18,116.547802408085,115.74653160927876,2.7516381942147135,110.184045211291,119.178840198746,0.75,True,23.0,1,中维护
A5,2024-06-12,24,24,114.59812448543201,114.83222022258532,2.9761436380175605,110.573370914873,121.089811363892,1.0,True,24.0,1,中维护
A5,2024-06-13,24,24,114.63716357653101,114.64624471609433,2.706469664165771,108.876093850993,119.638525272707,1.0,True,25.0,1,中维护
A5,2024-06-14,16,16,116.270126193261,115.650963891336,1.7599275613826166,112.457660306338,118.135125467876,0.6666666666666666,True,26.0,1,中维护
A5,2024-06-15,18,16,115.121072890103,114.85427420024857,2.502278579889858,109.446879759,119.040466865126,0.6666666666666666,True,27.0,1,中维护
A5,2024-06-16,24,24,114.0804050904645,114.04037810625329,3.2082104431691976,107.785927421054,120.389550377299,1.0,True,28.0,1,中维护
A5,2024-06-17,22,21,113.436607013608,114.22701481466677,3.3163878377942546,107.896470059193,121.185266030296,0.875,True,29.0,1,中维护
A5,2024-06-18,20,20,112.828101152735,113.73329484268565,2.5793833943671123,109.118900499423,118.635333306554,0.8333333333333334,True,30.0,1,中维护
A5,2024-06-19,15,15,112.894680609137,112.91375391558573,3.0242950947071137,107.48772336557,118.363963235684,0.625,True,31.0,1,中维护
A5,2024-06-20,24,20,114.6016499541085,114.2183390165374,2.2065285668683674,110.975445806511,117.872134912081,0.8333333333333334,True,32.0,1,中维护
A5,2024-06-21,23,23,113.986405403237,113.95199242749443,2.8533272544486485,108.426972391328,118.71036665696,0.9583333333333334,True,33.0,1,中维护
A5,2024-06-22,22,21,113.979935017546,113.81116777256949,2.489028154833189,106.821530546263,117.626526342871,0.875,True,34.0,1,中维护
A5,2024-06-23,13,13,112.996187612905,113.4548724488937,2.1594229088297796,110.241536938907,117.075897668756,0.5416666666666666,True,35.0,1,中维护
A5,2024-06-24,24,24,112.553283440965,112.38171815064446,2.6103614895479517,106.513672410438,116.791117881639,1.0,True,36.0,1,中维护
A5,2024-06-25,24,24,112.3359063527445,113.28994391807139,3.221003231208399,107.846555073643,121.29444091735,1.0,True,37.0,1,中维护
A5,2024-06-26,24,24,113.02279450002351,113.12974473646312,2.966463517369112,107.561585746135,119.128771544776,1.0,True,38.0,1,中维护
A5,2024-06-27,13,13,112.51371994224,112.79361997918954,4.1404681545333135,107.457244679293,120.838320145781,0.5416666666666666,True,39.0,1,中维护
A5,2024-06-28,24,24,114.9826388813625,114.42438761981406,2.65596215945993,109.367544806432,118.77905147582,1.0,True,40.0,1,中维护
A5,2024-06-29,24,21,112.99178239123,112.59675745610309,2.774588364221973,104.320917963036,116.598641723672,0.875,True,41.0,1,中维护
A5,2024-06-30,24,23,111.967834682466,112.69919311821049,3.0141858043792613,106.246007124891,118.238842521471,0.9583333333333334,True,42.0,1,中维护
A5,2024-07-01,11,11,110.873053808779,110.83649927949318,4.144019101552894,101.646727858771,115.641628584134,0.4583333333333333,True,43.0,1,中维护
A5,2024-07-02,23,23,111.363125489204,111.31167022984623,3.1683452982585933,105.151070685346,117.809485542612,0.9583333333333334,True,44.0,1,中维护
A5,2024-07-03,24,20,112.4928768146435,111.78261609385179,2.7160287287782827,106.773550441886,115.263762350614,0.8333333333333334,True,45.0,1,中维护
A5,2024-07-04,19,19,112.889414616411,112.83668119520641,2.8356682545665683,107.44140600083,118.111488535842,0.7916666666666666,True,46.0,1,中维护
A5,2024-07-05,4,4,109.5026064259265,110.799655077416,2.9422828237188137,109.000883094645,115.192524363166,0.16666666666666666,True,47.0,1,中维护
A5,2024-07-06,4,4,111.366834076299,111.96344997736125,2.269808988500483,110.137907569924,114.982224186923,0.16666666666666666,True,48.0,1,中维护
A5,2024-07-07,4,4,113.5965971175995,114.12062370721,3.12426117587846,110.944341348315,118.344959245326,0.16666666666666666,True,49.0,1,中维护
A5,2024-07-08,4,4,111.35832067710251,111.153167915252,2.4419450329566246,108.069866915161,113.826163391642,0.16666666666666666,True,50.0,1,中维护
A5,2024-07-09,4,4,111.69901828396499,111.54713035098399,2.889543305297276,108.080455502173,114.710029333833,0.16666666666666666,True,51.0,1,中维护
A5,2024-07-10,4,4,107.92903746213551,107.9028967620255,2.6555541461097527,105.258108684517,110.495403439314,0.16666666666666666,True,52.0,1,中维护
A5,2024-07-11,4,4,108.17242337680301,108.96864951322475,1.8881904961838634,107.744992213706,111.784759085587,0.16666666666666666,True,53.0,1,中维护
A5,2024-07-12,4,4,113.1252734770395,111.97824533443824,4.024058214617422,106.229927456318,115.432506927356,0.16666666666666666,True,54.0,1,中维护
A5,2024-07-13,4,4,110.266840072652,110.896842649173,2.6990512050146265,108.621371379387,114.432319072001,0.16666666666666666,True,55.0,1,中维护
A5,2024-07-14,4,4,109.545459713688,110.79064477576375,3.206770195934728,108.526936621364,115.544723054315,0.16666666666666666,True,56.0,1,中维护
A5,2024-07-15,4,4,111.0403490207485,110.9941051757185,1.7917876788420113,108.754658688287,113.14106397309,0.16666666666666666,True,57.0,1,中维护
A5,2024-07-16,4,4,108.9418007794885,108.990878965303,1.8155916607757256,107.363537175349,110.716377126886,0.16666666666666666,True,58.0,1,中维护
A5,2024-07-17,4,4,109.873108779755,110.53327373511775,2.8865716490747126,107.783635312364,114.603242068597,0.16666666666666666,True,59.0,1,中维护
A5,2024-07-18,4,0,,,,,,0.0,False,0.0,2,中维护
A5,2024-07-19,4,4,118.2364375370455,118.3025600805495,1.3060301617745995,116.951255706626,119.786109541481,0.16666666666666666,True,1.0,2,中维护
A5,2024-07-20,4,4,118.18405442565151,118.68691165008775,2.2985419736609285,116.590638528807,121.788899220241,0.16666666666666666,True,2.0,2,中维护
A5,2024-07-21,4,4,117.08399413293,117.55814328315999,1.2971874807179993,116.644422784157,119.420162082623,0.16666666666666666,True,3.0,2,中维护
A5,2024-07-22,4,4,121.059024026011,121.41175992915925,1.0068652352979925,120.692754350075,122.83623731454,0.16666666666666666,True,4.0,2,中维护
A5,2024-07-23,4,4,118.720613362074,118.3386516614865,1.0523902319587044,116.81897755637,119.094402365428,0.16666666666666666,True,5.0,2,中维护
A5,2024-07-24,4,4,117.4684655136225,116.34767093647051,2.7257644108672943,112.291780315917,118.16197240272,0.16666666666666666,True,6.0,2,中维护
A5,2024-07-25,4,4,117.4260846301325,116.67179578881,1.842921419628856,113.933979856783,117.901034038192,0.16666666666666666,True,7.0,2,中维护
A5,2024-07-26,4,4,118.1663366941055,118.21018051457375,2.9113517177458488,114.690318477882,121.817730192202,0.16666666666666666,True,8.0,2,中维护
A5,2024-07-27,4,4,117.7067856163305,117.97777618824401,1.112692762749024,117.003238409128,119.494295111187,0.16666666666666666,True,9.0,2,中维护
A5,2024-07-28,4,4,117.3853924576605,117.68537243151376,2.720266248849742,114.813525375609,121.157179435125,0.16666666666666666,True,10.0,2,中维护
A5,2024-07-29,4,4,120.593457629933,118.08211826095825,6.240045072473001,108.967491448092,122.174066335875,0.16666666666666666,True,11.0,2,中维护
A5,2024-07-30,4,4,119.1941461478575,118.8267287811465,2.204303949115491,115.810649749024,121.107973079847,0.16666666666666666,True,12.0,2,中维护
A5,2024-07-31,4,4,118.18397904098,118.01716785843274,1.6795607631060783,116.023045133778,119.677668217993,0.16666666666666666,True,13.0,2,中维护
A5,2024-08-01,4,3,117.477272947006,117.97260911982868,1.0086595535637133,117.307383098517,119.133171313963,0.125,True,14.0,2,中维护
A5,2024-08-02,4,4,116.64383860085451,116.7018371231855,1.4226575948924796,115.02070095262,118.498970338413,0.16666666666666666,True,15.0,2,中维护
A5,2024-08-03,4,4,117.4067626648875,117.2460120822725,0.6552406908221047,116.362107173822,117.808415825493,0.16666666666666666,True,16.0,2,中维护
A5,2024-08-04,4,4,116.8491537198275,116.789777517096,1.0474363970215013,115.4710583466,117.989744282129,0.16666666666666666,True,17.0,2,中维护
A5,2024-08-05,4,4,116.566684257068,116.54452259815851,0.760461949614642,115.624180050922,117.420541827576,0.16666666666666666,True,18.0,2,中维护
A5,2024-08-06,4,4,116.49253787361451,116.593225562356,0.36275027315183944,116.287824765304,117.100001736891,0.16666666666666666,True,19.0,2,中维护
A5,2024-08-07,4,4,117.95914896001949,117.92496227591926,1.3158355415213632,116.648194107831,119.133357075807,0.16666666666666666,True,20.0,2,中维护
A5,2024-08-08,4,4,116.22211584664049,116.03576074571174,0.7547073793033734,115.003575051524,116.695236238042,0.16666666666666666,True,21.0,2,中维护
A5,2024-08-09,4,4,115.4434028522655,115.44656415666975,0.6765859462758389,114.692993575877,116.206457346271,0.16666666666666666,True,22.0,2,中维护
A5,2024-08-10,4,4,116.355732787633,116.29229031937375,1.4302299523343398,114.653508001078,117.804187701151,0.16666666666666666,True,23.0,2,中维护
A5,2024-08-11,4,4,115.98610639181351,116.11585619506475,0.8908193519107892,115.186577565716,117.304634430916,0.16666666666666666,True,24.0,2,中维护
A5,2024-08-12,4,4,117.7747116570185,117.74487343076851,0.3309451522566382,117.327743190077,118.10232721896,0.16666666666666666,True,25.0,2,中维护
A5,2024-08-13,4,4,116.5364625342205,116.5300869566205,0.79963330229,115.708407003752,117.339015754289,0.16666666666666666,True,26.0,2,中维护
A5,2024-08-14,4,4,116.51732186497401,116.680347422664,0.907871232929632,115.755931908067,117.930814052641,0.16666666666666666,True,27.0,2,中维护
A5,2024-08-15,4,2,,,,,,0.08333333333333333,False,28.0,2,中维护
A5,2024-08-16,4,4,116.0701217416685,116.04173565240126,0.43555883446113863,115.501017010122,116.525682116146,0.16666666666666666,True,29.0,2,中维护
A5,2024-08-17,4,4,115.823042935902,115.73891070403725,1.1551172113872459,114.378077741021,116.931479203324,0.16666666666666666,True,30.0,2,中维护
A5,2024-08-18,4,3,116.956708446131,116.56807308532433,1.2456793304676947,115.174406034803,117.573104775039,0.125,True,31.0,2,中维护
A5,2024-08-19,4,4,116.7670430969765,116.89830487304376,0.4864132778615407,116.49034332537,117.568789972852,0.16666666666666666,True,32.0,2,中维护
A5,2024-08-20,4,4,116.7245182932745,116.22144905228475,1.6989778389739654,113.770167044878,117.666592577712,0.16666666666666666,True,33.0,2,中维护
A5,2024-08-21,4,4,116.0528518954025,116.05874991152125,0.7729792152727815,115.129724975913,116.999570879367,0.16666666666666666,True,34.0,2,中维护
A5,2024-08-22,4,4,114.67065369300451,114.7228359016645,1.0639496859405895,113.500144511872,116.049891708777,0.16666666666666666,True,35.0,2,中维护
A5,2024-08-23,4,4,114.306835579947,114.47219299518349,0.6246507435961393,113.966428884428,115.308671936412,0.16666666666666666,True,36.0,2,中维护
A5,2024-08-24,4,4,115.86254800366851,115.85721456864076,0.8072097310554761,115.065766931119,116.637995336107,0.16666666666666666,True,37.0,2,中维护
A5,2024-08-25,4,4,114.7457734005675,114.7696184570495,1.1811255018542055,113.349375716205,116.237551310858,0.16666666666666666,True,38.0,2,中维护
A5,2024-08-26,11,11,115.413822688942,115.49928317359736,0.7317022019277988,114.272714226283,116.587473808347,0.4583333333333333,True,39.0,2,中维护
A5,2024-08-27,24,24,115.404828755916,115.35055887934766,0.8879720268883889,113.37211638768,117.193306863767,1.0,True,40.0,2,中维护
A5,2024-08-28,22,21,114.607701420678,114.89592506352619,1.3352550866161783,112.176067810335,117.547274514597,0.875,True,41.0,2,中维护
A5,2024-08-29,11,11,114.788363679146,114.9725420524291,1.4222220635469038,113.043673397597,116.874804944607,0.4583333333333333,True,42.0,2,中维护
A5,2024-08-30,20,19,114.878118493182,114.95484899480353,0.9076799952386431,113.331829264785,117.0272532706,0.7916666666666666,True,43.0,2,中维护
A5,2024-08-31,23,23,114.999657697172,114.99348782566867,1.1276088346268436,111.920614782906,117.035219450445,0.9583333333333334,True,44.0,2,中维护
A5,2024-09-01,17,17,114.505664331098,114.53546703319276,0.7739785638812895,113.179055833541,116.010090454355,0.7083333333333334,True,45.0,2,中维护
A5,2024-09-02,9,9,114.966550003486,114.47565371095632,1.4419192588885335,112.650280434916,116.342331723473,0.375,True,46.0,2,中维护
A5,2024-09-03,24,23,114.482489201157,114.29791995464343,1.2371536235600942,111.225099692004,117.258896159638,0.9583333333333334,True,47.0,2,中维护
A5,2024-09-04,24,24,114.2493741948725,114.2019274336655,1.14748397279418,110.990353387382,115.782361142168,1.0,True,48.0,2,中维护
A5,2024-09-05,23,23,113.682722591933,113.59124650321782,0.9424595233403066,111.466487852882,115.257331306501,0.9583333333333334,True,49.0,2,中维护
A5,2024-09-06,13,13,113.77136768277,113.760061976044,0.6729587206334267,112.454404096838,115.039437827337,0.5416666666666666,True,50.0,2,中维护
A5,2024-09-07,24,23,113.270779780614,113.40685208771069,0.9590663408749743,111.615409564696,115.350192683682,0.9583333333333334,True,51.0,2,中维护
A5,2024-09-08,24,23,113.194898488916,113.13197924473343,1.4570012561058883,109.60835904922,116.095154571364,0.9583333333333334,True,52.0,2,中维护
A5,2024-09-09,24,19,112.851205149747,112.6211233625639,1.2571659694704378,110.614805895347,114.750872329923,0.7916666666666666,True,53.0,2,中维护
A5,2024-09-10,11,10,112.62489382381699,112.641797730041,1.1195614029662457,110.874716717337,114.323744237133,0.4166666666666667,True,54.0,2,中维护
A5,2024-09-11,24,23,111.709972274153,111.67437952884934,1.3797096636092807,108.960121277613,113.956856276051,0.9583333333333334,True,55.0,2,中维护
A5,2024-09-12,23,21,111.054526889966,111.19981591314018,1.055723591069676,109.547999683771,113.557555885974,0.875,True,56.0,2,中维护
A5,2024-09-13,24,24,110.2126511163365,110.0976891525443,1.033794324304853,107.4932573692,112.858287189688,1.0,True,57.0,2,中维护
A5,2024-09-14,12,12,110.29001801941601,110.21579001164366,0.9840339506537581,108.307960291656,111.885645205197,0.5,True,58.0,2,中维护
A5,2024-09-15,23,20,109.16861160734999,108.93008978220121,0.9577216786913955,106.898174023351,110.630288587392,0.8333333333333334,True,59.0,2,中维护
A5,2024-09-16,24,24,108.489207962544,108.28785209340312,1.005436230399288,106.080334907507,109.613424665189,1.0,True,60.0,2,中维护
A5,2024-09-17,24,22,107.2851822657135,107.3496513245926,0.8014081789553379,105.667502426029,109.494893859746,0.9166666666666666,True,61.0,2,中维护
A5,2024-09-18,16,16,107.3672670256395,107.39006438752057,0.6707037351606635,106.113279187426,108.91578868983,0.6666666666666666,True,62.0,2,中维护
A5,2024-09-19,21,21,107.365983631985,107.2428035135598,1.0122440710922973,105.766756838396,109.765467636413,0.875,True,63.0,2,中维护
A5,2024-09-20,24,24,106.6409086480815,105.36896495103387,5.266738752270505,81.2842680690429,108.483023559707,1.0,True,64.0,2,中维护
A5,2024-09-21,24,0,,,,,,0.0,False,0.0,3,大维护
A5,2024-09-22,20,20,112.950525266369,114.37426419148555,6.968711801372557,111.816909962508,143.871359831693,0.8333333333333334,True,1.0,3,大维护
A5,2024-09-23,18,18,112.48478605856201,112.58006011730266,0.5866281024240516,111.537165955898,113.877657252791,0.75,True,2.0,3,大维护
A5,2024-09-24,24,24,111.62243037734251,111.62990154540479,0.5086631755260558,110.453725933305,112.563010694071,1.0,True,3.0,3,大维护
A5,2024-09-25,24,24,112.061682417775,111.60544452459699,1.3505811993825325,107.923653419617,113.186731264607,1.0,True,4.0,3,大维护
A5,2024-09-26,23,23,110.590554877413,110.4468841993942,0.9597350936417396,107.971720600845,112.358116752583,0.9583333333333334,True,5.0,3,大维护
A5,2024-09-27,12,11,109.76241599534,109.69325190520964,0.9065782180339965,108.098943580887,110.92499022841,0.4583333333333333,True,6.0,3,大维护
A5,2024-09-28,23,23,108.108664854648,108.04028645106504,1.0792592095512237,105.714255429346,110.050486627415,0.9583333333333334,True,7.0,3,大维护
A5,2024-09-29,24,24,107.21330667294151,107.1071676267132,0.8507659315410315,105.517556515288,108.564635430956,1.0,True,8.0,3,大维护
A5,2024-09-30,24,24,106.06831863876499,106.03612412506216,1.1225429161835871,104.176028403884,107.817013805068,1.0,True,9.0,3,大维护
A5,2024-10-01,12,12,105.17446253654151,105.48342866395625,1.0738883931385688,103.762974970416,107.420096724878,0.5,True,10.0,3,大维护
A5,2024-10-02,24,24,105.1092835353925,105.46169003753084,0.8841807614304088,104.292203660115,107.336866403262,1.0,True,11.0,3,大维护
A5,2024-10-03,24,24,104.6839330142395,104.76949097231262,0.8902239668007117,102.694811985098,106.161199882074,1.0,True,12.0,3,大维护
A5,2024-10-04,24,24,104.42830953667399,104.27701997381916,1.0421185172817051,101.9379129947,106.092518057075,1.0,True,13.0,3,大维护
A5,2024-10-05,14,14,104.4290652563165,104.40835052427464,0.6538312215323463,103.342060092277,105.447557220669,0.5833333333333334,True,14.0,3,大维护
A5,2024-10-06,24,24,103.6473158919465,103.6389403278738,0.7798736249999686,102.289452736242,105.273648781995,1.0,True,15.0,3,大维护
A5,2024-10-07,22,22,103.263707685412,103.39106984499972,0.9798786950253368,101.656648827708,105.29396649265,0.9166666666666666,True,16.0,3,大维护
A5,2024-10-08,24,22,102.48180431401599,102.56470088722531,0.8809151128658727,101.239854584829,104.764662659962,0.9166666666666666,True,17.0,3,大维护
A5,2024-10-09,13,13,101.610209874787,101.84192479706061,0.6486219351827782,100.738709751354,102.872097405583,0.5416666666666666,True,18.0,3,大维护
A5,2024-10-11,19,19,101.455924142967,101.47177213446732,0.7779351959711747,99.833081022246,102.714825454704,0.7916666666666666,True,20.0,3,大维护
A5,2024-10-12,24,23,100.783597701123,100.75102184853242,0.8564555566761214,99.1505794149487,102.196464493625,0.9583333333333334,True,21.0,3,大维护
A5,2024-10-13,16,15,100.548231440515,100.55047339019818,0.9600239647610802,98.7874294153681,102.42874534545,0.625,True,22.0,3,大维护
A5,2024-10-14,19,19,99.9748287259512,99.74273071889563,0.8541728609822123,98.0151073316544,101.23953309116,0.7916666666666666,True,23.0,3,大维护
A5,2024-10-15,24,23,99.2629389949166,99.2633293280519,0.8587467512667777,97.812733251264,100.789540487697,0.9583333333333334,True,24.0,3,大维护
A5,2024-10-16,22,22,98.96447948543175,99.08817416156832,0.9548463007239284,97.4383689870563,100.930914883989,0.9166666666666666,True,25.0,3,大维护
A5,2024-10-17,23,23,98.6311018329068,98.42458047413184,0.8330557639084931,96.8225672194905,100.235831218387,0.9583333333333334,True,26.0,3,大维护
A5,2024-10-18,16,13,97.9978144367428,98.14601272552692,0.913255133961604,96.0357706841632,99.2818615015978,0.5416666666666666,True,27.0,3,大维护
A5,2024-10-19,24,19,97.4805054629828,97.49641351864169,0.9329030875192037,95.8662886350281,99.2493675787498,0.7916666666666666,True,28.0,3,大维护
A5,2024-10-20,24,23,97.3003092817018,97.33190998154369,0.870048259637324,95.5681634419108,98.7849644506928,0.9583333333333334,True,29.0,3,大维护
A5,2024-10-21,24,23,97.1357504787864,97.26567957960675,1.4822093410928978,94.9024845767087,101.658739917428,0.9583333333333334,True,30.0,3,大维护
A5,2024-10-22,13,13,96.3700435436586,96.49425940603668,1.064584055242084,94.8815659571331,98.678619870318,0.5416666666666666,True,31.0,3,大维护
A5,2024-10-23,23,20,96.75631922900385,96.79461331775306,0.9197555985279392,95.2948285605419,98.2815268193508,0.8333333333333334,True,32.0,3,大维护
A5,2024-10-24,20,19,97.3586819404385,97.06053010314966,1.0105242700886443,94.636996978805,98.6355054068812,0.7916666666666666,True,33.0,3,大维护
A5,2024-10-25,15,15,96.7125631857609,96.7664675051433,0.8953924988332453,94.7086812416804,98.7905906654692,0.625,True,34.0,3,大维护
A5,2024-10-26,16,16,96.18925774222629,96.19476003546175,0.6662347673461879,95.2554734015565,97.6816969503357,0.6666666666666666,True,35.0,3,大维护
A5,2024-10-27,23,19,96.3181975295057,96.16174723145048,0.7954896666677903,94.5149287476969,97.3302023435806,0.7916666666666666,True,36.0,3,大维护
A5,2024-10-28,24,24,95.4225865704284,95.40209047015814,0.764911132447839,93.8796404359648,96.9925965203469,1.0,True,37.0,3,大维护
A5,2024-10-29,22,18,94.85633476515335,94.69042798895886,0.9891855826629287,92.5581066426168,96.1514464913558,0.75,True,38.0,3,大维护
A5,2024-10-30,15,14,94.5345088420931,94.6551179733253,0.9407724057831296,93.417693947774,96.199177832263,0.5833333333333334,True,39.0,3,大维护
A5,2024-10-31,23,22,93.58019306431024,93.64629922480735,0.8408157500863814,92.3102551874907,95.3739542644143,0.9166666666666666,True,40.0,3,大维护
A5,2024-11-01,14,14,93.06190188541255,93.246706318572,0.7600948333786367,92.184382662534,94.4941196023225,0.5833333333333334,True,41.0,3,大维护
A5,2024-11-02,22,22,92.55578296837174,92.493074201096,0.5621086246174885,91.5287215345878,93.5385639948124,0.9166666666666666,True,42.0,3,大维护
A5,2024-11-03,24,24,91.64264086703696,91.68087233438678,0.5176738733057034,90.5317072516873,92.7342469390334,1.0,True,43.0,3,大维护
A5,2024-11-04,24,24,91.0510944386033,91.00214284565698,0.6005254948824932,89.8853406001277,91.7536264807172,1.0,True,44.0,3,大维护
A5,2024-11-05,14,14,90.12341252645885,90.26428812334815,0.7533825745473215,88.9125059395789,91.8669600045459,0.5833333333333334,True,45.0,3,大维护
A5,2024-11-06,17,17,89.8202844646769,89.96057983829078,0.5300440978323196,88.8565046487612,91.1571903301579,0.7083333333333334,True,46.0,3,大维护
A5,2024-11-08,10,9,89.0288983717438,89.42848600089638,0.7398005942636947,88.5992037053309,90.6812047382078,0.375,True,48.0,3,大维护
A5,2024-11-09,14,13,88.7768356287666,88.80663925822203,0.5242396086118135,88.051068199272,89.8095895808695,0.5416666666666666,True,49.0,3,大维护
A5,2024-11-10,19,19,88.2556808428289,88.17964021083877,0.5508686725013412,87.119092281381,89.4617589378316,0.7916666666666666,True,50.0,3,大维护
A5,2024-11-11,24,24,87.96826914904764,87.93121113082309,0.775338505050169,86.4771669439189,90.0359315122226,1.0,True,51.0,3,大维护
A5,2024-11-12,23,23,87.3889788956149,87.43305636319151,0.5273466010343573,86.086668633382,88.1908497100758,0.9583333333333334,True,52.0,3,大维护
A5,2024-11-13,19,19,87.5089000550896,87.43449315872533,0.6625375036150095,86.2671350511981,88.7658225578843,0.7916666666666666,True,53.0,3,大维护
A5,2024-11-14,17,17,87.4177667202277,87.30092977836978,0.5726054034257831,86.1490693706058,88.4150228528139,0.7083333333333334,True,54.0,3,大维护
A5,2024-11-15,24,23,87.2404840917991,87.13633736964353,0.5473711028950258,86.0782451779087,88.0025602315798,0.9583333333333334,True,55.0,3,大维护
A5,2024-11-16,24,24,86.73897720033865,86.7270081279276,0.5970255183856167,85.3030404882234,87.7603864801015,1.0,True,56.0,3,大维护
A5,2024-11-17,22,22,86.50978806281525,86.45389840781557,0.7685207201631258,84.8838752056839,87.9205490044255,0.9166666666666666,True,57.0,3,大维护
A5,2024-11-18,13,13,86.2980568275641,86.59187821403046,0.5278465548665674,86.028505969296,87.5226943114002,0.5416666666666666,True,58.0,3,大维护
A5,2024-11-19,24,24,85.85275549613135,85.79236227026364,0.5310067007203385,84.9036646087929,86.81763026432,1.0,True,59.0,3,大维护
A5,2024-11-20,23,23,85.634123089407,85.70048757600127,0.6032831095380137,84.7363996165446,86.8546864214561,0.9583333333333334,True,60.0,3,大维护
A5,2024-11-21,24,24,84.5122633622934,84.471297049298,0.5444863592529905,83.3724644297447,86.031107884303,1.0,True,61.0,3,大维护
A5,2024-11-22,13,13,83.785206737658,83.89441565910974,0.6657511147196112,82.7860084928314,85.2081850919252,0.5416666666666666,True,62.0,3,大维护
A5,2024-11-23,24,20,84.05611915301549,83.92026247831697,1.2997955715134815,79.0691861002193,85.8279135408123,0.8333333333333334,True,63.0,3,大维护
A5,2024-11-24,24,0,,,,,,0.0,False,0.0,4,中维护
A5,2024-11-25,24,24,116.0000848610695,116.00658872022484,0.35046213455302105,115.356018967205,116.726653705632,1.0,True,1.0,4,中维护
A5,2024-11-26,19,19,115.428113692223,115.43339871016906,0.30068423733655886,114.838912283979,115.998796264817,0.7916666666666666,True,2.0,4,中维护
A5,2024-11-27,15,14,114.841207739729,114.77641973781007,0.20455827797936713,114.28198706091,115.003277684863,0.5833333333333334,True,3.0,4,中维护
A5,2024-11-28,23,23,113.838781861947,113.6956194637903,0.520362170155854,112.513600179462,114.50620270211,0.9583333333333334,True,4.0,4,中维护
A5,2024-11-29,23,23,112.586991311742,112.70829011180973,0.5035473576989885,111.974212782868,113.969448799238,0.9583333333333334,True,5.0,4,中维护
A5,2024-11-30,24,24,112.752001027988,112.89529687542942,0.515733341470069,112.044676863616,113.848402767505,1.0,True,6.0,4,中维护
A5,2024-12-01,20,19,112.329391890558,112.34779304573105,0.15380731528672512,112.062642484417,112.652520813002,0.7916666666666666,True,7.0,4,中维护
A5,2024-12-02,17,17,112.280434124509,112.3296451907027,0.20659973376855503,112.040599521733,112.703150728543,0.7083333333333334,True,8.0,4,中维护
A5,2024-12-03,12,11,111.42199740933,111.42242816802919,0.1926344309199478,111.184813266812,111.838375051907,0.4583333333333333,True,9.0,4,中维护
A5,2024-12-04,24,23,110.878622335292,110.89220380227077,0.18941362763923353,110.583874072814,111.318311946422,0.9583333333333334,True,10.0,4,中维护
A5,2024-12-05,23,23,110.505631979381,110.50021192963399,0.18754816279329245,110.127421438802,110.874949146792,0.9583333333333334,True,11.0,4,中维护
A5,2024-12-06,24,24,110.4795250298035,110.5277833241397,0.16813532987012486,110.213819504627,110.817034077325,1.0,True,12.0,4,中维护
A5,2024-12-07,13,10,110.664727603221,110.670098660148,0.2845756542499456,110.198434910832,111.212718344766,0.4166666666666667,True,13.0,4,中维护
A5,2024-12-08,23,23,110.25021621049,110.20712940358432,0.17151261412152558,109.784841910235,110.469015976717,0.9583333333333334,True,14.0,4,中维护
A5,2024-12-09,24,24,110.24903167551949,110.22163689665996,0.17119872855633053,109.887442264532,110.512352170963,1.0,True,15.0,4,中维护
A5,2024-12-10,13,13,109.998831928677,110.03291431517538,0.2141451913212775,109.680712405092,110.538579206443,0.5416666666666666,True,16.0,4,中维护
A5,2024-12-11,22,22,109.6395047038675,109.64053297488755,0.18859883764013746,109.206780573864,109.970491974676,0.9166666666666666,True,17.0,4,中维护
A5,2024-12-12,23,23,109.171769967294,109.15811883910148,0.1837532688713481,108.757943584014,109.481349991145,0.9583333333333334,True,18.0,4,中维护
A5,2024-12-13,23,23,108.280711896547,108.24618394443239,0.20927159352718314,107.85977736813,108.65528246787,0.9583333333333334,True,19.0,4,中维护
A5,2024-12-14,15,15,107.686212263029,107.6614489609342,0.17044957756697185,107.330589542835,108.043849957945,0.625,True,20.0,4,中维护
A5,2024-12-15,22,22,107.23096135022399,107.2071086751691,0.21036765999691792,106.840154406827,107.649237274197,0.9166666666666666,True,21.0,4,中维护
A5,2024-12-16,24,21,106.651278818653,106.68688882390944,0.1976255883537495,106.442103719862,107.112802090057,0.875,True,22.0,4,中维护
A5,2024-12-17,24,21,106.196841509742,106.16297568853308,0.2296799231270973,105.729934422401,106.521386341645,0.875,True,23.0,4,中维护
A5,2024-12-18,15,15,105.26296424585,105.29655036283927,0.17205458565475504,105.054693468022,105.548715472962,0.625,True,24.0,4,中维护
A5,2024-12-19,21,21,104.948464070979,104.99200637348258,0.223845769117301,104.578345020714,105.349877840077,0.875,True,25.0,4,中维护
A5,2024-12-20,24,24,104.361463684346,104.38915850130486,0.27109273607848206,103.914920370363,104.88553038237,1.0,True,26.0,4,中维护
A5,2024-12-21,24,24,103.85595746863899,103.86950032402099,0.1570088237379365,103.550462067955,104.206519351527,1.0,True,27.0,4,中维护
A5,2024-12-22,23,22,103.64507708776401,103.63689853795982,0.13325805760581513,103.292091788693,103.908121672412,0.9166666666666666,True,28.0,4,中维护
A5,2024-12-23,13,13,102.91208232683,102.89681076959954,0.16435095973273994,102.591574552753,103.085187634758,0.5416666666666666,True,29.0,4,中维护
A5,2024-12-24,23,23,102.681804857412,102.67393384437096,0.1991221344966646,102.300987200532,103.029754777443,0.9583333333333334,True,30.0,4,中维护
A5,2024-12-25,24,23,102.312421598009,102.28378974475945,0.2183314364139142,101.738400682999,102.782606543486,0.9583333333333334,True,31.0,4,中维护
A5,2024-12-26,23,23,101.93436368426,101.98587014728022,0.19164915282640096,101.640328896295,102.364329992222,0.9583333333333334,True,32.0,4,中维护
A5,2024-12-27,15,14,101.21103084076401,101.1684885096108,0.19583068309928592,100.71203028516,101.384071746919,0.5833333333333334,True,33.0,4,中维护
A5,2024-12-28,21,19,100.436878755243,100.40896546103778,0.21866754439863023,99.8014638265578,100.821215782061,0.7916666666666666,True,34.0,4,中维护
A5,2024-12-29,24,19,99.6884016121985,99.70901235775696,0.20207762552306308,99.3576281467768,100.108225464457,0.7916666666666666,True,35.0,4,中维护
A5,2024-12-30,23,22,98.76644042348855,98.75413972071033,0.17313678269946134,98.4537786358592,99.0689108552694,0.9166666666666666,True,36.0,4,中维护
A5,2024-12-31,24,23,98.1261103295678,98.13699199307652,0.2118290194929806,97.7365320618362,98.702852379325,0.9583333333333334,True,37.0,4,中维护
A5,2025-01-01,23,22,97.70868219566975,97.69049610053257,0.5235615673083025,96.8315408776956,98.6042358290581,0.9166666666666666,True,38.0,4,中维护
A5,2025-01-02,24,20,97.18565506143625,97.24873304067697,0.5137423380060853,96.5481995305309,98.4338999121593,0.8333333333333334,True,39.0,4,中维护
A5,2025-01-03,24,24,96.21491023358155,96.24527860577238,0.4799983918465106,95.4920208220325,97.0755721798276,1.0,True,40.0,4,中维护
A5,2025-01-04,11,11,95.9582456561416,95.92106901776675,0.493435454108922,95.2275379391366,96.589706647918,0.4583333333333333,True,41.0,4,中维护
A5,2025-01-05,23,23,95.7500063675299,95.65992655709724,0.5212145246512987,93.9101257024011,96.2744387616446,0.9583333333333334,True,42.0,4,中维护
A5,2025-01-06,24,23,94.9805796627224,94.93844087897084,0.5691326147438956,93.4278944063821,95.9113335371532,0.9583333333333334,True,43.0,4,中维护
A5,2025-01-07,23,23,94.668351156947,94.6126158993446,0.48995424498511375,93.5755907945511,95.6182796474295,0.9583333333333334,True,44.0,4,中维护
A5,2025-01-08,18,18,94.4069192520636,94.35160149616516,0.34191804653837454,93.7337367431803,94.8456989014869,0.75,True,45.0,4,中维护
A5,2025-01-09,20,20,93.7797473576671,93.78976322480246,0.42418592656845794,92.9487800500437,94.7224125783388,0.8333333333333334,True,46.0,4,中维护
A5,2025-01-10,24,22,93.2253591396544,93.18515108447049,0.45123239841747353,92.1033376135943,93.9863398189497,0.9166666666666666,True,47.0,4,中维护
A5,2025-01-11,23,23,92.4602262981839,92.46613608628365,0.44199242148450874,91.6339100469322,93.2076702625021,0.9583333333333334,True,48.0,4,中维护
A5,2025-01-12,21,21,92.004672622868,92.06855580195815,0.43319576020318884,91.1668121446045,92.7870831852621,0.875,True,49.0,4,中维护
A5,2025-01-13,15,15,91.4939026128202,91.52275541311573,0.4938148276685368,90.6557051720563,92.5638536874575,0.625,True,50.0,4,中维护
A5,2025-01-14,24,24,90.44843496412494,90.50073397026183,0.41476220541471315,89.6885594074111,91.2594127490566,1.0,True,51.0,4,中维护
A5,2025-01-15,23,23,89.8872796359788,89.95994888378127,0.5207200846961907,89.2861392347829,91.1961375413689,0.9583333333333334,True,52.0,4,中维护
A5,2025-01-16,14,14,88.88419355706421,88.96799554237454,0.5317391872615348,88.1836546374168,90.0767380234098,0.5833333333333334,True,53.0,4,中维护
A5,2025-01-17,23,23,88.9533792118882,88.91877378840927,0.43100411231885494,88.1324748221413,89.7641452193375,0.9583333333333334,True,54.0,4,中维护
A5,2025-01-18,20,20,88.4971581744813,88.57005958622281,0.562112802482029,87.5327864617934,89.531196454642,0.8333333333333334,True,55.0,4,中维护
A5,2025-01-19,14,10,88.07367363863139,88.06426425537937,0.29479557067394735,87.5991754537722,88.6231210818206,0.4166666666666667,True,56.0,4,中维护
A5,2025-01-20,10,10,87.5822131277726,87.56404845407671,0.5393914207507057,86.4496722916345,88.4843163192447,0.4166666666666667,True,57.0,4,中维护
A5,2025-01-21,23,0,,,,,,0.0,False,0.0,5,中维护
A5,2025-01-22,24,24,119.142859645245,119.12171584549559,0.24833000768533692,118.569154682525,119.678237434422,1.0,True,1.0,5,中维护
A5,2025-01-23,13,13,117.920819312657,117.94920529576214,0.27853903895247384,117.41690064382,118.558777143518,0.5416666666666666,True,2.0,5,中维护
A5,2025-01-24,15,15,117.839858143481,117.69204691351993,0.2989513943501911,117.219747438313,118.129742516678,0.625,True,3.0,5,中维护
A5,2025-01-25,23,22,116.8560447295845,116.8951308212195,0.4738043982898053,115.966681569708,117.661284457676,0.9166666666666666,True,4.0,5,中维护
A5,2025-01-26,22,22,115.9063918034505,115.90630417777312,0.5735632638831583,114.838766190223,116.803687323683,0.9166666666666666,True,5.0,5,中维护
A5,2025-01-27,21,20,115.74954119591,115.74946245302144,0.42671446273147,114.905612601477,116.768367177566,0.8333333333333334,True,6.0,5,中维护
A5,2025-01-28,17,17,115.493288536542,115.52440494775654,0.329497882022751,114.837940586074,116.077439314725,0.7083333333333334,True,7.0,5,中维护
A5,2025-01-29,18,17,114.939925884855,115.01680829068229,0.48222576450277554,114.041495713159,115.789430532595,0.7083333333333334,True,8.0,5,中维护
A5,2025-01-30,19,18,114.5089272186575,114.4463180502584,0.520932710923158,113.499007369754,115.422810457658,0.75,True,9.0,5,中维护
A5,2025-02-03,3,3,114.062776706012,113.90287332854301,0.36379475789306387,113.486514433768,114.159328845849,0.125,True,13.0,5,中维护
A5,2025-02-04,6,6,113.120307090099,113.0488479833225,0.20346562872015836,112.761732652842,113.274087684691,0.25,True,14.0,5,中维护
A5,2025-02-05,16,15,112.622386153621,112.4541082281284,0.3346779596588673,111.956757938015,112.964230150964,0.625,True,15.0,5,中维护
A5,2025-02-06,11,11,111.957174253701,111.97871608320791,0.2465915464590002,111.57288654107,112.410330994193,0.4583333333333333,True,16.0,5,中维护
A5,2025-02-07,19,19,112.083670027257,112.01395363427463,0.33245575222179896,111.406173286547,112.444202043896,0.7916666666666666,True,17.0,5,中维护
A5,2025-02-08,24,23,111.336941802408,111.308522836148,0.3430316396046899,110.576189208359,111.798720905567,0.9583333333333334,True,18.0,5,中维护
A5,2025-02-09,18,18,110.965024655398,110.99472244779756,0.2561871044626814,110.611026278382,111.613368444523,0.75,True,19.0,5,中维护
A5,2025-02-10,22,21,110.336020893065,110.27187793728295,0.3172081738489189,109.772255617015,110.774907222121,0.875,True,20.0,5,中维护
A5,2025-02-11,24,24,109.615795707116,109.6340385433935,0.2949814632843257,108.960574532304,110.336378002569,1.0,True,21.0,5,中维护
A5,2025-02-12,9,9,108.706725601674,108.7031979800691,0.2146480463866861,108.441242760783,109.090227491051,0.375,True,22.0,5,中维护
A5,2025-02-13,11,11,107.884785352427,108.03580151684919,0.39304236438837054,107.63297192917,108.863263293417,0.4583333333333333,True,23.0,5,中维护
A5,2025-02-15,21,21,107.36186153975,107.3089323826189,0.2924846995720858,106.725430811278,107.842556825292,0.875,True,25.0,5,中维护
A5,2025-02-16,21,21,106.228575597334,106.20610648951639,0.3695498510123086,105.37800158614,106.75875634319,0.875,True,26.0,5,中维护
A5,2025-02-17,24,24,106.04109866639399,106.00818382036353,0.1704622076211104,105.600338916787,106.360593932889,1.0,True,27.0,5,中维护
A5,2025-02-18,9,9,104.964215415228,104.90319513809112,0.24762544654958754,104.618168731479,105.260624800699,0.375,True,28.0,5,中维护
A5,2025-02-19,23,23,104.199575087381,104.18720342236983,0.2734120268018868,103.523925420852,104.66300432134,0.9583333333333334,True,29.0,5,中维护
A5,2025-02-20,23,23,103.738356925014,103.65523189751852,0.2619693045570444,102.989498569999,104.024041162772,0.9583333333333334,True,30.0,5,中维护
A5,2025-02-21,24,24,102.6994799937165,102.6805708904629,0.28976467125822186,101.803395394826,103.147203417103,1.0,True,31.0,5,中维护
A5,2025-02-22,24,24,102.2467720016885,102.24642512028254,0.2212285755414985,101.884258834343,102.751983193766,1.0,True,32.0,5,中维护
A5,2025-02-23,24,24,101.4770337741895,102.42300894072321,4.5128634870471735,101.133635996175,123.584425883846,1.0,True,33.0,5,中维护
A5,2025-02-24,24,19,100.800289824252,99.17628333158332,6.772208211922164,71.2388252974791,101.129682665811,0.7916666666666666,True,34.0,5,中维护
A5,2025-02-25,17,0,,,,,,0.0,False,0.0,6,中维护
A5,2025-02-26,22,22,110.272804021893,110.29848994134223,0.17150349044272853,109.802490232464,110.54752727816,0.9166666666666666,True,1.0,6,中维护
A5,2025-02-27,15,15,109.621005187728,109.630972664834,0.1491658347871955,109.359680442,109.867733583805,0.625,True,2.0,6,中维护
A5,2025-02-28,10,10,109.445630835462,109.4403526008709,0.17803756307649116,109.194867826163,109.687460423981,0.4166666666666667,True,3.0,6,中维护
A5,2025-03-01,24,24,108.6840717342345,108.8648974538945,0.778024660703797,107.651202302874,110.604017934304,1.0,True,4.0,6,中维护
A5,2025-03-02,9,9,108.775130276598,108.91853679205266,1.0507629608892322,107.616427751297,110.248165014121,0.375,True,5.0,6,中维护
A5,2025-03-03,10,10,108.5397648156695,108.760618098935,1.1930973964339155,107.096972634675,110.919139408885,0.4166666666666667,True,6.0,6,中维护
A5,2025-03-04,21,21,108.246505824729,108.384218590784,0.5003183078392909,107.170144021773,109.267465030559,0.875,True,7.0,6,中维护
A5,2025-03-05,24,24,107.9981105457625,107.90284414238312,0.8462502047810329,105.598594670906,109.779011878944,1.0,True,8.0,6,中维护
A5,2025-03-06,22,22,107.70350083697,107.67810177560241,0.9067327471159582,106.224616154028,109.728210450008,0.9166666666666666,True,9.0,6,中维护
A5,2025-03-07,24,23,107.505303319432,107.7037154609594,0.6511184279114928,106.586582090276,109.235212158122,0.9583333333333334,True,10.0,6,中维护
A5,2025-03-08,23,23,107.696760674554,107.43616189985347,0.8379235042149231,105.922474003658,108.634137793893,0.9583333333333334,True,11.0,6,中维护
A5,2025-03-09,10,10,107.43597692031051,107.26918507748219,0.8139505778386504,105.934742812382,108.849746910632,0.4166666666666667,True,12.0,6,中维护
A5,2025-03-10,20,15,106.756556241043,106.72111776572366,1.0996516183367624,104.124538739225,108.710360284094,0.625,True,13.0,6,中维护
A5,2025-03-11,20,20,106.993498733829,107.15901497267922,0.805644200696078,105.985251673898,109.063250395206,0.8333333333333334,True,14.0,6,中维护
A5,2025-03-12,21,21,107.093530387765,106.96142676560082,0.8637606063604772,104.083965908899,108.061610027856,0.875,True,15.0,6,中维护
A5,2025-03-13,23,22,106.414599780185,106.33236623881463,0.7422071461692981,104.658674900728,107.543049003567,0.9166666666666666,True,16.0,6,中维护
A5,2025-03-14,11,11,106.495551670637,106.42115995390263,0.7935631576387792,105.170165189989,107.554306325942,0.4583333333333333,True,17.0,6,中维护
A5,2025-03-15,24,24,105.7635678025935,105.76506858528766,0.8284173309075105,104.407647181228,107.444186205008,1.0,True,18.0,6,中维护
A5,2025-03-16,22,22,105.623027400931,105.4736811336009,0.7737896737956783,104.124174742962,106.935341143236,0.9166666666666666,True,19.0,6,中维护
A5,2025-03-17,24,24,104.9576171252055,104.90743495014203,1.3539358333015619,103.404170656261,110.318111207632,1.0,True,20.0,6,中维护
A5,2025-03-18,23,23,104.431319479256,104.45274278503521,1.1441749082802302,102.20574459006,107.125054454727,0.9583333333333334,True,21.0,6,中维护
A5,2025-03-19,13,13,103.942576202523,103.92301478740845,0.8875703069890626,102.756628220624,105.433652663676,0.5416666666666666,True,22.0,6,中维护
A5,2025-03-20,14,14,103.67626571795199,103.63713737921329,0.6498230149508392,102.083545075119,104.334529110582,0.5833333333333334,True,23.0,6,中维护
A5,2025-03-21,12,11,103.390379039765,103.609478514446,0.9604872166077798,101.541511788697,104.861658869921,0.4583333333333333,True,24.0,6,中维护
A5,2025-03-22,23,22,103.2017653489925,103.19540091716263,1.0076056048349156,101.387650933725,105.490752538521,0.9166666666666666,True,25.0,6,中维护
A5,2025-03-23,23,23,103.062511820503,102.98346304900157,0.7873819902918262,101.188285348053,104.154402224515,0.9583333333333334,True,26.0,6,中维护
A5,2025-03-24,23,23,102.239403406576,102.26696558820993,1.0612261247384598,100.825503069633,105.523478212971,0.9583333333333334,True,27.0,6,中维护
A5,2025-03-25,21,20,102.70323721988001,102.6868783308615,0.9233826372267324,101.095693768775,103.955459086818,0.8333333333333334,True,28.0,6,中维护
A5,2025-03-26,16,16,102.09745302192249,102.35556665006112,0.802227762140082,101.076200314234,103.91954348206,0.6666666666666666,True,29.0,6,中维护
A5,2025-03-27,24,24,101.6999641487545,101.80061913866562,1.0368169850313425,100.425907182557,104.45625051456,1.0,True,30.0,6,中维护
A5,2025-03-28,23,23,101.656945555672,101.67313973626835,0.9404440731982007,99.7817459123984,103.116064351718,0.9583333333333334,True,31.0,6,中维护
A5,2025-03-29,19,19,100.911154585234,100.92517296572835,1.0294704924197735,99.3519326397509,102.653336703854,0.7916666666666666,True,32.0,6,中维护
A5,2025-03-30,23,23,100.412161562252,100.42865658183443,0.8122450092378454,98.2982747645747,102.050610154782,0.9583333333333334,True,33.0,6,中维护
A5,2025-03-31,24,23,100.675284669399,100.61901088349339,0.8591203388928672,98.9292964982166,102.412671723881,0.9583333333333334,True,34.0,6,中维护
A5,2025-04-01,16,16,100.34320298905851,100.33589801381498,0.25177642769037,99.9208728069757,100.782385358885,0.6666666666666666,True,35.0,6,中维护
A5,2025-04-02,24,24,100.25336545484049,100.20869588889474,0.2559187167546342,99.7649172043589,100.617331594074,1.0,True,36.0,6,中维护
A5,2025-04-03,23,23,99.9155396727825,99.91526649439884,0.33795600514898316,99.2138898582987,100.637697018048,0.9583333333333334,True,37.0,6,中维护
A5,2025-04-04,24,24,99.56069947465289,99.53218017362066,0.33265912097516276,98.5685400402024,100.213004566554,1.0,True,38.0,6,中维护
A5,2025-04-05,24,24,99.21254458868114,99.19101184384031,0.3483213981454541,98.3517029515756,99.7473406848056,1.0,True,39.0,6,中维护
A5,2025-04-06,24,23,98.9281073756368,98.85535462169071,0.2860479912816585,98.228720784033,99.4692151104128,0.9583333333333334,True,40.0,6,中维护
A5,2025-04-07,6,5,98.6271828219581,98.61379438131003,0.317495969683549,98.138691397071,98.9322831150372,0.20833333333333334,True,41.0,6,中维护
A5,2025-04-09,12,12,98.39414712837855,98.26355936978717,0.4890458656852177,97.0137025184352,98.9655829623482,0.5,True,43.0,6,中维护
A5,2025-04-10,22,22,97.88135476948055,97.94720921667134,0.35193797826137924,97.4712618368444,98.4941424915827,0.9166666666666666,True,44.0,6,中维护
A5,2025-04-11,23,21,97.7705935225314,97.75151446169399,0.1905811472085454,97.361300087407,98.0587301577709,0.875,True,45.0,6,中维护
A5,2025-04-12,20,19,97.4653898070843,97.43797638650172,0.3540102595860261,96.8442756278478,97.9867767166177,0.7916666666666666,True,46.0,6,中维护
A5,2025-04-13,15,15,97.1792546567569,97.11971037593496,0.27707995618005643,96.5795819268494,97.5041985228055,0.625,True,47.0,6,中维护
A5,2025-04-14,24,24,97.01045353579926,97.02162255646583,0.31034387938352853,96.4885864846225,97.81263469128,1.0,True,48.0,6,中维护
A5,2025-04-15,22,0,,,,,,0.0,False,0.0,7,中维护
A5,2025-04-16,24,23,103.711443183227,102.19489083700853,6.035335983963815,75.4784228065988,104.128875896034,0.9583333333333334,True,1.0,7,中维护
A5,2025-04-17,12,12,103.6711208103785,103.65916331067416,0.16691825048318137,103.398942106795,103.860739440858,0.5,True,2.0,7,中维护
A5,2025-04-18,24,24,103.34048050098201,103.32012156679643,0.16092363486508662,102.894013084449,103.566494271301,1.0,True,3.0,7,中维护
A5,2025-04-19,13,13,103.068050261216,103.18735159366308,0.43765420363529717,102.438478170885,103.827187895276,0.5416666666666666,True,4.0,7,中维护
A5,2025-04-20,24,24,102.95881825666899,102.87940787353949,0.38409203705279815,102.000426781378,103.385504303377,1.0,True,5.0,7,中维护
A5,2025-04-21,24,24,102.7444363511895,102.70938046071046,0.2694244326537252,102.005937479445,103.145817818333,1.0,True,6.0,7,中维护
A5,2025-04-22,18,18,102.222377531206,102.21948329417906,0.22914013722080742,101.717313132352,102.861239514317,0.75,True,7.0,7,中维护
A5,2025-04-23,22,22,101.893879788345,101.91390137395882,0.29505582702458977,101.269701089415,102.435811298582,0.9166666666666666,True,8.0,7,中维护
A5,2025-04-24,21,21,101.713364037015,101.73190904631333,0.21731064077391005,101.273453557732,102.130613694335,0.875,True,9.0,7,中维护
A5,2025-04-25,16,16,101.3195583408235,101.27282868819175,0.39882578923054635,100.470549546487,101.982118281581,0.6666666666666666,True,10.0,7,中维护
A5,2025-04-26,23,23,100.982155403297,100.95758396322026,0.30994329138864446,100.276081056601,101.458192707173,0.9583333333333334,True,11.0,7,中维护
A5,2025-04-27,24,23,100.808104536623,100.81270995548861,0.27926987470858144,100.350599544011,101.357753052449,0.9583333333333334,True,12.0,7,中维护
A5,2025-04-28,13,12,100.275415459839,100.29964364463804,0.29781161757267083,99.7714748009465,100.833222254879,0.5,True,13.0,7,中维护
A5,2025-04-29,23,23,99.811346469094,99.83730294175872,0.37024461463896086,99.2608023077103,100.509798694078,0.9583333333333334,True,14.0,7,中维护
A5,2025-04-30,24,24,99.72092534821124,99.71927975559959,0.2477652528640785,99.263164545457,100.182001665338,1.0,True,15.0,7,中维护
A5,2025-05-01,23,19,99.2031992945473,99.34050918013206,1.100079427790952,97.5799193686599,101.33739391559,0.7916666666666666,True,16.0,7,中维护
A5,2025-05-02,12,12,99.31278499610286,99.0809685850541,1.0764118342175102,96.8905526977923,100.934978936082,0.5,True,17.0,7,中维护
A5,2025-05-03,23,23,98.9178651131556,98.93665755407842,0.9232751985587702,97.1627188333028,100.899245697675,0.9583333333333334,True,18.0,7,中维护
A5,2025-05-04,24,24,98.6069884735313,98.81163489464807,1.0689552418194028,97.5705428346942,101.136908082956,1.0,True,19.0,7,中维护
A5,2025-05-05,9,8,97.98902803979225,98.04234330550565,0.6830799376443394,96.7979234774336,99.1150733307799,0.3333333333333333,True,20.0,7,中维护
A5,2025-05-06,24,23,98.1166155255088,97.89497595125933,0.98155241062161,95.7517780017971,99.6913419673489,0.9583333333333334,True,21.0,7,中维护
A5,2025-05-07,23,22,97.08992920814535,97.04424616416992,1.2311567506963224,94.7572538980155,100.321437359474,0.9166666666666666,True,22.0,7,中维护
A5,2025-05-08,24,23,97.223042148848,96.90621349288757,1.1520010143785997,94.6637220374409,98.9793083850279,0.9583333333333334,True,23.0,7,中维护
A5,2025-05-09,24,22,96.17001972340745,96.34164154540062,0.8007416048429757,95.0691255334404,97.9938300763183,0.9166666666666666,True,24.0,7,中维护
A5,2025-05-10,20,19,95.4535606880649,95.48771200249996,1.2924911642633812,92.9126142806636,97.6008661382294,0.7916666666666666,True,25.0,7,中维护
A5,2025-05-11,17,17,95.61564146144,95.37578560745204,1.0622615958230552,93.3866180560051,97.0407647006672,0.7083333333333334,True,26.0,7,中维护
A5,2025-05-12,24,18,94.76633561834385,94.7332049664414,1.1715268858657306,91.6004435093201,97.1904146707186,0.75,True,27.0,7,中维护
A5,2025-05-13,21,21,95.4769563989363,95.54813870160693,0.8818305921296029,94.0590676724711,97.3726813101725,0.875,True,28.0,7,中维护
A5,2025-05-14,24,24,95.30580630548886,95.37616668756463,1.0413984758483095,93.7279623349671,97.6272408792625,1.0,True,29.0,7,中维护
A5,2025-05-15,16,16,95.2742662239102,95.17168767803993,1.0614938423230784,93.7196655086079,97.439002473949,0.6666666666666666,True,30.0,7,中维护
A5,2025-05-16,13,13,94.1959011663314,94.08264626853749,0.8473393928293657,92.2103795834971,95.3252147157025,0.5416666666666666,True,31.0,7,中维护
A5,2025-05-17,19,19,93.7096759240486,93.82043643282739,0.5701673364375347,92.9173323956052,95.3875589474896,0.7916666666666666,True,32.0,7,中维护
A5,2025-05-18,24,24,94.40443651355196,93.99551940011845,1.0661855916124368,91.8068763593147,96.1004034384318,1.0,True,33.0,7,中维护
A5,2025-05-19,23,22,93.53497462943139,93.29133469929361,0.910745432495732,90.5898120668916,94.3580512299224,0.9166666666666666,True,34.0,7,中维护
A5,2025-05-20,12,12,93.2117411631742,93.19073268497137,0.777784570729539,92.1234313293806,94.4272486770531,0.5,True,35.0,7,中维护
A5,2025-05-21,23,22,92.5731936716891,92.76904578026891,0.7439613037565506,91.1179567082858,94.6710889329458,0.9166666666666666,True,36.0,7,中维护
A5,2025-05-22,24,24,92.57854786568791,92.56749990933469,1.3031367621010135,90.4561850859626,97.0949044754901,1.0,True,37.0,7,中维护
A5,2025-05-23,23,20,91.57962098534031,91.68824443762544,0.8160343626145801,90.2757452015901,93.8721683463297,0.8333333333333334,True,38.0,7,中维护
A5,2025-05-24,11,11,91.4230299062479,91.6127634114418,0.8585136518637191,90.035831495428,93.5877352043209,0.4583333333333333,True,39.0,7,中维护
A5,2025-05-25,23,18,91.05139199056646,91.18534852243243,0.8985674335163967,90.1333607632282,92.8660182344534,0.75,True,40.0,7,中维护
A5,2025-05-26,23,23,90.9340344766157,90.88882972202627,1.0771853831201659,88.6957357516414,92.6690083908911,0.9583333333333334,True,41.0,7,中维护
A5,2025-05-27,12,12,89.74160351896845,90.008576414715,0.9790544375752446,88.5122330410521,91.6109142306605,0.5,True,42.0,7,中维护
A5,2025-05-28,15,11,89.5964294956778,89.58865374036476,0.7957945059320974,88.1477904314164,90.8897131863283,0.4583333333333333,True,43.0,7,中维护
A5,2025-05-29,23,22,89.9098561988182,89.94340480264594,0.8656116010055216,88.796259745095,92.3138114724066,0.9166666666666666,True,44.0,7,中维护
A5,2025-05-30,20,20,89.1724007517704,88.9120202442846,2.261640854774574,80.8505612050836,92.3116342285601,0.8333333333333334,True,45.0,7,中维护
A5,2025-05-31,19,18,88.7790585831415,89.13950903278912,0.9444149632160063,88.0941548555354,91.065268875364,0.75,True,46.0,7,中维护
A5,2025-06-01,12,12,87.4291216257849,87.73077073781381,2.3880218052556366,82.9305680419645,91.0306014514512,0.5,True,47.0,7,中维护
A5,2025-06-02,22,21,87.435464600207,87.23798415264098,2.7614853971843716,83.0629615940108,92.4940572433673,0.875,True,48.0,7,中维护
A5,2025-06-03,24,24,88.5223177256602,88.31179378587827,3.353243393854184,77.881851262999,94.4557292335294,1.0,True,49.0,7,中维护
A5,2025-06-04,23,22,87.30621192646335,87.5542914853338,2.7609545340832176,83.6632897052626,93.5196778412518,0.9166666666666666,True,50.0,7,中维护
A5,2025-06-05,14,14,88.4578985744881,88.52778104540262,1.979025692704139,84.5141490170558,91.7059283549559,0.5833333333333334,True,51.0,7,中维护
A5,2025-06-06,24,24,87.81264902261566,88.05526068311305,2.68058774910315,83.1637836611068,92.9952992464522,1.0,True,52.0,7,中维护
A5,2025-06-07,9,9,88.324988638735,88.2639035721499,0.9674225818312786,86.465503591631,89.7153629464649,0.375,True,53.0,7,中维护
A5,2025-06-08,23,23,88.3098702151355,87.98488724931052,3.208770533649022,82.5036477552697,92.7680308391721,0.9583333333333334,True,54.0,7,中维护
A5,2025-06-09,24,24,88.73313073201865,89.35217138246391,4.712951304104884,84.5583455348756,107.780666954439,1.0,True,55.0,7,中维护
A5,2025-06-10,24,24,87.9734414470806,87.79251132774637,2.618132509281449,82.4326038912325,91.6902701786473,1.0,True,56.0,7,中维护
A5,2025-06-11,13,12,87.6777655612735,87.46309285296826,2.1202516187005642,82.694372066287,90.4552773229381,0.5,True,57.0,7,中维护
A5,2025-06-12,23,23,85.8415930229327,85.7568266189798,5.452264433341003,67.4340770204815,93.8479983005069,0.9583333333333334,True,58.0,7,中维护
A5,2025-06-13,24,24,88.33223989432435,87.94886428455222,2.8998550316813514,83.1921840524072,93.605917904401,1.0,True,59.0,7,中维护
A5,2025-06-14,19,0,,,,,,0.0,False,0.0,8,中维护
A5,2025-06-15,13,13,104.216035748573,103.8687525656184,2.3032471596126793,97.515267803661,107.049953443983,0.5416666666666666,True,1.0,8,中维护
A5,2025-06-16,23,23,104.208854767461,104.3592180439211,1.5468618654427777,101.979938276159,107.704004922672,0.9583333333333334,True,2.0,8,中维护
A5,2025-06-17,24,24,104.71782103327399,104.43901371364166,1.2101835119421593,101.798767547369,107.48601791943,1.0,True,3.0,8,中维护
A5,2025-06-18,23,23,105.754583111811,105.48538764269573,4.223313212433596,96.6253039661042,119.159866832882,0.9583333333333334,True,4.0,8,中维护
A5,2025-06-19,16,16,105.864148792506,105.74540609106919,2.4050447606013337,102.072352255704,109.768909793433,0.6666666666666666,True,5.0,8,中维护
A5,2025-06-20,24,20,104.2991413836035,104.10678877226769,2.5472978830117468,99.4498149195573,108.854779393806,0.8333333333333334,True,6.0,8,中维护
A5,2025-06-21,24,24,103.7963596848155,103.57406710147687,3.3384474005339504,95.2576022496042,111.13866259129,1.0,True,7.0,8,中维护
A5,2025-06-22,23,22,102.7552802165725,102.89432392235189,2.34582802740922,98.2623811366303,107.3992190717,0.9166666666666666,True,8.0,8,中维护
A5,2025-06-23,14,8,104.740657701228,103.38419647690093,3.4845674286140595,97.2966307418564,107.433343811369,0.3333333333333333,True,9.0,8,中维护
A5,2025-06-24,22,22,102.643564623054,102.90827889773495,2.821662650014164,98.7668734608496,107.317596004357,0.9166666666666666,True,10.0,8,中维护
A5,2025-06-25,16,16,103.256238812815,103.99216877659738,3.3147661687610546,96.2997019700661,110.321859595132,0.6666666666666666,True,11.0,8,中维护
A5,2025-06-26,21,21,104.412107545114,103.8884490717505,3.6853959472886233,98.1957285435304,112.0789393309,0.875,True,12.0,8,中维护
A5,2025-06-27,24,23,103.854833677348,103.33948879430743,3.201726089631282,95.2548558029768,110.65810334855,0.9583333333333334,True,13.0,8,中维护
A5,2025-06-28,16,16,101.82016454375551,103.12074439309625,3.2170651685275327,99.8025474216699,109.784556998784,0.6666666666666666,True,14.0,8,中维护
A5,2025-06-29,18,18,102.8317524475685,102.73188822867648,2.3920225385172067,98.7114826965354,107.964048238212,0.75,True,15.0,8,中维护
A5,2025-06-30,23,22,101.6279133690735,101.96333651994627,2.9857709690000034,97.5924186255775,109.179784570403,0.9166666666666666,True,16.0,8,中维护
A5,2025-07-01,22,22,103.212510901768,102.53739660531882,3.1641105529638383,96.3738331745878,106.873655179859,0.9166666666666666,True,17.0,8,中维护
A5,2025-07-02,23,18,102.51513650753151,101.67925242126597,3.7506056802865713,95.8463967048408,109.150912053611,0.75,True,18.0,8,中维护
A5,2025-07-03,24,24,101.5023415528335,101.7732576032519,3.0506741443219014,95.9347324630493,109.207817557439,1.0,True,19.0,8,中维护
A5,2025-07-04,11,11,101.133247953454,101.28015884091427,1.7527736268693255,98.0872493455177,103.897096660813,0.4583333333333333,True,20.0,8,中维护
A5,2025-07-05,24,24,101.8521675600315,101.41764738536533,3.476175832378131,90.4232753580539,108.540674501102,1.0,True,21.0,8,中维护
A5,2025-07-06,22,21,101.581945063296,101.72300205830368,3.0517047162202924,95.4149807368843,107.13585405493,0.875,True,22.0,8,中维护
A5,2025-07-07,12,12,101.464907944612,101.35105856999299,2.9197350351768185,95.2617735190893,106.234039422493,0.5,True,23.0,8,中维护
A5,2025-07-08,23,21,101.0025716497,101.77408008892603,3.204678214637315,93.1777945620571,107.576762562904,0.875,True,24.0,8,中维护
A5,2025-07-09,24,24,101.23228288327749,100.43722538749482,3.1599267198421765,93.6492994946278,105.934246505343,1.0,True,25.0,8,中维护
A5,2025-07-10,24,24,102.741621538105,101.50139205356213,4.819809338168446,83.937041819338,109.198316561123,1.0,True,26.0,8,中维护
A5,2025-07-11,12,12,99.77825723810534,99.26615488109424,2.1984963075254678,96.1100558965049,101.992860962366,0.5,True,27.0,8,中维护
A5,2025-07-12,23,19,100.929540430013,101.19954617114546,2.8253800645936997,95.076802293758,105.779024619137,0.7916666666666666,True,28.0,8,中维护
A5,2025-07-13,24,24,101.26558296087501,101.01695100012768,2.5849411908004867,96.0019522210393,105.04507752351,1.0,True,29.0,8,中维护
A5,2025-07-14,23,23,99.0492320687316,98.96157739226229,4.276213620390252,88.5412114595336,108.166790772803,0.9583333333333334,True,30.0,8,中维护
A5,2025-07-15,24,24,100.49230430689849,99.50171099489374,2.982482648892212,93.5200713802211,102.885449519826,1.0,True,31.0,8,中维护
A5,2025-07-16,11,11,100.149697565719,99.74195460711991,3.1388565960915247,94.9969428212691,105.270548818192,0.4583333333333333,True,32.0,8,中维护
A5,2025-07-17,13,13,100.32484232677,99.07334369579607,3.9313675507825936,89.7913887459211,105.100911191253,0.5416666666666666,True,33.0,8,中维护
A5,2025-07-18,22,22,99.37267022990491,99.54983890987727,3.780564987504622,89.7672068357324,105.584486246517,0.9166666666666666,True,34.0,8,中维护
A5,2025-07-19,24,23,100.171520280597,100.01104377228657,3.6113937003650034,93.0698301700073,107.565951367253,0.9583333333333334,True,35.0,8,中维护
A5,2025-07-20,24,24,101.34396955376951,100.64406795644366,2.8038617211803896,93.9523706054123,106.37030192474,1.0,True,36.0,8,中维护
A5,2025-07-21,16,12,98.21976824206125,97.46608477792101,5.917216951463561,82.9854317720439,103.94496924003,0.5,True,37.0,8,中维护
A5,2025-07-22,18,16,100.442089663406,100.14009888915585,4.599753939381666,91.3931224073935,106.266477120817,0.6666666666666666,True,38.0,8,中维护
A5,2025-07-23,24,24,98.88985435836136,98.40202749385959,2.6134611283551905,94.2380903751084,102.576012156564,1.0,True,39.0,8,中维护
A5,2025-07-24,23,18,99.15058247078579,99.01403342016694,3.1464251711395566,91.5891823511553,107.431191976837,0.75,True,40.0,8,中维护
A5,2025-07-25,20,20,99.0927625480326,99.34837958027421,2.962187917449136,92.5005572850154,104.195529284866,0.8333333333333334,True,41.0,8,中维护
A5,2025-07-26,16,15,98.6022408595593,99.24827264540097,3.4737544862534837,94.3849034793969,107.971110194646,0.625,True,42.0,8,中维护
A5,2025-07-27,24,24,99.26184259555396,99.43132467691022,2.7116825656329446,94.4589230989336,105.206312530347,1.0,True,43.0,8,中维护
A5,2025-07-28,24,24,98.43190569210985,98.7936139809952,2.3047456741873957,93.945821123485,102.974576111226,1.0,True,44.0,8,中维护
A5,2025-07-29,24,24,96.7418710936019,97.02709932080124,2.8148370393471396,91.2133749507842,103.585830702476,1.0,True,45.0,8,中维护
A5,2025-07-30,9,8,96.35550161426505,96.54535834913145,2.663289171985491,93.6862973266426,101.489366000476,0.3333333333333333,True,46.0,8,中维护
A5,2025-07-31,24,24,96.41476408101434,96.97005027770105,2.8326805616506068,92.4810912946075,102.075574681561,1.0,True,47.0,8,中维护
A5,2025-08-01,16,11,98.2803341759041,98.51410619984817,1.1714437694493365,97.1710595294898,100.494042122008,0.4583333333333333,True,48.0,8,中维护
A5,2025-08-02,19,19,97.6808606246281,97.81551396892901,0.8884107426175188,95.9997175627184,99.2681920439587,0.7916666666666666,True,49.0,8,中维护
A5,2025-08-03,13,12,97.73315740258815,97.80447346885113,1.7680537567232142,94.7521417410493,100.157740690038,0.5,True,50.0,8,中维护
A5,2025-08-04,4,4,97.60717445221931,97.66180833193266,1.4647734983655383,96.0390743553786,99.3938100679134,0.16666666666666666,True,51.0,8,中维护
A5,2025-08-05,22,22,97.42477265197735,97.52199480874468,1.2140697402381717,95.3073507549214,99.5307501608561,0.9166666666666666,True,52.0,8,中维护
A5,2025-08-06,14,13,96.5629471749456,96.61667163290562,1.115092803071756,94.8673136641933,98.2506748116669,0.5416666666666666,True,53.0,8,中维护
A5,2025-08-07,19,19,96.9232542303229,97.2679442945238,1.1546557874986791,95.3974023830524,99.4778329648116,0.7916666666666666,True,54.0,8,中维护
A5,2025-08-08,24,24,97.5582473677319,97.36779242826266,1.2352182972447732,93.862181551145,99.4743437664072,1.0,True,55.0,8,中维护
A5,2025-08-09,23,22,96.93853954197016,96.95596290911872,0.8239077160302353,95.5840798703898,98.6714996507578,0.9166666666666666,True,56.0,8,中维护
A5,2025-08-10,13,13,96.6723162644342,96.67662505709882,1.28272336111546,94.4219198297732,98.4668689800949,0.5416666666666666,True,57.0,8,中维护
A5,2025-08-11,23,22,97.06375408316175,96.80851865810969,1.1612301168526906,94.1291038963098,98.2661637697511,0.9166666666666666,True,58.0,8,中维护
A5,2025-08-12,24,24,97.1286899686811,97.19462491761074,0.854101006822719,95.8593098631913,99.1198673719743,1.0,True,59.0,8,中维护
A5,2025-08-13,12,12,97.19874893045525,96.90847154235627,1.2571415830636472,94.772655564426,99.2610570577999,0.5,True,60.0,8,中维护
A5,2025-08-14,23,18,96.8182078700003,96.86644248729284,0.8955425681952948,95.614530935389,98.7158564659996,0.75,True,61.0,8,中维护
A5,2025-08-15,23,22,96.71415466687635,96.51642863547973,0.9056936990220107,94.2718634762357,98.2255246621708,0.9166666666666666,True,62.0,8,中维护
A5,2025-08-16,24,23,96.418093445772,96.31382742360685,1.099000898175279,93.646739481791,98.0205410771637,0.9583333333333334,True,63.0,8,中维护
A5,2025-08-17,12,12,96.6059915055167,96.41826108859307,0.8816108637727893,94.8095479348127,97.812809131422,0.5,True,64.0,8,中维护
A5,2025-08-18,24,24,96.56666102249196,96.47218482103294,1.2801860181854505,93.6391989944128,98.9437865752508,1.0,True,65.0,8,中维护
A5,2025-08-19,24,0,,,,,,0.0,False,0.0,9,中维护
A5,2025-08-20,23,23,101.234257626345,101.74106605130925,2.724225619201705,99.6718251151485,113.85747221705,0.9583333333333334,True,1.0,9,中维护
A5,2025-08-21,14,14,101.074890366614,101.01774057001636,0.29668528783572884,100.347574044093,101.435592286442,0.5833333333333334,True,2.0,9,中维护
A5,2025-08-22,24,23,100.647047913494,100.68485575555705,0.5108677841114594,99.6376021049915,101.861224015109,0.9583333333333334,True,3.0,9,中维护
A5,2025-08-23,23,23,100.412319910868,100.78762995014577,1.2351005223466212,99.1389363311205,103.667062720922,0.9583333333333334,True,4.0,9,中维护
A5,2025-08-24,24,23,100.357589744452,100.35489113939244,1.1564821787800896,97.3184236532093,102.544963417066,0.9583333333333334,True,5.0,9,中维护
A5,2025-08-25,18,18,100.56014794464,100.66772286903944,1.48917601127543,96.9022948375847,103.985516392705,0.75,True,6.0,9,中维护
A5,2025-08-26,16,13,100.20826715523,100.33156264288353,1.0119629279212323,98.8020412028318,101.874515264426,0.5416666666666666,True,7.0,9,中维护
A5,2025-08-27,17,16,99.57903156408861,100.14728037046824,1.5002434090568617,98.4884802224469,104.179058712411,0.6666666666666666,True,8.0,9,中维护
A5,2025-08-28,20,20,99.64642308322169,99.71658963020369,1.1952764940786686,97.6811496185066,102.079314712038,0.8333333333333334,True,9.0,9,中维护
A5,2025-08-29,24,24,99.63319409312939,99.7857811280251,0.9520826012288716,98.3411527599926,102.79598998957,1.0,True,10.0,9,中维护
A5,2025-08-30,24,24,99.85633049116379,99.91331303590577,0.9335173569320416,98.3197969261822,101.631814296048,1.0,True,11.0,9,中维护
A5,2025-08-31,23,23,99.9072148205247,99.94265812726059,1.0432980604740234,97.7907292943533,102.432800313856,0.9583333333333334,True,12.0,9,中维护
A5,2025-09-01,24,21,99.1046583946665,99.21800319747614,1.1987396363311411,97.1321038741409,101.722655112249,0.875,True,13.0,9,中维护
A5,2025-09-02,16,16,98.46355950338679,98.2949321815529,1.1859737887850552,96.2341184105377,100.654767931383,0.6666666666666666,True,14.0,9,中维护
A5,2025-09-03,17,17,97.4125628040355,97.58274502717799,1.055652211340538,95.6452378865223,99.5785392176826,0.7083333333333334,True,15.0,9,中维护
A5,2025-09-04,11,11,96.5690721091028,96.90860871164399,1.6844368345724166,95.3620164115774,100.238923972949,0.4583333333333333,True,16.0,9,中维护
A5,2025-09-05,24,23,96.2509358203464,96.20761987423678,0.9116249324296787,94.4801099954634,98.4606368283347,0.9583333333333334,True,17.0,9,中维护
A5,2025-09-06,24,24,95.99371913725685,95.94272211162034,1.2822797331565736,93.5637991836842,98.6799386420806,1.0,True,18.0,9,中维护
A5,2025-09-07,23,23,94.9506293963016,94.95722702860019,0.8932843932846315,93.3214636583701,97.5213164630406,0.9583333333333334,True,19.0,9,中维护
A5,2025-09-08,15,14,94.16461773739185,94.46393391293032,0.9945050614412223,93.1698044990133,96.6241584037086,0.5833333333333334,True,20.0,9,中维护
A5,2025-09-09,12,12,94.01624909724146,94.22662369761525,1.4013798138750582,92.0152226864894,95.9434926073526,0.5,True,21.0,9,中维护
A5,2025-09-10,24,24,93.47874808789835,93.51127584231928,0.7022985469416323,92.1121258829738,94.8634186878537,1.0,True,22.0,9,中维护
A5,2025-09-11,24,24,93.43990398921079,93.51298697629768,1.0804270306057366,91.6844012638557,96.0139235586978,1.0,True,23.0,9,中维护
A5,2025-09-12,23,22,92.79283306415789,92.89771041310155,1.116182528858225,90.5131224030141,94.8003978013334,0.9166666666666666,True,24.0,9,中维护
A5,2025-09-13,13,13,92.5714823313536,92.58340222092988,1.3015836988725566,90.7909867315092,95.3427992185143,0.5416666666666666,True,25.0,9,中维护
A5,2025-09-14,24,24,91.8494114469986,91.95029421149549,1.1588602337623044,89.304123943988,94.9506180493681,1.0,True,26.0,9,中维护
A5,2025-09-15,24,23,91.3414591602013,91.09180396654509,1.190425499044174,88.4652253029962,93.2795143311559,0.9583333333333334,True,27.0,9,中维护
A5,2025-09-16,24,24,91.111281268524,90.76954979561089,1.018734608601949,88.2074249293191,92.2384078352195,1.0,True,28.0,9,中维护
A5,2025-09-17,16,16,90.62327945168795,90.45809612284575,1.4013521029047902,88.4031411294258,93.4072100207324,0.6666666666666666,True,29.0,9,中维护
A5,2025-09-18,19,19,89.8970839467425,89.96959523564507,0.9529977535841296,87.9309532665517,91.7514756034213,0.7916666666666666,True,30.0,9,中维护
A5,2025-09-19,24,23,89.5005890522736,89.39437615965925,1.2278206989949023,87.6992051174156,92.0782140126968,0.9583333333333334,True,31.0,9,中维护
A5,2025-09-20,23,23,87.8073741730856,88.00289492780125,1.1417423716278694,85.0563721036463,89.68104153137,0.9583333333333334,True,32.0,9,中维护
A5,2025-09-21,19,17,86.7435088970311,87.08359161764875,1.2630974842212033,85.1208157734306,89.4960015403719,0.7083333333333334,True,33.0,9,中维护
A5,2025-09-22,17,13,85.93620923182,86.03860383116397,1.0284067382261142,84.6485538284377,87.7709677849805,0.5416666666666666,True,34.0,9,中维护
A5,2025-09-23,18,17,85.3910892170345,85.37558100809669,0.9096984265486694,84.0980743175577,87.842739175672,0.7083333333333334,True,35.0,9,中维护
A5,2025-09-24,17,17,84.5588304460917,84.62324795754222,0.8448640254542249,83.1056645736275,86.3109331319645,0.7083333333333334,True,36.0,9,中维护
A5,2025-09-25,24,24,84.20803991820804,83.84030292384746,1.0196962838968615,81.5005233161907,85.0471014747218,1.0,True,37.0,9,中维护
A5,2025-09-26,23,23,83.1236368116495,83.03001087666993,0.9963863415051697,81.1349557002906,84.9357946511478,0.9583333333333334,True,38.0,9,中维护
A5,2025-09-27,20,19,82.185667674911,82.35344805928332,0.7949075470126904,80.2475888391802,83.6755925622953,0.7916666666666666,True,39.0,9,中维护
A5,2025-09-28,14,14,81.19443722367025,81.46221544507773,1.4081611223113422,79.7176908922371,85.0199987556589,0.5833333333333334,True,40.0,9,中维护
A5,2025-09-29,24,24,81.2070002762784,81.14169743767884,1.1455577133489823,79.3750122721993,84.0961536128948,1.0,True,41.0,9,中维护
A5,2025-09-30,23,23,80.5525469881902,80.43912714667238,1.279353469826659,77.2998199923227,82.2300309327869,0.9583333333333334,True,42.0,9,中维护
A5,2025-10-01,14,14,80.22660060573475,80.24576906883466,0.6490533368126523,78.7801960565303,81.3944284409736,0.5833333333333334,True,43.0,9,中维护
A5,2025-10-02,14,14,79.00286798233239,79.20311850264943,0.7242620618570803,78.2270509003894,80.5011080346855,0.5833333333333334,True,44.0,9,中维护
A5,2025-10-03,20,19,78.8560491870496,78.53174638136153,1.1656104599562653,76.3648491384273,80.8895233468297,0.7916666666666666,True,45.0,9,中维护
A5,2025-10-04,24,23,77.8489274315146,77.68921903841421,1.1905427686058703,75.0387078125771,79.7176808057883,0.9583333333333334,True,46.0,9,中维护
A5,2025-10-05,23,23,76.7257405576433,76.65733453332527,0.754048061495574,75.066366625385,78.197235946035,0.9583333333333334,True,47.0,9,中维护
A5,2025-10-08,2,2,,,,,,0.08333333333333333,False,50.0,9,中维护
A5,2025-10-09,24,24,74.68479210697839,74.8902104816253,1.4741662389386725,73.2982039295867,80.789798847934,1.0,True,51.0,9,中维护
A5,2025-10-10,13,13,73.0452028689094,73.41350721115204,1.042744848041153,72.1919934727681,75.9899685326294,0.5416666666666666,True,52.0,9,中维护
A5,2025-10-11,24,23,73.0904699748598,73.15724986956523,0.9942496149513538,70.9239801005615,74.9422563025642,0.9583333333333334,True,53.0,9,中维护
A5,2025-10-12,23,23,72.7285623803379,72.57334607331663,0.7059716597948147,71.2428620393382,73.6553404943933,0.9583333333333334,True,54.0,9,中维护
A5,2025-10-13,24,23,72.0908866065736,71.81035900127824,0.9663865614497563,69.0123833243954,73.2518922039825,0.9583333333333334,True,55.0,9,中维护
A5,2025-10-14,12,12,71.1034200168795,71.03584398439558,0.8289427031238528,69.1016384695902,72.1157871272975,0.5,True,56.0,9,中维护
A5,2025-10-15,24,24,70.51968313728325,70.58900034638405,0.9868777916609092,69.2863786983456,72.2597681617597,1.0,True,57.0,9,中维护
A5,2025-10-16,15,14,69.60331598297225,69.61844350326183,0.8465136877005605,67.9026449468083,71.4528546133589,0.5833333333333334,True,58.0,9,中维护
A5,2025-10-17,22,18,69.50831923380245,69.5959936572695,1.1486973977836907,67.6474234321345,71.592553756852,0.75,True,59.0,9,中维护
A5,2025-10-18,24,23,68.8701442598531,68.97855082965312,0.7901590548668237,67.659933504206,71.7171867377569,0.9583333333333334,True,60.0,9,中维护
A5,2025-10-19,15,15,68.3679427373201,68.35091740156913,0.7036611539366853,67.0959519831504,69.7424918414619,0.625,True,61.0,9,中维护
A5,2025-10-20,20,20,66.89764852953205,67.3204362324825,1.0229458739423385,65.9535283892677,69.8298571356908,0.8333333333333334,True,62.0,9,中维护
A5,2025-10-21,24,23,67.5611463742397,67.58459632830554,0.8772495357072622,66.161672840598,69.820057731204,0.9583333333333334,True,63.0,9,中维护
A5,2025-10-22,24,24,66.849720804334,66.80958814358577,1.1030315276863827,64.9202267467481,69.3664358257397,1.0,True,64.0,9,中维护
A5,2025-10-23,17,17,65.5566369113532,65.4315658526973,0.8734817275817327,63.8054708895753,66.7021823682267,0.7083333333333334,True,65.0,9,中维护
A5,2025-10-24,19,19,64.0461986666801,64.48095285226319,1.4630661789406398,62.9478256570251,69.3781480762932,0.7916666666666666,True,66.0,9,中维护
A5,2025-10-25,24,24,64.5053788143034,64.36768019256841,0.8132297978206857,62.4672924165321,66.0841409556183,1.0,True,67.0,9,中维护
A5,2025-10-26,24,21,63.6889525440588,63.67715291072953,0.7229644834925684,62.3875172152861,64.7806686382228,0.875,True,68.0,9,中维护
A5,2025-10-27,21,21,63.8513412180789,63.68183566068594,0.8798558749665334,61.4573919463399,64.7723207750344,0.875,True,69.0,9,中维护
A5,2025-10-28,16,16,62.72249146935465,62.85343513089903,0.6084558276254971,61.7272734149534,63.9453411898494,0.6666666666666666,True,70.0,9,中维护
A5,2025-10-29,24,22,62.108309294307645,62.03580266871314,0.9575585435183096,60.31399322962,64.0479777632196,0.9166666666666666,True,71.0,9,中维护
A5,2025-10-30,23,23,61.0594459241889,61.0893335848871,1.273497589707611,59.1939186307107,63.787907892632,0.9583333333333334,True,72.0,9,中维护
A5,2025-10-31,22,22,61.17836741260845,61.23379853432519,0.9673197020113883,59.9658905000249,63.0274439198624,0.9166666666666666,True,73.0,9,中维护
A5,2025-11-01,14,14,60.61897423991425,60.68898048920772,0.5807248945985679,59.8966530972406,61.643159889193,0.5833333333333334,True,74.0,9,中维护
A5,2025-11-02,24,23,60.2625658539149,60.18281455146509,0.6107031846576731,58.5468258921857,61.0153663032518,0.9583333333333334,True,75.0,9,中维护
A5,2025-11-03,24,24,60.2092584882449,60.21067233029141,0.4693978734873575,59.2285129298416,61.2102777919341,1.0,True,76.0,9,中维护
A5,2025-11-04,13,13,60.0861439180521,60.04672009301929,0.8089201718753087,58.8023192155043,61.1194282651793,0.5416666666666666,True,77.0,9,中维护
A5,2025-11-05,23,23,59.165750870631,59.13614623864163,0.6245931276265799,58.1359202914671,60.2781169328537,0.9583333333333334,True,78.0,9,中维护
A5,2025-11-06,23,0,,,,,,0.0,False,0.0,10,中维护
A5,2025-11-07,24,24,73.88237424649284,73.83848507449282,0.29556083918521103,73.3327181489556,74.5154290241505,1.0,True,1.0,10,中维护
A5,2025-11-08,23,23,73.1680613922986,72.65711979276108,2.2708600539698436,62.2916469816069,73.5391315124347,0.9583333333333334,True,2.0,10,中维护
A5,2025-11-09,23,22,72.10424009794565,72.18805903389347,0.35156210837842355,71.3383362802016,72.999541218172,0.9166666666666666,True,3.0,10,中维护
A5,2025-11-10,13,12,71.36456476757995,71.28631487713538,0.4243791852796945,70.5628664572539,71.8354366834554,0.5,True,4.0,10,中维护
A5,2025-11-11,23,23,70.7590990735894,70.73442051221414,0.6005038950810166,69.4726432359119,71.9884892125656,0.9583333333333334,True,5.0,10,中维护
A5,2025-11-12,24,24,70.07926287309826,69.96196892416519,0.6687800088802166,68.6206998412454,71.0829257547618,1.0,True,6.0,10,中维护
A5,2025-11-13,24,24,69.96946738310365,69.81066338791182,0.5427213327263694,68.7988765722908,70.8232003688292,1.0,True,7.0,10,中维护
A5,2025-11-14,20,19,69.2725462523327,69.4073467810335,0.6813402166170196,68.4472830204531,70.6128767760973,0.7916666666666666,True,8.0,10,中维护
A5,2025-11-15,23,23,68.4246644799756,68.53828132881878,0.692439764134597,67.2071407090569,69.982409329696,0.9583333333333334,True,9.0,10,中维护
A5,2025-11-16,24,24,67.78028956328964,67.7903184495514,0.507058279892141,66.9455440533076,68.5648361041696,1.0,True,10.0,10,中维护
A5,2025-11-17,24,24,67.09326116120245,67.08758582467819,0.4910862323694691,66.0757733837452,68.2255207041347,1.0,True,11.0,10,中维护
A5,2025-11-18,24,24,66.27020603970675,66.14809164122964,0.5700049137311229,64.8222120830149,66.9797602358909,1.0,True,12.0,10,中维护
A5,2025-11-19,23,22,65.50089888627019,65.69212112265372,0.5906461988692019,64.5636166177278,66.8187196923992,0.9166666666666666,True,13.0,10,中维护
A5,2025-11-20,13,13,65.3026820896581,65.39957040776935,0.4512356391736671,64.8146364820794,66.3119084945454,0.5416666666666666,True,14.0,10,中维护
A5,2025-11-21,24,24,64.89994261433864,64.917785854726,0.5273965308374023,63.9399926040845,66.3669563669535,1.0,True,15.0,10,中维护
A5,2025-11-22,24,24,64.55439363124074,64.70133506800866,0.5412008292276599,63.9627607857773,65.9619022162111,1.0,True,16.0,10,中维护
A5,2025-11-23,23,21,64.1231133782396,64.12599728512102,0.6609309809884422,62.4686573883912,65.3767645543669,0.875,True,17.0,10,中维护
A5,2025-11-24,13,13,63.5802397540625,63.790247821744025,0.8444430089707343,62.3755307732743,65.0016587217873,0.5416666666666666,True,18.0,10,中维护
A5,2025-11-25,24,24,62.8496190696781,62.912064017688834,0.7646069004413949,61.6027799003295,64.0845433893067,1.0,True,19.0,10,中维护
A5,2025-11-26,24,24,62.52854032002495,62.4437716014501,0.535768458058476,61.1181497954069,63.5648326271373,1.0,True,20.0,10,中维护
A5,2025-11-27,24,24,61.6448073619542,61.86179153882284,0.6495015052595845,60.5405388259123,63.0735498508142,1.0,True,21.0,10,中维护
A5,2025-11-28,14,14,60.8680777888626,60.857488841239366,0.8421607627536251,59.7478298959968,62.6478378077154,0.5833333333333334,True,22.0,10,中维护
A5,2025-11-29,23,22,59.9692271716107,59.97712537630856,0.6332053388132854,58.9734465091805,61.224516877168,0.9166666666666666,True,23.0,10,中维护
A5,2025-11-30,17,17,59.5517560133163,59.35897053481418,0.6094324474491406,57.9724871239947,60.145019088556,0.7083333333333334,True,24.0,10,中维护
A5,2025-12-01,23,23,58.851872173325,58.89625423458317,0.14809143379058043,58.5869830650112,59.1128839767739,0.9583333333333334,True,25.0,10,中维护
A5,2025-12-02,24,23,57.9960256453257,57.95748762805715,0.1641397110335038,57.5691168742929,58.2814969034814,0.9583333333333334,True,26.0,10,中维护
A5,2025-12-03,23,23,57.0642486090961,57.010390011885896,0.21048899801415036,56.4641399607635,57.3237780011744,0.9583333333333334,True,27.0,10,中维护
A5,2025-12-04,19,18,56.1198174898882,56.10233561723853,0.18298905405628782,55.7502237287052,56.4500958662158,0.75,True,28.0,10,中维护
A5,2025-12-05,18,16,55.44951957278205,55.454318202718525,0.20620935403094623,55.1186324547252,55.8098111762753,0.6666666666666666,True,29.0,10,中维护
A5,2025-12-06,24,24,54.819294850939656,54.761382888993076,0.22272139834264276,54.3493932340555,55.1165793276377,1.0,True,30.0,10,中维护
A5,2025-12-07,20,20,54.084668977136,54.07358696115315,0.14866541945535375,53.7220715904326,54.3913891004695,0.8333333333333334,True,31.0,10,中维护
A5,2025-12-08,16,16,53.771405728352704,53.710734169362205,0.2109280193148384,53.2734134809039,54.0329083843641,0.6666666666666666,True,32.0,10,中维护
A5,2025-12-09,22,22,53.3926710393063,53.367696977166425,0.1989831121918807,52.9982535598218,53.7264441431984,0.9166666666666666,True,33.0,10,中维护
A5,2025-12-10,24,23,52.553077154711,52.555698943639435,0.15702065906803947,52.2869082578426,52.8514082784075,0.9583333333333334,True,34.0,10,中维护
A5,2025-12-11,22,20,52.010328146220346,51.994833259155065,0.20811232861492088,51.6594034422008,52.3073067453481,0.8333333333333334,True,35.0,10,中维护
A5,2025-12-12,15,13,51.3531045754583,51.360150030802394,0.19684371999731082,51.1072815612309,51.7195055507166,0.5416666666666666,True,36.0,10,中维护
A5,2025-12-13,24,21,51.1868492908757,51.173555399639,0.1826770634369041,50.8148025277749,51.5881383127763,0.875,True,37.0,10,中维护
A5,2025-12-14,24,23,50.5623640837644,50.55967361825223,0.2171361977006989,50.2155012872147,50.9465943831751,0.9583333333333334,True,38.0,10,中维护
A5,2025-12-15,24,24,50.5421684481874,50.55104848391259,0.17907442927436856,50.2576263383853,51.0899863823272,1.0,True,39.0,10,中维护
A5,2025-12-16,14,14,50.238666126588456,50.21023113704184,0.18482159148122695,49.8772465549307,50.474334647182,0.5833333333333334,True,40.0,10,中维护
A5,2025-12-17,20,20,49.34219023447625,49.36389617744266,0.18184438159028213,49.084001645696,49.7004335830852,0.8333333333333334,True,41.0,10,中维护
A5,2025-12-18,24,24,49.039626450225796,49.01821539980011,0.23932184019180103,48.5468160159891,49.4880144715365,1.0,True,42.0,10,中维护
A5,2025-12-19,24,23,48.5810615564283,48.58410575837191,0.15919482053626927,48.2743586256065,48.8466760370704,0.9583333333333334,True,43.0,10,中维护
A5,2025-12-20,24,23,48.0078235702621,47.94938354399265,0.20444289941087704,47.3442186196053,48.236769949561,0.9583333333333334,True,44.0,10,中维护
A5,2025-12-21,14,14,47.3535452054942,47.37221497780247,0.22570303220991975,46.9434970030448,47.8295519607595,0.5833333333333334,True,45.0,10,中维护
A5,2025-12-22,24,23,46.7523648902345,46.73380183045555,0.1816317198770597,46.4425442275205,47.1495336869732,0.9583333333333334,True,46.0,10,中维护
A5,2025-12-23,24,22,45.9899429745586,46.04716248444591,0.3431352324276661,45.5053703259583,46.9918339392463,0.9166666666666666,True,47.0,10,中维护
A5,2025-12-24,21,20,45.4936160277094,45.47821413596524,0.218363109935297,44.9581672867037,45.9564781537157,0.8333333333333334,True,48.0,10,中维护
A5,2025-12-25,11,11,44.8524577712201,44.844152799972555,0.1606537482593534,44.5841939402578,45.1550033501684,0.4583333333333333,True,49.0,10,中维护
A5,2025-12-26,24,24,44.74931288922155,44.72045140421216,0.20673531151965172,44.1977017755283,45.0417343233311,1.0,True,50.0,10,中维护
A5,2025-12-27,24,23,44.2750914363049,44.22298332772995,0.17849958751712855,43.853725949548,44.4478363624259,0.9583333333333334,True,51.0,10,中维护
A5,2025-12-28,24,23,43.501314041503,43.519116991359354,0.17795186170027058,43.1986737018349,43.8202405710154,0.9583333333333334,True,52.0,10,中维护
A5,2025-12-29,23,23,43.0301096041909,43.080916814378035,0.17691456300486075,42.8372527918903,43.5067243644964,0.9583333333333334,True,53.0,10,中维护
A5,2025-12-30,24,24,41.93206013815835,41.89144660099809,0.20204996934391847,41.4628115207149,42.2777143716947,1.0,True,54.0,10,中维护
A5,2025-12-31,12,12,41.4588573045139,41.52081346447934,0.1893380978915947,41.3554072716974,42.0153983764434,0.5,True,55.0,10,中维护
A5,2026-01-01,24,23,41.2625883050651,41.232790536798504,0.4807184526248934,39.8925433563486,42.1337170229284,0.9583333333333334,True,56.0,10,中维护
A5,2026-01-02,23,20,41.3089165763437,41.30216486211339,0.34915047020968754,40.5157872287978,42.033654702134,0.8333333333333334,True,57.0,10,中维护
A5,2026-01-03,14,14,40.6365370433737,40.56024597300584,0.4078691133402511,39.6684436552879,41.2096006098528,0.5833333333333334,True,58.0,10,中维护
A5,2026-01-04,7,7,40.1721331847805,40.23292152464773,0.32706150552948376,39.8319023829599,40.6018649681246,0.2916666666666667,True,59.0,10,中维护
A5,2026-01-05,13,13,39.6764428467697,39.58769482298141,0.418406661202099,38.7089651454017,40.1949950959071,0.5416666666666666,True,60.0,10,中维护
A5,2026-01-06,24,24,38.713163273317846,38.735624666020506,0.39397999707699327,38.1582790033292,39.6210656381544,1.0,True,61.0,10,中维护
A5,2026-01-07,24,24,38.285654447465944,38.258253656097814,0.9472574080766297,34.5337866077768,39.896557806487,1.0,True,62.0,10,中维护
A5,2026-01-08,23,0,,,,,,0.0,False,0.0,11,中维护
A5,2026-01-09,14,14,65.9467717891756,65.98813506482409,0.21200335333823045,65.6511057199901,66.3435321249664,0.5833333333333334,True,1.0,11,中维护
A5,2026-01-10,20,20,65.3412031189142,65.31627415754346,0.23894609610601777,64.7318353206139,65.7231838077369,0.8333333333333334,True,2.0,11,中维护
A5,2026-01-11,13,7,64.529399860784,64.55414137164766,0.23308772051816445,64.1641329370371,64.8484768647936,0.2916666666666667,True,3.0,11,中维护
A5,2026-01-12,23,22,64.32009171658399,64.32914249678537,0.47169306489822904,63.4594327683525,65.4922543688479,0.9166666666666666,True,4.0,11,中维护
A5,2026-01-13,23,22,63.5828941267132,63.67494406298474,0.439332072291246,62.7100488853244,64.3045886883436,0.9166666666666666,True,5.0,11,中维护
A5,2026-01-14,24,24,62.617632421589704,62.6710596965861,0.47085905523394384,61.7552773611555,63.6962139626303,1.0,True,6.0,11,中维护
A5,2026-01-15,12,12,62.3434018248803,62.29651971650617,0.378023459777011,61.5007715737524,62.8835334532105,0.5,True,7.0,11,中维护
A5,2026-01-16,23,23,61.3102631910533,61.38424181035939,0.4400717198806089,60.7941296982023,62.3776652383425,0.9583333333333334,True,8.0,11,中维护
A5,2026-01-17,20,20,61.40413824760169,61.4088996349387,0.4000969441401624,60.8550323652444,62.1083497848615,0.8333333333333334,True,9.0,11,中维护
A5,2026-01-18,23,22,60.25276602922265,60.31176040597275,0.3909442797656108,59.677453701589,61.4380574982443,0.9166666666666666,True,10.0,11,中维护
A5,2026-01-19,24,22,59.44079886448755,59.506187762293855,0.4949382729680754,58.6438749465267,60.4932715979078,0.9166666666666666,True,11.0,11,中维护
A5,2026-01-20,4,4,58.91214107122565,59.0258062415212,0.317104473497424,58.8019835881721,59.4769592354614,0.16666666666666666,True,12.0,11,中维护
A5,2026-01-21,4,4,58.55540779264215,58.537191704635504,0.6371193717217715,57.8827818414592,59.1551693917985,0.16666666666666666,True,13.0,11,中维护
A5,2026-01-22,4,4,58.41890741616185,58.571910995890875,0.730734486189524,57.8979107998028,59.551918351437,0.16666666666666666,True,14.0,11,中维护
A5,2026-01-23,4,4,57.19144919497175,57.26619203690055,0.26030889771017646,57.0665544087611,57.6153153488976,0.16666666666666666,True,15.0,11,中维护
A5,2026-01-24,4,4,56.89998087382295,56.78406595135982,0.4152462973743844,56.2127516990877,57.1235503587057,0.16666666666666666,True,16.0,11,中维护
A5,2026-01-25,4,4,56.185267674044354,56.28757969852882,0.3576605678652392,55.9841523743453,56.7956310716813,0.16666666666666666,True,17.0,11,中维护
A5,2026-01-26,4,4,56.1301649375144,56.086195327817826,0.5203811381716625,55.5104694694789,56.5739819667636,0.16666666666666666,True,18.0,11,中维护
A5,2026-01-27,4,4,54.8838147766265,54.7358454737819,0.5596732456219843,53.9370755847624,55.2386767571122,0.16666666666666666,True,19.0,11,中维护
A5,2026-01-28,4,4,54.0390312735846,54.18025240662797,0.5030879995314569,53.7385897067945,54.9043573725482,0.16666666666666666,True,20.0,11,中维护
A5,2026-01-29,4,4,54.4478868220276,54.51120847751755,0.6152741763388052,53.9276187344985,55.2214415315165,0.16666666666666666,True,21.0,11,中维护
A5,2026-01-30,4,4,53.0717109926328,52.8679333303479,0.6823892757467976,51.8832396592951,53.4450716768309,0.16666666666666666,True,22.0,11,中维护
A5,2026-01-31,4,4,52.5715439155016,52.54861186068195,0.2848111900331508,52.1800210597737,52.8713385519509,0.16666666666666666,True,23.0,11,中维护
A5,2026-02-01,4,4,51.6975809730809,51.69362110116627,0.10680582117189379,51.5735217269324,51.8058007315709,0.16666666666666666,True,24.0,11,中维护
A5,2026-02-02,4,4,51.08442958812015,51.085924312093255,0.07897684140494682,51.0125839105254,51.1622541616073,0.16666666666666666,True,25.0,11,中维护
A5,2026-02-03,4,4,50.2815696789408,50.287314871682526,0.49033043488331574,49.7794565517947,50.8066635770538,0.16666666666666666,True,26.0,11,中维护
A5,2026-02-04,4,4,49.33199113354575,49.369217628543495,0.4115944425728419,49.0134015430303,49.7994867040522,0.16666666666666666,True,27.0,11,中维护
A5,2026-02-05,4,4,48.36409449659115,48.41949779930055,0.2840964867629781,48.1378133904345,48.8119888135854,0.16666666666666666,True,28.0,11,中维护
A5,2026-02-06,4,3,48.148942726423,48.22450797540143,0.4752009684172655,47.7916172734265,48.7329639263548,0.125,True,29.0,11,中维护
A5,2026-02-07,4,4,47.535908562475456,47.44439335039545,0.3724028135207679,46.92865102278,47.7771052538509,0.16666666666666666,True,30.0,11,中维护
A5,2026-02-08,4,4,46.9692429357801,46.8174446089232,0.4908191093929232,46.1383020994435,47.1929904646891,0.16666666666666666,True,31.0,11,中维护
A5,2026-02-09,4,4,46.38726773113185,46.41551774369135,0.135117732660442,46.3033531913232,46.5841823211785,0.16666666666666666,True,32.0,11,中维护
A5,2026-02-10,4,4,46.40351336636715,46.430113108202576,0.23078086282069102,46.176761618142,46.736664081934,0.16666666666666666,True,33.0,11,中维护
A5,2026-02-11,4,4,45.62971789923045,45.597171479189896,0.16817356953354834,45.3795414897417,45.749708628557,0.16666666666666666,True,34.0,11,中维护
A5,2026-02-12,4,4,45.035756112320755,44.96956494031963,0.36176377643637453,44.530355943538,45.276391593099,0.16666666666666666,True,35.0,11,中维护
A5,2026-02-13,4,4,44.4084461275599,44.3398501051849,0.17502333214680618,44.0803330266673,44.4621751389525,0.16666666666666666,True,36.0,11,中维护
A5,2026-02-14,4,4,43.987240022913795,44.06984867769325,0.1961753590337013,43.9425084682586,44.3624061966868,0.16666666666666666,True,37.0,11,中维护
A5,2026-02-15,4,4,43.07918922489175,43.04277531271217,0.1953514100780468,42.8005478677082,43.212174933357,0.16666666666666666,True,38.0,11,中维护
A5,2026-02-16,4,4,41.69337388479675,41.666252928283924,0.3335328150659333,41.2627852041054,42.0154787394368,0.16666666666666666,True,39.0,11,中维护
A5,2026-02-17,4,4,40.71507149968155,40.63603463878375,0.31715753422435883,40.188643454756,40.9253521010159,0.16666666666666666,True,40.0,11,中维护
A5,2026-02-18,4,4,40.916194681787246,40.89332858177525,0.15381609802017593,40.7052289496598,41.0356960138667,0.16666666666666666,True,41.0,11,中维护
A5,2026-02-19,4,4,40.402037070177954,40.290393992105976,0.44693870963996385,39.6736779491421,40.6838238789259,0.16666666666666666,True,42.0,11,中维护
A5,2026-02-20,4,4,39.9353878514015,39.94855010151435,0.22674452353421456,39.7036703390854,40.219754364169,0.16666666666666666,True,43.0,11,中维护
A5,2026-02-21,4,4,39.40826001684465,39.2692750279749,0.3660735594840878,38.7341990291753,39.526381049035,0.16666666666666666,True,44.0,11,中维护
A5,2026-02-22,4,4,38.29074252148,38.34745612270055,0.25356050414241194,38.1062973621359,38.7020420857063,0.16666666666666666,True,45.0,11,中维护
A5,2026-02-23,4,4,37.30692295145225,37.32923077979328,0.24834114273012659,37.1013862333708,37.6016909828978,0.16666666666666666,True,46.0,11,中维护
A5,2026-02-24,4,4,36.7371143200573,36.8303164801078,0.27619635369861495,36.6120099403796,37.235027339937,0.16666666666666666,True,47.0,11,中维护
A5,2026-02-25,4,4,36.34421526605295,36.39969572550562,0.3322595033463171,36.0783365837068,36.8320157862098,0.16666666666666666,True,48.0,11,中维护
A5,2026-02-26,4,0,,,,,,0.0,False,0.0,12,中维护
A5,2026-02-27,4,4,58.59190995757095,58.63665297956352,0.19407822143944847,58.4628787045879,58.8999132985243,0.16666666666666666,True,1.0,12,中维护
A5,2026-02-28,4,4,57.83363396504235,57.83518568364085,0.08264031565709985,57.7414157891829,57.9320590152958,0.16666666666666666,True,2.0,12,中维护
A5,2026-03-01,4,4,57.553679927281905,57.73382473855108,0.43617519812836963,57.4546302554542,58.3733088441863,0.16666666666666666,True,3.0,12,中维护
A5,2026-03-02,4,4,57.64256558655261,57.6639748988347,0.8683008451182666,56.6519507313744,58.7188176908592,0.16666666666666666,True,4.0,12,中维护
A5,2026-03-03,4,4,56.188137996982405,56.16110692123535,0.5380108593753171,55.5964206240538,56.6717310669228,0.16666666666666666,True,5.0,12,中维护
A5,2026-03-04,4,4,57.10804480110245,57.063834552791874,0.9687676656119683,55.9543202875075,58.0849283214551,0.16666666666666666,True,6.0,12,中维护
A5,2026-03-05,4,4,56.570867993963745,56.469257538291174,0.6630647820134264,55.6645753085427,57.0707188566945,0.16666666666666666,True,7.0,12,中维护
A5,2026-03-06,4,4,56.1227023187803,56.308567647609074,0.4856942868799651,55.9734111207964,57.0154548320793,0.16666666666666666,True,8.0,12,中维护
A5,2026-03-07,4,4,55.549110858132295,55.616447605912526,1.1648510331753812,54.538116298773,56.8294524086125,0.16666666666666666,True,9.0,12,中维护
A5,2026-03-08,4,4,54.77597326087525,54.840775777119326,0.6323402527887583,54.1655196924484,55.6456368942784,0.16666666666666666,True,10.0,12,中维护
A5,2026-03-09,4,4,55.0765934762984,55.0317770743915,1.213801766018826,53.5783139138881,56.3956074310811,0.16666666666666666,True,11.0,12,中维护
A5,2026-03-10,4,4,55.5995913963758,55.555623828745276,0.5802000005893116,54.8264153933322,56.1968971288973,0.16666666666666666,True,12.0,12,中维护
A5,2026-03-11,4,4,54.4549764564471,54.60111594384553,0.6008115700018398,54.111801259161,55.3827096033269,0.16666666666666666,True,13.0,12,中维护
A5,2026-03-12,4,3,54.0516686856398,53.560813027976934,1.0990265481296912,52.3018986940557,54.3288717042353,0.125,True,14.0,12,中维护
A5,2026-03-13,4,4,54.642193374250496,54.6187515082554,0.5908981464447463,53.873019597647,55.3175996868736,0.16666666666666666,True,15.0,12,中维护
A5,2026-03-14,4,4,54.493813176970704,54.513822496154404,0.32458890432990045,54.1905930801138,54.8770705505624,0.16666666666666666,True,16.0,12,中维护
A5,2026-03-15,4,3,53.2762869909339,53.279782246746436,0.14566587176618734,53.1358954570602,53.4271642922452,0.125,True,17.0,12,中维护
A5,2026-03-16,4,4,53.56835051768055,53.7316453360726,0.8151748950168437,52.9429974759311,54.8468828329982,0.16666666666666666,True,18.0,12,中维护
A5,2026-03-17,4,4,53.095840838993695,53.08638112571808,0.694727240245499,52.2265609296773,53.9272818952076,0.16666666666666666,True,19.0,12,中维护
A5,2026-03-18,4,4,52.022189555292044,52.289972673314,0.8377319016162674,51.6457226653798,53.4697889172921,0.16666666666666666,True,20.0,12,中维护
A5,2026-03-19,4,4,52.124252762619605,52.510867916110975,0.8510698720728255,52.0148582489643,53.7801078902404,0.16666666666666666,True,21.0,12,中维护
A5,2026-03-20,4,4,51.5675714010232,51.56021051476127,1.063164870162536,50.3374443400379,52.7682549169608,0.16666666666666666,True,22.0,12,中维护
A5,2026-03-21,4,4,51.98664075113355,52.28286813558567,0.7242990196854349,51.7976948454372,53.3604961946384,0.16666666666666666,True,23.0,12,中维护
A5,2026-03-22,4,4,52.2617619891836,51.9083451447495,0.8464363505631305,50.648140966646,52.4617156339848,0.16666666666666666,True,24.0,12,中维护
A5,2026-03-23,4,4,51.82120075357505,51.63322334667465,0.8604283884207373,50.4578082935968,52.4326835859517,0.16666666666666666,True,25.0,12,中维护
A5,2026-03-24,4,4,50.700373825690946,50.38913061356785,1.250499688198139,48.6307716854166,51.5250031174729,0.16666666666666666,True,26.0,12,中维护
A5,2026-03-25,4,4,51.14129082448615,51.07094550656305,0.5135174316588357,50.4502561008905,51.5509442763894,0.16666666666666666,True,27.0,12,中维护
A5,2026-03-26,4,4,51.0312922755435,51.05738422936185,1.1691464485695138,49.8700002632486,52.2969521031118,0.16666666666666666,True,28.0,12,中维护
A5,2026-03-27,4,4,50.04294175548215,50.001193413040674,0.5097981225179207,49.3583847852614,50.560505355937,0.16666666666666666,True,29.0,12,中维护
A5,2026-03-28,4,4,50.8658820474686,50.508342790577274,0.948941582191724,49.1070754968372,51.1945315705347,0.16666666666666666,True,30.0,12,中维护
A5,2026-03-29,4,4,49.0769562731728,49.4665004196562,1.0653486288508265,48.6876396132955,51.0244495189837,0.16666666666666666,True,31.0,12,中维护
A5,2026-03-30,4,4,48.994349381910396,49.102837127635624,0.6678200433003314,48.4571219409842,49.9655278057375,0.16666666666666666,True,32.0,12,中维护
A5,2026-03-31,4,4,48.6694567429876,48.77052058567122,1.0186634561373127,47.6339927795206,50.1091760771891,0.16666666666666666,True,33.0,12,中维护
A5,2026-04-01,4,4,48.1822401666702,48.20129276016817,0.10218235218660894,48.0991889053592,48.3415018019731,0.16666666666666666,True,34.0,12,中维护
A5,2026-04-02,4,4,48.5104621936956,48.57913572161515,0.4749377883231827,48.1030799811955,49.1925385178739,0.16666666666666666,True,35.0,12,中维护
A5,2026-04-03,4,0,,,,,,0.0,False,0.0,13,中维护
A5,2026-04-04,4,4,81.64466143779545,81.67232952527667,0.1598768504228943,81.5206962967681,81.8792989287477,0.16666666666666666,True,1.0,13,中维护
A5,2026-04-05,4,4,81.47394416566925,81.47820938191708,0.23852426036065646,81.2070253511372,81.7579238451926,0.16666666666666666,True,2.0,13,中维护
A5,2026-04-06,4,4,81.1875909080695,81.2586526489555,0.1660399326869108,81.152991169258,81.506437610425,0.16666666666666666,True,3.0,13,中维护
A5,2026-04-07,4,4,80.982877155952,80.97814218782332,0.3428796084393929,80.5535998990295,81.3932145403598,0.16666666666666666,True,4.0,13,中维护
A5,2026-04-08,4,4,80.77053393520589,80.75155058063417,0.13419809995599316,80.5864127873648,80.8787216647601,0.16666666666666666,True,5.0,13,中维护
A5,2026-04-09,4,3,80.3839603293985,80.44016078956791,0.1442533887500122,80.3324664270746,80.6040556122306,0.125,True,6.0,13,中维护
A5,2026-04-10,4,3,79.9047737899523,79.9544128754973,0.3141494206113121,79.6680382194805,80.2904266170591,0.125,True,7.0,13,中维护
A6,2024-04-03,23,0,,,,,,0.0,False,0.0,0,观测起点
A6,2024-04-04,22,22,48.11024199530285,48.221301776846694,0.44584034152319774,47.5900028599471,49.2046853290515,0.9166666666666666,True,0.0,0,观测起点
A6,2024-04-05,23,23,47.9673303060752,47.83794239863806,0.4862512049196655,46.9736159393469,48.7666617900203,0.9583333333333334,True,0.0,0,观测起点
A6,2024-04-06,9,9,47.3830947144618,47.53557549877399,0.4731686476970181,46.8448054513447,48.3971249283434,0.375,True,0.0,0,观测起点
A6,2024-04-08,9,9,47.1632149510996,47.21183467763027,0.8073076255440683,46.0042393972763,48.6465878083497,0.375,True,0.0,0,观测起点
A6,2024-04-09,21,21,46.8743457864447,46.977261945219894,0.9201161706670614,45.3491601183968,48.9822469236243,0.875,True,0.0,0,观测起点
A6,2024-04-10,14,14,46.721330212312,46.7839522737072,1.004112708178449,45.3652594538702,48.3151298787472,0.5833333333333334,True,0.0,0,观测起点
A6,2024-04-11,23,22,46.96106247091075,46.93656882303771,1.0291730244826343,45.0665759252327,49.072643508824,0.9166666666666666,True,0.0,0,观测起点
A6,2024-04-12,24,21,45.9422428188179,46.078788000985256,0.8197133863019832,44.1043446774623,47.4747876945446,0.875,True,0.0,0,观测起点
A6,2024-04-13,23,23,46.4126827642903,46.62137511637,1.0124597893723057,45.0338963054451,48.3299198223543,0.9583333333333334,True,0.0,0,观测起点
A6,2024-04-14,14,14,46.20361795484835,45.982762706695645,1.0520477726954434,43.7793813445953,47.3429445280635,0.5833333333333334,True,0.0,0,观测起点
A6,2024-04-15,23,23,45.1576234509937,45.188132622313,0.8604337994190983,43.4914390689942,46.503812964323,0.9583333333333334,True,0.0,0,观测起点
A6,2024-04-16,23,23,45.0194108282844,45.1391105979532,0.9428259351449264,43.6008492141919,47.1870067337681,0.9583333333333334,True,0.0,0,观测起点
A6,2024-04-17,20,19,44.7142813062763,44.628778079235644,0.6295584334457246,43.3894763226471,45.8649946668472,0.7916666666666666,True,0.0,0,观测起点
A6,2024-04-18,13,13,44.9104076903305,45.17134340747226,1.0784343019897464,43.8470193065931,47.2394995742414,0.5416666666666666,True,0.0,0,观测起点
A6,2024-04-19,15,15,44.6756256427968,44.57309912288124,1.1149767667382338,42.6307170590469,46.6359834870473,0.625,True,0.0,0,观测起点
A6,2024-04-20,22,20,44.332804799783304,44.37802142026698,0.6855794615640285,43.2715269497099,45.941480379828,0.8333333333333334,True,0.0,0,观测起点
A6,2024-04-21,23,23,43.9223363003745,43.898134987896675,0.9973630659661357,42.0678605081245,46.7329120594347,0.9583333333333334,True,0.0,0,观测起点
A6,2024-04-22,24,22,43.52855870005145,43.46863124681049,0.974618523683418,41.2004927960994,45.6345673884029,0.9166666666666666,True,0.0,0,观测起点
A6,2024-04-23,14,12,43.13836385467465,43.147579768825146,1.2359770672004342,41.0193620631423,45.1372686882951,0.5,True,0.0,0,观测起点
A6,2024-04-24,13,13,43.1668169056974,43.158468143058606,1.3295571786890676,41.1468925987631,45.3760589915187,0.5416666666666666,True,0.0,0,观测起点
A6,2024-04-25,15,15,43.0253845465339,42.894933101959005,1.1467867799387135,40.1159222577456,44.8668355042465,0.625,True,0.0,0,观测起点
A6,2024-04-26,24,24,42.7260881583924,42.725428522741005,0.9255489383449247,40.8452581403181,44.01745841007,1.0,True,0.0,0,观测起点
A6,2024-04-27,24,24,42.17117005935465,42.16377567631702,1.2031084758553616,39.7111592737203,44.8088775182726,1.0,True,0.0,0,观测起点
A6,2024-04-28,15,15,42.2012084840662,42.42984380666262,1.8853623990425594,40.6844476876029,48.6076080545033,0.625,True,0.0,0,观测起点
A6,2024-04-29,16,15,40.9415583896628,41.19546249870434,1.0617178946801953,39.3708431149846,42.9615544213616,0.625,True,0.0,0,观测起点
A6,2024-05-14,3,3,41.8727478566006,41.639427134338696,0.6464997355429775,40.9086552292033,42.1368783172122,0.125,True,0.0,0,观测起点
A6,2024-05-15,19,19,41.1094378341609,41.3054491699012,1.06385934274987,39.7687069432953,43.5537079069188,0.7916666666666666,True,0.0,0,观测起点
A6,2024-05-16,23,23,40.6842730167667,40.316911139928195,1.2484940164645342,37.8235603085694,42.6722564224513,0.9583333333333334,True,0.0,0,观测起点
A6,2024-05-17,11,11,40.9203884413639,40.56791057010273,0.9020402624300312,38.8638439738489,41.7026350202002,0.4583333333333333,True,0.0,0,观测起点
A6,2024-05-18,24,24,40.568985396583,40.354286354090206,1.0824487094862152,38.3207209020014,42.2067997552894,1.0,True,0.0,0,观测起点
A6,2024-05-19,24,24,40.28853950256345,40.32007265029517,0.993792513014961,38.6548951487063,42.2304119932756,1.0,True,0.0,0,观测起点
A6,2024-05-20,24,24,39.45186434956585,39.58641992963348,0.686914495868285,38.2091919732679,41.0514800469513,1.0,True,0.0,0,观测起点
A6,2024-05-21,13,13,39.3169605257735,39.427590834533056,0.6078170461707131,38.4264002607269,40.7177334278637,0.5416666666666666,True,0.0,0,观测起点
A6,2024-05-22,21,19,38.8291998388081,38.42282939950443,1.237262907324033,35.9408231567335,39.9997140035731,0.7916666666666666,True,0.0,0,观测起点
A6,2024-05-23,23,22,38.5894821707545,38.389580368068785,1.1594066141824833,34.4378223509631,39.8569449452356,0.9166666666666666,True,0.0,0,观测起点
A6,2024-05-24,24,24,38.307092414038394,38.13819984137411,1.2238361913515934,35.9886330808275,40.2385360019581,1.0,True,0.0,0,观测起点
A6,2024-05-25,19,19,38.2283567639736,38.00507209248466,1.3214952516019107,35.3046758464169,40.0669330227195,0.7916666666666666,True,0.0,0,观测起点
A6,2024-05-26,14,14,37.3977376476803,37.61007617215195,1.0706064354014928,35.9640742151439,39.7540655161273,0.5833333333333334,True,0.0,0,观测起点
A6,2024-05-27,24,24,37.246685898770295,37.480796701254846,1.327959881432146,34.548962723599,40.1621621416194,1.0,True,0.0,0,观测起点
A6,2024-05-28,24,22,37.5603513422659,37.62453587480201,1.3294609098271606,35.4467690491153,40.3584310651988,0.9166666666666666,True,0.0,0,观测起点
A6,2024-05-29,20,20,37.053139857976845,37.120664045655445,1.1001181126747934,35.559958964673,39.2793373277297,0.8333333333333334,True,0.0,0,观测起点
A6,2024-05-30,16,16,37.13264659039625,37.225621968344726,1.0745853702234076,35.3670349215796,39.4801142520073,0.6666666666666666,True,0.0,0,观测起点
A6,2024-05-31,22,17,36.5801069713985,36.73158995275142,1.1182773184495276,35.4307037476305,39.1777261322663,0.7083333333333334,True,0.0,0,观测起点
A6,2024-06-01,10,10,36.35573971239885,35.857194035584925,2.106400573776837,33.2957139498631,39.1224337343338,0.4166666666666667,True,0.0,0,观测起点
A6,2024-06-03,13,13,35.6924136995742,35.86166958143319,1.6014679544194461,33.3482194715447,38.9434250781986,0.5416666666666666,True,0.0,0,观测起点
A6,2024-06-04,24,24,36.6296357375506,36.92361944469072,2.378458456810135,32.4358817840037,43.481325692919,1.0,True,0.0,0,观测起点
A6,2024-06-05,23,23,36.0946910836603,36.07991239226667,2.122610510698328,30.490209042044,40.9737062961275,0.9583333333333334,True,0.0,0,观测起点
A6,2024-06-06,24,0,,,,,,0.0,False,0.0,1,中维护
A6,2024-06-07,15,12,61.5475824324558,61.55216421151039,1.0541098107139621,60.412074476339,63.7587349542109,0.5,True,1.0,1,中维护
A6,2024-06-08,24,24,61.4368349814802,61.471776446861675,1.1772781027146355,58.7441506415893,63.8249665851904,1.0,True,2.0,1,中维护
A6,2024-06-09,24,24,61.52568294333765,61.53509659257532,1.3088039413112196,57.7588526065754,63.7375516476655,1.0,True,3.0,1,中维护
A6,2024-06-10,23,23,61.5337651939474,61.738830937394745,2.600935560365061,56.8128941451267,66.0897016523595,0.9583333333333334,True,4.0,1,中维护
A6,2024-06-11,12,12,62.60377480910205,61.92664427384978,2.5080537546513364,57.2003412337217,65.8936183965307,0.5,True,5.0,1,中维护
A6,2024-06-12,23,23,61.5199275480376,61.45053041162383,1.9253460446116857,57.1549501394632,64.4607573051938,0.9583333333333334,True,6.0,1,中维护
A6,2024-06-13,23,23,61.110909787856,61.366194400236694,1.885329691130259,57.2942973930366,65.7229865779808,0.9583333333333334,True,7.0,1,中维护
A6,2024-06-14,24,24,61.00115471951865,61.263529090732725,2.536433348095849,56.8862758373034,66.2410699406843,1.0,True,8.0,1,中维护
A6,2024-06-15,12,7,61.0712018685511,61.30587137172483,1.8924018795588673,58.1784797531728,64.0036831451595,0.2916666666666667,True,9.0,1,中维护
A6,2024-06-16,24,23,61.132912654634,61.32361946638286,2.0496115332765297,57.715601159429,67.0011027117879,0.9583333333333334,True,10.0,1,中维护
A6,2024-06-17,23,20,61.311837019229145,61.06696205726031,2.341543665430136,56.8488781503314,65.0987402057095,0.8333333333333334,True,11.0,1,中维护
A6,2024-06-18,13,11,59.463483212928,59.954255497814444,1.8520501563041798,57.2966526102157,63.727456793164,0.4583333333333333,True,12.0,1,中维护
A6,2024-06-19,6,6,60.448370106580654,60.10102232845282,3.4700054337471573,55.9524504701127,65.0312463245807,0.25,True,13.0,1,中维护
A6,2024-06-20,19,19,60.9865551057225,60.85942587523837,2.454906811365346,55.6556045677773,64.8912785582497,0.7916666666666666,True,14.0,1,中维护
A6,2024-06-21,24,24,61.2011712942147,61.05451790979973,2.0965858050533854,54.9547359615279,64.0759910695413,1.0,True,15.0,1,中维护
A6,2024-06-22,23,23,60.9748477619784,60.94324721632993,2.592031923506227,55.9200549685073,65.6105738551993,0.9583333333333334,True,16.0,1,中维护
A6,2024-06-23,19,15,60.4965085886693,60.68868141440698,2.6671185123335466,54.7806329943205,65.0056584466427,0.625,True,17.0,1,中维护
A6,2024-06-24,5,5,61.1607530105892,59.83162938647424,2.489410689511159,55.9319698169113,61.8029553934936,0.20833333333333334,True,18.0,1,中维护
A6,2024-06-25,15,15,60.1952775250045,60.32549544053825,1.9793284390661379,55.9438409377835,64.3564607029376,0.625,True,19.0,1,中维护
A6,2024-06-26,24,24,60.93361684658015,60.41813873547685,3.1517323077344885,50.4994797914465,65.9825843425227,1.0,True,20.0,1,中维护
A6,2024-06-27,23,23,61.1043411334249,60.72724151257196,1.9132497738951044,57.365974211549,63.9282729391322,0.9583333333333334,True,21.0,1,中维护
A6,2024-06-28,14,14,61.4634568805903,61.9864910402389,3.2434248868448066,57.0448122771374,69.3943136492459,0.5833333333333334,True,22.0,1,中维护
A6,2024-06-29,24,24,60.47962415852665,60.21088517028611,2.5673107548508702,54.5019010564735,65.7398271239764,1.0,True,23.0,1,中维护
A6,2024-06-30,23,23,60.413255318827,60.75552246759445,1.774867868301737,57.7169094935011,64.7461755635778,0.9583333333333334,True,24.0,1,中维护
A6,2024-07-01,23,23,61.0572094322003,61.14500625876533,2.4871238457313543,55.8742655777322,66.1314676191767,0.9583333333333334,True,25.0,1,中维护
A6,2024-07-02,13,13,58.7197669835913,58.74719038325002,2.9132075583538413,53.3456562089815,64.1508654156661,0.5416666666666666,True,26.0,1,中维护
A6,2024-07-03,24,23,60.1093832114271,60.288387826878626,2.7087241519388883,55.2563143054884,65.5193014146237,0.9583333333333334,True,27.0,1,中维护
A6,2024-07-04,18,18,59.422638677478005,59.47575952913472,2.1221697754738043,54.7999796215276,63.146473795866,0.75,True,28.0,1,中维护
A6,2024-07-05,4,4,62.02178732215255,61.625167533923175,1.6804407793276097,59.2484475656106,63.208647925777,0.16666666666666666,True,29.0,1,中维护
A6,2024-07-06,4,4,60.4319610906292,60.942979698133556,2.4710954070634834,58.712920580383,64.1950760308928,0.16666666666666666,True,30.0,1,中维护
A6,2024-07-07,4,4,58.818260008821696,58.101664822629424,2.580675951267733,54.4076482586675,60.3624910142068,0.16666666666666666,True,31.0,1,中维护
A6,2024-07-08,4,4,59.1996217344869,59.5970721707208,2.253198272695345,57.2927930414971,62.6962521724123,0.16666666666666666,True,32.0,1,中维护
A6,2024-07-09,4,4,58.299681360165806,58.34885513574598,1.159074101270524,57.2713751996198,59.5246826230325,0.16666666666666666,True,33.0,1,中维护
A6,2024-07-10,4,4,60.2588870632132,60.62157171028055,2.662859502615758,57.9521287332479,64.0163839814479,0.16666666666666666,True,34.0,1,中维护
A6,2024-07-11,4,4,59.0955469646817,60.086912546457825,2.296296307881455,58.6472857296001,63.5092705268678,0.16666666666666666,True,35.0,1,中维护
A6,2024-07-12,4,4,57.8549730498344,57.71498416870005,2.0130353811117927,55.2393258265719,59.9106647485595,0.16666666666666666,True,36.0,1,中维护
A6,2024-07-13,4,4,62.114403844753554,61.32016413673097,2.669938683128847,57.5389324493343,63.5129164080825,0.16666666666666666,True,37.0,1,中维护
A6,2024-07-14,4,4,61.10993356058995,61.1600224836217,1.4473476250510193,59.4494459662933,62.9707768470136,0.16666666666666666,True,38.0,1,中维护
A6,2024-07-15,4,4,57.30472316572245,56.7427389223748,5.2673085481523305,49.9574461295746,62.4040632284797,0.16666666666666666,True,39.0,1,中维护
A6,2024-07-16,4,1,,,,,,0.041666666666666664,False,40.0,1,中维护
A6,2024-07-17,4,4,60.410548482658655,60.2286579290608,2.0764453243154697,57.9633193398711,62.1302154110548,0.16666666666666666,True,41.0,1,中维护
A6,2024-07-18,4,4,61.07043087622435,59.90910625893857,2.496925187778743,56.1765059540589,61.3190573292467,0.16666666666666666,True,42.0,1,中维护
A6,2024-07-19,4,4,60.6528486466421,60.0985834883601,1.2208780439480618,58.270992247143,60.8176444130132,0.16666666666666666,True,43.0,1,中维护
A6,2024-07-20,4,4,60.5368168308038,60.814944007711674,1.0876188437856569,59.9326538827456,62.2534884864935,0.16666666666666666,True,44.0,1,中维护
A6,2024-07-21,4,4,59.54080537854215,58.619809948546624,4.010420423013836,53.0233174184394,62.3743116186628,0.16666666666666666,True,45.0,1,中维护
A6,2024-07-22,4,4,60.7153364077112,60.06650479579878,1.7847463233168237,57.4537032775451,61.3816430902276,0.16666666666666666,True,46.0,1,中维护
A6,2024-07-23,4,4,59.06825075761135,57.7033955697384,3.7414691152591075,52.2577914487079,60.419289315023,0.16666666666666666,True,47.0,1,中维护
A6,2024-07-24,4,4,59.6456358032853,59.9504069388735,2.5015038474567746,57.431640941763,63.0787152071604,0.16666666666666666,True,48.0,1,中维护
A6,2024-07-25,4,4,58.050569071821855,58.39938834067708,1.8312204231121043,56.6997202094323,60.7966950096323,0.16666666666666666,True,49.0,1,中维护
A6,2024-07-26,4,4,57.8636360414555,57.79018082905815,2.24211151042802,55.1025141867834,60.3309370465382,0.16666666666666666,True,50.0,1,中维护
A6,2024-07-27,4,4,56.4257307796306,57.1042652593784,2.5619685839128135,54.8691065279471,60.6964929503053,0.16666666666666666,True,51.0,1,中维护
A6,2024-07-28,4,4,59.0046484549475,59.01300305429885,3.3770041238367225,55.5268086073652,62.5159066999352,0.16666666666666666,True,52.0,1,中维护
A6,2024-07-29,4,4,58.3117431698572,57.506658530284476,4.49692326577662,51.7584488024985,61.644698978925,0.16666666666666666,True,53.0,1,中维护
A6,2024-07-30,4,4,58.08970378432885,58.014107605285375,0.7384170911550926,57.1191221632028,58.757900689281,0.16666666666666666,True,54.0,1,中维护
A6,2024-07-31,4,4,56.76450133185815,56.63010655226175,2.367178780210373,54.121450655983,58.8699728893477,0.16666666666666666,True,55.0,1,中维护
A6,2024-08-01,4,4,57.19746713853165,57.210433987840105,0.953057692955948,56.3112663174946,58.1355353568025,0.16666666666666666,True,56.0,1,中维护
A6,2024-08-02,4,4,56.892227736424246,56.471567247591096,1.6299786202121085,54.281836805484,57.8199767120319,0.16666666666666666,True,57.0,1,中维护
A6,2024-08-03,4,4,58.756576329375406,58.7293198438996,1.3554921951126577,57.1492752788736,60.254851437974,0.16666666666666666,True,58.0,1,中维护
A6,2024-08-04,4,4,59.19917627084675,59.26860789997983,1.3307159375748192,57.7608990298106,60.9151800284152,0.16666666666666666,True,59.0,1,中维护
A6,2024-08-05,4,4,56.8970177631566,57.64129653756825,2.424484005712172,55.8142978430837,60.9568527808761,0.16666666666666666,True,60.0,1,中维护
A6,2024-08-06,4,4,57.026856391003804,56.427546691135525,1.441777363772816,54.2923960279206,57.3640779546139,0.16666666666666666,True,61.0,1,中维护
A6,2024-08-07,4,4,59.3043397168806,59.127097008681474,1.1108755341880177,57.7331178859661,60.1665907149986,0.16666666666666666,True,62.0,1,中维护
A6,2024-08-08,4,4,56.394187787075154,56.09271951202895,3.2549731768469092,51.8807399152578,59.7017625587077,0.16666666666666666,True,63.0,1,中维护
A6,2024-08-09,4,4,56.39171855064505,56.0393831044351,2.537519996816741,52.6574341566444,58.7166611598059,0.16666666666666666,True,64.0,1,中维护
A6,2024-08-10,4,4,57.4281335679591,57.19048225176843,0.5989910582548154,56.3076995483666,57.5979623227889,0.16666666666666666,True,65.0,1,中维护
A6,2024-08-11,4,4,60.1449115790214,59.93049696685135,1.7942050048200686,57.7644793436385,61.6676853657241,0.16666666666666666,True,66.0,1,中维护
A6,2024-08-12,4,4,57.3274296854992,57.5179449792537,1.0801569581128279,56.4187109968793,58.9982095491371,0.16666666666666666,True,67.0,1,中维护
A6,2024-08-13,4,4,55.393300672136704,56.19146367539915,2.7911103578302274,53.8798550664905,60.0993982908327,0.16666666666666666,True,68.0,1,中维护
A6,2024-08-14,4,4,55.549532517705245,55.438136512654275,2.6815684513967413,52.0472344572607,58.6062465579459,0.16666666666666666,True,69.0,1,中维护
A6,2024-08-15,4,4,55.107904206521,55.23566214333735,0.9831620849029794,54.290901640175,56.4359385201324,0.16666666666666666,True,70.0,1,中维护
A6,2024-08-16,4,4,56.7037347679434,57.27225163690743,2.2206973453009518,55.2636655765996,60.4178714351433,0.16666666666666666,True,71.0,1,中维护
A6,2024-08-17,4,3,52.5568402761945,53.83502631730613,2.354154427740161,52.3964467450603,56.5517919306636,0.125,True,72.0,1,中维护
A6,2024-08-18,4,4,53.848306334231395,54.757078501782146,2.966285249230846,52.3204254024293,59.0112759362365,0.16666666666666666,True,73.0,1,中维护
A6,2024-08-19,4,4,56.66026870082895,56.39524203637962,0.9327699422370241,55.0571994914138,57.2032312524468,0.16666666666666666,True,74.0,1,中维护
A6,2024-08-20,4,4,55.04700443395225,55.03535029693948,0.325789817457845,54.6739483024785,55.3734440173749,0.16666666666666666,True,75.0,1,中维护
A6,2024-08-21,4,4,53.67640774354315,54.5098789872921,3.208573762046566,51.7114387944625,58.9752616676196,0.16666666666666666,True,76.0,1,中维护
A6,2024-08-22,4,4,55.19489736883975,55.6396654305115,1.4362886435520388,54.4887002181113,57.6801667662552,0.16666666666666666,True,77.0,1,中维护
A6,2024-08-23,4,4,55.27558016805405,55.193643582982226,1.7463729102557108,53.356497735338,56.8669162604828,0.16666666666666666,True,78.0,1,中维护
A6,2024-08-24,4,4,55.722507129265296,56.889876846193076,4.67985549443124,52.6364835196293,63.4780096066124,0.16666666666666666,True,79.0,1,中维护
A6,2024-08-25,4,4,53.38396438268215,53.147871609950954,1.0487633490162191,51.799474055566,54.0240836188735,0.16666666666666666,True,80.0,1,中维护
A6,2024-08-26,8,8,54.30497944945035,54.92138711853227,2.283598390672125,51.9346543352271,58.1736298416907,0.3333333333333333,True,81.0,1,中维护
A6,2024-08-27,24,0,,,,,,0.0,False,0.0,2,中维护
A6,2024-08-28,24,24,82.71064493044405,82.65356906464869,1.1179731822552028,80.7589199877523,84.8790544041031,1.0,True,1.0,2,中维护
A6,2024-08-29,18,18,82.50882038774904,82.56842350601842,1.0003734163010023,80.1517698781293,84.0673263361632,0.75,True,2.0,2,中维护
A6,2024-08-30,14,12,82.4163959518791,82.14857289254174,0.8818007569061032,80.2047076877947,83.4278327411833,0.5,True,3.0,2,中维护
A6,2024-08-31,23,22,81.9922700821043,82.281394962243,2.1833795269025753,78.6521229169716,87.6930338969939,0.9166666666666666,True,4.0,2,中维护
A6,2024-09-01,17,17,82.0960311279774,81.93492893818355,0.9148498006090299,79.7525119285524,83.4183998257735,0.7083333333333334,True,5.0,2,中维护
A6,2024-09-02,11,11,80.6923860845423,80.69743447507601,0.8247841829365481,79.4483361021328,82.042878836298,0.4583333333333333,True,6.0,2,中维护
A6,2024-09-03,15,14,79.8425292776401,79.89784254743816,0.8192907760165649,78.2824600159237,81.0570377698922,0.5833333333333334,True,7.0,2,中维护
A6,2024-09-04,24,24,79.16819465602859,79.21954072353412,0.9574063742712386,77.6171416455289,81.3333723640874,1.0,True,8.0,2,中维护
A6,2024-09-05,23,23,78.9354155575128,78.94726262701357,0.7964728541654403,77.7560813834758,80.4632356798982,0.9583333333333334,True,9.0,2,中维护
A6,2024-09-06,15,15,77.7029707728907,77.73502944355391,1.1856735885133225,75.6005558312636,80.106676223073,0.625,True,10.0,2,中维护
A6,2024-09-09,17,17,77.4695766583389,77.35747162382901,0.648707138955917,75.9194940790546,78.4280316120583,0.7083333333333334,True,13.0,2,中维护
A6,2024-09-10,22,22,76.5131074740813,76.62142389906202,1.01356918040731,74.8231840838702,78.9717432126071,0.9166666666666666,True,14.0,2,中维护
A6,2024-09-11,18,18,75.84667143139235,75.6912492596867,0.9065390662561599,73.5187901927105,76.6902507391389,0.75,True,15.0,2,中维护
A6,2024-09-12,24,24,74.46424610987066,74.53514178751624,0.9009834693348077,72.8544024168038,76.1886268828531,1.0,True,16.0,2,中维护
A6,2024-09-13,23,23,73.9664071081513,74.0167056824662,0.7636303203486762,72.9113361441631,75.5083041929352,0.9583333333333334,True,17.0,2,中维护
A6,2024-09-14,24,24,72.85960460288081,73.01217037543707,0.8975592602122118,71.1736171652545,74.8848427707301,1.0,True,18.0,2,中维护
A6,2024-09-15,13,13,72.7601518326618,72.56471574171525,0.8398747458573245,70.7338669254629,73.8718672323773,0.5416666666666666,True,19.0,2,中维护
A6,2024-09-16,23,22,72.5388368681526,72.49011126829365,0.9411900249446153,70.4297002391371,74.0444210802698,0.9166666666666666,True,20.0,2,中维护
A6,2024-09-17,24,24,71.51872861160115,71.44506610990052,1.0669216492248883,68.7115766703116,73.0782277566592,1.0,True,21.0,2,中维护
A6,2024-09-18,24,21,70.8647332154241,70.89737854012425,0.8771755202632237,68.5776423933984,72.2609280865551,0.875,True,22.0,2,中维护
A6,2024-09-19,11,11,70.9565901038456,70.56350062759935,1.2540580350806843,68.9116188802562,72.595905490831,0.4583333333333333,True,23.0,2,中维护
A6,2024-09-20,24,20,69.66119835993746,69.62238425356234,1.1801954954883824,67.791013610719,72.9826976092277,0.8333333333333334,True,24.0,2,中维护
A6,2024-09-21,23,23,68.8380479823889,68.96601134247508,0.9706188944685337,67.5369142983552,71.0882577103968,0.9583333333333334,True,25.0,2,中维护
A6,2024-09-22,24,24,68.29684072978495,68.18389862454688,0.7947900920773725,65.888541111899,69.4417372651947,1.0,True,26.0,2,中维护
A6,2024-09-23,16,16,67.4587918355398,67.45088568555558,0.8916648904138594,65.7774055313293,68.8883368036915,0.6666666666666666,True,27.0,2,中维护
A6,2024-09-24,21,21,66.8640006034712,66.83789011409047,1.0000779677181042,65.3783168938349,68.4884572189738,0.875,True,28.0,2,中维护
A6,2024-09-25,23,22,66.62149824457865,66.731172637597,1.5897350508568784,64.4408466312651,72.0902008181604,0.9166666666666666,True,29.0,2,中维护
A6,2024-09-26,24,24,65.5612334926263,65.68678479483728,1.0285784069942214,63.7333747489629,67.1355065111247,1.0,True,30.0,2,中维护
A6,2024-09-27,19,19,64.7047878070958,64.75479088296522,0.8138176081885702,62.6306248878233,66.0084911709506,0.7916666666666666,True,31.0,2,中维护
A6,2024-09-28,16,16,64.5703808748124,64.5926393252037,1.192693389467347,62.8997792525044,66.8962647667202,0.6666666666666666,True,32.0,2,中维护
A6,2024-09-29,23,23,64.0422130093998,64.01474064651005,1.1678856400972601,61.9421306993995,66.2007223945869,0.9583333333333334,True,33.0,2,中维护
A6,2024-09-30,24,24,63.863080744590604,63.89514541657323,0.8465442076114268,61.869760030477,65.4111942430697,1.0,True,34.0,2,中维护
A6,2024-10-01,23,23,63.2898956654611,63.27114251059048,0.6576899966382866,62.1380357144138,64.4852974356606,0.9583333333333334,True,35.0,2,中维护
A6,2024-10-02,13,13,63.0127850126577,63.0103799389358,0.4660099875410246,62.3355043512916,63.7494348311809,0.5416666666666666,True,36.0,2,中维护
A6,2024-10-03,23,21,63.0537180350444,63.01603829415377,0.8404793701172705,61.3918474360471,64.4912328879284,0.875,True,37.0,2,中维护
A6,2024-10-04,24,24,62.91573937060785,62.97259850170165,0.6715873273211062,61.8731049960972,64.0703409755203,1.0,True,38.0,2,中维护
A6,2024-10-05,23,23,62.531850416948,62.622446562004704,0.5832520217233698,61.3891257580319,63.9951531767521,0.9583333333333334,True,39.0,2,中维护
A6,2024-10-06,12,12,61.999156103690495,61.9876889862335,0.6425216711677524,61.0732908660169,63.0948028164997,0.5,True,40.0,2,中维护
A6,2024-10-07,3,3,61.1690616808137,61.11418907733664,0.5260486080103935,60.5628549935543,61.6106505576419,0.125,True,41.0,2,中维护
A6,2024-10-09,10,7,59.5111842036154,59.741302392879355,0.8275366749009878,58.7972643164226,61.3214922763452,0.2916666666666667,True,43.0,2,中维护
A6,2024-10-10,11,6,59.5209255766945,59.2539037170022,0.6784911247951229,57.9298004958973,59.76940663545,0.25,True,44.0,2,中维护
A6,2024-10-11,24,24,58.0677830638399,58.0297150818395,0.537339087053119,56.5660540336215,58.6995091018391,1.0,True,45.0,2,中维护
A6,2024-10-12,23,22,57.2025745774862,57.28103576336851,0.6271498771382694,56.3674038510985,58.712259323764,0.9166666666666666,True,46.0,2,中维护
A6,2024-10-13,24,24,56.779705717750204,56.66139978225299,0.7730652086014034,54.8923276341646,58.3924955238911,1.0,True,47.0,2,中维护
A6,2024-10-14,14,14,55.054995020670304,55.13446781789433,0.831474822588134,54.0711094077424,56.7700004429191,0.5833333333333334,True,48.0,2,中维护
A6,2024-10-15,24,24,54.8843979176456,54.94419302946505,0.5028571347619077,54.0747978313228,56.1140848764537,1.0,True,49.0,2,中维护
A6,2024-10-16,22,22,54.22974951749675,54.38934370653271,0.8282690007287469,52.8983986782391,56.4109105907994,0.9166666666666666,True,50.0,2,中维护
A6,2024-10-17,24,24,54.5781278943496,54.421974621510316,0.6396499950069208,53.1893015706503,55.4741574200755,1.0,True,51.0,2,中维护
A6,2024-10-18,15,15,53.8236864071889,53.62765916649081,0.8343199009700764,51.7724976487112,54.739342314428,0.625,True,52.0,2,中维护
A6,2024-10-19,20,20,52.891436830633154,52.88990258900215,0.5533405950798761,52.0533411543581,53.9956380914376,0.8333333333333334,True,53.0,2,中维护
A6,2024-10-20,23,23,52.1859211600693,51.925540213783755,1.0794996500677159,48.7078395512494,53.5512433811662,0.9583333333333334,True,54.0,2,中维护
A6,2024-10-21,24,24,51.495746853174055,51.61317156344786,0.6239083955923624,50.0703560188447,52.980998748516,1.0,True,55.0,2,中维护
A6,2024-10-22,19,19,50.2979449142103,50.41586125807135,0.6234364888196343,49.2649210970626,51.467664240049,0.7916666666666666,True,56.0,2,中维护
A6,2024-10-23,24,24,50.020179573526505,50.22621880362315,0.8294170961094288,48.850015486208,52.0538032422399,1.0,True,57.0,2,中维护
A6,2024-10-24,24,24,49.6541110384574,49.44577875618213,0.9758596108852073,46.314105796209,51.22263184664,1.0,True,58.0,2,中维护
A6,2024-10-25,23,23,48.4793474304511,48.41297747328563,0.6375443732292299,46.9547218865828,49.5313834748576,0.9583333333333334,True,59.0,2,中维护
A6,2024-10-26,16,16,47.884835050249805,48.08391631831593,0.6836156191298361,47.2400589835193,49.450671667541,0.6666666666666666,True,60.0,2,中维护
A6,2024-10-27,21,21,47.3597053240572,47.22559248292477,0.543470870888748,46.2538459878536,48.0897571762934,0.875,True,61.0,2,中维护
A6,2024-10-28,24,22,46.4392479966016,46.42995307154512,0.6108789711181325,45.460114963119,48.003233459507,0.9166666666666666,True,62.0,2,中维护
A6,2024-10-29,23,23,45.9618003337399,45.78372671237785,0.6034060579098395,44.439857746605,46.9255156493186,0.9583333333333334,True,63.0,2,中维护
A6,2024-10-30,19,17,45.2447796080891,45.23141132808197,0.7919941191313645,43.8970751533127,46.4569846246022,0.7083333333333334,True,64.0,2,中维护
A6,2024-10-31,19,19,44.6928056243981,44.76174502962693,0.8807631001222727,42.6923473630179,46.1482355177442,0.7916666666666666,True,65.0,2,中维护
A6,2024-11-01,23,22,43.863809373896345,43.84865353511975,0.7476118918921024,42.3086300048105,45.163662219572,0.9166666666666666,True,66.0,2,中维护
A6,2024-11-02,13,13,43.6054707712576,43.46627397347337,0.7954370290293805,42.2710472413044,44.6942439781571,0.5416666666666666,True,67.0,2,中维护
A6,2024-11-03,24,17,42.3601404347563,42.30360717927418,0.5592911077001458,41.4502532248025,43.225485861914,0.7083333333333334,True,68.0,2,中维护
A6,2024-11-04,17,17,40.9744863400603,41.24315523076035,1.4467581243054244,39.6128657993694,46.0646461602778,0.7083333333333334,True,69.0,2,中维护
A6,2024-11-07,17,0,,,,,,0.0,False,1.0,3,大维护
A6,2024-11-08,24,24,63.0316431404203,63.00303003738704,0.23619707073348847,62.4987851140185,63.4185164451068,1.0,True,2.0,3,大维护
A6,2024-11-09,24,24,62.65622024428645,62.55375567613924,0.4063362837056975,61.7088500170828,63.2435447377135,1.0,True,3.0,3,大维护
A6,2024-11-10,12,12,61.5837263373947,61.5638964007703,0.18651161408598424,61.284078378662,61.8958765270802,0.5,True,4.0,3,大维护
A6,2024-11-11,24,23,60.0044022881548,60.02810559212152,0.7749888137054699,58.666899263053,61.410352881894,0.9583333333333334,True,5.0,3,大维护
A6,2024-11-12,24,24,59.17975573248255,59.251843110976324,0.7440220767696717,57.7883495060404,60.6190978641517,1.0,True,6.0,3,大维护
A6,2024-11-13,23,23,58.277577736158,58.45155568203494,0.7409641325767613,56.891503133357,59.4833473315669,0.9583333333333334,True,7.0,3,大维护
A6,2024-11-14,14,14,57.9663331775002,57.96749943278623,0.679883866612123,56.6750425287055,59.293091280339,0.5833333333333334,True,8.0,3,大维护
A6,2024-11-15,21,21,57.5681844703687,57.38505291052123,0.8216402129012,56.0116330593474,58.9258362236276,0.875,True,9.0,3,大维护
A6,2024-11-16,24,24,56.0466258373932,56.14797015617257,0.6227904348763779,55.0574390302092,57.3595501016096,1.0,True,10.0,3,大维护
A6,2024-11-17,23,23,55.3407381752872,55.38981143967269,0.6685213854737633,54.3108702679094,56.7598817195833,0.9583333333333334,True,11.0,3,大维护
A6,2024-11-18,17,17,55.5529583287827,55.31246251963817,0.812658608756341,54.0460566166621,56.649760844039,0.7083333333333334,True,12.0,3,大维护
A6,2024-11-19,19,19,54.5981541383573,54.817985871055136,0.7950445648294145,53.2274292731819,56.1463419425301,0.7916666666666666,True,13.0,3,大维护
A6,2024-11-20,24,23,54.3390752564393,54.51743514541558,1.5575200206639077,53.0059616755043,60.5282391865573,0.9583333333333334,True,14.0,3,大维护
A6,2024-11-21,24,24,53.9925016520057,53.90507726628621,0.8095613397020963,51.9525677328322,55.8165617709887,1.0,True,15.0,3,大维护
A6,2024-11-22,20,20,52.9179659152814,53.10751159284429,0.740922070482252,51.7326412204133,54.3313857938827,0.8333333333333334,True,16.0,3,大维护
A6,2024-11-23,18,18,52.51433596945815,52.65205868759452,0.9374256481109751,51.2786369684526,54.7337147692331,0.75,True,17.0,3,大维护
A6,2024-11-24,23,23,52.0659326053878,52.05491612605738,0.6653416381899446,50.7476136153933,53.4873203768835,0.9583333333333334,True,18.0,3,大维护
A6,2024-11-25,23,23,50.9753885817411,51.00370523567941,0.5238067412147287,49.7454123776653,52.0375688836234,0.9583333333333334,True,19.0,3,大维护
A6,2024-11-26,24,24,49.9078610199031,49.92544219838148,0.6824406169581037,48.6465246483747,51.9497382922385,1.0,True,20.0,3,大维护
A6,2024-11-27,16,16,49.2588993887687,49.31909349474787,0.6773147678266015,48.240187725402,50.3036159903016,0.6666666666666666,True,21.0,3,大维护
A6,2024-11-28,9,9,48.3472779889696,48.123679916314146,0.821135884087134,47.0502327966736,49.0950982314697,0.375,True,22.0,3,大维护
A6,2024-11-30,17,17,48.0852112990213,47.98045985594996,0.6886840046870735,46.568209439315,49.0691638453518,0.7083333333333334,True,24.0,3,大维护
A6,2024-12-01,24,23,47.1474003886312,47.124778964543495,0.33200270468751136,46.2517552024829,47.6268648177432,0.9583333333333334,True,25.0,3,大维护
A6,2024-12-02,24,24,46.022549239715445,46.03471676855719,0.3586244779214289,45.3904054903375,46.562949428301,1.0,True,26.0,3,大维护
A6,2024-12-03,23,23,45.3862601381414,45.328482988136884,0.2789692235999271,44.7799465121726,45.791245515937,0.9583333333333334,True,27.0,3,大维护
A6,2024-12-04,15,11,44.7136411165597,44.79200031673391,0.2676837492676264,44.3923968950743,45.2442918819883,0.4583333333333333,True,28.0,3,大维护
A6,2024-12-05,23,23,43.8053866584706,43.83919791124847,0.33629654422737815,43.2340064296671,44.4002272438829,0.9583333333333334,True,29.0,3,大维护
A6,2024-12-06,24,24,43.3003720745001,43.323265898593796,0.2750583226268732,42.9227787862118,43.8074188208741,1.0,True,30.0,3,大维护
A6,2024-12-07,23,23,43.1564073724108,43.189397241582576,0.30912160445671794,42.5006094623141,43.5851114799364,0.9583333333333334,True,31.0,3,大维护
A6,2024-12-08,12,12,42.37712234428975,42.30751800268693,0.3578305922791602,41.5614810151357,42.7195657529293,0.5,True,32.0,3,大维护
A6,2024-12-13,18,18,41.609201956722,41.627575052103275,0.38287176593238326,41.0486108533868,42.2882534483676,0.75,True,37.0,3,大维护
A6,2024-12-14,24,24,40.23991208411885,40.25521825729353,0.29045616935203283,39.7453389208471,40.8973394398662,1.0,True,38.0,3,大维护
A6,2024-12-15,13,11,39.5549799895869,39.49170879863534,0.5351992920708614,38.7065311052729,40.3106402356127,0.4583333333333333,True,39.0,3,大维护
A6,2024-12-16,24,24,38.3839661674646,38.31439070959325,0.37543978081271123,37.4911933613019,39.0768475471982,1.0,True,40.0,3,大维护
A6,2024-12-17,24,21,38.0588053472333,38.035601653006815,0.39149104256066447,37.2020627494908,39.008752544588,0.875,True,41.0,3,大维护
A6,2024-12-18,24,22,37.286694172454844,37.30456397896083,0.29449154442623,36.6824922686922,37.8244415381493,0.9166666666666666,True,42.0,3,大维护
A6,2024-12-19,14,14,36.56817420265125,36.552410212629205,0.39378333328255943,35.8548079262956,37.2015970071129,0.5833333333333334,True,43.0,3,大维护
A6,2024-12-20,23,22,36.13093992236655,36.10855685033738,0.2996875084060761,35.5687217712519,36.909498517943,0.9166666666666666,True,44.0,3,大维护
A6,2024-12-21,23,23,35.2550293185507,35.26279260082912,0.39256577958954275,34.5585832236543,36.044398498291,0.9583333333333334,True,45.0,3,大维护
A6,2024-12-22,24,24,34.54169111183215,34.524957716711775,0.38909292714066956,33.6388712925318,35.1055569442787,1.0,True,46.0,3,大维护
A6,2024-12-23,23,23,33.7686581759751,33.603459754654075,0.4246147925068041,32.1771210697941,33.9909094912754,0.9583333333333334,True,47.0,3,大维护
A6,2024-12-24,16,15,33.0839005009784,33.082401003162445,0.22398811584970502,32.7664186578739,33.5413435411046,0.625,True,48.0,3,大维护
A6,2024-12-25,23,23,32.1745674681,32.17371858055299,0.31736704185913645,31.5150068862904,32.7133170213344,0.9583333333333334,True,49.0,3,大维护
A6,2024-12-26,24,22,31.87702885538115,31.968914774031983,0.4146584535542746,31.2166439779175,32.6906891830822,0.9166666666666666,True,50.0,3,大维护
A6,2024-12-27,24,24,31.604662877595153,31.58915019537101,0.2974641169378759,31.1313101005029,32.301253704596,1.0,True,51.0,3,大维护
A6,2024-12-28,12,12,31.17710363400715,31.088020094873475,0.41139559952455257,30.2986640685107,31.6664388382964,0.5,True,52.0,3,大维护
A6,2024-12-29,24,21,30.0594132588173,30.063516149211242,0.2926449402327219,29.5481089482332,30.5899287173795,0.875,True,53.0,3,大维护
A6,2024-12-30,22,22,29.14754732924645,29.175136595299406,0.31654059081060654,28.6923147417715,29.7140989566825,0.9166666666666666,True,54.0,3,大维护
A6,2024-12-31,24,0,,,,,,0.0,False,0.0,4,中维护
A6,2025-01-01,24,24,71.09103459294684,71.15987394507111,0.28239929192928387,70.5789646401385,71.7371412907982,1.0,True,1.0,4,中维护
A6,2025-01-02,24,20,71.02630650212996,71.0152298430512,0.23836101611531185,70.4720767576429,71.6199618079708,0.8333333333333334,True,2.0,4,中维护
A6,2025-01-03,16,12,70.9058916119229,70.80674955522561,0.21667094998288935,70.4411755823626,71.0229430776282,0.5,True,3.0,4,中维护
A6,2025-01-04,6,6,69.827178297427,69.87819088550137,0.3289024974747267,69.4625140085097,70.4533794736877,0.25,True,4.0,4,中维护
A6,2025-01-05,12,12,69.1992750205724,69.24418818444833,0.23930540152576937,68.9659554720081,69.616236888724,0.5,True,5.0,4,中维护
A6,2025-01-06,24,23,68.5789468346943,68.67547236247535,0.3878508565658499,68.046984945481,69.392482561763,0.9583333333333334,True,6.0,4,中维护
A6,2025-01-07,24,23,68.5992154967095,68.77805687938584,0.4818603811374657,67.9866570540064,70.000504018165,0.9583333333333334,True,7.0,4,中维护
A6,2025-01-08,24,24,68.14661530486725,68.10592645490104,0.471520627840491,67.1319903602587,69.129468610005,1.0,True,8.0,4,中维护
A6,2025-01-09,13,10,67.28523308611526,67.25927848341134,0.3486704306463367,66.7185816981199,67.8067423569858,0.4166666666666667,True,9.0,4,中维护
A6,2025-01-10,23,21,66.931435527896,66.98852158495725,0.47419275754752943,66.2560143802022,67.7829073059487,0.875,True,10.0,4,中维护
A6,2025-01-11,22,21,66.4901839931077,66.44352668758368,0.38695909566253306,65.5553657370726,67.0137274814137,0.875,True,11.0,4,中维护
A6,2025-01-12,24,24,65.83755569342006,65.86645838573051,0.3824817814561135,65.1612012518876,66.7763192878789,1.0,True,12.0,4,中维护
A6,2025-01-13,17,17,65.5300819435876,65.47571204207914,0.4003454120108574,64.8752823153979,66.37657711057,0.7083333333333334,True,13.0,4,中维护
A6,2025-01-14,21,21,65.9026489295146,65.78827269526298,0.44472766746338355,64.5775036242621,66.3959630798527,0.875,True,14.0,4,中维护
A6,2025-01-15,24,24,64.80374440394745,64.84939796154147,0.4578357374486841,63.7874257270182,65.6621206778258,1.0,True,15.0,4,中维护
A6,2025-01-16,21,21,64.1260859997126,64.1431591580059,0.47252528625813145,63.1317594370261,65.1155242650626,0.875,True,16.0,4,中维护
A6,2025-01-17,15,15,63.9115811442141,63.92546945962729,0.4233912566473681,63.1573223000217,64.8714127930871,0.625,True,17.0,4,中维护
A6,2025-01-18,17,17,63.3592378945768,63.41819409349813,0.469545397023108,62.479100726653,64.3109125344303,0.7083333333333334,True,18.0,4,中维护
A6,2025-01-19,23,23,62.9594685713353,62.88452198229002,0.5011549646979314,62.0188232619471,63.7213707496124,0.9583333333333334,True,19.0,4,中维护
A6,2025-01-20,14,14,61.85982692304955,61.86126285102953,0.4542847800801969,60.9041388670322,62.4792620758497,0.5833333333333334,True,20.0,4,中维护
A6,2025-01-21,10,10,61.438766162635346,61.26290986834763,0.5962397025258804,60.2066924342097,61.9409362294245,0.4166666666666667,True,21.0,4,中维护
A6,2025-01-22,24,23,61.2466159088847,61.10894479179554,0.480402603371866,60.1088539577204,61.881638072398,0.9583333333333334,True,22.0,4,中维护
A6,2025-01-23,24,24,60.46763415347705,60.446297310170856,0.4906159391731872,59.5206516453374,61.2610996248305,1.0,True,23.0,4,中维护
A6,2025-01-24,24,23,59.8992135946052,59.86474715810573,0.5004479481733467,59.0178129199236,60.7121510897594,0.9583333333333334,True,24.0,4,中维护
A6,2025-01-25,22,21,59.6866914644266,59.631717338288105,0.5016991316029866,58.4480717328683,60.3633998241023,0.875,True,25.0,4,中维护
A6,2025-01-26,24,23,58.9286620218049,58.94883113999378,0.3867064767704399,57.9460792731419,59.519704977123,0.9583333333333334,True,26.0,4,中维护
A6,2025-01-27,22,19,58.5234967885906,58.463270816645945,0.3748870998963293,57.8910521777551,59.1193091847069,0.7916666666666666,True,27.0,4,中维护
A6,2025-01-28,24,24,57.888128569547945,57.78979130066549,0.46145637578550636,57.0829344950831,58.8022906335131,1.0,True,28.0,4,中维护
A6,2025-01-29,14,13,57.120470979023,56.97533283783503,0.41528743714138205,56.0331850003346,57.4195847348141,0.5416666666666666,True,29.0,4,中维护
A6,2025-01-30,17,17,56.4711563580339,56.50410835710542,0.5429670037975719,55.6945445789713,57.3689803478109,0.7083333333333334,True,30.0,4,中维护
A6,2025-02-03,14,14,55.86436227588235,55.86728907751001,0.4494732991700204,55.1240508384874,56.5626124742897,0.5833333333333334,True,34.0,4,中维护
A6,2025-02-04,14,14,55.54870369868035,55.643777888812465,0.3824408145956323,55.0072516224257,56.5610020424109,0.5833333333333334,True,35.0,4,中维护
A6,2025-02-05,9,9,55.2586150726835,55.273676402907505,0.6071182084351844,54.4674662722319,56.1579990780992,0.375,True,36.0,4,中维护
A6,2025-02-06,15,15,54.8677759111276,54.86040989368176,0.48034963712018325,54.1099400004629,55.674512804918,0.625,True,37.0,4,中维护
A6,2025-02-07,23,22,54.38290955604095,54.400996387263675,0.39750662759250677,53.6502345837859,55.5788955732956,0.9166666666666666,True,38.0,4,中维护
A6,2025-02-08,22,22,53.693383525192246,53.64900488627711,0.39299208775461986,52.9480115216196,54.2906132072652,0.9166666666666666,True,39.0,4,中维护
A6,2025-02-09,15,15,53.3707410461546,53.2472253257976,0.4408578168010439,52.5347129391214,53.7756737637662,0.625,True,40.0,4,中维护
A6,2025-02-10,18,18,52.56288204558515,52.530427226931785,0.5507352543914315,51.3331844555283,53.2982416725355,0.75,True,41.0,4,中维护
A6,2025-02-11,24,24,52.007000120870956,52.05554397919169,0.41680116526062194,51.2748795718996,52.7964379319935,1.0,True,42.0,4,中维护
A6,2025-02-12,23,23,51.2603604494698,51.31398310400124,0.5548413950094104,49.8585601934159,52.2995621785689,0.9583333333333334,True,43.0,4,中维护
A6,2025-02-13,20,16,50.90245966299865,50.931124911762474,0.4881919969832246,49.8637602180727,51.52593271431,0.6666666666666666,True,44.0,4,中维护
A6,2025-02-14,13,12,50.1612920153832,50.27006422033772,0.4118096412367384,49.5530341035945,51.0342452897037,0.5,True,45.0,4,中维护
A6,2025-02-15,6,6,49.3180322222493,49.30445010019989,0.4287452920664959,48.6996177741806,49.9536876984936,0.25,True,46.0,4,中维护
A6,2025-02-16,19,19,48.4176740158213,48.35766327189925,0.4428259301656313,47.4508740899995,49.2804736074619,0.7916666666666666,True,47.0,4,中维护
A6,2025-02-17,24,24,48.10670300409615,48.0812245147863,0.4634771053333409,46.7214340784661,48.8152389544447,1.0,True,48.0,4,中维护
A6,2025-02-18,22,22,47.49465679312971,47.41770307530988,0.5903331905073855,46.2042657811886,48.8083253099044,0.9166666666666666,True,49.0,4,中维护
A6,2025-02-19,16,0,,,,,,0.0,False,0.0,5,大维护
A6,2025-02-20,23,23,72.8689277208669,72.89658233171883,0.2113678249759635,72.4403390787995,73.416794275005,0.9583333333333334,True,1.0,5,大维护
A6,2025-02-21,24,24,72.26328035460585,72.11390391040182,1.0864780829014875,67.1093571956842,72.8367875967332,1.0,True,2.0,5,大维护
A6,2025-02-22,21,21,71.9806148800608,72.0137458293326,0.20666658361715995,71.5262835821216,72.4180003057388,0.875,True,3.0,5,大维护
A6,2025-02-23,24,24,71.82518996390479,71.83596520197032,0.5808831469784994,70.3800881886785,73.2820619240274,1.0,True,4.0,5,大维护
A6,2025-02-24,22,15,71.3461904091001,71.28357392138291,0.4205533556470997,70.7221602288313,71.9827649290284,0.625,True,5.0,5,大维护
A6,2025-02-25,12,12,71.1821296486929,71.16593849282738,0.29532293035198093,70.4935371286503,71.6266434339803,0.5,True,6.0,5,大维护
A6,2025-02-26,22,22,70.30475995130149,70.25724827489938,0.43403869885386215,69.4559922383876,71.0967176042099,0.9166666666666666,True,7.0,5,大维护
A6,2025-02-27,24,24,69.7124627804466,69.70576319113431,0.5224912881420543,68.3059301431836,70.7141991877372,1.0,True,8.0,5,大维护
A6,2025-02-28,23,23,69.0953463989225,69.13643468308102,0.41729937361042646,68.4947088235541,69.959769133484,0.9583333333333334,True,9.0,5,大维护
A6,2025-03-01,18,18,68.4298065953366,68.31766832926183,0.8854141998964219,65.8952964526753,69.7462073312882,0.75,True,10.0,5,大维护
A6,2025-03-02,16,16,68.53861996291914,68.08097755780828,0.9203953940348855,66.0150921699231,69.3535814693161,0.6666666666666666,True,11.0,5,大维护
A6,2025-03-03,3,3,68.4963420206457,68.17697794947419,0.7260320721007943,67.3460079635627,68.6885838642142,0.125,True,12.0,5,大维护
A6,2025-03-04,17,17,67.8126452359375,67.98447902496395,0.6408057797381193,67.0023542444976,69.1884228990282,0.7083333333333334,True,13.0,5,大维护
A6,2025-03-05,24,23,67.2268673697866,67.31852868911247,1.0091743007837424,64.943631017645,68.8598949687776,0.9583333333333334,True,14.0,5,大维护
A6,2025-03-06,21,21,67.0283379320763,67.32363554193029,1.1378435644435616,65.5759609884343,70.2083061262588,0.875,True,15.0,5,大维护
A6,2025-03-07,24,19,67.7761336914193,67.83857920423098,1.1289688421898088,66.0194965845728,70.6273968296045,0.7916666666666666,True,16.0,5,大维护
A6,2025-03-08,9,8,67.23539645094286,67.16847600508848,1.0710317751372984,65.5143633124855,68.4614605617208,0.3333333333333333,True,17.0,5,大维护
A6,2025-03-09,13,12,67.2366736327144,66.94728672805142,1.2670993387762648,63.6185423456393,68.3073977590323,0.5,True,18.0,5,大维护
A6,2025-03-10,12,12,66.46638878792359,66.15119444119708,1.2643469427485992,63.399402563696,67.9008908421833,0.5,True,19.0,5,大维护
A6,2025-03-11,13,13,66.1056195920942,65.73203898693563,1.4547969969075283,62.8229858666174,67.6544156060811,0.5416666666666666,True,20.0,5,大维护
A6,2025-03-12,18,18,64.54290533161074,64.87065951989793,1.2158885824841565,63.1811972359278,66.9702253397265,0.75,True,21.0,5,大维护
A6,2025-03-13,24,24,64.98907156736979,64.99765379072356,1.165685423277608,62.2681848638931,67.2078014165923,1.0,True,22.0,5,大维护
A6,2025-03-14,18,18,63.64682332388255,63.86271647090395,1.0579376303323555,62.2045619410003,66.313965965006,0.75,True,23.0,5,大维护
A6,2025-03-15,17,17,64.6054765720605,64.27923286779398,1.2858015038099524,61.8200537385954,66.39619255872,0.7083333333333334,True,24.0,5,大维护
A6,2025-03-16,23,23,64.2617468892074,64.06542302118417,1.0277986533999368,62.2534074763244,66.0427327209993,0.9583333333333334,True,25.0,5,大维护
A6,2025-03-17,22,22,64.16120571598485,64.3842880567237,1.2524049911023418,62.2946187489486,68.1047518225477,0.9166666666666666,True,26.0,5,大维护
A6,2025-03-18,23,19,63.3647752958174,63.5548914118897,0.8966081305761934,62.232130656202,64.9961775882703,0.7916666666666666,True,27.0,5,大维护
A6,2025-03-19,22,21,63.2682557152326,63.13464522462706,1.1300941697770537,60.5423542866142,64.8679254658054,0.875,True,28.0,5,大维护
A6,2025-03-20,14,14,62.6788625716535,62.99988972248405,2.232538919668847,60.4818552573269,70.0443934080731,0.5833333333333334,True,29.0,5,大维护
A6,2025-03-21,11,10,63.1685756229102,63.11786963313364,0.8997128279938207,61.856698029334,64.822042816425,0.4166666666666667,True,30.0,5,大维护
A6,2025-03-22,12,12,62.6917888339472,62.804362126582845,0.6265035821653543,61.8061027804536,63.8478445663314,0.5,True,31.0,5,大维护
A6,2025-03-23,23,23,61.4374710258348,61.766698815700714,1.2149179170193656,59.426976274436,63.7265954470056,0.9583333333333334,True,32.0,5,大维护
A6,2025-03-24,24,23,61.8760661538793,61.99968345533079,0.8778853324965761,60.5782336325117,63.7538950423491,0.9583333333333334,True,33.0,5,大维护
A6,2025-03-25,24,21,61.6152587338129,61.67812502359989,0.9606361301385524,59.3242097867149,63.4268909241666,0.875,True,34.0,5,大维护
A6,2025-03-26,24,24,61.2215587412167,61.28994857439121,1.0796324910147321,59.5765661748079,64.8340460680393,1.0,True,35.0,5,大维护
A6,2025-03-27,24,24,61.1705949800049,60.95125288503254,1.009791071704137,58.2507978656109,62.8734856785914,1.0,True,36.0,5,大维护
A6,2025-03-28,24,24,60.0431038099846,59.676224300138834,2.049063329328903,51.6793179330478,61.6962206819095,1.0,True,37.0,5,大维护
A6,2025-03-29,22,22,59.809776561045055,59.83557807530592,0.9622388464543593,57.2846135913755,61.9570925989061,0.9166666666666666,True,38.0,5,大维护
A6,2025-03-30,13,13,60.035482097162,59.73659489714967,1.0611808203915676,58.0485881228419,61.3799807497148,0.5416666666666666,True,39.0,5,大维护
A6,2025-03-31,16,11,59.5285195815832,59.463969802776816,1.0305895174385362,57.731454729942,61.0334057603353,0.4583333333333333,True,40.0,5,大维护
A6,2025-04-01,12,12,58.9557586534806,59.002847523887645,0.8758022008504175,57.6138769015094,60.7008005682432,0.5,True,41.0,5,大维护
A6,2025-04-02,24,24,59.41428038785615,59.385661905638734,1.3131524284803555,57.718409358747,64.2803295126285,1.0,True,42.0,5,大维护
A6,2025-04-03,24,24,58.383244338790846,58.71629977621844,1.124878196573793,56.7489375070894,60.8705464579687,1.0,True,43.0,5,大维护
A6,2025-04-04,20,19,59.0773141913667,59.06295718365726,1.100406987620806,57.0698508716172,61.7958930905509,0.7916666666666666,True,44.0,5,大维护
A6,2025-04-05,17,17,58.3010390784591,58.35160331347239,0.8115802988640417,57.0133166878419,59.6455810963712,0.7083333333333334,True,45.0,5,大维护
A6,2025-04-06,24,23,57.7417471321113,57.9587459322676,0.9772838619777643,56.6925389010236,59.7840775126378,0.9583333333333334,True,46.0,5,大维护
A6,2025-04-07,17,16,58.18819436468,58.08208892412976,1.1420744104725076,55.7795152928042,59.6472193402027,0.6666666666666666,True,47.0,5,大维护
A6,2025-04-08,20,19,57.019913004556,57.27272089070385,0.7704687167116283,56.0825182846797,58.3923432522287,0.7916666666666666,True,48.0,5,大维护
A6,2025-04-09,24,24,56.8015293128099,57.06232068987811,1.2979248056003212,54.5076696908101,60.1526370993119,1.0,True,49.0,5,大维护
A6,2025-04-10,23,23,56.9120360684931,56.72657515523143,0.8883963398281727,54.3154816889216,58.6093308155371,0.9583333333333334,True,50.0,5,大维护
A6,2025-04-11,24,0,,,,,,0.0,False,0.0,6,中维护
A6,2025-04-12,24,21,82.2237842166425,82.28472016987008,0.4616311578450189,81.3754476599257,83.2303480239022,0.875,True,1.0,6,中维护
A6,2025-04-13,17,17,82.1228498612746,82.06933065608163,0.5144068596732692,80.8934912631138,83.0347150956168,0.7083333333333334,True,2.0,6,中维护
A6,2025-04-14,20,20,81.9455125625939,81.99008265905928,0.40296326472138305,81.2745178664177,82.7403860838917,0.8333333333333334,True,3.0,6,中维护
A6,2025-04-15,23,22,81.9817760008234,81.76864824082224,1.0136773949980216,79.8861000821141,83.6609898759033,0.9166666666666666,True,4.0,6,中维护
A6,2025-04-16,24,24,81.22945343242884,81.2594666146383,1.128878184657184,79.4356390679855,83.967378629603,1.0,True,5.0,6,中维护
A6,2025-04-17,19,19,80.9997524046504,80.93362983170414,0.7975836705861671,79.2242031628625,82.2189675521253,0.7916666666666666,True,6.0,6,中维护
A6,2025-04-18,17,17,81.2913452859965,81.16857091352422,0.7808279697691094,79.8294767531946,82.676896720927,0.7083333333333334,True,7.0,6,中维护
A6,2025-04-19,14,14,80.21077221218604,80.27583555195417,1.183734563273577,78.4810171861884,82.4710842181697,0.5833333333333334,True,8.0,6,中维护
A6,2025-04-20,16,16,81.09362462953166,81.14122610665193,0.959160662792546,79.1402483389957,82.7457657995747,0.6666666666666666,True,9.0,6,中维护
A6,2025-04-21,23,22,80.30555501140465,80.4266080748604,0.7254523926956021,79.3102218490956,82.0644131406789,0.9166666666666666,True,10.0,6,中维护
A6,2025-04-22,23,23,79.6992458153652,79.84679096662566,0.9517564706632891,77.8655627543376,81.5994148618215,0.9583333333333334,True,11.0,6,中维护
A6,2025-04-23,15,15,79.3324231346827,79.26710068751102,1.3218137528695242,76.3370564427855,81.9919361544307,0.625,True,12.0,6,中维护
A6,2025-04-24,24,24,78.99339349402055,79.09769215674842,0.7009939615482085,77.9837332315515,80.5259491318459,1.0,True,13.0,6,中维护
A6,2025-04-25,15,15,79.086098714475,78.98206126619944,0.9255989678764889,77.2671134236638,80.521388351685,0.625,True,14.0,6,中维护
A6,2025-05-01,11,11,78.6235060024954,78.079014693235,2.608092687416807,71.0494384519853,81.2554644457029,0.4583333333333333,True,20.0,6,中维护
A6,2025-05-02,24,24,78.23414627086795,78.50882653206192,1.0369243958222103,77.0520861090169,80.5452757594932,1.0,True,21.0,6,中维护
A6,2025-05-03,16,15,79.169682047738,79.21922908815004,1.063531094308735,77.4951338129703,80.9064623020951,0.625,True,22.0,6,中维护
A6,2025-05-04,24,22,78.13566520658284,78.10641220162152,1.3099460814732389,75.4414845553036,80.5997536147275,0.9166666666666666,True,23.0,6,中维护
A6,2025-05-05,23,23,78.0449620046111,77.92721649654301,1.285720086194874,74.9694825114906,80.6972080706767,0.9583333333333334,True,24.0,6,中维护
A6,2025-05-06,13,13,77.6254006330034,77.72758240847399,1.3878088924990422,74.7703142401039,79.9381085555489,0.5416666666666666,True,25.0,6,中维护
A6,2025-05-07,23,23,77.1723557064249,76.98393212974827,1.3851388471656534,74.0802397248471,79.3523413473032,0.9583333333333334,True,26.0,6,中维护
A6,2025-05-08,24,23,77.1247677907874,77.11641470941747,1.312915024397784,74.3442080497754,80.0935690157319,0.9583333333333334,True,27.0,6,中维护
A6,2025-05-09,24,21,76.2842336348721,76.60711827055998,1.2453678358374536,74.5079221296693,78.9829184055907,0.875,True,28.0,6,中维护
A6,2025-05-10,17,17,77.0857655191263,77.0069445034112,1.02653833309237,75.4468277740875,78.9087144425611,0.7083333333333334,True,29.0,6,中维护
A6,2025-05-11,15,15,76.3818270663069,76.23605261514736,1.2065372680230304,74.3192909724025,78.3334006673428,0.625,True,30.0,6,中维护
A6,2025-05-12,23,22,76.50159273733075,76.42126219666856,1.2793630521840664,74.3049534383457,79.4318250148933,0.9166666666666666,True,31.0,6,中维护
A6,2025-05-13,22,22,75.7474766586092,75.52531397959424,1.1415982365910637,73.3455567863383,77.1298016187364,0.9166666666666666,True,32.0,6,中维护
A6,2025-05-14,24,24,76.04454279226795,75.9819939474432,1.2317660519539095,74.069386736538,77.8165981636422,1.0,True,33.0,6,中维护
A6,2025-05-15,23,22,75.79796810361235,75.8815993587855,0.9337810874122887,74.6611694169236,77.6856049252868,0.9166666666666666,True,34.0,6,中维护
A6,2025-05-16,24,21,75.3185096887647,75.32406495585423,1.4034828801324748,72.3788060901096,78.5703753279023,0.875,True,35.0,6,中维护
A6,2025-05-17,13,13,74.7052552408212,75.13886208708513,1.332952173998422,73.4177142048376,78.7649457107213,0.5416666666666666,True,36.0,6,中维护
A6,2025-05-18,24,24,74.51280123079965,74.2058054262415,1.0099266688610316,72.0726562501881,75.8237581261174,1.0,True,37.0,6,中维护
A6,2025-05-19,24,24,74.91511433472665,74.96552246936325,1.1704295258571584,73.2533032821985,76.8249219979251,1.0,True,38.0,6,中维护
A6,2025-05-20,24,22,74.25302191429421,74.3406067220004,1.1655912566125675,72.2845232178617,76.7761993898004,0.9166666666666666,True,39.0,6,中维护
A6,2025-05-21,13,13,73.7490865390357,73.63048822954127,1.1912205891168068,71.0006536627856,75.5224376501153,0.5416666666666666,True,40.0,6,中维护
A6,2025-05-22,24,24,73.49384441270024,73.33252149621966,0.976839047064849,71.217865129914,74.7958648958015,1.0,True,41.0,6,中维护
A6,2025-05-23,23,23,73.1781333936071,72.93041119976999,1.1101470678464922,70.7168099920251,74.7733142492901,0.9583333333333334,True,42.0,6,中维护
A6,2025-05-24,24,24,72.41594887753061,72.26174424493105,1.234150511865123,69.34346418338,74.7088586509321,1.0,True,43.0,6,中维护
A6,2025-05-25,12,12,72.63055645589205,72.8022280064758,0.992181659773492,71.6444918242681,74.2792240768659,0.5,True,44.0,6,中维护
A6,2025-05-26,24,24,71.78372979159806,71.90972276634425,1.3170738144986407,69.0403968477255,74.502236304395,1.0,True,45.0,6,中维护
A6,2025-05-27,18,18,71.7527428405718,71.84315309209649,1.4728431512109856,69.2672487479325,74.3301688675146,0.75,True,46.0,6,中维护
A6,2025-05-28,18,18,72.7579806243086,72.24951639558256,1.4214133365233979,69.678388810122,73.8478057380032,0.75,True,47.0,6,中维护
A6,2025-05-29,14,14,71.41108221237495,71.8729034596532,1.2845782511786121,69.7948582723404,73.7561122533496,0.5833333333333334,True,48.0,6,中维护
A6,2025-05-30,17,16,71.13471359868839,71.26260198044622,0.8437924931086179,69.8419296516147,73.0460112424877,0.6666666666666666,True,49.0,6,中维护
A6,2025-05-31,19,19,71.0714549807105,71.34919850679987,1.4647978595528297,68.2805971593926,73.9264917942333,0.7916666666666666,True,50.0,6,中维护
A6,2025-06-01,23,23,72.3992866847449,72.32038546181052,1.9280216301092166,68.4309471931226,75.5420888612479,0.9583333333333334,True,51.0,6,中维护
A6,2025-06-02,12,12,72.1130183311281,71.85816025926805,1.6240912015744715,68.4114538765659,74.1232756312868,0.5,True,52.0,6,中维护
A6,2025-06-03,24,24,71.09185508919334,71.42737219895542,2.9167536293017546,65.3832870950384,76.8036081209533,1.0,True,53.0,6,中维护
A6,2025-06-04,24,0,,,,,,0.0,False,0.0,7,中维护
A6,2025-06-05,24,24,97.106119178768,96.89119102024519,1.4608546707036745,92.6201700996106,98.9867788938184,1.0,True,1.0,7,中维护
A6,2025-06-06,13,9,97.0306179538166,97.08479672509387,0.9275759560836668,95.9641054886466,98.8344658008021,0.375,True,2.0,7,中维护
A6,2025-06-07,24,19,96.8270560666064,96.70904499783623,1.4994997667279053,93.8711713318288,99.902724857074,0.7916666666666666,True,3.0,7,中维护
A6,2025-06-08,10,10,97.15448251557065,96.594805043487,2.447942449705459,92.9258431388743,100.275106765355,0.4166666666666667,True,4.0,7,中维护
A6,2025-06-09,24,23,95.5609710750988,96.07810721039607,2.750910468874067,89.5900833272678,101.064464523747,0.9583333333333334,True,5.0,7,中维护
A6,2025-06-10,23,22,96.6329280887114,96.55617363722268,1.9369747850981602,92.3396720728717,100.523624142404,0.9166666666666666,True,6.0,7,中维护
A6,2025-06-11,24,24,96.317780529383,96.391498542881,2.7915328795419785,90.1435780097549,100.881221557576,1.0,True,7.0,7,中维护
A6,2025-06-12,19,19,95.777413231413,95.71690379975834,2.553150728234001,91.5878965946364,101.430616904313,0.7916666666666666,True,8.0,7,中维护
A6,2025-06-13,24,24,95.8715322355892,95.81567653656224,1.896263867478712,91.2629597946114,98.4971506025932,1.0,True,9.0,7,中维护
A6,2025-06-14,21,21,96.3172566376456,96.05176422452577,2.5436041460256424,91.6453246406472,99.5656593698743,0.875,True,10.0,7,中维护
A6,2025-06-15,20,19,94.7086051528038,95.40748386979708,2.4571806743374816,91.7523324079089,100.286789163387,0.7916666666666666,True,11.0,7,中维护
A6,2025-06-16,14,13,96.5928827659224,96.94832503611451,3.368644960528734,91.1234801988729,101.469290931576,0.5416666666666666,True,12.0,7,中维护
A6,2025-06-17,14,13,95.9556044319189,95.83430378728386,1.4758712536893772,93.096192437917,97.8410517404301,0.5416666666666666,True,13.0,7,中维护
A6,2025-06-18,24,23,95.8128226098789,95.46334172628701,2.4123542282647814,91.6376554774663,99.6092617289355,0.9583333333333334,True,14.0,7,中维护
A6,2025-06-19,24,24,94.69788128605455,95.30711709791716,2.098887286118432,91.52378539733,98.9896503767638,1.0,True,15.0,7,中维护
A6,2025-06-20,12,12,96.56531759190321,95.66543570049272,2.688676532391443,90.2055192069716,99.3304340058974,0.5,True,16.0,7,中维护
A6,2025-06-21,24,24,94.75692868434146,94.99948521766343,1.958804241954874,91.5206259139158,99.4453579664122,1.0,True,17.0,7,中维护
A6,2025-06-22,23,23,93.2498628132531,93.7496071922852,2.6635140410624323,88.6354347127208,99.6870085459562,0.9583333333333334,True,18.0,7,中维护
A6,2025-06-23,24,24,94.90795189829231,94.75826327663914,1.6126336879248886,91.7981045901249,99.2766050428195,1.0,True,19.0,7,中维护
A6,2025-06-24,18,18,95.41540273869565,94.85210895123497,2.0837307876790456,90.6404828717552,97.645663852367,0.75,True,20.0,7,中维护
A6,2025-06-25,24,22,94.2842581133452,94.56342905555131,2.055365840216978,91.0506597222158,99.2111287137244,0.9166666666666666,True,21.0,7,中维护
A6,2025-06-26,11,11,94.8745814061745,94.73061695338315,2.949132054622206,87.6767930521365,99.7884050986632,0.4583333333333333,True,22.0,7,中维护
A6,2025-06-27,23,23,93.572959393464,93.63758730213775,1.9306728009854035,89.0472077139918,97.5719837657972,0.9583333333333334,True,23.0,7,中维护
A6,2025-06-28,23,23,93.9931083266769,93.82476323705694,1.80340230077354,90.7360992795675,97.3277930898599,0.9583333333333334,True,24.0,7,中维护
A6,2025-06-29,17,17,93.0608991252801,93.5289497584771,1.9094577578383518,90.7290644112985,96.9112037882105,0.7083333333333334,True,25.0,7,中维护
A6,2025-06-30,22,17,94.4111736502866,93.87098796345697,3.0433538763411376,88.4221866226102,98.4723375353385,0.7083333333333334,True,26.0,7,中维护
A6,2025-07-01,24,22,93.7590993917569,93.41966001361855,3.9473438012779853,80.9053480753114,100.300046170521,0.9166666666666666,True,27.0,7,中维护
A6,2025-07-02,23,23,94.0575139600494,93.4446265894157,2.94408187451522,85.2990606292012,97.8726752320435,0.9583333333333334,True,28.0,7,中维护
A6,2025-07-03,23,23,94.3729169163314,94.39339597955585,4.104746371019418,89.3828556054989,109.967944197688,0.9583333333333334,True,29.0,7,中维护
A6,2025-07-04,22,22,92.4378138336173,92.75356611737212,3.565803216158395,86.246306551935,99.6376690510391,0.9166666666666666,True,30.0,7,中维护
A6,2025-07-05,3,3,92.394399878609,93.15708526057307,1.9331591707901539,91.7216072020826,95.3552487010276,0.125,True,31.0,7,中维护
A6,2025-07-07,7,7,94.0768480538451,93.70162709326155,2.431572903313729,90.7722595542825,97.565248972025,0.2916666666666667,True,33.0,7,中维护
A6,2025-07-08,14,14,92.60193155952685,92.81723156882234,3.077466247736924,87.6192968827441,98.1989170981888,0.5833333333333334,True,34.0,7,中维护
A6,2025-07-09,11,10,93.3759570514477,93.75856727047986,2.9961742176986483,89.9452114901806,99.358014387288,0.4166666666666667,True,35.0,7,中维护
A6,2025-07-10,9,9,93.2805289452428,93.51623774511091,2.5710887754822926,90.1712755306812,98.3776238163416,0.375,True,36.0,7,中维护
A6,2025-07-11,24,23,92.2063771770871,92.41316227717967,1.826197256030477,89.2407700268359,95.7228190900266,0.9583333333333334,True,37.0,7,中维护
A6,2025-07-12,13,12,92.3114467648839,92.67740697074704,1.5649535457481991,91.0805852181021,96.8251941055408,0.5,True,38.0,7,中维护
A6,2025-07-13,24,24,91.98227940470039,91.93781794548795,2.205998251381408,88.741823378407,96.0932132898439,1.0,True,39.0,7,中维护
A6,2025-07-14,24,24,90.9454459249762,91.41200308387943,2.7444476472782378,85.311715609372,96.2848994279424,1.0,True,40.0,7,中维护
A6,2025-07-15,24,24,91.11311938646836,91.33719333489711,3.2976036317844004,85.3408329543849,99.8806106858148,1.0,True,41.0,7,中维护
A6,2025-07-16,24,24,90.9601322257396,91.41898067800236,2.9606696074574153,85.8862749465718,97.6608476746412,1.0,True,42.0,7,中维护
A6,2025-07-17,18,18,90.7371665808427,90.70255693302153,2.267632073826818,87.1922695992246,96.2141949168527,0.75,True,43.0,7,中维护
A6,2025-07-18,3,3,92.4512317612665,91.888300611198,1.5277733185586382,90.1589321723253,93.0547379000022,0.125,True,44.0,7,中维护
A6,2025-07-19,21,21,91.1703469950305,91.72735096417577,2.6717934558637397,88.0802412644179,97.6407369264673,0.875,True,45.0,7,中维护
A6,2025-07-20,24,19,90.6390097486617,91.14389402799178,3.3629877568982054,85.090892349329,97.0251864776786,0.7916666666666666,True,46.0,7,中维护
A6,2025-07-21,23,23,91.6904306847207,91.71219245693236,2.875572191687333,86.8000864689229,96.7695476839351,0.9583333333333334,True,47.0,7,中维护
A6,2025-07-22,12,12,91.02593829039989,90.98201884086426,1.7608460647596211,87.8515885562532,94.3499423139165,0.5,True,48.0,7,中维护
A6,2025-07-23,24,24,90.43718374143316,90.55681831769509,3.5786139060696582,80.810656539871,96.1643952001769,1.0,True,49.0,7,中维护
A6,2025-07-24,22,22,90.5185918845859,91.3377338256678,2.768825239883206,87.4758615837247,96.3647484226687,0.9166666666666666,True,50.0,7,中维护
A6,2025-07-25,24,24,90.23015998122136,90.56565871115998,2.5912888278110295,85.3671022678617,94.5213337528209,1.0,True,51.0,7,中维护
A6,2025-07-26,15,15,90.7614648618174,91.02349051048019,2.8321346847130044,86.9643253655894,96.0479948549286,0.625,True,52.0,7,中维护
A6,2025-07-27,16,16,90.945817017288,90.90227610097327,3.291134156202593,85.4778424622993,95.4557751426319,0.6666666666666666,True,53.0,7,中维护
A6,2025-07-28,24,23,90.6527557434591,90.55769098964984,2.255378965840727,86.8021114010482,95.889446819352,0.9583333333333334,True,54.0,7,中维护
A6,2025-07-29,24,23,90.9714162184814,90.75375828617412,2.156609766652201,86.1153700751924,94.2636040312757,0.9583333333333334,True,55.0,7,中维护
A6,2025-07-30,24,24,90.430674532625,90.43846772820872,2.260266774086653,86.2657071784584,94.7399410532612,1.0,True,56.0,7,中维护
A6,2025-07-31,22,22,90.4576707265756,89.97361718233304,2.913546668226798,85.3183653800937,94.789354762459,0.9166666666666666,True,57.0,7,中维护
A6,2025-08-01,22,22,90.64828832671199,90.69472805253555,2.437672884204749,86.4155022238167,95.0104572411432,0.9166666666666666,True,58.0,7,中维护
A6,2025-08-02,12,12,90.64563384152225,90.602256857378,2.069573156093988,86.4517082485425,94.0219836266267,0.5,True,59.0,7,中维护
A6,2025-08-03,23,23,90.718685058864,90.55453504261473,2.0899585070085944,85.6865859549574,94.2019332113326,0.9583333333333334,True,60.0,7,中维护
A6,2025-08-04,15,15,90.6306012067105,90.4496524921404,2.431785133223796,85.9040238748564,93.5575920797035,0.625,True,61.0,7,中维护
A6,2025-08-05,23,23,90.0899725914968,89.45264326772373,2.057413690405452,84.3020490552667,92.7857384613896,0.9583333333333334,True,62.0,7,中维护
A6,2025-08-06,24,21,89.336309053665,89.45100398824555,2.45319112390563,86.0138944262153,94.4970016441342,0.875,True,63.0,7,中维护
A6,2025-08-07,19,17,89.3185465749494,89.25014248442494,2.1476894740141845,85.995094766713,93.4605995978623,0.7083333333333334,True,64.0,7,中维护
A6,2025-08-08,24,17,90.054487064965,89.97090182127248,2.0678856505546332,86.4774636263637,93.7100541158235,0.7083333333333334,True,65.0,7,中维护
A6,2025-08-09,23,20,88.41743349964895,88.95203286293672,2.70704668213598,85.453892805717,93.9834176649371,0.8333333333333334,True,66.0,7,中维护
A6,2025-08-10,20,18,89.27312396115745,88.84663954647907,3.015353504552781,83.5324923080953,93.8516477073322,0.75,True,67.0,7,中维护
A6,2025-08-11,16,16,89.57851177405925,89.53886956328373,2.529978575152393,84.8571245826734,93.232577094516,0.6666666666666666,True,68.0,7,中维护
A6,2025-08-12,24,24,89.0057046752309,88.56219680948398,1.7728435501280264,85.0555231168626,92.2269908625119,1.0,True,69.0,7,中维护
A6,2025-08-13,24,24,89.99883757108825,89.8253632863974,1.613646148410769,85.7829540485686,92.7936307159287,1.0,True,70.0,7,中维护
A6,2025-08-14,23,23,88.027081184621,88.27860167772374,1.9565951317933716,85.358321798925,92.8548672197729,0.9583333333333334,True,71.0,7,中维护
A6,2025-08-15,23,23,88.5615040530851,88.71834592983977,1.644953422313639,86.3480417288089,93.2999352867686,0.9583333333333334,True,72.0,7,中维护
A6,2025-08-16,24,23,89.3036258989057,89.22398031003534,2.8736561548983697,83.2096790130662,98.2166603317449,0.9583333333333334,True,73.0,7,中维护
A6,2025-08-17,17,13,87.7369712698138,87.88141774261834,1.4917922593755206,86.0240649324745,90.598875291813,0.5416666666666666,True,74.0,7,中维护
A6,2025-08-18,14,14,87.97568608929384,87.80536343456923,1.8149887432921192,83.3348833582484,90.7581884019563,0.5833333333333334,True,75.0,7,中维护
A6,2025-08-19,24,24,87.257098926248,87.53704156373288,2.132491286152429,83.3838954270741,92.1359180516201,1.0,True,76.0,7,中维护
A6,2025-08-20,23,23,88.1454767888477,88.21910947093923,1.975654674002509,84.5236632888262,91.9501284940852,0.9583333333333334,True,77.0,7,中维护
A6,2025-08-21,24,24,87.4613825392079,87.65288616495128,2.10581635536258,84.0050112713816,92.4916231508751,1.0,True,78.0,7,中维护
A6,2025-08-22,13,13,85.8464459310552,85.36548900906384,5.169498400853035,69.5062434995581,92.4356187510009,0.5416666666666666,True,79.0,7,中维护
A6,2025-08-23,18,0,,,,,,0.0,False,0.0,8,中维护
A6,2025-08-24,24,24,123.3361127326515,122.62503415509867,7.899734227778832,88.5418950883362,138.209242980007,1.0,True,1.0,8,中维护
A6,2025-08-25,20,20,122.615927146151,122.79224111820736,1.0584343493505708,121.238275955189,124.696563656989,0.8333333333333334,True,2.0,8,中维护
A6,2025-08-26,24,24,122.68167197599351,122.63902953003912,1.1708840346471243,120.161335376278,124.826835547342,1.0,True,3.0,8,中维护
A6,2025-08-27,24,24,122.994828842779,123.15759861948199,1.723656979735194,119.927594215226,126.348733903806,1.0,True,4.0,8,中维护
A6,2025-08-28,6,6,123.23240223616949,122.50135818874467,3.163736263077939,116.594581476975,126.09921256093,0.25,True,5.0,8,中维护
A6,2025-08-29,16,16,122.5660571847435,122.45735472453275,2.0818357637810814,118.415345025132,125.741374735833,0.6666666666666666,True,6.0,8,中维护
A6,2025-08-30,24,23,121.600708374531,122.08183817751275,1.6659395285802558,119.648577559828,126.005856319979,0.9583333333333334,True,7.0,8,中维护
A6,2025-08-31,23,23,122.257361094813,122.14407568645969,1.941258221111149,118.143313822813,125.349077401652,0.9583333333333334,True,8.0,8,中维护
A6,2025-09-01,24,24,122.17924260842301,122.1756966112788,1.1113818389404277,119.767343908186,124.046253645513,1.0,True,9.0,8,中维护
A6,2025-09-02,24,20,122.2509622349735,122.30626276167871,0.8993927802294206,120.386241798575,124.133516778404,0.8333333333333334,True,10.0,8,中维护
A6,2025-09-03,24,24,122.1862050722035,122.07727926434283,0.7705323191642485,120.109713626867,123.371464913094,1.0,True,11.0,8,中维护
A6,2025-09-04,23,19,121.792248774079,121.78344713406027,1.1096731478239708,118.791208281175,123.966277525639,0.7916666666666666,True,12.0,8,中维护
A6,2025-09-05,7,7,122.180087175046,122.45938677715128,0.860821468607033,121.734304600086,124.041369124891,0.2916666666666667,True,13.0,8,中维护
A6,2025-09-06,23,20,121.28893407502349,121.34197907026439,1.1153639476332795,119.835135916732,124.175058161536,0.8333333333333334,True,14.0,8,中维护
A6,2025-09-07,24,24,121.4509305445935,121.46923210617867,0.9137431247014736,119.834085897636,123.252927218422,1.0,True,15.0,8,中维护
A6,2025-09-08,17,16,120.9874830514015,121.37632676950162,1.2608229475613408,119.306648031019,123.682973327868,0.6666666666666666,True,16.0,8,中维护
A6,2025-09-09,20,19,120.33378875461,120.40250195964501,0.8480410615932602,119.193009044469,121.926423533879,0.7916666666666666,True,17.0,8,中维护
A6,2025-09-10,15,11,121.374155897476,121.32927923502574,1.497535170851181,118.866850061318,123.512193233751,0.4583333333333333,True,18.0,8,中维护
A6,2025-09-11,23,20,120.471790557903,120.49135893488656,0.9822518972796326,118.171576757617,122.439699235505,0.8333333333333334,True,19.0,8,中维护
A6,2025-09-12,24,22,120.1078950026545,120.08537689253215,0.9263875517541538,118.303092180967,121.815298573578,0.9166666666666666,True,20.0,8,中维护
A6,2025-09-13,24,23,119.543220435858,119.5528839196857,1.062782898521928,116.852251426087,121.968992282789,0.9583333333333334,True,21.0,8,中维护
A6,2025-09-14,14,14,119.03590533855001,118.9348080132273,0.6712675847461256,117.292755697474,119.947930709093,0.5833333333333334,True,22.0,8,中维护
A6,2025-09-15,24,23,118.732889813483,118.60811254257756,1.1460734434448692,116.351938144385,120.734899228421,0.9583333333333334,True,23.0,8,中维护
A6,2025-09-16,23,18,117.77860021901199,117.78242244972206,1.150392538085361,115.909505343898,120.895894283098,0.75,True,24.0,8,中维护
A6,2025-09-17,24,24,117.3467808627365,117.2850507746143,0.8858062944481256,115.644463277322,119.570282615776,1.0,True,25.0,8,中维护
A6,2025-09-18,12,11,116.997394702655,117.0137202034251,0.6913442556948018,115.788262814587,118.048925791012,0.4583333333333333,True,26.0,8,中维护
A6,2025-09-19,24,24,115.8162454399885,115.90564997967749,0.9854612571879844,114.334392875549,118.346800378761,1.0,True,27.0,8,中维护
A6,2025-09-20,24,21,115.555609463569,115.62755056916905,1.064721113675728,113.932747222235,118.09197367924,0.875,True,28.0,8,中维护
A6,2025-09-21,24,21,115.697303566268,115.56315748349296,0.9217060059331769,113.899310730206,116.821180333816,0.875,True,29.0,8,中维护
A6,2025-09-22,15,15,114.745010676005,114.77644157429232,1.1813433032010205,113.075511238336,117.717331484719,0.625,True,30.0,8,中维护
A6,2025-09-23,22,21,113.634724128261,113.71744570976,0.9878580462568748,112.062678281671,115.392122790457,0.875,True,31.0,8,中维护
A6,2025-09-24,13,13,113.159348671845,113.090439002246,1.0004834934816658,111.503182304472,114.635547550274,0.5416666666666666,True,32.0,8,中维护
A6,2025-09-25,23,23,112.481160290267,112.54196610131031,1.1710725609299484,110.386453620449,114.864476952813,0.9583333333333334,True,33.0,8,中维护
A6,2025-09-26,24,24,112.812206455908,112.83602037487378,0.8532964193225843,111.304245771578,114.24376761776,1.0,True,34.0,8,中维护
A6,2025-09-27,24,23,112.05269871828,111.89943353734408,0.9935111044985889,110.008226030495,113.547321595725,0.9583333333333334,True,35.0,8,中维护
A6,2025-09-28,17,17,111.299944605178,111.31529836705018,0.8934476345278628,109.824568507196,113.149884410538,0.7083333333333334,True,36.0,8,中维护
A6,2025-09-29,21,21,109.679745662348,109.81992888981824,0.8790245747325144,108.358337595131,111.876008679472,0.875,True,37.0,8,中维护
A6,2025-09-30,24,23,109.184343668051,109.18951557491,0.8393963216751109,107.59728247133,110.836275958009,0.9583333333333334,True,38.0,8,中维护
A6,2025-10-01,23,20,107.7135783664595,107.7979095629549,0.3804445785661978,107.113922334115,108.518705988392,0.8333333333333334,True,39.0,8,中维护
A6,2025-10-02,16,16,107.013120725552,107.03293096175588,0.7003890232317677,105.569240208376,108.279429056714,0.6666666666666666,True,40.0,8,中维护
A6,2025-10-03,24,24,106.5934851880925,106.54652474226732,0.5965927618506016,105.059619479539,107.612038845661,1.0,True,41.0,8,中维护
A6,2025-10-04,23,22,105.4622188711585,105.53728756149908,0.7307168292276938,104.335847936851,106.832115631074,0.9166666666666666,True,42.0,8,中维护
A6,2025-10-05,24,23,104.770326560106,104.85266835454104,0.6708574639137133,103.909232299107,106.559936861869,0.9583333333333334,True,43.0,8,中维护
A6,2025-10-06,20,20,104.084575105075,104.1499200100059,0.5187615436492555,103.282866582422,105.128000638251,0.8333333333333334,True,44.0,8,中维护
A6,2025-10-07,17,17,103.44942665168,103.22083004273894,0.7134259614914339,102.031376887746,104.104118802911,0.7083333333333334,True,45.0,8,中维护
A6,2025-10-08,24,24,102.6604240313025,102.576396619134,0.6559582148371904,100.602316748936,103.397798778222,1.0,True,46.0,8,中维护
A6,2025-10-09,24,24,101.473480891981,101.60681154343233,0.7455438715359511,100.055787177919,102.733491043134,1.0,True,47.0,8,中维护
A6,2025-10-10,23,22,101.67151500968501,101.62824730931514,0.8391016271281138,100.050409816344,103.167753624847,0.9166666666666666,True,48.0,8,中维护
A6,2025-10-11,16,16,100.7351731292455,100.98206891507746,0.7897767654122164,99.8530951288666,102.089337898025,0.6666666666666666,True,49.0,8,中维护
A6,2025-10-12,24,22,99.05109917063396,99.14358189329991,0.563437312942223,98.331423663876,100.272159177067,0.9166666666666666,True,50.0,8,中维护
A6,2025-10-13,18,18,98.20474737496221,98.21709392625749,0.46712565537538475,97.1836447335654,98.9737077685779,0.75,True,51.0,8,中维护
A6,2025-10-14,16,15,97.7935934251154,97.58228815810857,0.6639037284983588,96.5124678356666,98.6871395869565,0.625,True,52.0,8,中维护
A6,2025-10-16,9,8,97.14891203737969,97.09896870228573,0.647415945464524,96.088989341772,97.8684046015582,0.3333333333333333,True,54.0,8,中维护
A6,2025-10-17,12,11,96.3035042700679,96.2924366803964,0.7095657811498001,95.2407413937393,97.3777245794633,0.4583333333333333,True,55.0,8,中维护
A6,2025-10-18,24,20,95.7751137278349,95.7841804987524,0.6045917281661171,94.7340132483091,96.8311004755155,0.8333333333333334,True,56.0,8,中维护
A6,2025-10-19,24,23,94.8529489661457,94.95109584498896,0.6737019196675247,93.6646779765349,96.3251636369436,0.9583333333333334,True,57.0,8,中维护
A6,2025-10-20,12,12,93.77743528681475,93.77149481155247,0.7375274548829193,92.2507829307935,94.996721565173,0.5,True,58.0,8,中维护
A6,2025-10-21,23,23,93.2923329350509,93.18696722372628,0.5996190011858664,92.0458799271288,94.2172599545577,0.9583333333333334,True,59.0,8,中维护
A6,2025-10-22,23,23,92.7837025606231,92.55088111408068,0.7482179961559233,91.2083381140156,93.6885357280556,0.9583333333333334,True,60.0,8,中维护
A6,2025-10-23,24,24,92.328923489657,92.27512669606284,0.7498787685611624,90.9664752842841,93.6803873035263,1.0,True,61.0,8,中维护
A6,2025-10-24,14,14,91.71561089663565,91.84419557625704,0.6345310274224782,90.9271144925661,93.5578257602063,0.5833333333333334,True,62.0,8,中维护
A6,2025-10-25,23,22,91.09560265435435,91.01406312156897,0.5564219732690592,89.850004004267,92.2184110410409,0.9166666666666666,True,63.0,8,中维护
A6,2025-10-26,23,23,90.3512021543643,90.31988952178547,0.7223068274907891,88.8974861528187,91.6950365436451,0.9583333333333334,True,64.0,8,中维护
A6,2025-10-27,24,24,89.82981198250886,89.79584232837213,0.658352520170125,88.5628573991749,91.1544834764268,1.0,True,65.0,8,中维护
A6,2025-10-28,15,15,89.1037182458408,89.25971081388212,0.5726703480242054,88.4355205935556,90.3674673290389,0.625,True,66.0,8,中维护
A6,2025-10-29,22,22,88.814104028516,88.69173811876634,0.725794372196387,86.9145451221437,89.8005586788431,0.9166666666666666,True,67.0,8,中维护
A6,2025-10-30,23,23,87.8541575713647,87.72623870237511,0.7565849601566745,86.214721408661,89.1787824826785,0.9583333333333334,True,68.0,8,中维护
A6,2025-10-31,24,24,87.1819500858833,87.14357016969363,0.5263911094746361,86.0997690167356,87.9744598527846,1.0,True,69.0,8,中维护
A6,2025-11-01,8,7,86.6493254881097,86.82270309607557,0.8096605278777925,86.0978114637618,88.4978663812304,0.2916666666666667,True,70.0,8,中维护
A6,2025-11-02,13,0,,,,,,0.0,False,0.0,9,中维护
A6,2025-11-03,22,20,105.3574299137445,104.87563086521251,6.894999589244558,79.6816283714695,121.086217086194,0.8333333333333334,True,1.0,9,中维护
A6,2025-11-04,24,24,104.83204989073701,104.88665786162134,0.35444765620781393,104.309684483265,105.539877135586,1.0,True,2.0,9,中维护
A6,2025-11-05,15,15,104.133384238555,104.00239045629345,0.44885897857646395,103.288530937539,104.702986776163,0.625,True,3.0,9,中维护
A6,2025-11-06,24,23,103.076231474683,102.95723778137017,0.5291246861300722,102.013553863923,103.798184587143,0.9583333333333334,True,4.0,9,中维护
A6,2025-11-07,23,23,102.632887311716,102.812288382271,0.5847598389628472,101.942604044085,104.067706595528,0.9583333333333334,True,5.0,9,中维护
A6,2025-11-08,24,19,102.913397465347,102.77359659047379,0.4763501728412065,101.7840458384,103.748716084875,0.7916666666666666,True,6.0,9,中维护
A6,2025-11-09,23,21,102.234915652854,102.1270210563699,0.7542584505256856,100.157272168204,103.418914412754,0.875,True,7.0,9,中维护
A6,2025-11-10,22,22,101.13402067857851,101.15854485503836,0.7955528933952423,99.6666599617717,102.980388003276,0.9166666666666666,True,8.0,9,中维护
A6,2025-11-11,14,10,100.2422117826255,100.20919726043266,0.6823982334309996,99.2559110133254,101.440906543953,0.4166666666666667,True,9.0,9,中维护
A6,2025-11-12,24,23,99.6532791629559,99.80004590864765,0.6021062774427446,98.9480182862123,101.683081547162,0.9583333333333334,True,10.0,9,中维护
A6,2025-11-13,24,23,99.2569703166346,99.19327866162237,0.7901017173085851,97.0493387514886,100.618848137467,0.9583333333333334,True,11.0,9,中维护
A6,2025-11-14,24,24,98.1438057135245,98.1277782779347,0.7846515488861441,96.985154304528,100.097789065195,1.0,True,12.0,9,中维护
A6,2025-11-15,18,18,97.5476299115463,97.50297982907563,0.8410502815194806,96.1413652006254,99.0370868905975,0.75,True,13.0,9,中维护
A6,2025-11-16,19,18,96.9899117896462,96.9222389640399,0.7085983496925276,95.1203415654523,98.0802552639618,0.75,True,14.0,9,中维护
A6,2025-11-17,23,23,95.9969988821271,96.07199946269307,0.7408083170092076,94.9495851508151,97.7182167310166,0.9583333333333334,True,15.0,9,中维护
A6,2025-11-18,24,24,95.06076058836814,95.08780606461558,0.7585677785068281,93.7632423906278,96.6778315577218,1.0,True,16.0,9,中维护
A6,2025-11-19,24,24,95.1447520229234,95.18980570098734,0.7303708652863354,93.7961900929183,96.579324846449,1.0,True,17.0,9,中维护
A6,2025-11-20,24,24,94.78921772093486,94.82249581946753,0.8973952561540013,92.8669508511898,96.9787386284108,1.0,True,18.0,9,中维护
A6,2025-11-21,14,14,94.53721638828995,94.64775245978792,0.6752394179940704,93.5845917657373,95.8278525213704,0.5833333333333334,True,19.0,9,中维护
A6,2025-11-22,24,24,94.33408392979476,94.1120017158914,0.8960586808790699,92.3282426579184,95.4187586085378,1.0,True,20.0,9,中维护
A6,2025-11-23,24,24,92.7844123151739,92.81767564791322,0.5461907743229707,91.8929268192233,94.1411493403866,1.0,True,21.0,9,中维护
A6,2025-11-24,24,24,91.7899860211779,91.8546587619321,0.6399758695500188,90.739601248553,93.105189302014,1.0,True,22.0,9,中维护
A6,2025-11-25,13,12,91.6448693616494,91.3611283276204,0.6055138381318277,89.9349861242385,92.0283912845577,0.5,True,23.0,9,中维护
A6,2025-11-26,24,22,90.97864321802635,91.16473672370756,0.6862394190801687,90.2743549540785,93.1591759208198,0.9166666666666666,True,24.0,9,中维护
A6,2025-11-27,23,22,90.7095184230603,90.67376935239935,0.6711478329002161,89.4685495700191,91.8174503260887,0.9166666666666666,True,25.0,9,中维护
A6,2025-11-28,24,24,90.42807307321004,90.43349591607743,0.5737095030091391,89.2845128664711,91.7222944279956,1.0,True,26.0,9,中维护
A6,2025-11-29,12,12,89.58500009621935,89.61839054278322,0.7330940008916526,88.4419856988136,90.7690051586315,0.5,True,27.0,9,中维护
A6,2025-11-30,23,22,89.0506530018915,88.95379683827117,0.6942006806057661,87.7008795035004,90.2431533405425,0.9166666666666666,True,28.0,9,中维护
A6,2025-12-01,14,14,88.40175888487326,88.3479823438159,0.3862522020707932,87.6747018420029,89.1074869443761,0.5833333333333334,True,29.0,9,中维护
A6,2025-12-02,24,23,88.0945521706252,88.03367289255014,0.37810697848908265,87.5131596623255,88.8104687633567,0.9583333333333334,True,30.0,9,中维护
A6,2025-12-03,24,23,87.575730006845,87.52969539185462,0.371462664065289,86.9511595718481,88.2660860327061,0.9583333333333334,True,31.0,9,中维护
A6,2025-12-04,24,23,87.0061354992975,86.93870644633935,0.2920040972995723,86.331991181843,87.5169785213965,0.9583333333333334,True,32.0,9,中维护
A6,2025-12-05,8,8,86.29009519994835,86.23880508886576,0.15714584793438754,85.9528352618699,86.4136380860546,0.3333333333333333,True,33.0,9,中维护
A6,2025-12-07,8,8,85.6041773472692,85.66073074230844,0.1880980074822168,85.4672118421422,85.9696777961895,0.3333333333333333,True,35.0,9,中维护
A6,2025-12-08,15,15,84.9442381437829,85.00213348871294,0.1781853573833404,84.5611146223247,85.2396995932847,0.625,True,36.0,9,中维护
A6,2025-12-09,22,22,84.75134576740231,84.7180144785747,0.3593900724368847,84.0451160461796,85.4165164335226,0.9166666666666666,True,37.0,9,中维护
A6,2025-12-10,24,24,84.03939468810735,84.04097594278605,0.3791340652158122,83.2862534489828,84.8466881249709,1.0,True,38.0,9,中维护
A6,2025-12-11,23,22,83.76489034744844,83.75268592380549,0.27005511139996546,83.2650835008104,84.2923779573609,0.9166666666666666,True,39.0,9,中维护
A6,2025-12-12,18,18,82.83337282233435,82.80382371391065,0.3675754806503611,82.1313493930705,83.6234229629139,0.75,True,40.0,9,中维护
A6,2025-12-13,18,18,82.37619909951965,82.42600199588215,0.2540611386250563,81.8822150169133,82.9390975359372,0.75,True,41.0,9,中维护
A6,2025-12-14,24,23,82.2502452483063,82.21424840553614,0.37724695901695493,81.4838749256309,82.7665283023303,0.9583333333333334,True,42.0,9,中维护
A6,2025-12-15,23,23,82.0395369087624,82.02642534961002,0.34147014648603113,81.1583120507973,82.556569247358,0.9583333333333334,True,43.0,9,中维护
A6,2025-12-16,21,21,81.5450784506798,81.56736895716651,0.3507890231232808,80.982506034182,82.2369365655428,0.875,True,44.0,9,中维护
A6,2025-12-17,17,17,81.4073044113667,81.35645408756488,0.40460648109969216,80.0884678310256,81.7659118260936,0.7083333333333334,True,45.0,9,中维护
A6,2025-12-18,13,13,80.4873535792796,80.55719363923528,0.31070669966960707,80.174606493544,81.3212920669272,0.5416666666666666,True,46.0,9,中维护
A6,2025-12-19,23,23,80.3389566471148,80.30353359648859,0.3770435094342134,79.3348349979403,81.0769152241769,0.9583333333333334,True,47.0,9,中维护
A6,2025-12-20,24,24,79.8009458122868,79.84738719199906,0.27232030510122196,79.3451982726914,80.5192945546234,1.0,True,48.0,9,中维护
A6,2025-12-21,19,18,79.78332437265685,79.79053720435265,0.39903614093422485,79.0279559731923,80.460163497129,0.75,True,49.0,9,中维护
A6,2025-12-22,19,19,79.0986961093851,79.09695624256454,0.44820384085029247,77.9151092463173,79.9464538255348,0.7916666666666666,True,50.0,9,中维护
A6,2025-12-23,23,21,77.7761891042847,77.85689398195288,0.3359017053208671,77.349271769774,78.3911387805301,0.875,True,51.0,9,中维护
A6,2025-12-24,24,24,77.32168013192295,77.33118370669935,0.330654765586183,76.7608236538853,77.9881977075949,1.0,True,52.0,9,中维护
A6,2025-12-25,16,16,76.49980858157696,76.48230561381807,0.3162992734243667,75.9149015733574,76.9526527286934,0.6666666666666666,True,53.0,9,中维护
A6,2025-12-26,21,21,75.9147164598863,75.83154752167187,0.3576281402722001,75.1225017779869,76.3750149351869,0.875,True,54.0,9,中维护
A6,2025-12-27,21,21,75.3342138696235,75.31812209937218,0.2751207390402073,74.6957595227617,75.7681706516221,0.875,True,55.0,9,中维护
A6,2025-12-28,19,19,75.0663197370327,75.0938025975016,0.24809575579950172,74.6082676917786,75.6120408536438,0.7916666666666666,True,56.0,9,中维护
A6,2025-12-29,24,24,74.5783252656862,74.6270570622247,0.3206011582170572,73.8973269150328,75.2461605533941,1.0,True,57.0,9,中维护
A6,2025-12-30,24,23,74.2751200468461,74.26655106264698,0.4251415041666624,73.4968711088657,74.9080855970959,0.9583333333333334,True,58.0,9,中维护
A6,2025-12-31,24,22,73.3949607591948,73.39396207460356,0.36670462988547975,72.6316167833695,74.0941438720254,0.9166666666666666,True,59.0,9,中维护
A6,2026-01-01,14,14,73.5277032997245,75.81005790764286,6.031553541365822,72.7561094831087,91.6429566273344,0.5833333333333334,True,60.0,9,中维护
A6,2026-01-02,23,23,73.1682252221928,73.20104105417013,0.5049718609577997,72.3953465153579,74.1708115891786,0.9583333333333334,True,61.0,9,中维护
A6,2026-01-03,23,0,,,,,,0.0,False,0.0,10,中维护
A6,2026-01-04,23,23,96.1407081426762,96.10932668601485,0.20040700674721418,95.6517237064137,96.4965067254596,0.9583333333333334,True,1.0,10,中维护
A6,2026-01-05,24,24,95.81328036562665,96.22164843737175,1.926984483681589,95.2407131710398,105.17383985752,1.0,True,2.0,10,中维护
A6,2026-01-06,15,14,95.32804912765786,95.32329940232911,0.17854909853754275,94.9368103610354,95.5752923311042,0.5833333333333334,True,3.0,10,中维护
A6,2026-01-07,24,24,94.32095912771621,94.25470965594235,0.3702456655229437,93.5453165497076,94.9262922495358,1.0,True,4.0,10,中维护
A6,2026-01-08,24,23,93.4629240357249,93.49015287343067,0.40105943978266034,92.658331956253,94.3207664867115,0.9583333333333334,True,5.0,10,中维护
A6,2026-01-09,24,24,92.242527222522,92.22949818941453,0.5081798407167589,91.034672672298,93.0086145877736,1.0,True,6.0,10,中维护
A6,2026-01-10,14,14,91.92914750062116,91.93144033793934,0.6060315467144096,91.0504113608786,92.83090667329,0.5833333333333334,True,7.0,10,中维护
A6,2026-01-11,24,24,91.22749737834535,91.31926233341763,0.4273142099571434,90.731217473569,92.1229473601685,1.0,True,8.0,10,中维护
A6,2026-01-12,13,13,90.4273173233905,90.51456244765099,0.34181916491856756,90.0748600911047,91.1740449488848,0.5416666666666666,True,9.0,10,中维护
A6,2026-01-13,24,24,89.5690248479863,89.49978093508491,0.45196928296588335,88.423813369471,90.4455943475529,1.0,True,10.0,10,中维护
A6,2026-01-14,23,22,88.50928356803286,88.55281572681257,0.42026051789235935,87.7009301047731,89.4761564001124,0.9166666666666666,True,11.0,10,中维护
A6,2026-01-15,23,17,88.7827353650308,88.83843898496104,0.38527337310651993,88.0455613305115,89.7976578820523,0.7083333333333334,True,12.0,10,中维护
A6,2026-01-16,13,13,87.6684921716355,87.85470146514072,0.4867948367166763,87.2130754988126,88.7059666599271,0.5416666666666666,True,13.0,10,中维护
A6,2026-01-17,24,22,86.70170712841315,86.84500850986666,0.48396423702291747,86.2378709843976,87.8031342584058,0.9166666666666666,True,14.0,10,中维护
A6,2026-01-18,13,13,85.6627104726165,85.79622500837655,0.5883701802854713,84.9502899802343,87.0477488072166,0.5416666666666666,True,15.0,10,中维护
A6,2026-01-19,24,24,85.05759561209345,85.00612466981487,0.3995845303162627,84.1665552962342,85.9855151392248,1.0,True,16.0,10,中维护
A6,2026-01-20,4,4,83.41500296724399,83.4637065044002,0.6466651709861975,82.8139991972485,84.2108208858643,0.16666666666666666,True,17.0,10,中维护
A6,2026-01-21,4,4,83.08680934697804,83.07126854492837,0.46215701453615365,82.604954443455,83.5065010423024,0.16666666666666666,True,18.0,10,中维护
A6,2026-01-22,4,4,82.5013396997332,82.22796803413662,0.5722831764327186,81.3703147732168,82.5388779638633,0.16666666666666666,True,19.0,10,中维护
A6,2026-01-23,4,4,81.72028334278305,81.82930669029568,0.3990344562960206,81.4770072542986,82.399652821318,0.16666666666666666,True,20.0,10,中维护
A6,2026-01-24,4,3,80.906422071524,80.76212517382093,0.3361119956240633,80.3779589729306,81.0019944770082,0.125,True,21.0,10,中维护
A6,2026-01-25,4,4,80.32182335761345,80.35303935397636,0.19460704278002236,80.179888941772,80.5886217589065,0.16666666666666666,True,22.0,10,中维护
A6,2026-01-26,4,4,80.42734257867744,80.45842285135592,0.6551194137949358,79.688908061837,81.2900981862318,0.16666666666666666,True,23.0,10,中维护
A6,2026-01-27,4,4,80.09751877431586,80.10283016684548,0.3514196939865155,79.6789078748819,80.5373752438683,0.16666666666666666,True,24.0,10,中维护
A6,2026-01-28,4,4,80.21399475512621,80.16700212712348,0.7826175832379036,79.3475647906065,80.892454207635,0.16666666666666666,True,25.0,10,中维护
A6,2026-01-29,4,4,78.80528086960581,78.83057646303948,0.14415270522488166,78.6940475694789,79.0176965434674,0.16666666666666666,True,26.0,10,中维护
A6,2026-01-30,4,4,78.2820075373388,78.25947377112975,0.3103749645806544,77.8896024430773,78.5842775667641,0.16666666666666666,True,27.0,10,中维护
A6,2026-01-31,4,4,77.450803348965,77.54544447056777,0.2540096975218982,77.3673349473963,77.9128362369448,0.16666666666666666,True,28.0,10,中维护
A6,2026-02-01,4,4,77.1791458045021,77.03425073507577,0.561255733689315,76.2856761934908,77.4930351378081,0.16666666666666666,True,29.0,10,中维护
A6,2026-02-02,4,4,75.99426394662765,75.9696541874186,0.4354752253661631,75.4178492002946,76.4722396561245,0.16666666666666666,True,30.0,10,中维护
A6,2026-02-03,4,4,75.79212634168735,75.85366077105563,0.29831163064531724,75.5736376775651,76.2567527232827,0.16666666666666666,True,31.0,10,中维护
A6,2026-02-04,4,4,75.045933393992,75.04266411557545,0.5110960946285785,74.4846737686212,75.5941159056966,0.16666666666666666,True,32.0,10,中维护
A6,2026-02-05,4,4,74.36288759082295,74.35995815943903,0.4163416748692445,73.9903290247206,74.7237284313896,0.16666666666666666,True,33.0,10,中维护
A6,2026-02-06,4,4,73.26524153202146,73.29310597160128,0.7206908052912101,72.5507708132372,74.091170009125,0.16666666666666666,True,34.0,10,中维护
A6,2026-02-07,4,4,72.4379709766115,72.36802077996192,0.6220134899498782,71.6469384324286,72.9492027341961,0.16666666666666666,True,35.0,10,中维护
A6,2026-02-08,4,4,72.1019700341916,72.03032779198955,0.4666421962828113,71.4188295922526,72.4985415073224,0.16666666666666666,True,36.0,10,中维护
A6,2026-02-09,4,4,70.94657256928926,70.75637705158283,0.6349033753250851,69.8850370578363,71.2473260099165,0.16666666666666666,True,37.0,10,中维护
A6,2026-02-10,4,4,70.75138616178775,70.7053734636707,0.2987666479251872,70.3271552904796,70.9915662406277,0.16666666666666666,True,38.0,10,中维护
A6,2026-02-11,4,4,70.33149244201795,70.41348102527405,0.38686520719329615,70.0940162332485,70.8969229838118,0.16666666666666666,True,39.0,10,中维护
A6,2026-02-12,4,4,70.07899991544205,69.924607793739,0.49426928986562385,69.2197845140745,70.3206468299974,0.16666666666666666,True,40.0,10,中维护
A6,2026-02-13,4,4,69.3507447745443,72.66372757171725,7.08088911062012,68.6881439753778,83.2652767624026,0.16666666666666666,True,41.0,10,中维护
A6,2026-02-14,4,4,69.287697084095,69.12767743648128,0.65457384559994,68.2106732961021,69.724642281633,0.16666666666666666,True,42.0,10,中维护
A6,2026-02-15,4,0,,,,,,0.0,False,0.0,11,中维护
A6,2026-02-16,4,4,85.2474401992108,85.22452155446788,0.34388116416540654,84.7816853358303,85.6215204836196,0.16666666666666666,True,1.0,11,中维护
A6,2026-02-17,4,4,84.77555176460686,84.7830535601387,0.14186754463944196,84.6222872036608,84.9588235076803,0.16666666666666666,True,2.0,11,中维护
A6,2026-02-18,4,4,84.2918031004771,84.32014301676575,0.18146102991773874,84.1386178625786,84.5583480035302,0.16666666666666666,True,3.0,11,中维护
A6,2026-02-19,4,4,83.5170971625499,83.5987863802875,0.3681835477470819,83.2787036654806,84.0822475305696,0.16666666666666666,True,4.0,11,中维护
A6,2026-02-20,4,4,82.66459952392705,82.71293557756135,0.41711975858546724,82.2566580404095,83.2658852219818,0.16666666666666666,True,5.0,11,中维护
A6,2026-02-21,4,4,81.79168556853755,81.79436019407467,0.5444397955414261,81.1382967384128,82.4557729008108,0.16666666666666666,True,6.0,11,中维护
A6,2026-02-22,4,4,82.05933033071385,82.04050081017152,0.4008851911724817,81.5375560463699,82.5057865328885,0.16666666666666666,True,7.0,11,中维护
A6,2026-02-23,4,4,80.71680023094521,80.7088284426527,0.74294720904583,80.0052474487688,81.3964658599516,0.16666666666666666,True,8.0,11,中维护
A6,2026-02-24,4,4,81.03213604279655,80.9988725557517,0.2858183562393738,80.6746174031658,81.2566007342479,0.16666666666666666,True,9.0,11,中维护
A6,2026-02-25,4,4,80.89720153107075,80.8661805717253,0.1897721913849791,80.6291347637082,81.0411844610515,0.16666666666666666,True,10.0,11,中维护
A6,2026-02-26,4,4,80.06295558473195,79.93227081166613,0.33288945495337363,79.4457146667477,80.1574574104529,0.16666666666666666,True,11.0,11,中维护
A6,2026-02-27,4,4,79.07342656398956,78.89080743173018,0.45949120005696736,78.2092537952609,79.2071228036807,0.16666666666666666,True,12.0,11,中维护
A6,2026-02-28,4,3,78.6818817339,78.71024005164084,0.31013492596294656,78.4152582060763,79.0335802149462,0.125,True,13.0,11,中维护
A6,2026-03-01,4,4,79.28407806738406,79.25228712200649,0.2471964518051864,78.963116717408,79.4778756358499,0.16666666666666666,True,14.0,11,中维护
A6,2026-03-02,4,4,78.80388356963805,78.84392998436284,1.0451689032568452,77.8796153433541,79.8883374548212,0.16666666666666666,True,15.0,11,中维护
A6,2026-03-03,4,4,78.1974692641526,78.13382328946658,0.6501460261107102,77.4089636917742,78.7313909377869,0.16666666666666666,True,16.0,11,中维护
A6,2026-03-04,4,4,78.25356327484104,78.24158608708665,1.0746621627257016,76.9747981831232,79.4844196155413,0.16666666666666666,True,17.0,11,中维护
A6,2026-03-05,4,4,77.5717896462007,77.6118952271529,0.5160348760225096,77.1167414062625,78.1872602099477,0.16666666666666666,True,18.0,11,中维护
A6,2026-03-06,4,4,78.6618420915906,78.83853968539842,0.8701293434798137,78.1257457803352,79.9047287780773,0.16666666666666666,True,19.0,11,中维护
A6,2026-03-07,4,4,77.36037209563139,77.8314397331275,1.3135374843869612,76.8381883045636,79.7668264366836,0.16666666666666666,True,20.0,11,中维护
A6,2026-03-08,4,4,77.05740648492244,77.50250924986473,0.9506279055044947,76.9700934736506,78.9251305559634,0.16666666666666666,True,21.0,11,中维护
A6,2026-03-09,4,4,76.0083977512596,75.90012054545845,0.4628289895805242,75.2465092715185,76.3371774077961,0.16666666666666666,True,22.0,11,中维护
A6,2026-03-10,4,3,76.522657697088,76.540197347426,0.3788100233764946,76.1704618168733,76.9274725283167,0.125,True,23.0,11,中维护
A6,2026-03-11,4,4,75.6642616735023,75.80173280335345,1.7197242023902697,73.8439068169763,78.0345010494329,0.16666666666666666,True,24.0,11,中维护
A6,2026-03-12,4,4,75.59018320186705,75.45108352419147,1.0192374797298374,74.1814665201982,76.4425011728336,0.16666666666666666,True,25.0,11,中维护
A6,2026-03-13,4,4,74.83808450294525,74.50398535044897,1.1690564157800754,72.8972916273996,75.4424807685058,0.16666666666666666,True,26.0,11,中维护
A6,2026-03-14,4,4,76.0629896479376,75.84019046796297,1.4859717091431106,73.8384104570231,77.3963721189536,0.16666666666666666,True,27.0,11,中维护
A6,2026-03-15,4,4,74.48688326805505,74.70126272000607,1.063641229362728,73.738131260823,76.0931530830912,0.16666666666666666,True,28.0,11,中维护
A6,2026-03-16,4,4,73.3083894227195,73.11415951120358,1.412688651558665,71.2172362590811,74.6226229402942,0.16666666666666666,True,29.0,11,中维护
A6,2026-03-17,4,4,74.2023533010807,74.1881714527871,0.8629391716023203,73.3194229099921,75.0285562989949,0.16666666666666666,True,30.0,11,中维护
A6,2026-03-18,4,4,74.7069761994038,74.63972191518073,0.791096102042999,73.7589687875049,75.3859664744104,0.16666666666666666,True,31.0,11,中维护
A6,2026-03-19,4,4,73.48242392845555,73.40318931147144,0.6601447912143831,72.5392127823447,74.1086966066299,0.16666666666666666,True,32.0,11,中维护
A6,2026-03-20,4,4,73.64251065301605,73.73627356920113,0.8058756795473997,72.8910351417818,74.7690378289906,0.16666666666666666,True,33.0,11,中维护
A6,2026-03-21,4,3,74.1417681585173,74.07286118541272,1.2451965169906267,72.7946419501285,75.2821734475924,0.125,True,34.0,11,中维护
A6,2026-03-22,4,4,73.23913392915395,73.2684874092555,0.9882458752920766,72.0952291194621,74.500452659252,0.16666666666666666,True,35.0,11,中维护
A6,2026-03-23,4,4,72.86712737656754,72.87781956572425,0.8103862767923478,71.8971417991567,73.8798817106052,0.16666666666666666,True,36.0,11,中维护
A6,2026-03-24,4,4,73.16003427931975,73.15417505810427,0.30595751112286534,72.8706515941211,73.4259800796565,0.16666666666666666,True,37.0,11,中维护
A6,2026-03-25,4,0,,,,,,0.0,False,0.0,12,中维护
A6,2026-03-26,4,4,87.34616234694971,87.44079486687805,0.2336746835307553,87.2824933671859,87.7883614064269,0.16666666666666666,True,1.0,12,中维护
A6,2026-03-27,4,4,87.20696324122474,87.26242569789736,0.3411205570141611,86.9283867793668,87.7073895297731,0.16666666666666666,True,2.0,12,中维护
A6,2026-03-28,4,4,87.46065886143965,87.41834527859908,0.612337356784545,86.6303500334664,88.1217133580506,0.16666666666666666,True,3.0,12,中维护
A6,2026-03-29,4,4,87.38761529218615,87.06297434086892,1.0678372334661024,85.513765720883,87.9629010582204,0.16666666666666666,True,4.0,12,中维护
A6,2026-03-30,4,4,86.2553290291093,86.34714851451534,0.7223668609387193,85.5915254918008,87.286410508042,0.16666666666666666,True,5.0,12,中维护
A6,2026-03-31,4,4,85.2438890632771,85.15757079717687,0.6688130023603316,84.3277202758061,85.8147847863472,0.16666666666666666,True,6.0,12,中维护
A6,2026-04-01,4,4,85.48989590262545,85.66503280739455,0.7949156094977851,85.018654019302,86.6616854050253,0.16666666666666666,True,7.0,12,中维护
A6,2026-04-02,4,4,85.70356358463411,85.74105795466738,0.680426841496988,85.005630649992,86.5514739994093,0.16666666666666666,True,8.0,12,中维护
A6,2026-04-03,4,4,84.55541625186704,84.49442930574735,0.20946722750597638,84.1996289924902,84.6672557267651,0.16666666666666666,True,9.0,12,中维护
A6,2026-04-04,4,4,84.61153997279735,84.80870357449606,0.980538370662634,83.8411692195096,86.17056513288,0.16666666666666666,True,10.0,12,中维护
A6,2026-04-05,4,4,84.72816714323905,84.65436630479363,1.0611060629206228,83.3209884002075,85.8401425324889,0.16666666666666666,True,11.0,12,中维护
A6,2026-04-06,4,4,84.29176318060455,83.6098617360576,1.9766288073411757,80.7186800505779,85.1372405324434,0.16666666666666666,True,12.0,12,中维护
A6,2026-04-07,4,4,84.55584328624869,84.39068051867105,0.9253227923279607,83.1209874864146,85.3300480157722,0.16666666666666666,True,13.0,12,中维护
A6,2026-04-08,4,4,83.81572348102159,83.97054405381098,0.6435585475060098,83.3694751010533,84.8812541521474,0.16666666666666666,True,14.0,12,中维护
A6,2026-04-09,4,4,83.1996479522114,84.09915227409253,2.4058406237514656,82.3814270491064,87.6158861428409,0.16666666666666666,True,15.0,12,中维护
A6,2026-04-10,4,4,81.2486943197413,81.34742114754758,0.7112007722837094,80.6140903118256,82.2782056388821,0.16666666666666666,True,16.0,12,中维护
A7,2024-04-04,3,0,,,,,,0.0,False,0.0,0,观测起点
A7,2024-04-05,12,12,90.3519057414475,90.29655132706542,0.39809434150389456,89.5311472397777,90.9629377412387,0.5,True,0.0,0,观测起点
A7,2024-04-06,24,23,90.2078056977772,90.23738544598588,0.5206215911144287,88.910406237499,91.0242252279082,0.9583333333333334,True,0.0,0,观测起点
A7,2024-04-07,23,21,90.0741011597154,90.01862311915313,0.3380163726705479,89.2282073481525,90.6281617481843,0.875,True,0.0,0,观测起点
A7,2024-04-08,15,15,89.5099422658968,89.64100762459027,1.1353227407355986,87.7789740231834,91.3095150549025,0.625,True,0.0,0,观测起点
A7,2024-04-09,20,19,89.4407193417159,89.5049507095503,1.0098961434550815,87.6557373482123,91.1930946921477,0.7916666666666666,True,0.0,0,观测起点
A7,2024-04-10,15,14,89.44174448074054,89.35410750785296,0.678941172301626,88.2901683207305,91.0379874278744,0.5833333333333334,True,0.0,0,观测起点
A7,2024-04-11,22,21,89.181222469044,89.0717190409572,0.8535019345867922,87.4207169610117,90.657073863681,0.875,True,0.0,0,观测起点
A7,2024-04-12,24,24,89.026188902771,89.00943851617319,0.7673537850722887,87.0644928348042,90.6175489968712,1.0,True,0.0,0,观测起点
A7,2024-04-13,24,23,89.1486720060752,88.98204621894894,0.8612185269751121,87.4570820307673,90.5139873528496,0.9583333333333334,True,0.0,0,观测起点
A7,2024-04-14,13,13,88.6479316167135,88.51798691869985,0.8055600762122562,87.0738580666305,89.8460399668138,0.5416666666666666,True,0.0,0,观测起点
A7,2024-04-15,24,24,88.548657881861,88.50196728283782,0.8079470740927678,87.0522546051288,89.8037618110128,1.0,True,0.0,0,观测起点
A7,2024-04-16,24,24,88.5073065071559,88.46167170919864,0.8448958810491373,86.3977653502823,90.3907021790859,1.0,True,0.0,0,观测起点
A7,2024-04-17,17,16,88.34309658961504,88.4495638140391,1.185314729287664,85.8802392214892,90.0801127135079,0.6666666666666666,True,0.0,0,观测起点
A7,2024-04-18,13,13,87.7553542900698,87.78405598811895,0.6694653048045675,86.4326736346151,88.9267154154135,0.5416666666666666,True,0.0,0,观测起点
A7,2024-04-19,21,20,88.1675059577957,87.93458434118368,0.9808386839468551,86.4552115979479,89.7584563134207,0.8333333333333334,True,0.0,0,观测起点
A7,2024-04-20,12,10,87.96537147504296,87.9450173016531,0.9606781491097505,85.7012559739658,88.870792456728,0.4166666666666667,True,0.0,0,观测起点
A7,2024-04-21,10,10,87.00944157570501,86.9889881387101,0.9738701144099775,85.6775540414948,88.6807051311773,0.4166666666666667,True,0.0,0,观测起点
A7,2024-04-24,12,12,86.7445798846649,86.75961500865598,0.9589016057992952,84.9414418663033,88.6018124663687,0.5,True,0.0,0,观测起点
A7,2024-04-25,8,6,86.1227150838745,86.33085288009484,0.9625892457875979,84.9230217108665,87.5396429608978,0.25,True,0.0,0,观测起点
A7,2024-04-26,22,22,86.13704513004126,86.21025285380504,0.9094523139628679,84.1218342016017,87.5784045616871,0.9166666666666666,True,0.0,0,观测起点
A7,2024-04-27,21,20,85.50990405767371,85.45678617653317,0.7784773612871893,83.7283912950775,86.6607114019729,0.8333333333333334,True,0.0,0,观测起点
A7,2024-04-28,18,17,85.3994450299647,85.33564473886744,0.9817214544310603,83.9577092390245,87.3905935022423,0.7083333333333334,True,0.0,0,观测起点
A7,2024-04-29,10,10,84.8944864039947,84.989218997274,0.7474102715851642,83.7998471036098,86.3405425809247,0.4166666666666667,True,0.0,0,观测起点
A7,2024-05-14,10,10,85.21836383258315,85.06186207412141,1.0643115603840283,83.2855836763324,86.1585049161478,0.4166666666666667,True,0.0,0,观测起点
A7,2024-05-15,22,22,83.88838332748179,83.87663683512355,1.085186375278465,81.0359906553108,85.5842219352689,0.9166666666666666,True,0.0,0,观测起点
A7,2024-05-16,24,24,83.5841573628474,83.62287299907031,0.966834632279203,81.980621256969,85.2859892123166,1.0,True,0.0,0,观测起点
A7,2024-05-17,19,19,83.876096853884,83.04292909621127,4.26868478429706,65.8844846395889,86.3715538966994,0.7916666666666666,True,0.0,0,观测起点
A7,2024-05-18,15,0,,,,,,0.0,False,0.0,1,中维护
A7,2024-05-19,21,21,94.0550721287407,94.0165747235236,0.5471630569225353,92.9555893386354,94.9420823301947,0.875,True,1.0,1,中维护
A7,2024-05-20,24,24,93.75478461332969,93.87551331966654,0.49862099907020446,93.1196290841943,94.9396394732638,1.0,True,2.0,1,中维护
A7,2024-05-21,20,19,93.5790785090169,93.70320855958313,0.49938135788837246,93.0807567717914,94.6473078406295,0.7916666666666666,True,3.0,1,中维护
A7,2024-05-22,12,12,93.67150176649244,93.50201971213437,1.0739397227499914,90.6165903208883,94.8358966075982,0.5,True,4.0,1,中维护
A7,2024-05-23,23,22,93.22863181592405,93.16848716190624,1.0875148696088848,90.8504845701074,94.9146974768541,0.9166666666666666,True,5.0,1,中维护
A7,2024-05-24,24,22,92.782347455575,93.03391704834415,0.9887297635011153,91.4324862261932,94.9889538595508,0.9166666666666666,True,6.0,1,中维护
A7,2024-05-25,20,20,92.696269573303,92.67785535563891,1.2546236420425827,90.5055672507537,95.1613461429325,0.8333333333333334,True,7.0,1,中维护
A7,2024-05-26,10,10,92.69328059917436,92.55684461237928,0.4896920431118492,91.691742499417,93.2762420979262,0.4166666666666667,True,8.0,1,中维护
A7,2024-05-27,19,19,92.3731152499784,92.5409935278872,0.6936045216711276,91.3878973393724,94.1879030364505,0.7916666666666666,True,9.0,1,中维护
A7,2024-05-28,22,22,92.6632299998883,92.61188894389187,0.9645156004730304,91.1517154423546,94.8898581979606,0.9166666666666666,True,10.0,1,中维护
A7,2024-05-29,22,22,91.99199477407524,91.83893883373656,1.0123354899940329,89.2336178752753,93.481344700414,0.9166666666666666,True,11.0,1,中维护
A7,2024-05-30,12,12,91.13814720601395,91.44743323816488,0.940040966179064,90.196650922988,93.207410516354,0.5,True,12.0,1,中维护
A7,2024-05-31,19,18,91.71365017751695,91.40534874224194,1.0438462489536418,89.0960443439689,92.9408624168687,0.75,True,13.0,1,中维护
A7,2024-06-01,10,10,91.53623276631305,91.77677096970781,1.2778224624900407,89.6855674101827,93.7753865358281,0.4166666666666667,True,14.0,1,中维护
A7,2024-06-03,4,4,91.8348845080925,93.4132034933572,4.0727599628915145,90.5476258524768,99.435419104767,0.16666666666666666,True,16.0,1,中维护
A7,2024-06-04,22,22,90.63418964884926,90.83007250850348,1.3795177658660551,87.4431652136711,92.6759349856875,0.9166666666666666,True,17.0,1,中维护
A7,2024-06-05,24,24,90.3848155642113,90.42554435180726,1.8965143615179614,86.9570137745191,93.8779314418721,1.0,True,18.0,1,中维护
A7,2024-06-06,21,21,90.4600496533864,90.92019383149899,2.137085582513242,84.9554107015485,95.1914102471154,0.875,True,19.0,1,中维护
A7,2024-06-07,14,13,91.1927860227213,90.77445185151598,1.4289661616162004,87.8363855089938,93.0810757295287,0.5416666666666666,True,20.0,1,中维护
A7,2024-06-08,20,20,90.54796457534975,90.52527726663003,1.861220828154324,86.9443628238198,93.0579863691906,0.8333333333333334,True,21.0,1,中维护
A7,2024-06-09,24,24,90.6036503747069,90.3101901170901,1.5717259579547744,86.3126963378005,92.6870970313351,1.0,True,22.0,1,中维护
A7,2024-06-10,24,24,90.03554062498455,90.06886186595938,1.6738915285433689,86.5215312463114,92.8641961254258,1.0,True,23.0,1,中维护
A7,2024-06-11,19,13,89.2119985987133,89.60901324384693,1.733512467287771,87.2255841477242,92.7467843026533,0.5416666666666666,True,24.0,1,中维护
A7,2024-06-12,16,15,90.382694658346,90.33969643683434,1.073347524180724,88.0985402529022,91.8932085085284,0.625,True,25.0,1,中维护
A7,2024-06-13,24,21,89.3674990037577,89.67579213233357,2.050166550317648,85.4351700047006,92.7159523023935,0.875,True,26.0,1,中维护
A7,2024-06-14,23,22,89.48266100626985,89.46239389256094,1.4890427076716328,86.9800829240547,92.7761123703036,0.9166666666666666,True,27.0,1,中维护
A7,2024-06-15,22,22,90.06920018733089,89.76883483331875,1.3949063169435683,86.598318322272,92.565705611598,0.9166666666666666,True,28.0,1,中维护
A7,2024-06-16,13,13,88.7006316463142,88.34658949457155,1.3549822505936686,85.8210814240592,90.0667980451149,0.5416666666666666,True,29.0,1,中维护
A7,2024-06-17,23,23,88.482157990012,88.62462475956056,1.4014238187705486,84.8506493623627,91.3106454523133,0.9583333333333334,True,30.0,1,中维护
A7,2024-06-18,24,24,89.35162402599585,88.91691342615093,1.5603949705779785,85.9393438966007,92.220620838675,1.0,True,31.0,1,中维护
A7,2024-06-19,24,24,88.3114698234956,88.65539221483363,1.7526526054509928,85.158576840177,93.3068116578601,1.0,True,32.0,1,中维护
A7,2024-06-20,12,12,89.05984809418484,88.59519377285062,1.7670064539920691,85.5968934302568,90.8293221656614,0.5,True,33.0,1,中维护
A7,2024-06-21,24,24,88.43891678431746,88.18635740011685,1.4648459711335968,85.1435333880765,90.6346873742266,1.0,True,34.0,1,中维护
A7,2024-06-22,23,23,88.8120715423144,88.71086963399924,1.373893013688375,85.9453094208831,91.6800347948544,0.9583333333333334,True,35.0,1,中维护
A7,2024-06-23,24,23,87.6262769155789,88.01980506510631,2.081705797956004,84.0626584292391,92.1618404019654,0.9583333333333334,True,36.0,1,中维护
A7,2024-06-24,9,9,88.4110469994837,88.26205422456115,1.3374342424847596,85.5049434402894,89.64653955767,0.375,True,37.0,1,中维护
A7,2024-06-25,24,23,87.7150712323876,87.99550115554736,1.5240054063494861,84.4999218587728,90.5401626234136,0.9583333333333334,True,38.0,1,中维护
A7,2024-06-26,22,22,88.2658719652972,88.2629793634787,1.9928988504768546,84.2095625482471,92.8595914533023,0.9166666666666666,True,39.0,1,中维护
A7,2024-06-27,24,23,87.565227079946,88.02726390584652,1.6892547835025733,85.4859736545607,91.4902051025487,0.9583333333333334,True,40.0,1,中维护
A7,2024-06-28,12,11,88.0200514436626,87.51611451842444,1.3836636546732062,85.6475894276193,89.0988572888756,0.4583333333333333,True,41.0,1,中维护
A7,2024-06-29,23,23,87.0348528446334,87.02516911392051,1.3776504053169287,84.8130224313992,89.5114154888903,0.9583333333333334,True,42.0,1,中维护
A7,2024-06-30,24,22,87.21012714211945,87.46760446659172,1.7595483758390846,84.7584756696291,90.2825148301172,0.9166666666666666,True,43.0,1,中维护
A7,2024-07-01,21,21,86.8519046788148,87.25224593406661,3.672779229199942,79.6262075353301,93.0429654923561,0.875,True,44.0,1,中维护
A7,2024-07-02,13,13,86.19385934863,86.52028067266345,4.4901060604272764,78.2288853309383,95.8386452143674,0.5416666666666666,True,45.0,1,中维护
A7,2024-07-03,22,21,86.2334507395979,86.88465778713808,3.895948803543113,80.484627248031,94.7348270534964,0.875,True,46.0,1,中维护
A7,2024-07-04,17,0,,,,,,0.0,False,0.0,2,中维护
A7,2024-07-05,4,4,104.652294379127,104.07401038071976,2.1919338810935023,100.954603912957,106.036848851668,0.16666666666666666,True,1.0,2,中维护
A7,2024-07-06,4,4,103.758376629854,103.85653791559325,2.3698566174439057,101.301205447428,106.608192955237,0.16666666666666666,True,2.0,2,中维护
A7,2024-07-07,4,4,104.34057372844251,103.26615222915248,2.183867386985427,99.9905838594509,104.392877600274,0.16666666666666666,True,3.0,2,中维护
A7,2024-07-08,4,4,104.691365729562,105.0756098624995,3.3102381321552365,101.463569806902,109.456138183972,0.16666666666666666,True,4.0,2,中维护
A7,2024-07-09,4,4,100.060418673315,99.45385400074578,2.8322823362958647,95.6568023123591,102.037776343994,0.16666666666666666,True,5.0,2,中维护
A7,2024-07-10,4,4,104.9324840430625,104.45172900239575,2.2007731296304547,101.429835380584,106.512112542874,0.16666666666666666,True,6.0,2,中维护
A7,2024-07-11,4,4,102.925848155558,103.46947695425101,2.0722942389199352,101.62731785649,106.398893649398,0.16666666666666666,True,7.0,2,中维护
A7,2024-07-12,4,4,106.1452618264725,105.09299328529501,2.9356146723055865,100.780538898558,107.300910589677,0.16666666666666666,True,8.0,2,中维护
A7,2024-07-13,4,4,105.242081159346,104.65803913721925,2.744442389625883,100.896421619737,107.251572610448,0.16666666666666666,True,9.0,2,中维护
A7,2024-07-14,4,4,103.0872752968895,103.47794389440463,4.513068510194067,98.7324940463605,109.004730937479,0.16666666666666666,True,10.0,2,中维护
A7,2024-07-15,4,4,100.8782691857835,102.41021379532376,3.5314122345816727,100.199046740608,107.68527006912,0.16666666666666666,True,11.0,2,中维护
A7,2024-07-16,4,4,104.177220542193,104.0363923601095,1.0943711998911636,102.571468942183,105.219659413869,0.16666666666666666,True,12.0,2,中维护
A7,2024-07-17,4,4,101.89410040639899,102.56718246354222,3.5385861096651756,99.1552325203639,107.325296521007,0.16666666666666666,True,13.0,2,中维护
A7,2024-07-18,4,4,103.1842913728445,105.0606465715935,3.936929679187996,102.911282921111,110.962720619574,0.16666666666666666,True,14.0,2,中维护
A7,2024-07-19,4,4,103.749890754733,103.39553501735325,2.8709547586558735,100.04616159219,106.036196967757,0.16666666666666666,True,15.0,2,中维护
A7,2024-07-20,4,4,104.264961413677,103.911940109525,1.732772631814027,101.544855758594,105.572981852152,0.16666666666666666,True,16.0,2,中维护
A7,2024-07-21,4,4,100.831822448396,100.93926657107875,0.613618349421027,100.345455996214,101.747965391309,0.16666666666666666,True,17.0,2,中维护
A7,2024-07-22,4,4,104.551711152046,105.066490667578,1.7876420869970173,103.517955432222,107.644584933998,0.16666666666666666,True,18.0,2,中维护
A7,2024-07-23,4,4,106.3897943422295,105.08372741804605,3.988573311272959,99.5325859685922,108.022735019133,0.16666666666666666,True,19.0,2,中维护
A7,2024-07-24,4,4,103.8566925103225,104.27724016888902,4.823207926952641,98.9830773951931,110.412498259718,0.16666666666666666,True,20.0,2,中维护
A7,2024-07-25,4,4,102.9239144585095,102.29242102354662,1.5455740502875344,99.9928518017605,103.329003375407,0.16666666666666666,True,21.0,2,中维护
A7,2024-07-26,4,4,102.497732369066,101.7040423171597,2.1136174187343983,98.5779169392528,103.242787591254,0.16666666666666666,True,22.0,2,中维护
A7,2024-07-27,4,4,103.03353024774,103.02193039254175,1.833601915211647,101.095547037282,104.925114037405,0.16666666666666666,True,23.0,2,中维护
A7,2024-07-28,4,4,100.6058432075348,102.11105330977095,4.1407858786364,99.0921244846452,108.140402339369,0.16666666666666666,True,24.0,2,中维护
A7,2024-07-29,4,4,103.42547458921649,102.8841749061325,1.339153555888547,100.894019108563,103.791731337534,0.16666666666666666,True,25.0,2,中维护
A7,2024-07-30,4,4,103.4141261806395,104.53889292179599,3.3021531265373167,101.946921238443,109.380398087462,0.16666666666666666,True,26.0,2,中维护
A7,2024-07-31,4,4,103.21866903725649,103.8335921314435,1.7845853052069716,102.474034966646,106.422995484615,0.16666666666666666,True,27.0,2,中维护
A7,2024-08-01,4,4,103.2493329906425,103.27593264475274,2.681456330268521,100.262877307231,106.342187290495,0.16666666666666666,True,28.0,2,中维护
A7,2024-08-02,4,4,102.376574028678,102.8115382395515,1.7485185391750828,101.245163838854,105.247841061996,0.16666666666666666,True,29.0,2,中维护
A7,2024-08-03,4,4,103.1721545113715,102.40404244886108,2.0179123094776217,99.4452961162183,103.826564656483,0.16666666666666666,True,30.0,2,中维护
A7,2024-08-04,4,4,102.578032947334,102.5797048440425,0.5330591803563117,101.930111763024,103.232641718478,0.16666666666666666,True,31.0,2,中维护
A7,2024-08-05,4,3,102.373353558042,101.90684507607334,1.200977349317641,100.542607205339,102.804574464839,0.125,True,32.0,2,中维护
A7,2024-08-06,4,4,102.2962851523645,101.76923809715613,1.243644213847364,99.9141131160825,102.570268967813,0.16666666666666666,True,33.0,2,中维护
A7,2024-08-07,4,4,101.5146867076975,101.3644611784415,0.987872346672895,100.0386007132,102.389870585171,0.16666666666666666,True,34.0,2,中维护
A7,2024-08-08,4,4,102.38090535159449,102.94413956546624,1.6059248600087694,101.710750328064,105.303997230612,0.16666666666666666,True,35.0,2,中维护
A7,2024-08-09,4,4,99.5931644600482,99.86463265386662,2.1983069874889813,97.6741648636061,102.598036831764,0.16666666666666666,True,36.0,2,中维护
A7,2024-08-10,4,3,102.323985037723,101.69148981273933,1.3288482138549216,100.16453995847,102.585944442025,0.125,True,37.0,2,中维护
A7,2024-08-11,4,4,99.88072146601954,100.20932546679693,1.8975042368068686,98.2841051515356,102.791753783613,0.16666666666666666,True,38.0,2,中维护
A7,2024-08-12,4,4,100.52850365776276,100.38941078136612,2.2081985944786555,98.037373012516,102.463262797423,0.16666666666666666,True,39.0,2,中维护
A7,2024-08-13,4,4,102.9282976090445,102.2618543017894,2.7107737518900725,98.4141123104736,104.776709678595,0.16666666666666666,True,40.0,2,中维护
A7,2024-08-14,4,3,99.1706269916041,99.18410768694963,0.3999950236309077,98.7910234204861,99.5906726487587,0.125,True,41.0,2,中维护
A7,2024-08-15,4,4,101.2632016245665,102.2401883883045,2.7350863814110977,100.189988379632,106.244361924453,0.16666666666666666,True,42.0,2,中维护
A7,2024-08-16,4,3,100.598901382813,99.88929656658054,1.6468548157158784,98.0065947711906,101.062393545738,0.125,True,43.0,2,中维护
A7,2024-08-17,4,4,100.94795110372101,100.53402157058663,1.1406779217393859,98.8516996837955,101.388484391109,0.16666666666666666,True,44.0,2,中维护
A7,2024-08-18,4,4,100.525113514979,101.36776841163187,2.3203446570897786,99.6548490672855,104.765997549284,0.16666666666666666,True,45.0,2,中维护
A7,2024-08-19,4,4,101.6735201273145,101.84879480990026,0.7284455791919555,101.17136068711,102.876778297862,0.16666666666666666,True,46.0,2,中维护
A7,2024-08-20,4,4,101.8409648019795,102.00548888008325,0.8977250022322013,101.147693975836,103.192331940538,0.16666666666666666,True,47.0,2,中维护
A7,2024-08-21,4,3,102.141259383986,102.578901387798,1.1590920897648087,101.702347303293,103.893097476115,0.125,True,48.0,2,中维护
A7,2024-08-22,4,4,100.6243449930935,100.86952989119234,1.0570672384911128,99.9061797423814,102.323249836201,0.16666666666666666,True,49.0,2,中维护
A7,2024-08-23,4,4,101.1167610630165,100.24390354190237,2.6567336191481483,96.4234711958645,102.318620845712,0.16666666666666666,True,50.0,2,中维护
A7,2024-08-24,4,4,101.9838515791065,101.50090118535903,2.7284559206947563,97.8127541194991,104.223147463724,0.16666666666666666,True,51.0,2,中维护
A7,2024-08-25,4,4,100.838850665732,100.85227536499718,2.6252355309682174,97.7255633772477,104.005836751277,0.16666666666666666,True,52.0,2,中维护
A7,2024-08-26,11,11,99.9822212318683,100.61490136845272,2.44757134031214,97.9803303059068,104.632647535818,0.4583333333333333,True,53.0,2,中维护
A7,2024-08-27,24,24,100.01010452199401,100.13184857664254,2.066346703513292,96.6641306648773,104.102542007682,1.0,True,54.0,2,中维护
A7,2024-08-28,24,24,100.2287247433985,99.93173174287712,1.9580102544607918,96.4845909691053,103.011199846269,1.0,True,55.0,2,中维护
A7,2024-08-29,24,24,100.4046650748985,100.36134702702616,1.4641735171038905,97.9327048411221,103.302991886241,1.0,True,56.0,2,中维护
A7,2024-08-30,12,12,99.7751412956617,100.29125832392032,1.8892485565388004,97.2150938613272,103.174889111066,0.5,True,57.0,2,中维护
A7,2024-08-31,24,22,100.375117121745,99.98043534036759,1.971755432189505,96.3636389633882,103.395137126712,0.9166666666666666,True,58.0,2,中维护
A7,2024-09-01,17,16,99.3016577122794,99.33181247378425,0.6001288814987752,98.5216134571901,100.843501895233,0.6666666666666666,True,59.0,2,中维护
A7,2024-09-02,12,12,98.1788474452808,98.23544993657622,0.5557090886393001,97.4718260717331,99.175443700297,0.5,True,60.0,2,中维护
A7,2024-09-03,11,11,97.3734824941603,97.30756320433937,0.5691361231903599,96.3620112989832,97.9965874153187,0.4583333333333333,True,61.0,2,中维护
A7,2024-09-04,24,24,97.25953955555079,97.1986714655291,0.6985096974250519,95.3722666287966,98.3009649983917,1.0,True,62.0,2,中维护
A7,2024-09-05,24,24,97.1767107546953,97.05803937016418,0.6913386549290463,95.8067469546102,98.3285344746981,1.0,True,63.0,2,中维护
A7,2024-09-06,24,24,96.47619475457645,96.5037635999716,0.5821414921936291,95.1269112286937,97.4841057693586,1.0,True,64.0,2,中维护
A7,2024-09-07,14,14,96.1114492269358,96.14505759155868,0.7231384052233201,95.0210368633664,97.3800032727156,0.5833333333333334,True,65.0,2,中维护
A7,2024-09-08,23,20,95.69728594335166,95.63205058172761,0.6504114251587025,94.4193523909955,96.6708269965141,0.8333333333333334,True,66.0,2,中维护
A7,2024-09-09,24,19,94.5673213618247,94.5864456615914,0.5809966300410931,93.6178963529731,95.9533870389146,0.7916666666666666,True,67.0,2,中维护
A7,2024-09-10,24,24,94.0245011169358,93.93976393209122,0.7800186094696536,92.5865601979392,95.2297719151189,1.0,True,68.0,2,中维护
A7,2024-09-11,12,12,93.0899063667773,93.2668772174337,0.6297757718800447,92.3589420825511,94.2649220158737,0.5,True,69.0,2,中维护
A7,2024-09-12,24,24,92.71285789492441,92.7620138159121,0.7123347532661478,91.4114139136754,93.9667069272537,1.0,True,70.0,2,中维护
A7,2024-09-13,24,24,92.224883064127,92.27521625839843,0.6587518762332841,90.8419484526854,93.2697215695768,1.0,True,71.0,2,中维护
A7,2024-09-14,24,24,91.33355709757231,91.31695531028136,0.5737057437430891,90.0025018914206,92.4968745515229,1.0,True,72.0,2,中维护
A7,2024-09-15,15,15,91.1702199667472,91.02624555981112,0.6489443832923837,89.0511132385619,91.7027304252522,0.625,True,73.0,2,中维护
A7,2024-09-16,22,22,90.5708081656653,90.54394381364749,0.8443346817791655,89.1401561226359,92.2410763460316,0.9166666666666666,True,74.0,2,中维护
A7,2024-09-17,23,23,90.7466163126662,90.82751797795132,0.6163255169831322,89.4928887605573,91.7282964330699,0.9583333333333334,True,75.0,2,中维护
A7,2024-09-18,24,20,90.74525769675095,90.81947664111007,0.7920993420511574,89.2770556016889,92.2983754528679,0.8333333333333334,True,76.0,2,中维护
A7,2024-09-19,22,21,90.7707240291638,90.68717279931487,0.8452629702305483,89.3735964348818,92.7172005836401,0.875,True,77.0,2,中维护
A7,2024-09-20,16,13,90.1826284762175,90.21411039869739,0.7251087756368839,89.0478604945433,91.8387953263912,0.5416666666666666,True,78.0,2,中维护
A7,2024-09-21,24,22,89.19363153760816,89.14317343650355,0.5841709547343761,88.018896206942,90.4924978054341,0.9166666666666666,True,79.0,2,中维护
A7,2024-09-22,24,24,88.7269719532506,88.85798102731322,0.7863648179671896,87.7693818955456,90.9026229496976,1.0,True,80.0,2,中维护
A7,2024-09-23,23,22,88.0552704072424,88.10097911823672,0.5088852488177467,87.2001212852761,88.825331720609,0.9166666666666666,True,81.0,2,中维护
A7,2024-09-24,12,0,,,,,,0.0,False,0.0,3,中维护
A7,2024-09-25,24,24,121.596704296963,121.57668014207242,0.36989128264537413,120.875173278792,122.175392397339,1.0,True,1.0,3,中维护
A7,2024-09-26,24,24,120.755908887521,121.27367845054204,2.6578318040478823,119.893913113478,133.63155507924,1.0,True,2.0,3,中维护
A7,2024-09-27,24,24,120.3999389776045,120.43005546465032,0.32278092420028076,119.863822004316,121.006355871604,1.0,True,3.0,3,中维护
A7,2024-09-28,14,14,120.5245795063275,120.469475307163,0.6498319661261295,119.390843995973,121.358306332205,0.5833333333333334,True,4.0,3,中维护
A7,2024-09-29,24,24,119.951448811099,119.892155587456,0.6276202406516647,118.664205378673,120.969086208318,1.0,True,5.0,3,中维护
A7,2024-09-30,24,16,119.463188733291,119.46942207109718,0.49839864876172524,118.321593208418,120.55177533567,0.6666666666666666,True,6.0,3,中维护
A7,2024-10-01,19,19,118.245765263042,118.21582185043322,0.8363948329999555,116.779028828408,119.704386051286,0.7916666666666666,True,7.0,3,中维护
A7,2024-10-02,12,12,118.83240425320301,118.64570454422392,1.0288458701066268,116.932567462398,119.946199802773,0.5,True,8.0,3,中维护
A7,2024-10-03,24,24,118.451014645288,118.36567060530133,0.7898879909513171,116.917460523181,120.24733449205,1.0,True,9.0,3,中维护
A7,2024-10-04,24,24,117.53128595623801,117.67434946114251,1.0333537594857922,115.716700909048,119.987805886186,1.0,True,10.0,3,中维护
A7,2024-10-05,24,22,117.03814690751099,117.1226569551809,0.8357055884559874,115.685397437575,118.880593683784,0.9166666666666666,True,11.0,3,中维护
A7,2024-10-06,15,13,116.856584059476,116.78007725845139,0.5691109593425121,115.981470616237,117.848305132767,0.5416666666666666,True,12.0,3,中维护
A7,2024-10-07,21,21,116.059436702544,116.18953250700649,0.7933755742650652,114.917196967817,117.924287249415,0.875,True,13.0,3,中维护
A7,2024-10-08,24,24,115.5071614891525,115.6311533041232,1.1474939731903486,113.74025181718,117.574244998089,1.0,True,14.0,3,中维护
A7,2024-10-09,23,23,115.363249262051,115.14734124499701,0.8266964418400246,113.568842174542,116.503445894153,0.9583333333333334,True,15.0,3,中维护
A7,2024-10-10,19,19,114.642610521363,114.48762685100543,0.7308711473994602,112.995282000561,115.980237361244,0.7916666666666666,True,16.0,3,中维护
A7,2024-10-11,17,17,112.881765575356,112.97693687494005,0.9275463883074732,111.58116473019,114.84662791766,0.7083333333333334,True,17.0,3,中维护
A7,2024-10-12,24,23,112.494910949974,112.31792569952756,0.8515801491829484,110.237882031613,113.93631836902,0.9583333333333334,True,18.0,3,中维护
A7,2024-10-13,24,24,111.43077792903301,111.45617921713296,0.7897520986233684,109.571925058457,113.035006160029,1.0,True,19.0,3,中维护
A7,2024-10-14,22,21,110.863937743729,110.85561373250985,0.9799333844987242,108.766852320129,112.637222210106,0.875,True,20.0,3,中维护
A7,2024-10-15,14,14,110.80462841412799,110.83288625471992,0.7139195387648988,109.488732602098,111.941594740422,0.5833333333333334,True,21.0,3,中维护
A7,2024-10-16,22,20,110.057228381893,110.06126476896404,0.9854750236229768,108.580001885698,112.085172353783,0.8333333333333334,True,22.0,3,中维护
A7,2024-10-17,24,24,109.2393702737105,109.45368950589666,0.6694677749072101,108.139745893784,110.91622121087,1.0,True,23.0,3,中维护
A7,2024-10-18,24,24,108.476256639271,108.41766272254621,0.6356167347819429,106.913116636635,109.537260739588,1.0,True,24.0,3,中维护
A7,2024-10-19,12,12,108.54489400312849,108.18996090480168,0.8076042808178885,106.789893089489,109.428633141758,0.5,True,25.0,3,中维护
A7,2024-10-20,24,24,107.5172892712295,107.47880515827158,0.8421232278979672,105.512203809316,109.269070799452,1.0,True,26.0,3,中维护
A7,2024-10-21,24,24,107.056460459436,107.1064133263901,0.5539516933414749,106.006834175067,108.036171881632,1.0,True,27.0,3,中维护
A7,2024-10-22,23,23,106.395740076185,106.39645597047347,0.7612346608456942,105.298988010546,107.985506669318,0.9583333333333334,True,28.0,3,中维护
A7,2024-10-23,24,24,105.727842001046,105.70926286452554,0.8380821155921979,103.639468873566,107.620189636002,1.0,True,29.0,3,中维护
A7,2024-10-24,24,24,104.329206913472,104.27488644136362,1.1003639447496938,102.006444087138,106.30617854964,1.0,True,30.0,3,中维护
A7,2024-10-25,24,24,103.615824653871,103.81708185203576,0.8395731645993352,102.400484118553,105.813918751525,1.0,True,31.0,3,中维护
A7,2024-10-26,24,24,103.30991604489199,103.37248433272934,1.028147884989555,101.10250589907,105.263075172979,1.0,True,32.0,3,中维护
A7,2024-10-27,14,12,102.93001378545401,102.72860938072809,0.7254308314585715,101.268184131579,103.855552393112,0.5,True,33.0,3,中维护
A7,2024-10-28,24,23,101.725851142462,101.96545274642084,1.549931752979786,100.109145047248,108.169479936927,0.9583333333333334,True,34.0,3,中维护
A7,2024-10-29,24,23,101.226144353943,101.34256487308024,0.6183300226328085,99.8807774157342,102.495449027897,0.9583333333333334,True,35.0,3,中维护
A7,2024-10-30,24,24,100.7673801748335,100.82607225492904,0.7868057467111326,99.6787295137865,102.300290010963,1.0,True,36.0,3,中维护
A7,2024-10-31,17,17,100.094199056648,100.35917509019673,0.7296194911373254,99.1666505989135,101.729135676548,0.7083333333333334,True,37.0,3,中维护
A7,2024-11-03,3,3,98.8021563124774,98.87017544952033,0.4437764375036549,98.4643355276131,99.3440345084705,0.125,True,40.0,3,中维护
A7,2024-11-04,6,6,98.12995716479645,98.43647740342027,1.410890817246345,96.8196668659424,100.358038332353,0.25,True,41.0,3,中维护
A7,2024-11-05,24,24,98.12269069671035,97.90462632467722,1.3863071261602737,94.7677552474105,100.259114014589,1.0,True,42.0,3,中维护
A7,2024-11-06,19,19,96.7341987534734,96.52660862635808,1.519674129932692,93.8165657299823,99.4088559027345,0.7916666666666666,True,43.0,3,中维护
A7,2024-11-07,18,18,94.79438857050755,95.2236638771887,1.4235193536828767,93.0611845370356,97.8635173590252,0.75,True,44.0,3,中维护
A7,2024-11-08,23,21,94.9436183063766,95.19829103514031,1.3639314111754757,93.0184052675045,97.6838125176424,0.875,True,45.0,3,中维护
A7,2024-11-09,24,22,94.3983402043257,94.29868747606506,0.9659615824153102,92.4131825164965,96.2077735313605,0.9166666666666666,True,46.0,3,中维护
A7,2024-11-10,21,20,93.54256214088099,93.44488574840037,1.693978962066762,91.1175189786926,96.393135295464,0.8333333333333334,True,47.0,3,中维护
A7,2024-11-11,15,15,93.0047701834074,93.18421908207321,1.0809033778942003,91.7165785757559,95.1173905684393,0.625,True,48.0,3,中维护
A7,2024-11-12,24,24,92.9083187767441,92.685757082856,1.239869253173638,90.4843495257508,94.9619420036021,1.0,True,49.0,3,中维护
A7,2024-11-13,24,24,91.71216539913905,91.8081778381317,0.8802764904918289,89.9978183248437,93.2351448180962,1.0,True,50.0,3,中维护
A7,2024-11-14,24,23,90.8570885756939,91.10261193303076,1.0303108287269922,89.5520341398206,93.4714450383584,0.9583333333333334,True,51.0,3,中维护
A7,2024-11-15,13,13,89.443119129854,89.86827252170272,1.2173401058653577,88.4473385916901,92.0770281914736,0.5416666666666666,True,52.0,3,中维护
A7,2024-11-16,24,24,90.15618520112281,90.13114010351995,1.0934529548042757,88.1073847382794,92.3488831907389,1.0,True,53.0,3,中维护
A7,2024-11-17,24,24,89.2537810480441,89.04717605277007,1.3905841226186162,86.1680224081126,92.1626739060154,1.0,True,54.0,3,中维护
A7,2024-11-18,24,23,88.0132531075012,88.15278098536761,1.2451602379713858,86.101897829978,90.786170944986,0.9583333333333334,True,55.0,3,中维护
A7,2024-11-19,14,14,88.2633337043404,88.634976948244,1.3899734047661967,86.1921549615383,91.0472190933129,0.5833333333333334,True,56.0,3,中维护
A7,2024-11-20,24,24,87.7272229798415,87.70024148608987,0.6750573419858622,86.267721214337,88.9397250621608,1.0,True,57.0,3,中维护
A7,2024-11-21,23,23,87.8971197241524,87.739140859491,1.042053069125464,85.5470756554595,89.7467912520664,0.9583333333333334,True,58.0,3,中维护
A7,2024-11-22,24,0,,,,,,0.0,False,0.0,4,中维护
A7,2024-11-23,14,14,104.8240620023855,104.81694809072279,0.752362106931067,103.714411008022,106.393926370855,0.5833333333333334,True,1.0,4,中维护
A7,2024-11-24,24,24,104.202986805275,104.2571138166985,0.6377127742263449,103.059946411827,105.375231749868,1.0,True,2.0,4,中维护
A7,2024-11-25,24,24,103.64438935442399,103.70099868280676,0.6274221368369322,102.664644133086,105.123786877889,1.0,True,3.0,4,中维护
A7,2024-11-26,24,23,103.345661628913,103.03662837639183,1.3763099487718162,100.696901556453,105.462574096123,0.9583333333333334,True,4.0,4,中维护
A7,2024-11-27,20,20,102.2037028210575,102.2302859725525,0.8452208580214343,100.775615098267,104.391816749148,0.8333333333333334,True,5.0,4,中维护
A7,2024-11-28,16,16,101.316339255734,101.34828134463278,1.3737492556001751,98.138321008286,103.080263715938,0.6666666666666666,True,6.0,4,中维护
A7,2024-11-29,14,14,101.0193736984105,100.8504148369699,1.0976462408426155,99.0629412952164,102.361898872201,0.5833333333333334,True,7.0,4,中维护
A7,2024-11-30,24,23,99.6698780426464,99.92284473002228,1.6074664578392346,96.9742305496844,103.117814543777,0.9583333333333334,True,8.0,4,中维护
A7,2024-12-01,24,24,99.49009215525285,99.4330210582433,0.3525671111048925,98.803512546591,100.437245485462,1.0,True,9.0,4,中维护
A7,2024-12-02,8,8,98.85504516009365,98.91201478448284,0.5366853050248024,98.2556628226926,99.6266153361954,0.3333333333333333,True,10.0,4,中维护
A7,2024-12-04,5,5,98.2789254911263,98.21422823576874,0.3799956966874098,97.5760904515918,98.5079593226651,0.20833333333333334,True,12.0,4,中维护
A7,2024-12-05,24,23,98.1392360201069,98.14410679310664,0.3779440088503739,97.3324376025038,98.9556602747192,0.9583333333333334,True,13.0,4,中维护
A7,2024-12-06,24,23,96.860172808865,96.98006662155477,0.40501659795795614,96.1344640849268,97.6348418550672,0.9583333333333334,True,14.0,4,中维护
A7,2024-12-07,24,24,96.7610678466542,96.81401171087221,0.3978873331072246,95.9979303834642,97.6683808687468,1.0,True,15.0,4,中维护
A7,2024-12-08,24,24,96.2958237390589,96.32730459390986,0.8035777705346591,94.9622275810989,98.9563984449099,1.0,True,16.0,4,中维护
A7,2024-12-09,24,24,95.6626168956637,95.62384516160533,0.5120984253457298,94.7697758046749,96.6942833276569,1.0,True,17.0,4,中维护
A7,2024-12-10,24,21,95.060537614627,95.09517162845043,0.3912134266526909,94.341742203839,95.7663961038243,0.875,True,18.0,4,中维护
A7,2024-12-11,18,14,94.51818232676115,94.59543154510872,0.4600747619569638,93.8990640218837,95.3881484010377,0.5833333333333334,True,19.0,4,中维护
A7,2024-12-12,19,17,94.0012509921925,94.04894670894636,0.6367768363174132,93.0407974903965,94.9450100171595,0.7083333333333334,True,20.0,4,中维护
A7,2024-12-13,24,24,93.35015989399216,93.29741465528348,0.43454488368798355,92.5505371506538,94.4686441630228,1.0,True,21.0,4,中维护
A7,2024-12-14,23,23,93.2944802583045,93.34355786251425,0.39974720214616216,92.5386163459658,94.1094883339723,0.9583333333333334,True,22.0,4,中维护
A7,2024-12-15,18,17,92.9383277178895,93.0706913792017,0.45404613876395494,92.1761889910375,93.9062364351218,0.7083333333333334,True,23.0,4,中维护
A7,2024-12-16,16,16,92.47049729511875,92.5314243674872,0.4193448338605862,91.8247278040905,93.3804124424175,0.6666666666666666,True,24.0,4,中维护
A7,2024-12-17,24,24,91.46204616632016,91.482501753054,0.45113254965219557,90.7483873277299,92.407162396992,1.0,True,25.0,4,中维护
A7,2024-12-18,23,23,91.3369797830514,91.26607920210624,0.48346669350527866,90.3741329771662,91.9612794525678,0.9583333333333334,True,26.0,4,中维护
A7,2024-12-19,20,18,90.46110081712246,90.42677259674821,0.34170361335171984,89.6574191634082,90.8858680028263,0.75,True,27.0,4,中维护
A7,2024-12-20,15,15,90.371966377293,90.24042632556952,0.42902056398484895,89.0867403132525,90.6878643684359,0.625,True,28.0,4,中维护
A7,2024-12-21,24,24,90.0588406598037,89.95904107280074,0.44485683710471163,88.5435311294753,90.7846734397298,1.0,True,29.0,4,中维护
A7,2024-12-22,24,22,89.782091640768,89.79318180016006,0.3498771213518506,89.2823872647479,90.6164743757962,0.9166666666666666,True,30.0,4,中维护
A7,2024-12-23,22,21,89.1830549050521,89.31807499979975,0.5161778322250109,88.4651931321892,90.3601510376178,0.875,True,31.0,4,中维护
A7,2024-12-24,17,17,88.8458566956037,88.75935339584994,0.7348547978975374,86.6550178540594,89.6175496868439,0.7083333333333334,True,32.0,4,中维护
A7,2024-12-25,19,19,88.3079485116291,88.42564226412611,0.4674655080204604,87.5255821248115,89.5442179899854,0.7916666666666666,True,33.0,4,中维护
A7,2024-12-26,24,23,88.0641672279154,88.05269495245828,0.42300641874467976,86.978715456625,88.7353582794396,0.9583333333333334,True,34.0,4,中维护
A7,2024-12-27,24,21,87.3433501976436,87.22134629591976,0.41235509995832076,86.462788883867,87.799238763844,0.875,True,35.0,4,中维护
A7,2024-12-28,20,19,86.296403616074,86.34358173858793,0.44497314680360134,85.5600492660578,87.180473244201,0.7916666666666666,True,36.0,4,中维护
A7,2024-12-29,17,17,85.9716305876106,85.90545509439546,0.44125513446424297,85.1594704008572,86.7684603365245,0.7083333333333334,True,37.0,4,中维护
A7,2024-12-30,24,24,85.44108446417445,85.45976154080597,0.6635914381892688,83.2472689942669,86.55713597238,1.0,True,38.0,4,中维护
A7,2024-12-31,24,20,84.9088864606934,84.89553311654889,0.49119531354246787,84.0032488721196,85.8948468423094,0.8333333333333334,True,39.0,4,中维护
A7,2025-01-01,23,23,84.3965320796074,84.37500610784869,0.37681704734900917,83.6570966974812,84.9667013895835,0.9583333333333334,True,40.0,4,中维护
A7,2025-01-02,18,17,84.3480034270642,84.32905737838968,0.31323564877315474,83.9166252034363,84.9217464389478,0.7083333333333334,True,41.0,4,中维护
A7,2025-01-03,7,6,84.20540019343994,83.97580897673048,0.521105628445299,83.2950600372837,84.4155704947447,0.25,True,42.0,4,中维护
A7,2025-01-04,24,24,83.85483907367455,83.83459224250852,0.32704137259982347,83.0653737927849,84.4404780854362,1.0,True,43.0,4,中维护
A7,2025-01-05,16,16,83.39469912529401,83.46724216174756,0.39802850906282505,82.4748786722001,84.0674016606333,0.6666666666666666,True,44.0,4,中维护
A7,2025-01-06,21,21,83.024161520566,83.07736290177058,0.3590168384239535,82.4083842792272,83.6612941458283,0.875,True,45.0,4,中维护
A7,2025-01-07,23,19,82.2510197238555,82.34100905488125,0.35179696938876776,81.7530801253612,83.1078130840594,0.7916666666666666,True,46.0,4,中维护
A7,2025-01-08,24,24,81.65360998847015,81.72187067596118,0.4364717523530786,80.8226896980535,82.7507870047028,1.0,True,47.0,4,中维护
A7,2025-01-09,24,23,81.6765718264252,81.71464810001221,0.4309623889028146,81.1450082024244,82.7876203350536,0.9583333333333334,True,48.0,4,中维护
A7,2025-01-10,15,15,81.0967619309536,81.05006891672782,0.337197423920311,80.5884784529998,81.6734201374953,0.625,True,49.0,4,中维护
A7,2025-01-11,24,24,80.34873941892624,80.38768179156784,0.4248772206064027,79.2823648853242,81.1865031339278,1.0,True,50.0,4,中维护
A7,2025-01-12,24,24,79.7121866331899,79.71232977702404,0.3103074190195296,78.9696837925961,80.2481285767174,1.0,True,51.0,4,中维护
A7,2025-01-13,12,12,79.2129293201424,79.21899486679435,0.3550783345154516,78.6927833151407,79.774866343223,0.5,True,52.0,4,中维护
A7,2025-01-15,9,5,78.3964831984811,78.5613257336342,0.5546181676901251,77.9464798259958,79.3065575111996,0.20833333333333334,True,54.0,4,中维护
A7,2025-01-16,24,23,77.6182207078386,77.63383025899529,0.2851830961903707,77.1500455425849,78.1324519780641,0.9583333333333334,True,55.0,4,中维护
A7,2025-01-17,13,13,77.0710076734953,77.04676561710444,0.28201236220822784,76.3993446729347,77.4182293706741,0.5416666666666666,True,56.0,4,中维护
A7,2025-01-18,24,24,76.6262762157323,76.63975226746861,0.6563625951736259,74.3354783593288,77.5336565138335,1.0,True,57.0,4,中维护
A7,2025-01-19,23,23,76.2834499701426,76.84413390658122,2.915777604052844,75.4215873637466,90.0943723640836,0.9583333333333334,True,58.0,4,中维护
A7,2025-01-20,24,0,,,,,,0.0,False,0.0,5,中维护
A7,2025-01-21,9,9,80.2673586708375,79.7060902858063,1.89056080162173,74.7079903451059,80.8543345190475,0.375,True,1.0,5,中维护
A7,2025-01-22,7,7,79.5045083236408,79.53134347979396,0.13470410802970428,79.3840004148451,79.7917424593004,0.2916666666666667,True,2.0,5,中维护
A7,2025-01-23,23,23,78.7082863243047,78.66027568714439,0.2260329064386494,78.2621680774294,79.1246288437363,0.9583333333333334,True,3.0,5,中维护
A7,2025-01-24,24,18,77.70769594952415,77.72850973236687,0.44367204542462485,76.8666502136039,78.3972452726517,0.75,True,4.0,5,中维护
A7,2025-01-25,23,23,77.0046217543623,77.1732399213793,0.4525638621936067,76.691521579147,78.0144397924078,0.9583333333333334,True,5.0,5,中维护
A7,2025-01-26,24,23,76.7941295557993,76.76871542102529,0.33880381360925427,75.9984960623871,77.4536983663647,0.9583333333333334,True,6.0,5,中维护
A7,2025-01-27,23,23,76.7704982990548,76.73098472612016,0.42969526288189747,75.7584493835252,77.3072954443957,0.9583333333333334,True,7.0,5,中维护
A7,2025-01-28,24,24,76.13132494899554,76.13567266667845,0.48000427265455126,74.6383110583749,77.0151139942112,1.0,True,8.0,5,中维护
A7,2025-01-29,22,22,75.65783333030049,75.73996331884376,0.4142856628444085,74.9595674600442,76.4777301244022,0.9166666666666666,True,9.0,5,中维护
A7,2025-01-30,11,11,74.9090336242719,75.09067148762918,0.47329132729038487,74.1991255786273,75.7289634795907,0.4583333333333333,True,10.0,5,中维护
A7,2025-02-03,14,14,74.12598573241479,74.19800726618988,0.4134875184794014,73.6110822290409,74.9916262421897,0.5833333333333334,True,14.0,5,中维护
A7,2025-02-04,23,23,73.6656164485693,73.65570628711784,0.38468069556037304,72.836671336556,74.2723680045649,0.9583333333333334,True,15.0,5,中维护
A7,2025-02-05,9,9,73.1863514931819,73.30793750266434,0.27210391548021373,73.0198266600674,73.7334540243976,0.375,True,16.0,5,中维护
A7,2025-02-06,10,9,72.9355584431813,73.09978751781901,0.3652444010652958,72.7627637678485,73.8997378171846,0.375,True,17.0,5,中维护
A7,2025-02-07,18,17,72.7458609191615,72.753600069302,0.21506080162076102,72.4538792749531,73.1259704516859,0.7083333333333334,True,18.0,5,中维护
A7,2025-02-08,24,24,72.00383040689951,71.93188893352804,0.3582970337952738,71.1510383377992,72.6623517906504,1.0,True,19.0,5,中维护
A7,2025-02-09,16,16,71.39108053756945,71.38822493001561,0.34216625224994496,70.6217941169816,72.2291845583024,0.6666666666666666,True,20.0,5,中维护
A7,2025-02-10,20,20,71.36495091443794,71.35634313045195,0.35449461863583914,70.6902203266743,71.9600613711869,0.8333333333333334,True,21.0,5,中维护
A7,2025-02-11,23,23,70.995025967257,70.95782493750866,0.3390731101876366,70.033657737994,71.4652452894702,0.9583333333333334,True,22.0,5,中维护
A7,2025-02-12,22,17,70.660945529026,70.63489382550651,0.4250240889972761,69.9079151855423,71.4825014543049,0.7083333333333334,True,23.0,5,中维护
A7,2025-02-13,22,22,70.57126560103211,70.57347389021142,0.36352054472273787,69.9583673907223,71.318665475185,0.9166666666666666,True,24.0,5,中维护
A7,2025-02-14,22,22,70.0200222368872,70.01713312670667,0.45194411993130423,69.217905717385,70.8090437035573,0.9166666666666666,True,25.0,5,中维护
A7,2025-02-15,12,12,69.87284241682556,69.8139787457085,0.29494401279021837,69.355270113531,70.3607131814993,0.5,True,26.0,5,中维护
A7,2025-02-16,10,10,69.53938295988846,69.52230605786693,0.44311358697970527,69.0471054536558,70.5721544220942,0.4166666666666667,True,27.0,5,中维护
A7,2025-02-17,24,24,69.3910654766191,69.33473305043334,0.39817082392993275,68.6511463618282,70.0790123829262,1.0,True,28.0,5,中维护
A7,2025-02-18,23,23,68.834123217405,68.91046279720005,0.3426118415448192,68.3981299192776,69.494659635668,0.9583333333333334,True,29.0,5,中维护
A7,2025-02-19,24,21,68.2905017238186,68.24496115727155,0.3127638244685792,67.7042790449537,69.0357554742819,0.875,True,30.0,5,中维护
A7,2025-02-20,23,23,68.0614745599159,68.06765580434273,0.28501601596333814,67.4913251010168,68.5549532715057,0.9583333333333334,True,31.0,5,中维护
A7,2025-02-21,24,23,67.6341079505796,67.66706846880786,0.24629659045158087,67.15685926528,68.0463396105765,0.9583333333333334,True,32.0,5,中维护
A7,2025-02-22,18,18,67.33931184373711,67.33375891474569,0.24051077967804002,66.8642712273087,67.7032775890938,0.75,True,33.0,5,中维护
A7,2025-02-23,24,23,66.6336314578946,66.57805495517401,0.3273659442614848,65.8610435791437,67.0156634974827,0.9583333333333334,True,34.0,5,中维护
A7,2025-02-24,24,0,,,,,,0.0,False,0.0,6,中维护
A7,2025-02-25,18,14,96.0655505295392,96.0818657487808,0.14476822279866813,95.8408393520438,96.3759954370297,0.5833333333333334,True,1.0,6,中维护
A7,2025-02-26,16,15,95.6033616401231,95.60675717267169,0.1019382862658084,95.4601296889052,95.8138219851091,0.625,True,2.0,6,中维护
A7,2025-02-27,24,24,95.1752169503906,95.18845622842012,0.1665534861477272,94.7940622894959,95.4761480971224,1.0,True,3.0,6,中维护
A7,2025-02-28,22,20,94.64538050758719,94.55995723448997,0.36444033073524823,93.9657522843189,95.2197959117789,0.8333333333333334,True,4.0,6,中维护
A7,2025-03-01,24,24,94.5493811763451,94.5257312665219,0.8328658257399546,93.1699509203488,96.7013489559949,1.0,True,5.0,6,中维护
A7,2025-03-02,19,19,94.2912122994365,94.05600348463659,0.6070007339820574,92.8819061481401,94.8523912121703,0.7916666666666666,True,6.0,6,中维护
A7,2025-03-03,16,16,93.7751045866352,93.6766725109378,0.7200662337439224,91.9629656760778,94.7113779765909,0.6666666666666666,True,7.0,6,中维护
A7,2025-03-04,1,1,,,,,,0.041666666666666664,False,8.0,6,中维护
A7,2025-03-05,24,24,93.03132065237925,93.20780291540201,0.7076195792363695,92.1022550076435,95.2688044915884,1.0,True,9.0,6,中维护
A7,2025-03-06,24,23,93.1443358721082,93.20996530958135,0.7682387723548723,91.3040214091269,94.5957325833429,0.9583333333333334,True,10.0,6,中维护
A7,2025-03-07,24,24,92.77513089734691,92.85679822464745,0.7314414318292862,91.5206887850862,94.3796265258909,1.0,True,11.0,6,中维护
A7,2025-03-08,22,22,93.12778773528089,93.111765330334,0.5907206217467703,91.4693526831794,94.0162464759951,0.9166666666666666,True,12.0,6,中维护
A7,2025-03-09,24,24,92.4833437000926,92.62649536939274,0.8528486547300703,91.2339343656232,94.2018026346024,1.0,True,13.0,6,中维护
A7,2025-03-10,16,14,92.40232851024075,92.34228127857764,0.7861520865684593,91.0655766766229,93.7491267533771,0.5833333333333334,True,14.0,6,中维护
A7,2025-03-11,19,19,91.8730862356314,91.85017775425159,0.622197862744428,90.9195607609646,92.8437636101183,0.7916666666666666,True,15.0,6,中维护
A7,2025-03-12,13,13,91.5358694118553,91.82660929850937,0.8745509837319536,90.1351779382196,93.3652679845347,0.5416666666666666,True,16.0,6,中维护
A7,2025-03-13,24,21,92.0647732817593,91.75756462314173,1.0442982130194867,89.7564440204417,93.5564674870935,0.875,True,17.0,6,中维护
A7,2025-03-14,24,23,91.295507523973,91.30550495957353,0.8574631443419215,89.7797747457793,93.0735380847155,0.9583333333333334,True,18.0,6,中维护
A7,2025-03-15,13,13,90.8485199948855,90.90454836496218,0.8750066757705691,88.5549599477465,91.9536445824639,0.5416666666666666,True,19.0,6,中维护
A7,2025-03-16,22,21,90.8570683579259,90.81614062612522,0.8529376169368188,89.35167937991,92.1470568344111,0.875,True,20.0,6,中维护
A7,2025-03-17,24,24,90.78584050990305,90.8530348901436,0.6779762475467163,89.4396147344066,92.4881076319573,1.0,True,21.0,6,中维护
A7,2025-03-18,22,21,91.0820309812866,90.87336453877114,0.7322039187542165,89.2695483327633,92.0540030193632,0.875,True,22.0,6,中维护
A7,2025-03-19,24,23,90.5089041749534,90.37121798610475,0.7002773015065464,88.8564470400755,91.5013384315482,0.9583333333333334,True,23.0,6,中维护
A7,2025-03-20,14,14,90.03813779307026,90.12906237439647,0.830895178688669,88.8478098775164,91.744925092315,0.5833333333333334,True,24.0,6,中维护
A7,2025-03-21,20,17,89.9494809722213,89.95475357777936,0.9584717486261017,87.9414760194637,92.1371607688509,0.7083333333333334,True,25.0,6,中维护
A7,2025-03-22,2,2,,,,,,0.08333333333333333,False,26.0,6,中维护
A7,2025-03-23,11,11,89.697156385745,89.46375086060553,0.7027791210866516,88.3506973766675,90.5181081432766,0.4583333333333333,True,27.0,6,中维护
A7,2025-03-24,20,19,89.2193462866611,89.18738035643369,0.6639529572264065,88.1303596108691,90.1732044242358,0.7916666666666666,True,28.0,6,中维护
A7,2025-03-25,24,24,88.95085161586155,88.75359585767247,0.7601123416107677,86.3200772985013,90.1559525934179,1.0,True,29.0,6,中维护
A7,2025-03-26,20,16,88.5280053589225,88.5473328532552,0.7644952618364694,86.7747600442406,89.8881167471974,0.6666666666666666,True,30.0,6,中维护
A7,2025-03-27,24,23,88.1282173952481,88.14380047116715,0.7768103768735951,86.9047912446989,89.4919781843602,0.9583333333333334,True,31.0,6,中维护
A7,2025-03-28,23,18,87.64328922547145,87.90781216141767,0.9925955235059885,86.4832117781865,90.4267353320833,0.75,True,32.0,6,中维护
A7,2025-03-29,24,24,87.65238979938255,87.63751777529018,0.7746798849822429,86.414006237675,89.1100661611543,1.0,True,33.0,6,中维护
A7,2025-03-30,11,11,87.3276367499098,87.53805334094356,0.8632309805614764,86.0630982772081,88.8009502951236,0.4583333333333333,True,34.0,6,中维护
A7,2025-03-31,17,17,87.487285621847,87.40377994972408,0.7475114760578339,85.889515924546,88.8207530144886,0.7083333333333334,True,35.0,6,中维护
A7,2025-04-01,23,23,86.8169054214708,86.68353332763687,0.7098348888352821,85.4668120528904,87.8361135949387,0.9583333333333334,True,36.0,6,中维护
A7,2025-04-02,24,24,86.6906212067987,86.69892682050566,0.917923069885238,85.0144357613523,88.0360362715955,1.0,True,37.0,6,中维护
A7,2025-04-03,23,19,86.3462193320396,86.31262510046676,0.6565689388236039,84.8951736146679,87.2975312016378,0.7916666666666666,True,38.0,6,中维护
A7,2025-04-04,24,23,85.5893710696164,85.74535248057784,0.6111658814661054,84.473289217358,86.6704243768894,0.9583333333333334,True,39.0,6,中维护
A7,2025-04-05,13,13,85.3371619892861,85.3591181871002,0.6258722468267719,84.3176919916196,86.5327915674758,0.5416666666666666,True,40.0,6,中维护
A7,2025-04-06,24,24,85.48705821365945,85.45152201623974,0.7446290966633736,83.8882997474387,87.1466135138733,1.0,True,41.0,6,中维护
A7,2025-04-07,23,23,85.31183653378,85.49111200379245,0.8503628155600377,83.6615760913362,87.3131565911861,0.9583333333333334,True,42.0,6,中维护
A7,2025-04-08,14,14,84.53025305350165,84.42760511332202,0.9820559255238197,82.1934695488255,85.7005290133486,0.5833333333333334,True,43.0,6,中维护
A7,2025-04-09,23,23,84.895970078867,84.91757420217088,0.8388131050523691,83.0698291518857,86.7171021975274,0.9583333333333334,True,44.0,6,中维护
A7,2025-04-10,19,15,84.9481974283215,84.8079765995248,0.6232150051488146,83.8107424658985,85.6195589681482,0.625,True,45.0,6,中维护
A7,2025-04-11,23,23,84.4965110554535,84.53021168015711,0.7602612182099947,83.4045624798714,86.5315519465289,0.9583333333333334,True,46.0,6,中维护
A7,2025-04-12,23,22,84.0502615474868,83.9501434892003,0.8718991485090104,82.1399714879741,85.2809980705174,0.9166666666666666,True,47.0,6,中维护
A7,2025-04-13,24,23,84.0856547753806,84.09444501200981,0.8202734135795737,82.4188300777557,85.5589219737865,0.9583333333333334,True,48.0,6,中维护
A7,2025-04-14,14,14,83.7517329118061,84.65064338595577,3.6015660055810375,82.573207818659,96.8857572801356,0.5833333333333334,True,49.0,6,中维护
A7,2025-04-15,22,22,83.5464090559264,83.69900550380659,1.0072592996654803,82.0504687551935,86.1263549745589,0.9166666666666666,True,50.0,6,中维护
A7,2025-04-16,24,0,,,,,,0.0,False,0.0,7,大维护
A7,2025-04-17,23,21,102.917844907638,103.6005676303355,7.410736941863885,88.1646235188116,132.700229895636,0.875,True,1.0,7,大维护
A7,2025-04-18,23,23,102.233382286081,101.62515146598004,3.336538060955499,86.4118669038739,103.171625443758,0.9583333333333334,True,2.0,7,大维护
A7,2025-04-19,24,23,102.139910167969,102.20784983221144,0.4785625628763923,101.337587500023,103.073146236558,0.9583333333333334,True,3.0,7,大维护
A7,2025-04-20,14,14,102.1731120944445,102.03731872350029,0.7900536391229989,100.924801743337,103.241861838339,0.5833333333333334,True,4.0,7,大维护
A7,2025-04-21,20,20,101.56147759169801,101.68037677907155,0.7333654163721898,100.216758539266,102.894780199587,0.8333333333333334,True,5.0,7,大维护
A7,2025-04-24,6,6,102.00142176543599,102.2388179104185,1.0257208672303588,101.217196212666,103.635607014395,0.25,True,8.0,7,大维护
A7,2025-04-25,5,1,,,,,,0.041666666666666664,False,9.0,7,大维护
A7,2025-04-26,8,7,102.246766530694,101.78961333079819,1.0958962873243958,99.7543216886704,103.043927731031,0.2916666666666667,True,10.0,7,大维护
A7,2025-04-27,10,10,101.56167430903551,101.3943015644558,0.8651598145945066,99.826770141303,102.446219487423,0.4166666666666667,True,11.0,7,大维护
A7,2025-04-28,7,7,101.429199436718,101.69841751068529,0.9910567163189948,100.897632043374,103.845412971254,0.2916666666666667,True,12.0,7,大维护
A7,2025-04-29,15,15,101.756226671148,101.52085615756292,1.0934266059543536,99.7896316971418,103.442162618081,0.625,True,13.0,7,大维护
A7,2025-04-30,18,18,101.3190264794645,101.36426878807988,1.0318090517615959,99.4821196085747,103.348831597235,0.75,True,14.0,7,大维护
A7,2025-05-01,22,22,100.648985702205,100.89353928096699,0.8344956196847629,99.3574095597604,102.678206768922,0.9166666666666666,True,15.0,7,大维护
A7,2025-05-02,24,24,101.286846885275,101.17251860935282,0.9992556549423935,99.372916919292,102.988108106504,1.0,True,16.0,7,大维护
A7,2025-05-03,24,24,101.62447263778799,101.33052977623015,1.0628869838750203,98.8072236763172,103.144659755556,1.0,True,17.0,7,大维护
A7,2025-05-04,24,23,100.653716595262,100.61308368950858,0.8617305912489102,98.9902304396847,102.507265534485,0.9583333333333334,True,18.0,7,大维护
A7,2025-05-05,23,22,100.3293500349375,100.30499255103845,0.933724619085208,98.5405971927937,102.141796644596,0.9166666666666666,True,19.0,7,大维护
A7,2025-05-06,14,14,100.820864008881,100.88060997500567,0.7938106737309388,99.4561135570863,102.332515265675,0.5833333333333334,True,20.0,7,大维护
A7,2025-05-07,23,23,100.729681816081,100.6337773183435,0.836345687376077,98.1594328528574,102.166786071787,0.9583333333333334,True,21.0,7,大维护
A7,2025-05-08,24,24,100.4098360734545,100.44148847115586,0.8479740839645704,98.74339912723,102.29666491939,1.0,True,22.0,7,大维护
A7,2025-05-09,15,15,99.9351740485315,99.87604322687773,1.028867565186298,97.9087359669272,101.241083128378,0.625,True,23.0,7,大维护
A7,2025-05-10,16,15,100.081199081049,100.18488742241634,1.1275374129822715,98.2347480176546,101.64482056156,0.625,True,24.0,7,大维护
A7,2025-05-11,24,24,100.680908089848,100.58333395830039,0.9894376611726453,98.2139695669545,103.240779535018,1.0,True,25.0,7,大维护
A7,2025-05-12,13,13,100.137823182248,100.10037317769383,1.4050274324743253,97.4388895907379,102.218724550899,0.5416666666666666,True,26.0,7,大维护
A7,2025-05-13,23,23,100.125116276983,99.90629333711568,1.1448985405690026,97.6799956819871,102.46452707835,0.9583333333333334,True,27.0,7,大维护
A7,2025-05-14,24,24,100.091880355175,100.10375591656536,1.069205379091864,98.207687512019,102.71623392929,1.0,True,28.0,7,大维护
A7,2025-05-15,23,23,99.6649917442634,99.7275661699653,0.73963160281758,98.0638265342441,100.86997030468,0.9583333333333334,True,29.0,7,大维护
A7,2025-05-16,23,21,99.4500933223142,99.59210485695277,0.8721721811934976,98.159330398863,101.958047156245,0.875,True,30.0,7,大维护
A7,2025-05-17,13,13,100.008133951926,100.13796914674342,0.9034167710533814,98.5568840828234,101.824961686387,0.5416666666666666,True,31.0,7,大维护
A7,2025-05-18,24,23,99.3843640947285,99.52699983286078,1.0948098845079453,97.6414900876984,101.913278619373,0.9583333333333334,True,32.0,7,大维护
A7,2025-05-19,23,23,99.4788513117823,99.50834670357263,0.9918737154930442,97.8247279630232,101.497200586057,0.9583333333333334,True,33.0,7,大维护
A7,2025-05-20,24,24,99.16224222621179,99.19966152932925,0.9477483881466355,97.9113704928549,101.408413085328,1.0,True,34.0,7,大维护
A7,2025-05-21,13,13,98.8908783603466,98.90222427284289,0.9337010986420166,97.571168837914,100.74256717119,0.5416666666666666,True,35.0,7,大维护
A7,2025-05-22,23,22,98.8251594336102,98.905687071781,1.0449794361993834,97.2231926544132,100.763184576725,0.9166666666666666,True,36.0,7,大维护
A7,2025-05-23,24,23,99.2021178354079,99.30464072903482,0.9646444222476236,97.5708676006676,100.815956456715,0.9583333333333334,True,37.0,7,大维护
A7,2025-05-24,24,24,98.9554982017036,99.01184598229929,1.0796948310718097,96.4402696633905,100.961136281116,1.0,True,38.0,7,大维护
A7,2025-05-25,16,13,99.3060628083316,99.45650632202347,0.8159407053230886,98.3510013331956,100.91409905457,0.5416666666666666,True,39.0,7,大维护
A7,2025-05-26,20,20,98.99150042679446,98.98199135040483,0.9245861776502575,97.4354018024571,101.063877889562,0.8333333333333334,True,40.0,7,大维护
A7,2025-05-27,24,24,99.1890364653791,99.08807603869309,0.8575091486320342,97.3839915921674,100.792346815405,1.0,True,41.0,7,大维护
A7,2025-05-28,19,19,98.4416180731734,98.60993615397058,0.8403694211127946,97.6360827594566,100.345642329082,0.7916666666666666,True,42.0,7,大维护
A7,2025-05-29,11,11,98.347007747168,98.26721541728966,1.2373739459110342,96.1023911119464,99.7108333455948,0.4583333333333333,True,43.0,7,大维护
A7,2025-05-30,24,23,98.5641321028452,98.74120435458633,1.003925883361335,97.0515825807559,100.84798719135,0.9583333333333334,True,44.0,7,大维护
A7,2025-05-31,20,20,98.68751865965825,98.55168587483995,0.765114931188837,96.8791999569364,99.9798856959612,0.8333333333333334,True,45.0,7,大维护
A7,2025-06-01,24,24,98.0860052214871,98.04097685287685,1.455981798998661,95.7111264016969,100.572812503068,1.0,True,46.0,7,大维护
A7,2025-06-02,13,13,98.471201999637,98.32635105899223,2.3085239744599226,94.025839056178,102.461504861587,0.5416666666666666,True,47.0,7,大维护
A7,2025-06-03,21,20,98.3937200897761,98.38807290644618,1.097266205068021,96.7222091161447,100.733196075152,0.8333333333333334,True,48.0,7,大维护
A7,2025-06-04,23,22,97.86850201738329,97.5850995986813,1.446847333076943,93.2538709716018,100.340367764777,0.9166666666666666,True,49.0,7,大维护
A7,2025-06-05,24,24,98.3296878738173,98.25877910331603,1.9115134222601249,94.9607021715565,102.082427711837,1.0,True,50.0,7,大维护
A7,2025-06-06,12,12,98.08619017333271,98.20084472746369,1.9353975520799274,95.3416750852935,101.61529068712,0.5,True,51.0,7,大维护
A7,2025-06-07,23,23,98.132431624359,98.02627877214445,2.3199775716327826,90.6737025348357,102.809117623431,0.9583333333333334,True,52.0,7,大维护
A7,2025-06-08,15,15,98.5999682447726,98.05619411502354,1.9930352757874958,94.2665083120406,101.358723571365,0.625,True,53.0,7,大维护
A7,2025-06-09,17,17,98.619585586386,98.11459287016297,1.7010991728206195,94.7182606210516,100.428932181491,0.7083333333333334,True,54.0,7,大维护
A7,2025-06-10,23,23,98.1442641202094,97.58061732208085,3.1224567217785504,89.1474247958281,101.743673453562,0.9583333333333334,True,55.0,7,大维护
A7,2025-06-11,23,23,97.9524395974224,98.0286505521377,1.7904802929042423,94.7624136561158,101.470174282028,0.9583333333333334,True,56.0,7,大维护
A7,2025-06-12,22,22,98.1118399320588,97.76069107176455,1.5361397467022515,94.3855649766166,100.282772993456,0.9166666666666666,True,57.0,7,大维护
A7,2025-06-13,24,19,97.6986151909437,97.66978253424621,1.4246213954366618,95.1293627153167,100.601712068149,0.7916666666666666,True,58.0,7,大维护
A7,2025-06-14,23,21,97.9760655682104,98.16604940492917,1.5100624658063242,95.3903101032479,101.308421584172,0.875,True,59.0,7,大维护
A7,2025-06-15,24,24,97.85580635399069,98.46456694293967,5.715991198215519,93.482280569208,124.242790552316,1.0,True,60.0,7,大维护
A7,2025-06-16,13,0,,,,,,0.0,False,0.0,8,中维护
A7,2025-06-17,12,12,103.811758298631,103.62170026770167,0.5462803102688225,102.587702580189,104.304825311801,0.5,True,1.0,8,中维护
A7,2025-06-18,23,20,103.15276624363551,102.44763434078936,4.002484106975712,85.6968804230703,104.564719842956,0.8333333333333334,True,2.0,8,中维护
A7,2025-06-19,24,24,102.944126260912,102.96197107297316,0.7506026514516839,101.648857536278,103.980612592488,1.0,True,3.0,8,中维护
A7,2025-06-20,14,12,103.69657589019349,103.40142860733876,2.188270981790647,98.8554894521722,106.786105814719,0.5,True,4.0,8,中维护
A7,2025-06-21,17,17,102.765721360683,102.7763068692044,1.391852367250997,100.428529762062,105.250530328337,0.7083333333333334,True,5.0,8,中维护
A7,2025-06-22,23,23,102.351964684129,102.40953750254872,1.582223520520607,99.696613428585,105.42285442272,0.9583333333333334,True,6.0,8,中维护
A7,2025-06-23,24,24,102.18881158327349,102.2973457806995,1.8405488804817316,98.1549506271336,105.236233190231,1.0,True,7.0,8,中维护
A7,2025-06-24,21,21,102.010462211402,101.83722203402836,2.0098080272662164,96.3107684787518,104.567191920467,0.875,True,8.0,8,中维护
A7,2025-06-25,24,23,101.811340118606,101.68883713443826,1.7712428920849486,98.3487705716712,105.990218855249,0.9583333333333334,True,9.0,8,中维护
A7,2025-06-26,17,17,102.322965878479,102.08405011635867,1.5584908219654658,98.707268034858,104.28446089162,0.7083333333333334,True,10.0,8,中维护
A7,2025-06-27,14,14,102.4269442048885,102.29172338342532,1.809261232906791,98.5712878158266,105.510933009519,0.5833333333333334,True,11.0,8,中维护
A7,2025-06-28,23,19,102.268330284331,102.11991818808445,1.596794953750131,99.2996477871203,105.584137538162,0.7916666666666666,True,12.0,8,中维护
A7,2025-06-29,23,22,100.8188637251985,101.2575681824702,1.5109352845808355,98.6523381105636,104.220284075046,0.9166666666666666,True,13.0,8,中维护
A7,2025-06-30,22,22,101.992549841242,101.67013646139127,1.7205175625638067,98.195020464449,105.81308991264,0.9166666666666666,True,14.0,8,中维护
A7,2025-07-01,21,21,101.518926978971,101.6571421572543,3.6326144018796196,94.2237859154394,107.398241856469,0.875,True,15.0,8,中维护
A7,2025-07-02,23,22,101.4717146596195,101.6799865391352,2.8346879788706296,96.8401025136708,109.847313482616,0.9166666666666666,True,16.0,8,中维护
A7,2025-07-03,24,23,101.391478152502,101.6581722301241,2.7120916712437926,97.0338760140524,108.33567112577,0.9583333333333334,True,17.0,8,中维护
A7,2025-07-04,21,14,101.502140666802,101.63966173293626,2.344608593208249,97.8247488705524,107.199441366779,0.5833333333333334,True,18.0,8,中维护
A7,2025-07-05,13,13,100.463254163994,100.38327739524394,2.143730165756035,96.4858523492559,104.479666718074,0.5416666666666666,True,19.0,8,中维护
A7,2025-07-06,23,21,102.925518829731,103.85900680770052,3.9400982106392406,98.330134789916,115.435132386025,0.875,True,20.0,8,中维护
A7,2025-07-07,24,22,101.548976418789,101.24971749301149,3.3677208497573834,94.3649029052079,107.871119705637,0.9166666666666666,True,21.0,8,中维护
A7,2025-07-08,11,11,101.334358233182,102.01596373107851,3.096728382845019,96.6656663791799,108.54656338283,0.4583333333333333,True,22.0,8,中维护
A7,2025-07-09,24,24,101.40151571493351,102.27199595766967,3.677831120719399,95.5612150095328,111.342447412634,1.0,True,23.0,8,中维护
A7,2025-07-10,24,24,101.171662931014,100.25224682441319,3.123929132280704,91.4849974078088,104.671303457716,1.0,True,24.0,8,中维护
A7,2025-07-11,24,24,101.05379631399549,101.42629618548749,2.542738152612615,96.9953406569028,106.159739077593,1.0,True,25.0,8,中维护
A7,2025-07-12,11,11,99.7462084012946,100.26791375661156,3.921090411922713,92.4955998242382,104.911181488812,0.4583333333333333,True,26.0,8,中维护
A7,2025-07-13,13,13,100.987564495971,100.42614400585838,3.2042263532330546,94.6016582490548,105.636252576513,0.5416666666666666,True,27.0,8,中维护
A7,2025-07-14,20,20,97.60586734456915,97.53231775827747,2.885199006678826,91.8325530046103,104.951321700214,0.8333333333333334,True,28.0,8,中维护
A7,2025-07-15,24,24,98.66370261737654,98.92627607595142,3.2091928466287234,91.6060705458642,106.27150163281,1.0,True,29.0,8,中维护
A7,2025-07-16,22,20,100.70835097232501,100.81797562456521,2.687582448310497,94.3618407171298,106.249981839181,0.8333333333333334,True,30.0,8,中维护
A7,2025-07-17,24,24,100.7452536196995,100.47178256310359,2.4651838530046533,96.3003810823107,104.765775151402,1.0,True,31.0,8,中维护
A7,2025-07-18,16,16,100.7806757366885,99.88683662591711,3.1511565389234866,93.6351153822604,104.240529538088,0.6666666666666666,True,32.0,8,中维护
A7,2025-07-19,16,16,99.3999966197384,98.78244685866979,3.4615444529781025,92.6677801036613,105.017614959193,0.6666666666666666,True,33.0,8,中维护
A7,2025-07-20,24,24,99.8009411302618,99.44359916025627,3.3861588378928174,94.2682800426139,105.058298894007,1.0,True,34.0,8,中维护
A7,2025-07-21,23,21,99.6963180424226,99.92323687008935,2.9175399338936305,94.6709874461391,105.820358771355,0.875,True,35.0,8,中维护
A7,2025-07-22,20,20,99.82861807950906,99.55680973508939,2.208231233745893,95.0885380753804,104.145375038692,0.8333333333333334,True,36.0,8,中维护
A7,2025-07-23,14,14,99.72408450648496,99.48409619621783,2.7882579563286263,94.3904581765068,104.639129330422,0.5833333333333334,True,37.0,8,中维护
A7,2025-07-24,15,15,98.2187966457048,98.39665309029425,3.2907337906555107,93.9795000806822,104.227246882762,0.625,True,38.0,8,中维护
A7,2025-07-25,24,24,99.62206787985136,99.21315418380033,2.609937051283953,92.633566952871,104.235053145923,1.0,True,39.0,8,中维护
A7,2025-07-26,23,23,97.4035827691384,98.80372793083544,4.19280759857813,91.9016355157082,106.922515507728,0.9583333333333334,True,40.0,8,中维护
A7,2025-07-27,6,6,98.0103395216771,98.66334135794425,4.6400403555911645,92.0258107999406,104.981998098539,0.25,True,41.0,8,中维护
A7,2025-07-28,24,24,99.1412054777883,99.37526031613108,6.027232590790464,89.0123223816626,122.028459948625,1.0,True,42.0,8,中维护
A7,2025-07-29,24,24,98.66647287118116,98.82621584704187,3.2192022233896314,91.7214924533449,104.27045211017,1.0,True,43.0,8,中维护
A7,2025-07-30,13,13,97.1831597729537,97.41435861100537,2.1965282787916824,94.1786692296734,101.115611030384,0.5416666666666666,True,44.0,8,中维护
A7,2025-07-31,2,2,,,,,,0.08333333333333333,False,45.0,8,中维护
A7,2025-08-01,18,18,97.47493658039966,97.66420011015863,1.5625129871259278,95.4791317465816,101.247071989697,0.75,True,46.0,8,中维护
A7,2025-08-02,20,15,97.3478690823159,97.1516309506367,2.1474414132536936,92.3510435470725,101.184015389732,0.625,True,47.0,8,中维护
A7,2025-08-03,14,14,97.2039776748599,97.6490736009555,2.1397388255272047,95.1426979737094,102.160621896545,0.5833333333333334,True,48.0,8,中维护
A7,2025-08-04,12,11,96.739702230296,96.89824011224968,2.1801533786168736,93.5635899490868,100.986302983947,0.4583333333333333,True,49.0,8,中维护
A7,2025-08-05,23,23,96.8935497747884,96.8000514682654,1.873876713909589,93.4321743424994,99.9119215889846,0.9583333333333334,True,50.0,8,中维护
A7,2025-08-06,22,22,98.23162664782595,97.88797135688934,2.1628738466378237,93.5608179782957,101.74087122963,0.9166666666666666,True,51.0,8,中维护
A7,2025-08-07,21,17,96.3418078724985,97.05909018316471,2.6788506824420355,94.1528326672812,105.202473574976,0.7083333333333334,True,52.0,8,中维护
A7,2025-08-08,21,21,96.611572397965,96.65782055732312,1.4901517338423154,93.8010370764859,99.425675442968,0.875,True,53.0,8,中维护
A7,2025-08-09,22,22,95.85657895497985,96.38397833144268,2.140499659172021,92.3787439411565,99.8754924266246,0.9166666666666666,True,54.0,8,中维护
A7,2025-08-10,23,23,96.1211724041569,95.9867654574542,2.6776313188906453,89.2497188996516,102.42669925837,0.9583333333333334,True,55.0,8,中维护
A7,2025-08-11,12,12,95.24704224618131,95.73099685287139,2.309750897999261,92.6342655293342,100.77977023569,0.5,True,56.0,8,中维护
A7,2025-08-12,24,24,95.98566593516225,96.26149254559692,1.825910796075908,91.7487364222236,100.342975694047,1.0,True,57.0,8,中维护
A7,2025-08-13,22,22,95.49243295111314,95.75355105913108,1.5008068558652616,93.4377753299215,99.3669853256624,0.9166666666666666,True,58.0,8,中维护
A7,2025-08-14,16,16,96.8544301935012,97.21853483808908,1.733299068606134,94.4888356368441,100.432052491506,0.6666666666666666,True,59.0,8,中维护
A7,2025-08-15,22,22,96.784921603295,96.37732091891753,1.5115338694276972,93.7382300750597,99.8431965758689,0.9166666666666666,True,60.0,8,中维护
A7,2025-08-16,24,24,94.3054938202877,95.16685833945705,2.290240267735149,90.2161824873112,99.535096365069,1.0,True,61.0,8,中维护
A7,2025-08-17,21,20,95.90162513818399,95.94318764740277,1.9515166511692648,90.6547964929874,99.0067819262325,0.8333333333333334,True,62.0,8,中维护
A7,2025-08-18,12,12,95.97644715403729,96.46512446804638,1.6879548441706238,94.141464183549,99.7550371685243,0.5,True,63.0,8,中维护
A7,2025-08-19,24,24,94.7505529321363,94.70918270740175,1.9762605882656288,90.4532325313654,99.5931047920814,1.0,True,64.0,8,中维护
A7,2025-08-20,23,23,95.3730120457125,95.33186396244957,2.285358798802945,91.82238036403,100.771691688378,0.9583333333333334,True,65.0,8,中维护
A7,2025-08-21,24,24,95.8076111806066,95.48986463743908,2.2961042769922844,89.5659120244001,99.7543419663967,1.0,True,66.0,8,中维护
A7,2025-08-22,12,12,95.96203888794255,95.63385697591123,1.2254496877988394,92.7118143993571,97.0447848469222,0.5,True,67.0,8,中维护
A7,2025-08-23,17,16,95.7108511599472,95.96203868653873,1.9276823817494952,92.7843748758236,99.0976389592263,0.6666666666666666,True,68.0,8,中维护
A7,2025-08-24,20,19,94.4611517834664,94.86633830966211,1.8274988439407782,92.2326304287496,97.7320465920445,0.7916666666666666,True,69.0,8,中维护
A7,2025-08-25,20,20,94.3493250069679,94.91595945792866,1.9300469414572696,91.0838795238736,98.6874411893154,0.8333333333333334,True,70.0,8,中维护
A7,2025-08-26,23,23,93.7745453780157,94.21913192089436,1.928978165461697,90.8435955163936,98.6762135120671,0.9583333333333334,True,71.0,8,中维护
A7,2025-08-27,24,24,94.79679152716095,94.70263656111166,2.0238948474444514,91.0868642726069,100.354040930111,1.0,True,72.0,8,中维护
A7,2025-08-28,22,22,94.951958398481,94.79973061375443,1.8349270292113862,91.9102922708756,98.9983442418128,0.9166666666666666,True,73.0,8,中维护
A7,2025-08-29,13,13,94.2398341725102,94.0999166167689,1.04675358564497,92.4591262063713,95.6721531005212,0.5416666666666666,True,74.0,8,中维护
A7,2025-08-30,24,24,94.64998881701311,94.89521287776749,2.630174241070037,89.5812734240585,102.452300190082,1.0,True,75.0,8,中维护
A7,2025-08-31,22,22,93.26559295309076,93.41846360720315,1.3592343936568787,91.2622720552408,96.1852270516187,0.9166666666666666,True,76.0,8,中维护
A7,2025-09-01,19,0,,,,,,0.0,False,0.0,9,中维护
A7,2025-09-02,19,19,99.9220143956805,99.78392815527002,0.8403425763419679,96.5841039878366,100.83812018242,0.7916666666666666,True,1.0,9,中维护
A7,2025-09-03,24,24,99.5956337561154,99.65394164125657,0.27569423291885253,99.1820610065326,100.39321475282,1.0,True,2.0,9,中维护
A7,2025-09-04,23,23,99.1538722717585,99.15769508554735,0.2844584113496155,98.654327585352,99.6475628220542,0.9583333333333334,True,3.0,9,中维护
A7,2025-09-05,18,18,97.91793692965715,97.93213150756806,0.6390690688116851,96.0354067204566,98.7369649581529,0.75,True,4.0,9,中维护
A7,2025-09-06,15,15,97.532810205727,97.65137498891221,0.6583797186595333,96.6816506790989,98.5689452443185,0.625,True,5.0,9,中维护
A7,2025-09-07,24,24,97.2552115222866,97.1304468306174,0.7361642645051075,95.632813538208,98.6901942619612,1.0,True,6.0,9,中维护
A7,2025-09-08,22,22,97.6909607849219,97.4414703128265,0.8152752037719209,96.0476150287076,98.549078111014,0.9166666666666666,True,7.0,9,中维护
A7,2025-09-09,17,17,96.2984422088025,96.19845964704079,0.6413489851910041,94.9171091571838,97.5431313773922,0.7083333333333334,True,8.0,9,中维护
A7,2025-09-10,17,17,96.2405784425688,96.12658720620709,0.7099707960554399,94.6735580543272,96.9215154982623,0.7083333333333334,True,9.0,9,中维护
A7,2025-09-11,19,19,96.1757764667843,96.11176654917104,0.5099341010813101,95.1175548833878,96.8605283361546,0.7916666666666666,True,10.0,9,中维护
A7,2025-09-12,23,23,95.9714030885946,96.06544708359523,0.646478039349841,94.9399879688765,97.1131320634309,0.9583333333333334,True,11.0,9,中维护
A7,2025-09-13,23,23,95.6809610416985,95.61094776252291,0.668287339920971,94.2821838380562,97.1229241168244,0.9583333333333334,True,12.0,9,中维护
A7,2025-09-14,20,19,94.9649365937549,94.97711541180702,0.5254148076551637,94.1238276698174,96.0707639751589,0.7916666666666666,True,13.0,9,中维护
A7,2025-09-15,18,16,94.0896692412593,94.06256938617811,0.5824824575169407,92.7229305303677,95.1812100916332,0.6666666666666666,True,14.0,9,中维护
A7,2025-09-16,24,24,93.5626514513916,93.69788850853054,0.578110667419144,92.8388269144171,94.7809797298312,1.0,True,15.0,9,中维护
A7,2025-09-17,24,24,93.17978138362446,93.09044590060667,0.6935430852196284,91.0866552724195,94.1591875346828,1.0,True,16.0,9,中维护
A7,2025-09-18,22,21,92.6732004199894,92.68272720723974,0.6055251835878673,91.6488150490847,93.8700085046617,0.875,True,17.0,9,中维护
A7,2025-09-19,16,15,92.0871321884274,92.08835754077937,0.638024839867333,91.1037740864791,93.137011285416,0.625,True,18.0,9,中维护
A7,2025-09-20,22,21,91.6820420016946,91.76418933841137,0.4788295234649027,90.9211560075095,93.0029843252085,0.875,True,19.0,9,中维护
A7,2025-09-21,24,23,91.0095519006497,90.93519937950066,0.6017636929373403,90.0974695678794,91.9935355173093,0.9583333333333334,True,20.0,9,中维护
A7,2025-09-22,24,20,90.4014713235528,90.41161391667512,0.713516955898802,88.8047506643548,91.8976343034736,0.8333333333333334,True,21.0,9,中维护
A7,2025-09-23,15,15,90.2354397251304,89.80229999440938,0.8786002412257284,87.4998597099117,90.6123481290902,0.625,True,22.0,9,中维护
A7,2025-09-24,23,23,89.2857071221108,89.344219473565,0.6917619019279833,87.8169262924118,90.5976638504108,0.9583333333333334,True,23.0,9,中维护
A7,2025-09-25,12,12,88.64322692574916,88.64714983331884,0.6522142418884513,87.3932146397057,89.8286629992288,0.5,True,24.0,9,中维护
A7,2025-09-26,23,22,88.48040414845515,88.40882144184256,0.54753437847369,87.4606928598663,89.5981657690795,0.9166666666666666,True,25.0,9,中维护
A7,2025-09-27,24,23,87.8162120047627,87.88151717728675,0.5504320952340933,86.5428055821298,88.8436334869046,0.9583333333333334,True,26.0,9,中维护
A7,2025-09-28,23,22,87.44973874921985,87.36337522209836,0.537340611181976,86.3242690421972,88.7667509861165,0.9166666666666666,True,27.0,9,中维护
A7,2025-09-29,13,12,86.5653130612219,86.62441482640345,0.7024056485210068,85.5041690248502,87.8846116159772,0.5,True,28.0,9,中维护
A7,2025-09-30,23,21,86.0967910634615,86.08722080361713,0.5866600186014936,84.9298637313676,87.5497442882586,0.875,True,29.0,9,中维护
A7,2025-10-01,24,19,86.1228262987819,86.26666318300161,0.8238276187854597,84.0520262683109,87.7174059361111,0.7916666666666666,True,30.0,9,中维护
A7,2025-10-02,19,19,84.4617518703721,84.8414321057519,1.036032729578946,83.7296741741931,87.506347105633,0.7916666666666666,True,31.0,9,中维护
A7,2025-10-03,19,19,84.3561880506923,84.3901348561303,0.779214934877648,82.9818187099465,86.131708874033,0.7916666666666666,True,32.0,9,中维护
A7,2025-10-04,24,23,84.2893447272316,84.27838809510669,0.6837553383260425,83.0664138154584,85.1748567023655,0.9583333333333334,True,33.0,9,中维护
A7,2025-10-05,24,23,83.2667053171617,83.42882417849856,0.8687698704654506,81.6892166839537,85.6735908691131,0.9583333333333334,True,34.0,9,中维护
A7,2025-10-06,23,22,83.5446023592865,83.48061244212896,0.7588890323329174,81.5796430278656,84.8121597779584,0.9166666666666666,True,35.0,9,中维护
A7,2025-10-07,14,14,82.60677011535805,82.49349673619035,0.9227892096442586,80.8483863314391,83.9393807445137,0.5833333333333334,True,36.0,9,中维护
A7,2025-10-08,23,23,82.0546375511839,82.0877458479731,0.8718677895948812,81.0375575918815,85.3735236171077,0.9583333333333334,True,37.0,9,中维护
A7,2025-10-09,24,24,81.7592495016819,81.85885817105432,0.8308466505301725,80.6090218128315,84.0806936754511,1.0,True,38.0,9,中维护
A7,2025-10-10,24,23,81.1365787358015,81.32129161606836,1.110164846789277,79.5175709824454,84.8524345447911,0.9583333333333334,True,39.0,9,中维护
A7,2025-10-11,14,13,80.9605844113963,81.17656271739916,0.7899244144585337,79.9879233420685,82.4669534054075,0.5416666666666666,True,40.0,9,中维护
A7,2025-10-12,23,22,80.8728906902792,80.94391664493908,0.7612145596218999,79.5344068019518,82.448009445579,0.9166666666666666,True,41.0,9,中维护
A7,2025-10-13,24,17,80.5814076491315,80.35747530677334,1.134903484203625,78.6640639321945,82.008224732826,0.7083333333333334,True,42.0,9,中维护
A7,2025-10-14,23,18,79.87539183290676,79.7315872701077,0.7530374176300728,77.7971372884179,80.8568785753027,0.75,True,43.0,9,中维护
A7,2025-10-15,23,23,79.6307790284688,79.53475762786468,0.8580460673208885,77.3687945698238,80.9773552541088,0.9583333333333334,True,44.0,9,中维护
A7,2025-10-16,23,23,79.4156571103918,79.36696442858974,0.8837785208263736,76.9215644904197,80.9702731030579,0.9583333333333334,True,45.0,9,中维护
A7,2025-10-17,9,9,79.2321868525095,79.1106880146651,0.7982293392606999,77.6491880824654,79.9739371113566,0.375,True,46.0,9,中维护
A7,2025-10-19,17,0,,,,,,0.0,False,1.0,10,中维护
A7,2025-10-20,21,21,100.766738767708,100.73374700284558,0.4649564091638711,100.111368403918,101.721260403318,0.875,True,2.0,10,中维护
A7,2025-10-21,16,15,100.361189493433,100.41505610428405,0.3474293693936935,99.9346416711011,101.14211352499,0.625,True,3.0,10,中维护
A7,2025-10-22,24,24,99.68179466223674,99.76211734445593,0.363680682909828,99.1491958654881,100.497160490427,1.0,True,4.0,10,中维护
A7,2025-10-23,24,24,98.87154196984295,98.85515729181294,0.9750152882426006,97.0128837068218,100.451205685659,1.0,True,5.0,10,中维护
A7,2025-10-24,22,22,98.43424299261905,98.43271385981271,0.6764271206204308,97.1498856641383,99.6980830474466,0.9166666666666666,True,6.0,10,中维护
A7,2025-10-25,15,15,97.8855827539797,98.02643448027764,0.8547210003755163,96.6113181381289,99.4306128958624,0.625,True,7.0,10,中维护
A7,2025-10-26,24,24,97.42384729882245,97.24185524701966,0.5117301563974295,96.4571262131198,98.1073673315317,1.0,True,8.0,10,中维护
A7,2025-10-27,24,20,95.99813822242174,96.07579612212793,0.826583472321749,94.3791069467518,97.3862764969846,0.8333333333333334,True,9.0,10,中维护
A7,2025-10-28,24,23,95.8761582492905,95.91106066812408,0.922713676680268,94.0145523399156,97.4816701512419,0.9583333333333334,True,10.0,10,中维护
A7,2025-10-29,13,13,95.4797784271081,95.33734752370036,1.0465082192793271,93.9615899544192,97.5583019515464,0.5416666666666666,True,11.0,10,中维护
A7,2025-10-30,24,19,94.973698404172,94.959640049882,0.5799381653964856,93.8805438235609,95.9841865185885,0.7916666666666666,True,12.0,10,中维护
A7,2025-10-31,24,23,94.0047599819487,94.13110058600735,0.8861103478666146,92.1806418917595,96.1775583400179,0.9583333333333334,True,13.0,10,中维护
A7,2025-11-01,23,23,93.967632760459,93.87420837338256,0.9931258434198169,92.1799613712436,95.9788232652995,0.9583333333333334,True,14.0,10,中维护
A7,2025-11-02,13,13,93.7935075506927,93.66455674931275,1.1659120123154136,91.6685437575451,96.2921493930338,0.5416666666666666,True,15.0,10,中维护
A7,2025-11-03,24,19,93.302304614509,93.25506264057802,1.3123730240429499,90.7780964787003,95.3063918424902,0.7916666666666666,True,16.0,10,中维护
A7,2025-11-04,24,24,92.85262999655716,92.82667314557466,1.1332306808178338,90.42376869786,95.2714086975715,1.0,True,17.0,10,中维护
A7,2025-11-05,13,9,92.4470508371621,92.25048928668717,0.9459145541998292,90.8736634078785,93.3448476054694,0.375,True,18.0,10,中维护
A7,2025-11-06,23,17,91.9464421804043,91.6395307075404,1.2824141967380969,89.2059712683589,93.8731186819957,0.7083333333333334,True,19.0,10,中维护
A7,2025-11-07,24,24,90.94354546092481,91.26915764654932,1.3610958384371936,88.9867728422259,93.8899117851122,1.0,True,20.0,10,中维护
A7,2025-11-08,24,24,91.00111946154635,90.91439319856528,1.0838233712890788,88.4739534343065,93.1938164856166,1.0,True,21.0,10,中维护
A7,2025-11-09,24,24,90.2207028594814,90.2514450994587,1.058339224351903,88.3500473548898,93.0304809218246,1.0,True,22.0,10,中维护
A7,2025-11-10,21,20,89.69384117973624,89.79162492009915,1.439941623495774,86.9105286281709,92.7258443155516,0.8333333333333334,True,23.0,10,中维护
A7,2025-11-11,13,13,89.8519686793387,89.58919029431534,1.2763220495580454,87.2003501808595,91.4492874096434,0.5416666666666666,True,24.0,10,中维护
A7,2025-11-12,24,23,88.9005147269313,89.08545693133192,1.2241296473353573,86.5463224459064,91.4185894684483,0.9583333333333334,True,25.0,10,中维护
A7,2025-11-13,23,21,88.8854424289711,88.8893105404565,0.8569028331617348,87.4598548107535,90.9691334096505,0.875,True,26.0,10,中维护
A7,2025-11-14,24,24,88.23514983429575,88.21218108008956,1.1782285658783673,86.1859613437358,91.4842780781099,1.0,True,27.0,10,中维护
A7,2025-11-15,23,23,88.0956299162463,87.77350544946994,1.4518643921620555,84.8186984204643,90.0656280181048,0.9583333333333334,True,28.0,10,中维护
A7,2025-11-16,14,13,86.4777647424549,86.83415632634212,0.9342224661479005,85.8343119107925,89.045517046792,0.5416666666666666,True,29.0,10,中维护
A7,2025-11-17,24,24,86.55530706596551,86.61097956208009,1.2481900455182713,84.4079857757804,88.7028021865906,1.0,True,30.0,10,中维护
A7,2025-11-18,24,24,85.47133511370075,85.45183230493895,1.347787413459173,83.0113599499704,88.5571925264322,1.0,True,31.0,10,中维护
A7,2025-11-19,23,22,84.7088924005899,85.11270058910817,1.2566637933089795,82.9449931434638,87.404435789524,0.9166666666666666,True,32.0,10,中维护
A7,2025-11-20,24,23,84.5335271719895,84.43741428507013,1.0675571408312925,82.0040989543338,86.1776523791941,0.9583333333333334,True,33.0,10,中维护
A7,2025-11-21,13,13,84.753485705542,84.39028084367672,1.5456441061998423,81.8490289169292,87.464474328597,0.5416666666666666,True,34.0,10,中维护
A7,2025-11-22,23,23,84.0434162244575,83.88860666342586,1.1096140101955247,81.8636959651183,85.6651609323183,0.9583333333333334,True,35.0,10,中维护
A7,2025-11-23,23,23,82.8160068193802,83.18099428514192,1.4322311036912356,80.1549038664832,86.1431804400352,0.9583333333333334,True,36.0,10,中维护
A7,2025-11-24,24,23,82.2437786068923,82.45449672347472,1.2024336107647229,79.3347468087927,84.854231061517,0.9583333333333334,True,37.0,10,中维护
A7,2025-11-25,17,16,82.73894252409366,82.47405600815543,1.120980675126442,80.2680684715627,83.8845182275659,0.6666666666666666,True,38.0,10,中维护
A7,2025-11-26,20,19,81.2590137006037,81.02479162355833,1.1857375419667318,79.250475949144,83.4270053039778,0.7916666666666666,True,39.0,10,中维护
A7,2025-11-27,24,24,81.4473815750363,81.232753508167,1.2779559170540602,78.4064177364307,83.523805222116,1.0,True,40.0,10,中维护
A7,2025-11-28,24,23,80.8762330566206,80.84918632190474,1.0471725763828144,78.0019109471551,82.7310802405896,0.9583333333333334,True,41.0,10,中维护
A7,2025-11-29,22,22,79.7323918914571,79.91225303693503,1.3961534740661505,77.2457407929393,82.6705864566834,0.9166666666666666,True,42.0,10,中维护
A7,2025-11-30,24,24,78.96178591392625,78.87089595122676,1.1345132544441727,76.22568087577,81.081185018756,1.0,True,43.0,10,中维护
A7,2025-12-01,22,22,77.839466638727,77.9147274984066,0.41443619932807074,76.6210636990879,78.5084506870606,0.9166666666666666,True,44.0,10,中维护
A7,2025-12-02,14,14,77.32593281835265,77.31033923306109,0.5463114570688772,76.1923745902172,78.0387312352955,0.5833333333333334,True,45.0,10,中维护
A7,2025-12-03,23,21,76.0412852036251,75.98521595002458,0.39359795014294074,75.2286355357693,76.4792824129122,0.875,True,46.0,10,中维护
A7,2025-12-04,24,24,75.8794829652364,75.72678100800633,0.41203006258887154,74.9145734617375,76.5064367485268,1.0,True,47.0,10,中维护
A7,2025-12-05,23,22,74.3474014820977,74.35823790308949,0.3820248047180124,73.7475506474965,75.059830927146,0.9166666666666666,True,48.0,10,中维护
A7,2025-12-06,15,15,73.7803345241978,73.84514423902176,0.4455201413484001,73.1626441022768,74.6173253812058,0.625,True,49.0,10,中维护
A7,2025-12-07,23,23,73.2878343744588,73.16973910006756,0.3833425223162797,72.1929842735996,73.664541162672,0.9583333333333334,True,50.0,10,中维护
A7,2025-12-08,24,21,73.0878322514302,73.12669276234301,0.5047069386135673,72.085975999411,73.833313890093,0.875,True,51.0,10,中维护
A7,2025-12-09,13,12,72.29219973877825,72.30560494057855,0.36865534829419583,71.6618578938569,72.9302268130731,0.5,True,52.0,10,中维护
A7,2025-12-10,24,24,70.9598019730894,70.95169583193639,0.2899659574659408,70.3953485759071,71.4951323186834,1.0,True,53.0,10,中维护
A7,2025-12-11,24,22,70.75875908322615,70.8045522093632,0.4820587736857802,69.9747873729116,71.5796974599266,0.9166666666666666,True,54.0,10,中维护
A7,2025-12-12,8,8,70.4556372561052,70.2629912445933,0.4944872782874716,69.494494427831,70.7152417778605,0.3333333333333333,True,55.0,10,中维护
A7,2025-12-13,1,1,,,,,,0.041666666666666664,False,56.0,10,中维护
A7,2025-12-14,24,21,69.7033446337856,69.75773435735319,0.4672626599464836,68.7678428244447,70.5378739071819,0.875,True,57.0,10,中维护
A7,2025-12-15,24,24,68.19677838568686,68.24713027689093,0.3751150169143419,67.3675496020133,68.8077893208848,1.0,True,58.0,10,中维护
A7,2025-12-16,24,23,67.1716506355818,67.25496155624298,0.4246370555708162,66.4617023291877,68.167671281225,0.9583333333333334,True,59.0,10,中维护
A7,2025-12-17,24,23,66.940053763115,66.90266922869174,0.2989597235352743,66.2882336014785,67.5379970316132,0.9583333333333334,True,60.0,10,中维护
A7,2025-12-18,11,11,66.1237820158948,66.15625830981266,0.3559603850742529,65.444452257484,66.773233933519,0.4583333333333333,True,61.0,10,中维护
A7,2025-12-19,22,18,65.52695584965579,65.48022007549372,0.48649586152817953,64.6136720711742,66.5403395454512,0.75,True,62.0,10,中维护
A7,2025-12-20,22,22,65.08146537965575,65.1191525459076,0.4843932924919294,64.3238165026711,66.1100030373079,0.9166666666666666,True,63.0,10,中维护
A7,2025-12-21,23,23,65.0082433373818,64.96869255545714,0.5442650968087858,64.0039923210495,65.9644298266394,0.9583333333333334,True,64.0,10,中维护
A7,2025-12-22,12,0,,,,,,0.0,False,0.0,11,中维护
A7,2025-12-23,22,22,69.46547851450916,69.513240034929,0.2267354911400881,69.2522924370775,70.0388130142486,0.9166666666666666,True,1.0,11,中维护
A7,2025-12-24,21,21,68.9058030614694,68.85009432701635,0.20394638954557304,68.4223304253198,69.2302634183823,0.875,True,2.0,11,中维护
A7,2025-12-25,21,21,68.2585385408909,68.35644154830013,0.25132149877979354,67.9783358847316,68.8411181263163,0.875,True,3.0,11,中维护
A7,2025-12-26,14,14,67.56953086622764,67.59262396811184,0.47036109855935926,67.0044462645266,68.5802434321107,0.5833333333333334,True,4.0,11,中维护
A7,2025-12-27,22,21,66.4999577414815,66.52099845554544,0.4121062682174193,65.7771243092203,67.4356016819252,0.875,True,5.0,11,中维护
A7,2025-12-28,14,14,66.02566073340745,66.05517436439159,0.5967666640520091,65.2457961666327,67.153067478722,0.5833333333333334,True,6.0,11,中维护
A7,2025-12-29,19,18,65.28702641966295,65.38494462988828,0.6526855870033534,63.9751636895862,66.765507033097,0.75,True,7.0,11,中维护
A7,2025-12-30,23,23,64.4824605935718,64.43127565614303,0.40927044123862744,63.7618475619969,65.1402694811506,0.9583333333333334,True,8.0,11,中维护
A7,2025-12-31,22,22,63.67276196168015,63.62104722198185,0.3771450087545371,62.7599748037301,64.1332898070905,0.9166666666666666,True,9.0,11,中维护
A7,2026-01-01,17,17,62.9445234557412,63.15135247662283,0.4431049974251226,62.7135575380359,64.1616352687578,0.7083333333333334,True,10.0,11,中维护
A7,2026-01-02,21,21,62.331361705968,62.27777908478038,0.3754090813362544,61.4177488561549,63.0754354195777,0.875,True,11.0,11,中维护
A7,2026-01-03,24,24,61.57129390665945,61.66128518692708,0.4279076013424382,61.0119119246341,62.4010286496546,1.0,True,12.0,11,中维护
A7,2026-01-04,23,23,60.6772046306973,60.59064051650846,0.6573285393055185,58.0562865049731,61.5353625129527,0.9583333333333334,True,13.0,11,中维护
A7,2026-01-05,21,21,60.4715008456424,60.55594392787913,0.41935832516984656,59.6221767635968,61.5150491607672,0.875,True,14.0,11,中维护
A7,2026-01-06,12,10,59.8649509232852,59.70762587692958,0.3882695163717243,59.0092529512298,60.1618758602215,0.4166666666666667,True,15.0,11,中维护
A7,2026-01-07,22,22,59.23123010671035,59.35319294224378,0.4321694751671312,58.6383496856642,60.2147481554257,0.9166666666666666,True,16.0,11,中维护
A7,2026-01-08,21,19,57.8088676167882,57.812860989698855,0.3918439317794926,57.1161397476775,58.4693539344293,0.7916666666666666,True,17.0,11,中维护
A7,2026-01-09,22,21,57.1327977797055,57.14624052363518,0.4799225942997385,56.3172720775211,58.0463190997263,0.875,True,18.0,11,中维护
A7,2026-01-10,19,19,56.9400794785925,56.95512111873247,0.3304296704203904,56.3408974163548,57.5860101649126,0.7916666666666666,True,19.0,11,中维护
A7,2026-01-11,22,19,55.9694894633883,55.96577138977036,0.3241077418136076,55.3649462125765,56.5880364729587,0.7916666666666666,True,20.0,11,中维护
A7,2026-01-12,13,13,55.0379697808484,55.00532756352141,0.3096531024742151,54.2083405018391,55.448630957751,0.5416666666666666,True,21.0,11,中维护
A7,2026-01-13,21,21,54.8093941002286,54.82899938881759,0.38400775664022585,54.1672009642445,55.7774328107147,0.875,True,22.0,11,中维护
A7,2026-01-14,22,22,53.58761842870995,53.52900605309817,0.3850018582853549,52.7868614755843,54.1780328848883,0.9166666666666666,True,23.0,11,中维护
A7,2026-01-15,22,21,52.4946312676004,52.52077258216515,0.5211398895374242,51.4807378124936,53.2526782986273,0.875,True,24.0,11,中维护
A7,2026-01-16,14,14,51.5870275454654,51.51325883364291,0.31638567192933925,50.906693871874,51.9648191336339,0.5833333333333334,True,25.0,11,中维护
A7,2026-01-17,19,19,50.5265438510672,50.37575833339268,0.4266111580920326,49.3715996665238,51.2582206157481,0.7916666666666666,True,26.0,11,中维护
A7,2026-01-18,13,13,49.7221527947064,49.715936826067264,0.49700000487234763,48.773087071736,50.4785131235825,0.5416666666666666,True,27.0,11,中维护
A7,2026-01-19,21,21,49.3907788138589,49.43058923435553,0.3180259412187221,48.6982800803356,50.0224447543789,0.875,True,28.0,11,中维护
A7,2026-01-20,4,4,49.4019169305372,49.19654957573602,0.5715232145148865,48.3592015838432,49.6231628580265,0.16666666666666666,True,29.0,11,中维护
A7,2026-01-21,4,4,48.21585583718655,48.22610722485618,0.24698652177817843,47.9753807128245,48.4973365122271,0.16666666666666666,True,30.0,11,中维护
A7,2026-01-22,4,4,47.633187132568594,47.6104457451393,0.4111095688445259,47.1929595866688,47.9824491287512,0.16666666666666666,True,31.0,11,中维护
A7,2026-01-23,4,4,47.31347136832715,47.19357880886508,0.6466896370984153,46.4155415633524,47.7318309354536,0.16666666666666666,True,32.0,11,中维护
A7,2026-01-24,4,4,46.506744219687945,46.5250879767187,0.29243683013337457,46.1901654163971,46.8966980511018,0.16666666666666666,True,33.0,11,中维护
A7,2026-01-25,4,4,45.714453548242346,45.70645412564215,0.20586875834734258,45.4466461062841,45.9502632997998,0.16666666666666666,True,34.0,11,中维护
A7,2026-01-26,4,4,45.04738395643435,45.09159046561425,0.28620761050118576,44.7921426598266,45.4794512897617,0.16666666666666666,True,35.0,11,中维护
A7,2026-01-27,4,4,45.254292076715046,45.24082734931172,0.18633857214009458,45.0273618422618,45.427363401555,0.16666666666666666,True,36.0,11,中维护
A7,2026-01-28,4,4,44.58255194131685,44.686164119811,0.3261086967487859,44.436734250036,45.1428183465743,0.16666666666666666,True,37.0,11,中维护
A7,2026-01-29,4,4,44.516904252401204,44.58522970278642,0.2829962955620813,44.3454624554662,44.9616478508771,0.16666666666666666,True,38.0,11,中维护
A7,2026-01-30,4,4,43.639183191506504,43.65488037551752,0.28882271412918104,43.355091110972,43.9860640080851,0.16666666666666666,True,39.0,11,中维护
A7,2026-01-31,4,4,43.116267282821696,43.0100744451979,0.5086445542356182,42.3096071947121,43.4981560204361,0.16666666666666666,True,40.0,11,中维护
A7,2026-02-01,4,4,42.65947938828265,42.80702766958687,0.42410586779181364,42.5006110216838,43.4085408800984,0.16666666666666666,True,41.0,11,中维护
A7,2026-02-02,4,4,42.1923510592096,42.091211599905925,0.40022646909466786,41.5551769476237,42.4249673335808,0.16666666666666666,True,42.0,11,中维护
A7,2026-02-03,4,4,41.9775040918529,41.96124141495997,0.48410196734843336,41.4166475192643,42.4733099568698,0.16666666666666666,True,43.0,11,中维护
A7,2026-02-04,4,3,41.4704087416929,41.48070481979833,0.28717908798784164,41.1988122316582,41.7728934860439,0.125,True,44.0,11,中维护
A7,2026-02-05,4,2,,,,,,0.08333333333333333,False,45.0,11,中维护
A7,2026-02-06,4,4,40.51260319548045,40.51611951565188,0.2597962123868418,40.2355027175628,40.8037689540838,0.16666666666666666,True,46.0,11,中维护
A7,2026-02-07,4,4,39.534390015674404,39.620971047997074,0.28181467136118943,39.40537368734,40.0097304732995,0.16666666666666666,True,47.0,11,中维护
A7,2026-02-08,4,0,,,,,,0.0,False,0.0,12,大维护
A7,2026-02-09,4,4,68.1775403470685,68.14431799391407,0.15247674827718052,67.9401043538227,68.2820869276966,0.16666666666666666,True,1.0,12,大维护
A7,2026-02-10,4,4,68.06432283782755,68.20282461997643,0.3857697551775655,67.9127550557809,68.7698977484697,0.16666666666666666,True,2.0,12,大维护
A7,2026-02-11,4,4,68.4138970405732,68.40188991491371,0.04748259298923502,68.3343409466253,68.4454246318831,0.16666666666666666,True,3.0,12,大维护
A7,2026-02-12,4,2,,,,,,0.08333333333333333,False,4.0,12,大维护
A7,2026-02-13,4,4,66.2498989959236,66.30804885789115,0.27473889973099047,66.045603871662,66.6867935680554,0.16666666666666666,True,5.0,12,大维护
A7,2026-02-14,4,4,65.69749905692404,65.61721052875453,0.523923672612424,65.0168080970522,66.0570359041178,0.16666666666666666,True,6.0,12,大维护
A7,2026-02-15,4,4,64.36055318368855,64.39553575514728,0.23196038325559168,64.1777350124692,64.6833016407428,0.16666666666666666,True,7.0,12,大维护
A7,2026-02-16,4,4,64.03420496005525,64.12207940402875,0.4314845793238327,63.7017525098908,64.7181551861137,0.16666666666666666,True,8.0,12,大维护
A7,2026-02-17,4,4,63.92532457087485,63.88251420643125,0.3647589200869178,63.4734770715219,64.2059306124534,0.16666666666666666,True,9.0,12,大维护
A7,2026-02-18,4,4,63.415024201107855,63.380741862690954,0.18198883497484195,63.1369975663971,63.555921482151,0.16666666666666666,True,10.0,12,大维护
A7,2026-02-19,4,4,63.2028697991272,63.15423674147215,0.14198629524634113,62.9498681062188,63.2613392614154,0.16666666666666666,True,11.0,12,大维护
A7,2026-02-20,4,4,62.790004952853195,62.8042461089817,0.21427639029598924,62.6135326878818,63.0234418423386,0.16666666666666666,True,12.0,12,大维护
A7,2026-02-21,4,3,61.8157760274627,61.885441128560764,0.14954298528213025,61.7834409903478,62.0571063678718,0.125,True,13.0,12,大维护
A7,2026-02-22,4,4,61.381449105258596,61.39594472615383,0.14018087864297663,61.2411401042231,61.579740589875,0.16666666666666666,True,14.0,12,大维护
A7,2026-02-23,4,4,60.8311052951655,60.76444542306373,0.22557806489995422,60.4495168128381,60.9460542890858,0.16666666666666666,True,15.0,12,大维护
A7,2026-02-24,4,4,60.47713731686735,60.56023848138745,0.31588347875367023,60.2748289974716,61.0118502943435,0.16666666666666666,True,16.0,12,大维护
A7,2026-02-25,4,4,59.6526766719945,59.5882298607237,0.22176785740725305,59.2711369913188,59.776429107587,0.16666666666666666,True,17.0,12,大维护
A7,2026-02-26,4,4,59.3718067153063,59.3263608944603,0.24409451300749888,58.991211494319,59.5706186529096,0.16666666666666666,True,18.0,12,大维护
A7,2026-02-27,4,4,58.7916844179178,58.84356576936088,0.2642082481832073,58.5802878018744,59.2106064397335,0.16666666666666666,True,19.0,12,大维护
A7,2026-02-28,4,4,58.51304597780055,58.459801952564405,0.49316657973079714,57.817112175242,58.9960036794145,0.16666666666666666,True,20.0,12,大维护
A7,2026-03-01,4,4,58.1171230035457,58.18485597451813,0.34398363626022543,57.8665457851811,58.6386321058,0.16666666666666666,True,21.0,12,大维护
A7,2026-03-02,4,4,57.802128584946004,57.90385317799095,0.47083278761030645,57.4513479068993,58.5598076351725,0.16666666666666666,True,22.0,12,大维护
A7,2026-03-03,4,4,58.27240104515245,58.34962236458847,0.6060531437565444,57.7247911014902,59.1288962665588,0.16666666666666666,True,23.0,12,大维护
A7,2026-03-04,4,3,57.6157851159651,57.850477540993204,0.7533946474205432,57.2423631453501,58.6932843616644,0.125,True,24.0,12,大维护
A7,2026-03-05,4,4,56.744340933971955,56.991770872995524,0.626872446030205,56.5577190763718,57.9206825476664,0.16666666666666666,True,25.0,12,大维护
A7,2026-03-06,4,4,57.11365156409425,56.9711386944223,0.8705605115087616,55.8234876305514,57.8337640189493,0.16666666666666666,True,26.0,12,大维护
A7,2026-03-07,4,4,56.8791536676092,56.8093702435873,0.8889251608882067,55.6582215708989,57.8209520682319,0.16666666666666666,True,27.0,12,大维护
A7,2026-03-08,4,2,,,,,,0.08333333333333333,False,28.0,12,大维护
A7,2026-03-09,4,4,55.761097738672305,55.9275217292217,1.2214033395960444,54.7176174269718,57.4702740125704,0.16666666666666666,True,29.0,12,大维护
A7,2026-03-10,4,4,55.97459499581035,55.99939262370565,0.5036348704055946,55.529420172054,56.5189603311479,0.16666666666666666,True,30.0,12,大维护
A7,2026-03-11,4,4,55.4808106474234,55.32652245891548,0.49758497387299605,54.6322269025528,55.7122416382623,0.16666666666666666,True,31.0,12,大维护
A7,2026-03-12,4,4,55.196476637448754,55.265057912023124,0.24320051066992324,55.0705752433641,55.5967031298309,0.16666666666666666,True,32.0,12,大维护
A7,2026-03-13,4,4,54.1620760890941,54.2233691379152,0.17083386124471736,54.0942595869399,54.4750647865327,0.16666666666666666,True,33.0,12,大维护
A7,2026-03-14,4,4,54.5384717162255,54.47697947367827,1.3624990337246612,52.9631713277878,55.8678031344743,0.16666666666666666,True,34.0,12,大维护
A7,2026-03-15,4,4,53.49719351081865,53.68443131235038,0.8818817770894938,52.8450318655673,54.8983063621969,0.16666666666666666,True,35.0,12,大维护
A7,2026-03-16,4,4,53.575912280072146,53.9612370703541,1.047467383048332,53.1852930313111,55.507830689961,0.16666666666666666,True,36.0,12,大维护
A7,2026-03-17,4,3,53.5892636827662,53.36553676462916,0.7534621257147861,52.5255490891921,53.9817975219292,0.125,True,37.0,12,大维护
A7,2026-03-18,4,4,53.41878019558135,53.29383843448393,0.806154783738343,52.296714711592,54.041078635181,0.16666666666666666,True,38.0,12,大维护
A7,2026-03-19,4,3,52.6875791988891,52.52887598877837,0.7026106768456861,51.7604875693633,53.1385611980827,0.125,True,39.0,12,大维护
A7,2026-03-20,4,4,52.558439796905304,52.67780400015895,0.786524008372582,51.8761104695848,53.7182259372404,0.16666666666666666,True,40.0,12,大维护
A7,2026-03-21,4,4,52.1192402886823,52.1095676664875,0.4634267518043403,51.5389410708125,52.6608490177729,0.16666666666666666,True,41.0,12,大维护
A7,2026-03-22,4,4,52.0313584982909,52.179756813019175,0.696703793325037,51.5102895160355,53.1460207394594,0.16666666666666666,True,42.0,12,大维护
A7,2026-03-23,4,1,,,,,,0.041666666666666664,False,43.0,12,大维护
A7,2026-03-24,4,3,50.7914007538638,50.857154818633965,0.7220706957495673,50.1702100731567,51.6098536288814,0.125,True,44.0,12,大维护
A7,2026-03-25,4,0,,,,,,0.0,False,0.0,13,中维护
A7,2026-03-26,4,4,68.8570968981098,68.85876616919755,0.2558146529734166,68.5598846618718,69.1609862186988,0.16666666666666666,True,1.0,13,中维护
A7,2026-03-27,4,4,68.29334828104865,68.27340669748598,0.19810933520444798,68.012476301947,68.4944539258996,0.16666666666666666,True,2.0,13,中维护
A7,2026-03-28,4,4,68.01030315082414,67.9712170277354,0.33213573455747375,67.5743463862312,68.2899154230621,0.16666666666666666,True,3.0,13,中维护
A7,2026-03-29,4,4,67.32626476786025,67.4209981688349,0.6554295032121932,66.8510149881162,68.1804481515029,0.16666666666666666,True,4.0,13,中维护
A7,2026-03-30,4,4,67.28195271365345,67.4117675248584,0.7144783716897252,66.7706993128377,68.312465359289,0.16666666666666666,True,5.0,13,中维护
A7,2026-03-31,4,4,66.84771650250295,66.79149129770953,0.8188856329759011,65.8801769008878,67.5903552849444,0.16666666666666666,True,6.0,13,中维护
A7,2026-04-01,4,4,66.40944913291855,66.46649512825913,0.5784709158562747,65.9353168301755,67.1117654170239,0.16666666666666666,True,7.0,13,中维护
A7,2026-04-02,4,4,64.7921114868026,65.31178293439397,1.1416017198033919,64.6424263013695,67.0204824626012,0.16666666666666666,True,8.0,13,中维护
A7,2026-04-03,4,4,65.31694503327509,65.5580229693428,1.0006587633438144,64.6462530496055,66.9519487612155,0.16666666666666666,True,9.0,13,中维护
A7,2026-04-04,4,4,66.00350068110964,66.09686978323624,0.6052531978073655,65.4803516199946,66.9001261507311,0.16666666666666666,True,10.0,13,中维护
A7,2026-04-05,4,4,65.07811554552984,65.13552398125557,0.816512787930913,64.2511401738747,66.1347246600879,0.16666666666666666,True,11.0,13,中维护
A7,2026-04-06,4,4,63.4961865595084,63.51698029005033,0.6049180534670452,62.9088872429237,64.1666607982608,0.16666666666666666,True,12.0,13,中维护
A7,2026-04-07,4,4,64.4306952957856,64.05148938489555,1.4397596918057047,62.0819010818197,65.2626658661913,0.16666666666666666,True,13.0,13,中维护
A7,2026-04-08,4,4,64.18331663010795,64.14352506254927,0.3345074880018807,63.7551279499677,64.4523390400135,0.16666666666666666,True,14.0,13,中维护
A7,2026-04-09,4,4,64.15611460611275,63.93850663184105,0.6673226004552877,63.0122299419857,64.429567373153,0.16666666666666666,True,15.0,13,中维护
A7,2026-04-10,4,4,63.82462452044485,63.6299771038324,0.6208020497789879,62.7321058605879,64.138553513852,0.16666666666666666,True,16.0,13,中维护
A8,2024-04-04,1,0,,,,,,0.0,False,0.0,0,观测起点
A8,2024-04-05,2,2,,,,,,0.08333333333333333,False,0.0,0,观测起点
A8,2024-04-06,21,21,119.407364675475,119.29205738620861,0.3404407409332999,118.673868856413,119.859383893812,0.875,True,0.0,0,观测起点
A8,2024-04-07,22,22,119.1977500529635,119.18494542764319,0.5139708639990959,117.700721452121,120.095305610009,0.9166666666666666,True,0.0,0,观测起点
A8,2024-04-08,19,18,119.27658159534249,119.3189561306329,0.7801111983827391,117.899446123753,120.505727063589,0.75,True,0.0,0,观测起点
A8,2024-04-09,17,17,119.381634962992,119.49585725229959,0.5408398510836797,118.589656282738,120.370031388931,0.7083333333333334,True,0.0,0,观测起点
A8,2024-04-10,22,20,119.071077795738,119.03541847822426,0.6926765184441172,117.683930154862,120.568547470238,0.8333333333333334,True,0.0,0,观测起点
A8,2024-04-11,13,13,118.801546864665,118.72874529923185,0.677250088508951,117.90229035267,120.140270367214,0.5416666666666666,True,0.0,0,观测起点
A8,2024-04-12,24,24,118.647797149551,118.57946135381201,0.6383315834354282,117.12357553358,119.461215672562,1.0,True,0.0,0,观测起点
A8,2024-04-13,23,22,118.61892763886101,118.51982828515514,0.6730448856503657,117.531401400092,120.109814031006,0.9166666666666666,True,0.0,0,观测起点
A8,2024-04-14,20,20,118.419313363887,118.5580533044872,0.6664922702621168,117.468653236529,119.873604639733,0.8333333333333334,True,0.0,0,观测起点
A8,2024-04-15,15,15,118.132954252337,118.0219600302958,0.5950459351898146,116.288972794228,118.801019676552,0.625,True,0.0,0,观测起点
A8,2024-04-16,24,24,118.26267655710299,118.14804473914995,0.7029974406323092,116.479062092941,119.005598439876,1.0,True,0.0,0,观测起点
A8,2024-04-17,20,20,117.90022779258,117.84329412363859,0.6908407675319864,116.703645001053,119.114226045215,0.8333333333333334,True,0.0,0,观测起点
A8,2024-04-18,21,21,117.966453291099,117.86914159040687,0.9606755110205609,116.498312725793,119.365233455058,0.875,True,0.0,0,观测起点
A8,2024-04-19,15,14,117.93834372279699,117.97010148981971,0.7209784150057278,116.62706346292,119.225552070817,0.5833333333333334,True,0.0,0,观测起点
A8,2024-04-20,12,12,117.9975703327885,117.97423878513234,0.6149452913551045,116.488660615258,118.896793049619,0.5,True,0.0,0,观测起点
A8,2024-04-21,23,23,117.758515744566,117.7072957726583,0.6497760536275994,116.435524705776,118.947731581563,0.9583333333333334,True,0.0,0,观测起点
A8,2024-04-22,20,18,117.9338833400445,117.78481360502595,0.48080010774518706,116.906509206276,118.436602160115,0.75,True,0.0,0,观测起点
A8,2024-04-23,14,14,117.7040563319895,117.72768102954079,0.841311743437818,115.900192106037,119.2852526719,0.5833333333333334,True,0.0,0,观测起点
A8,2024-04-24,12,12,117.223821417196,117.37709744345841,0.9920768759405661,115.804712307164,118.821459163568,0.5,True,0.0,0,观测起点
A8,2024-04-25,20,20,117.492341714542,117.52967634861916,0.5540505989757457,116.2534438962,118.574669283934,0.8333333333333334,True,0.0,0,观测起点
A8,2024-04-26,16,16,116.70505968302899,116.84301277046737,0.5354764670341031,116.065822754371,117.667063141698,0.6666666666666666,True,0.0,0,观测起点
A8,2024-04-27,23,23,117.045897941082,116.9164513581353,0.6345868085714393,115.182275151108,117.791545176668,0.9583333333333334,True,0.0,0,观测起点
A8,2024-04-28,24,21,116.986141108117,116.85457745754914,0.6482932873612344,115.475012769773,117.744726877913,0.875,True,0.0,0,观测起点
A8,2024-04-29,4,4,115.81864669414949,116.179003629935,0.8073513037683917,115.698770214971,117.37995091647,0.16666666666666666,True,0.0,0,观测起点
A8,2024-05-14,8,8,116.56651157369151,116.493947885281,0.49159773338437035,115.704781332557,117.111190218429,0.3333333333333333,True,0.0,0,观测起点
A8,2024-05-15,21,20,116.404312318566,116.3136692384011,0.8363226969430884,114.727634299126,118.220530186987,0.8333333333333334,True,0.0,0,观测起点
A8,2024-05-16,24,24,116.63895364699201,116.63442742317847,0.7934107784984654,115.36530473668,117.966655638971,1.0,True,0.0,0,观测起点
A8,2024-05-17,23,23,116.093968210245,116.20416403182648,0.9337744169724586,114.779040127816,118.313545188648,0.9583333333333334,True,0.0,0,观测起点
A8,2024-05-18,12,12,116.29225152891149,116.03040614472434,0.9521358225507807,114.23088272425,117.270834048637,0.5,True,0.0,0,观测起点
A8,2024-05-19,21,21,115.835145542454,115.97097988649287,0.9443595611754309,114.094467932354,118.382876690373,0.875,True,0.0,0,观测起点
A8,2024-05-20,24,24,116.10900952182399,115.94383009406833,0.6144433912884409,114.563206594745,116.953596348615,1.0,True,0.0,0,观测起点
A8,2024-05-21,23,20,115.753103332592,115.7132739324954,0.7933093640334721,114.183122552427,117.130673661656,0.8333333333333334,True,0.0,0,观测起点
A8,2024-05-22,10,10,115.6030211545035,115.73267364257882,1.0474338374619099,114.295929548839,117.781125860685,0.4166666666666667,True,0.0,0,观测起点
A8,2024-05-23,22,22,115.44480851680049,115.34771557994455,0.6844896506088177,114.252145814416,116.97707336981,0.9166666666666666,True,0.0,0,观测起点
A8,2024-05-24,22,22,115.4129128498135,115.32279965234626,0.8499231801417099,113.689988769397,116.765800691149,0.9166666666666666,True,0.0,0,观测起点
A8,2024-05-25,23,23,115.312370278929,115.3532484173713,0.7771280368861483,114.013824310028,117.452836248314,0.9583333333333334,True,0.0,0,观测起点
A8,2024-05-26,13,11,115.05116880761,114.96902827508073,0.6866284437117282,113.911683166871,116.232752669139,0.4583333333333333,True,0.0,0,观测起点
A8,2024-05-27,13,13,115.089704130838,115.14202921085946,0.45049831555944153,114.313280711733,115.842103500544,0.5416666666666666,True,0.0,0,观测起点
A8,2024-05-28,23,23,114.801666799246,114.76451082818852,0.4667534062056011,113.47861257421,115.423131553831,0.9583333333333334,True,0.0,0,观测起点
A8,2024-05-29,23,23,115.180405107789,114.87810736793553,0.9321867173746441,112.106546129026,116.263345618087,0.9583333333333334,True,0.0,0,观测起点
A8,2024-05-30,17,17,114.678733727049,114.70490834729841,1.0126823145467787,112.905300681051,116.577693378316,0.7083333333333334,True,0.0,0,观测起点
A8,2024-05-31,15,15,114.704449112768,114.7618819277758,0.8695078903829545,113.264124534086,116.074003325979,0.625,True,0.0,0,观测起点
A8,2024-06-01,9,9,116.561294577198,116.73731410937643,3.7705736068053244,111.720336230548,124.058791986601,0.375,True,0.0,0,观测起点
A8,2024-06-03,10,0,,,,,,0.0,False,1.0,1,中维护
A8,2024-06-04,13,13,130.266553677229,130.6248211673307,1.1916177167910815,129.12033293661,132.694729453879,0.5416666666666666,True,2.0,1,中维护
A8,2024-06-05,24,24,130.62493108872502,130.53543397950116,1.9265295066242025,124.467932192074,134.010832325206,1.0,True,3.0,1,中维护
A8,2024-06-06,23,23,130.236425570722,130.21374323818188,2.7102524881712076,124.722809967996,135.809864911868,0.9583333333333334,True,4.0,1,中维护
A8,2024-06-07,22,17,128.470415349396,129.15739909936363,3.973340985944272,122.000691024438,136.127330537751,0.7083333333333334,True,5.0,1,中维护
A8,2024-06-08,11,11,133.008876478384,132.10031256433956,2.919508199298569,127.375008332844,135.836803115669,0.4583333333333333,True,6.0,1,中维护
A8,2024-06-09,23,23,130.66279415767,130.6521916879411,3.766018128305086,123.612919521032,138.630943579858,0.9583333333333334,True,7.0,1,中维护
A8,2024-06-10,22,22,129.60251349994752,128.59756369657637,4.998422538071315,115.547030918352,136.056033193121,0.9166666666666666,True,8.0,1,中维护
A8,2024-06-11,23,23,129.056801162099,129.20345762713367,4.321666156965265,120.548190310592,138.199463173841,0.9583333333333334,True,9.0,1,中维护
A8,2024-06-12,12,12,131.2066452328605,131.6539127346841,2.667026379857451,127.695638353192,136.932555919557,0.5,True,10.0,1,中维护
A8,2024-06-13,23,23,128.914205152133,129.55733369546678,3.173468696512893,123.407457587326,134.756371942598,0.9583333333333334,True,11.0,1,中维护
A8,2024-06-14,24,22,130.132183836079,129.31822840234406,4.478824613913661,114.499691835984,135.096750361397,0.9166666666666666,True,12.0,1,中维护
A8,2024-06-15,24,23,129.724409711434,129.5553122060691,3.1974365763043235,123.312685079013,134.820345307863,0.9583333333333334,True,13.0,1,中维护
A8,2024-06-16,11,11,129.540189938051,129.3733907861918,5.251992344971837,120.439492539469,141.707047590422,0.4583333333333333,True,14.0,1,中维护
A8,2024-06-17,21,21,129.815889617107,129.41544440291779,4.006015149479674,123.284719138987,137.17653951465,0.875,True,15.0,1,中维护
A8,2024-06-18,22,22,128.3848018775825,129.32405559544347,4.924128413525194,119.529295351611,138.145176617631,0.9166666666666666,True,16.0,1,中维护
A8,2024-06-19,24,24,128.39880788205,128.7976687199632,3.560131853809905,123.046760129303,134.85264225796,1.0,True,17.0,1,中维护
A8,2024-06-20,13,12,126.4632985783595,127.276047383719,4.737891045399747,121.44515373748,135.335730830116,0.5,True,18.0,1,中维护
A8,2024-06-21,22,18,130.230502625232,130.62268764063782,3.9082257561991165,124.137201576129,137.473815054598,0.75,True,19.0,1,中维护
A8,2024-06-22,22,22,129.3839901009795,128.9097209102799,3.559554928250608,122.597588686492,136.563145497694,0.9166666666666666,True,20.0,1,中维护
A8,2024-06-23,23,23,129.489401809413,128.94899044501096,4.781061199841818,118.61904524104,137.652389969738,0.9583333333333334,True,21.0,1,中维护
A8,2024-06-24,15,14,128.6728294997495,130.14663341984087,4.385388727510228,124.612726136284,138.50515192437,0.5833333333333334,True,22.0,1,中维护
A8,2024-06-25,19,19,130.155227927559,130.89353439026584,4.4732546873991135,122.884988442503,139.586902419959,0.7916666666666666,True,23.0,1,中维护
A8,2024-06-26,24,24,130.195987441783,129.89555009211873,3.8378232414785285,122.085375476084,135.820007397604,1.0,True,24.0,1,中维护
A8,2024-06-27,23,23,129.240651333282,129.07149674171714,4.565544625701671,119.221669074823,138.826664220008,0.9583333333333334,True,25.0,1,中维护
A8,2024-06-28,17,17,129.544057458889,128.15914803006436,4.086080392949988,120.925273016792,134.961519996781,0.7083333333333334,True,26.0,1,中维护
A8,2024-06-29,15,15,127.489100227182,126.36644607604906,8.457945129289191,101.017497936126,137.277739538837,0.625,True,27.0,1,中维护
A8,2024-06-30,23,23,129.475590409388,128.12841957523548,4.570538954106923,119.713532083616,135.082410597031,0.9583333333333334,True,28.0,1,中维护
A8,2024-07-01,23,23,127.926444932066,128.32284482543585,3.1462439186838735,123.578506836584,134.009810095336,0.9583333333333334,True,29.0,1,中维护
A8,2024-07-02,24,24,128.999739525009,128.95230320581828,3.1509409494052005,122.682209375863,135.189351346055,1.0,True,30.0,1,中维护
A8,2024-07-03,12,12,128.9382817920955,128.8186634807756,2.450919958958815,123.177643152825,133.465621265845,0.5,True,31.0,1,中维护
A8,2024-07-04,16,16,128.528430709418,128.2063174285787,3.188635828192996,123.158366185612,134.112657186685,0.6666666666666666,True,32.0,1,中维护
A8,2024-07-05,4,4,128.897468331315,129.41486300835325,2.2237023256041986,127.404039651443,132.46047571934,0.16666666666666666,True,33.0,1,中维护
A8,2024-07-06,4,4,130.72273570351751,130.9965816391775,1.394669458201995,129.646185781446,132.894669368229,0.16666666666666666,True,34.0,1,中维护
A8,2024-07-07,4,4,130.039167752212,129.4148582498625,1.6431595072630807,127.012220805828,130.568876689198,0.16666666666666666,True,35.0,1,中维护
A8,2024-07-08,4,4,130.88451787893501,130.8112155380035,2.0382980427411437,128.244122516346,133.231703877798,0.16666666666666666,True,36.0,1,中维护
A8,2024-07-09,4,4,129.1759406731995,130.0514448046315,4.268334356004325,125.849802572635,136.004095299492,0.16666666666666666,True,37.0,1,中维护
A8,2024-07-10,4,4,129.06637957912147,128.79447790187925,1.6006998724379367,126.609926222907,130.435226226367,0.16666666666666666,True,38.0,1,中维护
A8,2024-07-11,4,4,129.2614556349475,129.36645550643874,3.2520477130265673,125.813041222421,133.129869533439,0.16666666666666666,True,39.0,1,中维护
A8,2024-07-12,4,4,131.381603759023,130.4092086029175,4.5383689678362975,124.673497452955,134.200129440669,0.16666666666666666,True,40.0,1,中维护
A8,2024-07-13,4,4,125.95936490354799,126.41729558534725,2.609932852461188,123.797911701474,129.952540832819,0.16666666666666666,True,41.0,1,中维护
A8,2024-07-14,4,4,132.237849097432,132.21675195707,1.1895962832570341,130.753360161751,133.637949471665,0.16666666666666666,True,42.0,1,中维护
A8,2024-07-15,4,4,128.66009749217352,128.17093126723026,2.1986688173177797,125.108683752849,130.254846331725,0.16666666666666666,True,43.0,1,中维护
A8,2024-07-16,4,4,128.1772037267005,127.4171386923245,2.8690326133925654,123.625491303302,129.688656012595,0.16666666666666666,True,44.0,1,中维护
A8,2024-07-17,4,4,128.7551513539425,129.00765011839326,1.3514079804191856,127.644171537886,130.876126227802,0.16666666666666666,True,45.0,1,中维护
A8,2024-07-18,4,4,128.71195005962448,129.19899926191874,2.2759194464687327,127.053173882655,132.318923045771,0.16666666666666666,True,46.0,1,中维护
A8,2024-07-19,4,4,129.74637498093398,129.32179839136177,1.3436108576884305,127.443512103087,130.350931500492,0.16666666666666666,True,47.0,1,中维护
A8,2024-07-20,4,4,129.48957240508452,129.3199794229345,1.3782621361966696,127.609303638964,130.691469242605,0.16666666666666666,True,48.0,1,中维护
A8,2024-07-21,4,1,,,,,,0.041666666666666664,False,49.0,1,中维护
A8,2024-07-22,4,2,,,,,,0.08333333333333333,False,50.0,1,中维护
A8,2024-07-23,4,4,128.2958611438415,127.56962079932676,2.7894110710696323,123.781560534641,129.905200374983,0.16666666666666666,True,51.0,1,中维护
A8,2024-07-24,4,4,127.5871090045365,128.98574698016526,4.126214561459263,125.903872652795,134.864897258793,0.16666666666666666,True,52.0,1,中维护
A8,2024-07-25,4,4,126.312223978243,126.427666617735,3.179347705105438,123.009336205512,130.076882308942,0.16666666666666666,True,53.0,1,中维护
A8,2024-07-26,4,4,127.7474951104295,126.8553416303595,3.310961007065718,122.18376503884,129.742611261739,0.16666666666666666,True,54.0,1,中维护
A8,2024-07-27,4,4,128.1954415333405,128.359785347616,2.896513228864571,125.085021518632,131.963236805151,0.16666666666666666,True,55.0,1,中维护
A8,2024-07-28,4,4,128.099612110436,129.5182571813,4.053051072774459,126.576292463278,135.29751204105,0.16666666666666666,True,56.0,1,中维护
A8,2024-07-29,4,4,128.780636858805,127.99783285867323,2.0910809064883384,124.921611525654,129.508446191429,0.16666666666666666,True,57.0,1,中维护
A8,2024-07-30,4,4,129.390063977865,128.59332223272327,2.355633217534396,125.225587921642,130.367573053521,0.16666666666666666,True,58.0,1,中维护
A8,2024-07-31,4,4,128.23260794946452,128.184707219594,1.6935185079692987,126.476768395777,129.79684458367,0.16666666666666666,True,59.0,1,中维护
A8,2024-08-01,4,4,127.88076466024,127.604123443388,0.9893982280488423,126.214176505635,128.440787947437,0.16666666666666666,True,60.0,1,中维护
A8,2024-08-02,4,4,125.99862614126,125.3254984514425,2.5686782779573085,121.961266345835,127.343475177415,0.16666666666666666,True,61.0,1,中维护
A8,2024-08-03,4,4,127.2853134343835,127.284749689882,1.4768105928567354,125.903596516879,128.664775373882,0.16666666666666666,True,62.0,1,中维护
A8,2024-08-04,4,4,128.4190325631765,128.101211946204,1.220056572791968,126.362710970617,129.204071687846,0.16666666666666666,True,63.0,1,中维护
A8,2024-08-05,4,4,127.124805614163,126.88943222968275,1.4870351576181475,124.873579584071,128.434538106334,0.16666666666666666,True,64.0,1,中维护
A8,2024-08-06,4,4,125.529897905176,125.764857933591,1.8088396448117048,124.079771731562,127.91986419245,0.16666666666666666,True,65.0,1,中维护
A8,2024-08-07,4,4,127.0289060691205,126.9340514719555,1.5737674526710224,124.97893001598,128.699463733601,0.16666666666666666,True,66.0,1,中维护
A8,2024-08-08,4,4,125.860643615199,126.44042059297675,1.653428317056782,125.243297193528,128.797097947981,0.16666666666666666,True,67.0,1,中维护
A8,2024-08-09,4,4,126.8788691264635,126.62762568402874,0.6030591515580168,125.740323758976,127.012440724212,0.16666666666666666,True,68.0,1,中维护
A8,2024-08-10,4,0,,,,,,0.0,False,0.0,2,中维护
A8,2024-08-11,4,4,132.189927571749,132.027369314621,0.4297430070174267,131.398518604164,132.331103510822,0.16666666666666666,True,1.0,2,中维护
A8,2024-08-12,4,4,131.21879769283652,131.4959115707045,1.1143138725538553,130.51246649044,133.033584406705,0.16666666666666666,True,2.0,2,中维护
A8,2024-08-13,4,4,131.24484123919302,131.06834739841202,0.6903461704310073,130.105093502478,131.678613612784,0.16666666666666666,True,3.0,2,中维护
A8,2024-08-14,4,4,130.4721123577365,131.24526447134326,1.7697755353467655,130.147176131235,133.889657038665,0.16666666666666666,True,4.0,2,中维护
A8,2024-08-15,4,4,129.742585156445,130.08909884444802,0.9770800125903136,129.343902317983,131.527322746919,0.16666666666666666,True,5.0,2,中维护
A8,2024-08-16,4,4,131.81741520365551,131.91694958584452,1.435856496014268,130.347431771866,133.685536164201,0.16666666666666666,True,6.0,2,中维护
A8,2024-08-17,4,4,129.76684404000503,130.21350182993274,1.5695899449504704,128.844644882627,132.475674357094,0.16666666666666666,True,7.0,2,中维护
A8,2024-08-18,4,4,129.67809127450948,130.20077419165426,1.2928783315280075,129.357377433902,132.089536783696,0.16666666666666666,True,8.0,2,中维护
A8,2024-08-19,4,4,128.840224673493,128.760158284146,1.1256257577727111,127.495566287803,129.864617501795,0.16666666666666666,True,9.0,2,中维护
A8,2024-08-20,4,4,129.5596251208035,129.47028167600627,0.8016234114911603,128.448856019889,130.313020442529,0.16666666666666666,True,10.0,2,中维护
A8,2024-08-21,4,4,131.72731768259752,130.90165787107074,2.1731030032236536,127.701513849052,132.450482270036,0.16666666666666666,True,11.0,2,中维护
A8,2024-08-22,4,4,128.31504726071552,128.66933990215324,1.3081183665820262,127.583485586208,130.463779500974,0.16666666666666666,True,12.0,2,中维护
A8,2024-08-23,4,4,131.18243085624852,131.4639448257165,1.2637747605421128,130.257718794617,133.233198795752,0.16666666666666666,True,13.0,2,中维护
A8,2024-08-24,4,4,130.78455155892402,130.8845183921605,1.7347486194392772,129.370292936239,132.598677514555,0.16666666666666666,True,14.0,2,中维护
A8,2024-08-25,4,4,129.2084261128535,129.1301333755925,0.9995560589250018,128.017166324337,130.086514952326,0.16666666666666666,True,15.0,2,中维护
A8,2024-08-26,4,4,129.58743848218649,129.729527610862,0.7262621957304185,129.011524913192,130.731708565883,0.16666666666666666,True,16.0,2,中维护
A8,2024-08-27,24,23,129.182600852708,129.35953047964784,1.8811143187125385,125.549144505233,132.414651659746,0.9583333333333334,True,17.0,2,中维护
A8,2024-08-28,24,24,129.22871194568302,129.0133770394352,1.3661409837069085,125.729484575058,130.478399580801,1.0,True,18.0,2,中维护
A8,2024-08-29,24,24,129.42890541904802,129.75607658746654,1.98271801687502,125.776082589512,133.190396873273,1.0,True,19.0,2,中维护
A8,2024-08-30,14,13,128.773899649237,128.858546275303,1.8284877939387507,126.752866790389,132.809409366314,0.5416666666666666,True,20.0,2,中维护
A8,2024-08-31,19,19,128.578494054387,128.7456674945608,2.076403116338247,126.080732095575,133.3410024126,0.7916666666666666,True,21.0,2,中维护
A8,2024-09-01,17,17,127.905445737341,127.94050590911945,0.8362260613947616,126.270982112271,129.261367513251,0.7083333333333334,True,22.0,2,中维护
A8,2024-09-02,12,12,127.891099752602,127.80385165792883,0.7275861377865377,126.448745895053,128.673969090111,0.5,True,23.0,2,中维护
A8,2024-09-03,19,19,126.794928496658,126.7420382813079,0.8179172788021061,125.475002544793,128.475653544677,0.7916666666666666,True,24.0,2,中维护
A8,2024-09-04,17,15,126.084893052202,126.28890288270647,0.5714093973849174,125.392315004283,127.467099687336,0.625,True,25.0,2,中维护
A8,2024-09-05,23,22,125.58739395147299,125.43061344176336,0.8729450134969694,123.77779501566,126.760361066927,0.9166666666666666,True,26.0,2,中维护
A8,2024-09-06,24,24,124.969933248492,124.87763505566478,0.9975642758285987,122.644509275569,126.896781539441,1.0,True,27.0,2,中维护
A8,2024-09-07,23,23,124.483502439089,124.38162349266379,0.7141861758090575,123.263457765359,125.867328828891,0.9583333333333334,True,28.0,2,中维护
A8,2024-09-08,13,13,123.451284227917,123.32307708404876,0.8279574659822669,122.036486479665,124.9193027138,0.5416666666666666,True,29.0,2,中维护
A8,2024-09-09,24,24,122.9166146712645,122.98064915456614,0.9293619460780104,120.827517137566,124.312063447768,1.0,True,30.0,2,中维护
A8,2024-09-10,24,23,121.954910932684,122.21243864683113,0.8698126901667286,120.942057598187,124.253440767717,0.9583333333333334,True,31.0,2,中维护
A8,2024-09-11,23,22,120.9862702081285,120.93735054362946,0.7400554133802422,119.627603269177,122.379045194286,0.9166666666666666,True,32.0,2,中维护
A8,2024-09-12,15,13,119.985762082902,120.24655142709707,0.8764944560113982,119.206683907613,121.898731538787,0.5416666666666666,True,33.0,2,中维护
A8,2024-09-13,23,23,119.679953567212,119.7808085683747,1.0869611718605487,117.699288753056,121.799329869174,0.9583333333333334,True,34.0,2,中维护
A8,2024-09-14,24,23,119.023006678588,118.95021985633069,1.0073937068372973,117.212910191426,120.827848309955,0.9583333333333334,True,35.0,2,中维护
A8,2024-09-15,23,23,117.906838218785,117.93617481712731,1.1849220645006788,116.394110280554,121.436734452776,0.9583333333333334,True,36.0,2,中维护
A8,2024-09-16,12,12,117.60657625763051,117.57779607789725,0.9572392097609848,116.261713099836,119.346868794791,0.5,True,37.0,2,中维护
A8,2024-09-17,24,24,117.39613596530401,117.30217608236585,0.7856842397530391,115.374913265798,118.659712438056,1.0,True,38.0,2,中维护
A8,2024-09-18,24,24,116.4842053926385,116.39692957830641,0.97353595376064,113.480965766528,117.655333543153,1.0,True,39.0,2,中维护
A8,2024-09-19,23,22,116.117217021236,116.01700121755101,0.6573412703598329,114.835425940385,117.031104669482,0.9166666666666666,True,40.0,2,中维护
A8,2024-09-20,13,13,114.793191217281,114.62750347554153,0.7874055563698288,113.244897376737,115.747065231726,0.5416666666666666,True,41.0,2,中维护
A8,2024-09-21,23,23,113.989779780358,114.11393906514249,0.8507714933855893,112.324390361897,116.042235850802,0.9583333333333334,True,42.0,2,中维护
A8,2024-09-22,24,19,113.199269310671,113.2305677771551,1.0060347409043409,111.69343441422,115.288519786907,0.7916666666666666,True,43.0,2,中维护
A8,2024-09-23,24,21,111.354828863219,111.37444975184546,0.643286617229616,110.253120172981,112.717504292703,0.875,True,44.0,2,中维护
A8,2024-09-24,14,14,111.2543304713225,111.15802364019429,0.7407893953161578,109.976308742561,112.321235668131,0.5833333333333334,True,45.0,2,中维护
A8,2024-09-25,22,22,111.16723785103551,111.07036275389305,0.8953999097163315,108.832665039008,113.030419882637,0.9166666666666666,True,46.0,2,中维护
A8,2024-09-26,24,23,110.350063113087,110.20503586803535,0.7725326386573381,108.515947184289,111.382654994634,0.9583333333333334,True,47.0,2,中维护
A8,2024-09-27,23,22,109.17819449842051,109.34073718292319,0.9819102674030886,107.606339039256,111.245365810137,0.9166666666666666,True,48.0,2,中维护
A8,2024-09-28,17,14,109.372098080214,109.41219860786414,0.7373653485039036,107.681966143523,110.350605052595,0.5833333333333334,True,49.0,2,中维护
A8,2024-09-29,20,20,108.604234119306,108.48042208821217,0.7478114349117492,107.120866533106,110.139744622509,0.8333333333333334,True,50.0,2,中维护
A8,2024-09-30,24,22,107.23384279630099,107.1986525398976,0.9371907037520202,105.706726594225,109.554357069374,0.9166666666666666,True,51.0,2,中维护
A8,2024-10-01,23,19,106.450967508906,106.46872675913069,0.8460562347982037,104.947221060182,108.028731674257,0.7916666666666666,True,52.0,2,中维护
A8,2024-10-02,20,20,105.793127750946,105.6596610533499,0.9557425186540779,103.513966787212,107.562728355627,0.8333333333333334,True,53.0,2,中维护
A8,2024-10-03,16,12,104.551936003082,104.5434752962209,0.7352805957806471,103.614609205307,105.68379471988,0.5,True,54.0,2,中维护
A8,2024-10-04,24,19,104.655109748985,104.69768203146452,0.8314079337122571,103.322624646881,105.988102051633,0.7916666666666666,True,55.0,2,中维护
A8,2024-10-05,23,23,103.703427528955,103.34719312587039,1.0400079964160724,101.789350312715,105.469451945977,0.9583333333333334,True,56.0,2,中维护
A8,2024-10-06,24,23,102.799025947148,102.87471120727447,1.0198086241003694,101.162706064056,106.200200962589,0.9583333333333334,True,57.0,2,中维护
A8,2024-10-07,14,10,101.5839413699425,101.90320788134831,1.4181495412836926,100.325848373312,104.106489268103,0.4166666666666667,True,58.0,2,中维护
A8,2024-10-08,24,19,100.134577541926,100.29521525498942,0.8071345295439192,99.2414938842001,101.674718936807,0.7916666666666666,True,59.0,2,中维护
A8,2024-10-09,24,24,99.5628919890944,99.5691580240695,1.222585017257963,96.6610293143857,101.499606881874,1.0,True,60.0,2,中维护
A8,2024-10-10,22,21,99.3184175731534,99.39485115164172,1.0977986666242208,98.0009656363044,101.909545369468,0.875,True,61.0,2,中维护
A8,2024-10-11,14,14,98.4819181423041,98.59427536498222,1.125533196707687,97.0340051125914,100.748214563565,0.5833333333333334,True,62.0,2,中维护
A8,2024-10-12,23,22,97.32928873581525,97.43786089846554,0.9651075817293625,96.0608914377608,99.4817581035574,0.9166666666666666,True,63.0,2,中维护
A8,2024-10-13,24,24,96.15696992194525,96.27600486815795,0.7692483646967343,95.0061633087587,97.8471284168914,1.0,True,64.0,2,中维护
A8,2024-10-14,24,24,95.20306659396175,95.20868687015813,0.8597702450493149,93.1595404377451,96.9897195676321,1.0,True,65.0,2,中维护
A8,2024-10-15,14,13,94.4293188376177,94.50662199264383,0.9269142149285686,93.272512583787,96.039571008298,0.5416666666666666,True,66.0,2,中维护
A8,2024-10-16,21,21,93.8817734674692,94.14348681275567,0.8935566102919917,92.5681546643466,95.901787295416,0.875,True,67.0,2,中维护
A8,2024-10-17,24,24,93.84743905643825,93.87728001083866,1.122531919402813,92.106935408128,96.241323716555,1.0,True,68.0,2,中维护
A8,2024-10-18,23,22,93.2714513403055,93.09049224518965,1.005356471138137,91.2793397788749,94.7018557192407,0.9166666666666666,True,69.0,2,中维护
A8,2024-10-19,13,13,92.0909849294412,92.57235633077188,1.0866820978422116,91.4544695356968,94.2922254049628,0.5416666666666666,True,70.0,2,中维护
A8,2024-10-20,22,22,91.5757905937283,91.31752229976134,1.0977351199002492,89.061926698971,93.1857869598062,0.9166666666666666,True,71.0,2,中维护
A8,2024-10-21,24,24,90.55318949935905,90.37187593434204,0.8931594866103525,88.3034368799127,91.8605566904064,1.0,True,72.0,2,中维护
A8,2024-10-22,23,23,89.5898144022722,89.47620027673263,1.1488115774900791,87.3885706955925,91.6308100707531,0.9583333333333334,True,73.0,2,中维护
A8,2024-10-23,24,24,89.61429180466911,89.70092153542778,1.1517320331417502,87.1477544433106,91.7960723623647,1.0,True,74.0,2,中维护
A8,2024-10-24,24,23,88.9295879943645,89.0015119545541,1.0167895514972571,86.8831032632129,90.4466877168464,0.9583333333333334,True,75.0,2,中维护
A8,2024-10-25,23,22,89.17629978138,88.98797425157476,1.1794789421754996,86.40057857019,90.7135059424202,0.9166666666666666,True,76.0,2,中维护
A8,2024-10-26,20,20,88.71173909781794,89.01003012900685,0.9065027947010875,87.7984756698368,91.4521034115825,0.8333333333333334,True,77.0,2,中维护
A8,2024-10-27,7,6,88.0418990875469,88.25767973981061,1.163245463123768,87.0028568752329,89.818289325137,0.25,True,78.0,2,中维护
A8,2024-10-28,7,3,87.5391919520412,87.5401238046965,1.4458794504677874,86.0947105057695,88.9864689562788,0.125,True,79.0,2,中维护
A8,2024-10-29,6,6,87.33650494751815,87.38591854797035,0.6147542665262304,86.639661130238,88.2094327433155,0.25,True,80.0,2,中维护
A8,2024-10-30,12,12,86.79091727456085,86.93747694403375,1.096108877543674,85.4055774317681,88.9413642032248,0.5,True,81.0,2,中维护
A8,2024-10-31,12,0,,,,,,0.0,False,0.0,3,中维护
A8,2024-11-01,24,24,114.9899897333745,114.97448627082446,0.48248878136156675,113.754607538495,116.144819671158,1.0,True,1.0,3,中维护
A8,2024-11-02,24,22,114.089737030711,114.12095837095345,0.4001693386199,113.461057025548,114.969166242433,0.9166666666666666,True,2.0,3,中维护
A8,2024-11-03,14,12,113.679601373531,113.65666281638141,0.3797445883114673,112.61872257543,114.157372574833,0.5,True,3.0,3,中维护
A8,2024-11-04,24,24,112.24693125266549,112.40125759930379,0.7246236255843065,111.192536212176,114.104185388663,1.0,True,4.0,3,中维护
A8,2024-11-05,24,24,111.9675141302945,111.81984416590338,1.1636914046206406,107.70358537129,114.033284052667,1.0,True,5.0,3,中维护
A8,2024-11-06,23,23,112.061531024913,111.90115954965513,0.9521280658175502,110.11625605358,113.38277306233,0.9583333333333334,True,6.0,3,中维护
A8,2024-11-07,13,12,111.346474212174,111.45706660897167,0.7281275738068418,110.36812298829,112.733638618711,0.5,True,7.0,3,中维护
A8,2024-11-08,24,24,111.668949276702,111.47761327735503,0.9741124697618253,109.520601121183,112.755797540218,1.0,True,8.0,3,中维护
A8,2024-11-09,24,24,110.6508463611555,110.64574196475799,0.6940754096255788,109.236244264051,111.744403697108,1.0,True,9.0,3,中维护
A8,2024-11-10,24,23,109.59837661476,109.78273624755188,0.7109332335678512,108.35261299887,111.178100682864,0.9583333333333334,True,10.0,3,中维护
A8,2024-11-11,13,13,109.629061212056,109.54936100088062,0.9148805698146917,107.987773001324,110.66097190903,0.5416666666666666,True,11.0,3,中维护
A8,2024-11-12,24,18,108.5452769650295,108.54572896552395,0.7273639825546413,107.112080962361,110.037209095444,0.75,True,12.0,3,中维护
A8,2024-11-13,22,22,108.085475724389,108.06165238588423,0.813559176670112,106.292245979784,109.386200753816,0.9166666666666666,True,13.0,3,中维护
A8,2024-11-14,23,23,107.36841886059,107.55462630625313,0.5637635722262441,106.854538439322,108.786418213177,0.9583333333333334,True,14.0,3,中维护
A8,2024-11-15,8,8,106.630434846657,106.66550505425926,0.5439582512843391,105.778428153503,107.566398835334,0.3333333333333333,True,15.0,3,中维护
A8,2024-11-17,17,15,106.711249526683,106.69569577486507,0.6385594115480278,105.511482985441,107.883507827559,0.625,True,17.0,3,中维护
A8,2024-11-18,24,24,106.351279228724,106.40378671115195,0.821082719342043,105.120819082136,108.496002264584,1.0,True,18.0,3,中维护
A8,2024-11-19,13,13,106.397296685466,105.962844626182,0.9385759172848799,104.464319241259,107.107409098775,0.5416666666666666,True,19.0,3,中维护
A8,2024-11-20,23,22,105.572321878572,105.67541143308387,0.7515242642736494,104.364454954794,107.326837402607,0.9166666666666666,True,20.0,3,中维护
A8,2024-11-21,24,23,105.147618876564,105.32771622558836,0.6489816447943422,104.375806408982,106.766273737771,0.9583333333333334,True,21.0,3,中维护
A8,2024-11-22,24,20,104.880379013833,104.8090568743725,0.7092839466875389,103.625089594175,106.024329649508,0.8333333333333334,True,22.0,3,中维护
A8,2024-11-23,14,10,104.69583963961,104.6244386353582,1.2672782013046513,102.585374905569,106.345480642757,0.4166666666666667,True,23.0,3,中维护
A8,2024-11-24,22,22,104.59661469467349,104.49826880404792,0.8438764504433834,102.244143731002,105.825464446829,0.9166666666666666,True,24.0,3,中维护
A8,2024-11-25,24,24,103.36704062292151,103.29783390338895,0.7262234966847505,101.797149402798,105.055323501337,1.0,True,25.0,3,中维护
A8,2024-11-26,24,24,102.73287358793951,102.68056692251703,0.917512235374278,101.265804702513,104.599503609409,1.0,True,26.0,3,中维护
A8,2024-11-27,23,23,101.362738563257,101.33003951349848,0.7581007213616006,98.9444690627018,102.536852883163,0.9583333333333334,True,27.0,3,中维护
A8,2024-11-28,22,21,101.502624517092,101.55156523306803,1.048630669701517,99.2418170498197,103.823846485241,0.875,True,28.0,3,中维护
A8,2024-11-29,12,7,101.477467790178,101.091360001919,0.791983401543599,99.57561725166,101.734447196816,0.2916666666666667,True,29.0,3,中维护
A8,2024-11-30,24,24,100.88431872743999,101.00562474230328,0.8575678918127694,99.4874701976518,102.737565861629,1.0,True,30.0,3,中维护
A8,2024-12-01,24,24,100.5865582125775,100.58243097939014,0.23518875412183488,100.048560460711,101.111479152201,1.0,True,31.0,3,中维护
A8,2024-12-02,23,21,100.473530856578,100.42426323115409,0.2238121275710754,99.7740215831077,100.773716904592,0.875,True,32.0,3,中维护
A8,2024-12-03,23,23,99.7733838401027,99.78057822052632,0.22440488362401104,99.3102526030709,100.327451945453,0.9583333333333334,True,33.0,3,中维护
A8,2024-12-04,19,15,99.1029193338212,99.10065964835732,0.24053841000720214,98.698235227687,99.5470355841261,0.625,True,34.0,3,中维护
A8,2024-12-05,18,18,98.87918751701216,98.92759670246106,0.2734781237190602,98.3666436805068,99.4654749694684,0.75,True,35.0,3,中维护
A8,2024-12-06,24,20,98.4834917246828,98.48892748545954,0.45880877801218717,97.8846816335697,99.9406220396039,0.8333333333333334,True,36.0,3,中维护
A8,2024-12-07,23,19,97.7119452051334,97.75224914436275,0.32074666281220904,97.1622009947563,98.3374008793514,0.7916666666666666,True,37.0,3,中维护
A8,2024-12-08,21,20,97.32045486285764,97.38305811655677,0.31392295628776645,96.8391367296498,98.0729612562786,0.8333333333333334,True,38.0,3,中维护
A8,2024-12-09,24,24,97.15089905469316,97.19272819766185,0.280741774693508,96.6525078322072,97.6519285989969,1.0,True,39.0,3,中维护
A8,2024-12-10,23,22,97.17756543190035,97.24702354661343,0.29528157424918583,96.8414916112519,98.0364413419497,0.9166666666666666,True,40.0,3,中维护
A8,2024-12-11,23,23,96.5026359360756,96.52392271721779,0.2249097897617969,96.1376924444552,96.9969357731482,0.9583333333333334,True,41.0,3,中维护
A8,2024-12-12,12,12,96.07064457370515,96.08357977254326,0.2457995145531317,95.7875292605859,96.7111783906074,0.5,True,42.0,3,中维护
A8,2024-12-13,21,18,95.74953000721045,95.70300931694636,0.23185355680092173,95.1272973278917,96.03330323094,0.75,True,43.0,3,中维护
A8,2024-12-14,24,24,94.6124719170706,94.59367311698595,0.2935028618760579,94.0223151274357,95.1422817524865,1.0,True,44.0,3,中维护
A8,2024-12-15,24,23,94.2470212815015,94.24034792534357,0.2581541152682113,93.7114568909927,94.9388964314401,0.9583333333333334,True,45.0,3,中维护
A8,2024-12-16,14,14,93.65223771287086,93.66720892297602,0.2318161071740552,93.2958050245436,94.1502091767107,0.5833333333333334,True,46.0,3,中维护
A8,2024-12-17,24,24,93.41396909478524,93.40499226786385,0.2679366884532712,92.8909209233492,94.0971232901671,1.0,True,47.0,3,中维护
A8,2024-12-18,23,22,92.83254811510736,92.85558226590247,0.19970954446816,92.4787248120762,93.3583324009798,0.9166666666666666,True,48.0,3,中维护
A8,2024-12-19,24,24,92.4480656264128,92.44454643482464,0.21074632481240968,92.0180312162808,92.8202776431134,1.0,True,49.0,3,中维护
A8,2024-12-20,13,13,92.0138088980933,91.99627104825399,0.2467835479835995,91.4172127300885,92.2517307313121,0.5416666666666666,True,50.0,3,中维护
A8,2024-12-21,20,17,91.5860380683067,91.62584695725269,0.30107949876965984,91.1851918097973,92.3090844130788,0.7083333333333334,True,51.0,3,中维护
A8,2024-12-22,24,24,91.30759186282775,91.3165818219775,0.24355250213151514,90.8273658567623,91.8124482595803,1.0,True,52.0,3,中维护
A8,2024-12-23,24,20,91.07471087552119,91.1040677246875,0.20190685472612976,90.718456198765,91.4402583655877,0.8333333333333334,True,53.0,3,中维护
A8,2024-12-24,22,22,90.68759228373385,90.62556785209733,0.2603792231731259,90.0535713406569,91.0562396436451,0.9166666666666666,True,54.0,3,中维护
A8,2024-12-25,12,12,90.29725689433515,90.32031001199287,0.3108953079138995,89.8353769324497,90.8972220361667,0.5,True,55.0,3,中维护
A8,2024-12-26,24,24,90.150412339238,90.14412114099991,0.24198744192136987,89.8174213030272,90.5687992538183,1.0,True,56.0,3,中维护
A8,2024-12-27,24,24,89.74693147267874,89.77648609491801,0.32787441861225547,89.1713358914039,90.431009879231,1.0,True,57.0,3,中维护
A8,2024-12-28,24,22,89.0362257456723,89.0731577679678,0.3013475012304989,88.0890401165605,89.5462109177289,0.9166666666666666,True,58.0,3,中维护
A8,2024-12-29,13,12,87.8774565129105,87.93289388199712,0.3366069183584368,87.5165918402158,88.5018990970998,0.5,True,59.0,3,中维护
A8,2024-12-30,23,23,87.1935614417067,87.17366363033534,0.35766559153035715,86.4533000743541,87.9495582312792,0.9583333333333334,True,60.0,3,中维护
A8,2024-12-31,19,17,86.2600749917538,86.18447199433758,0.27693405584198905,85.7090222639359,86.5894967868801,0.7083333333333334,True,61.0,3,中维护
A8,2025-01-01,12,12,85.91548927581326,85.76190919752834,0.5989681642740032,84.7192907984472,86.4646003517318,0.5,True,62.0,3,中维护
A8,2025-01-02,6,6,85.25605633147316,85.15861839323867,0.49591137032018856,84.3654376408436,85.7198085838896,0.25,True,63.0,3,中维护
A8,2025-01-03,24,0,,,,,,0.0,False,0.0,4,中维护
A8,2025-01-04,18,18,88.83816013255824,88.26491589759647,2.148468663591061,79.7258449099942,89.1346869974125,0.75,True,1.0,4,中维护
A8,2025-01-06,7,7,88.5460557038062,88.60012518395544,0.29183681069384926,88.2434473109515,89.0742221545716,0.2916666666666667,True,3.0,4,中维护
A8,2025-01-07,22,20,87.37033340658834,87.45027177028463,0.6146518462933072,86.3836262696815,89.1781820458981,0.8333333333333334,True,4.0,4,中维护
A8,2025-01-08,23,22,87.0068978647233,87.01829444888145,0.47165574469403143,86.3226382190806,87.8866478257562,0.9166666666666666,True,5.0,4,中维护
A8,2025-01-09,23,23,86.0424275156226,86.02739000586261,0.44896716848025764,85.2548641554666,86.9930814426079,0.9583333333333334,True,6.0,4,中维护
A8,2025-01-10,11,11,85.9495382091029,85.86146348347083,0.3361180238323422,85.2110213732646,86.2114497107682,0.4583333333333333,True,7.0,4,中维护
A8,2025-01-11,22,21,85.1290497006226,85.16280739278844,0.553489590753337,84.0494578212388,85.9096555188056,0.875,True,8.0,4,中维护
A8,2025-01-12,24,24,84.6293166935438,84.49432992741075,0.5782608580569676,83.5092791563767,85.6919974786224,1.0,True,9.0,4,中维护
A8,2025-01-13,24,24,84.10184068580995,84.08770549996984,0.5896746224921121,82.7577385036602,85.1047571902676,1.0,True,10.0,4,中维护
A8,2025-01-14,22,22,83.12789021926164,83.02408851428555,0.483577715934179,82.0785875189771,84.1576216031541,0.9166666666666666,True,11.0,4,中维护
A8,2025-01-15,23,23,82.0879997550842,82.08161618924537,0.616393245815675,80.5325279091519,83.5845082616117,0.9583333333333334,True,12.0,4,中维护
A8,2025-01-16,24,24,81.26682996530155,81.38929246106837,0.5562756395354358,80.3835275948632,82.5028729173738,1.0,True,13.0,4,中维护
A8,2025-01-17,15,15,81.0126318724633,81.15469827648558,0.48738292641600456,80.5140064167153,81.8988104141801,0.625,True,14.0,4,中维护
A8,2025-01-18,19,18,80.68185622810844,80.67509641138864,0.5010043533969419,79.4790156942345,81.3622067095493,0.75,True,15.0,4,中维护
A8,2025-01-19,23,23,79.8471133743842,79.89309541358111,0.5159270020137497,78.6562181873972,81.1498611128384,0.9583333333333334,True,16.0,4,中维护
A8,2025-01-20,19,18,79.43767707644285,79.29592900560661,0.9357479655217197,76.3850661983592,80.6784572009973,0.75,True,17.0,4,中维护
A8,2025-01-21,18,13,79.0013239434636,78.85853463340862,0.42426113133446597,78.0865717188711,79.4730050058796,0.5416666666666666,True,18.0,4,中维护
A8,2025-01-22,10,10,78.1089442156556,78.18166796468748,0.5089980610589946,77.6137237092749,79.1981464975172,0.4166666666666667,True,19.0,4,中维护
A8,2025-01-23,9,9,77.6660368142201,77.65518436467809,0.379782872196377,77.0885539918582,78.3072069279613,0.375,True,20.0,4,中维护
A8,2025-01-24,7,7,77.2444084956799,77.17804363209235,0.3016322290095079,76.7458116487917,77.5778307156848,0.2916666666666667,True,21.0,4,中维护
A8,2025-01-25,3,3,77.3625291263229,77.01668759972132,0.8763682606979939,76.0201670809463,77.6673665918948,0.125,True,22.0,4,中维护
A8,2025-01-26,12,12,76.15040143653451,76.18183598814785,0.3362755945731506,75.6978159855891,76.6513839214692,0.5,True,23.0,4,中维护
A8,2025-01-27,20,20,75.44030895820444,75.48565715081028,0.3848058654534164,74.9307640683803,76.1466957573964,0.8333333333333334,True,24.0,4,中维护
A8,2025-01-28,24,24,75.26357007169675,75.35001758661441,0.42702311678959604,74.2832602316772,76.0897452916284,1.0,True,25.0,4,中维护
A8,2025-01-29,24,24,75.33099633609055,75.38275094318146,0.3451937182760052,74.6623341961477,76.1122313265233,1.0,True,26.0,4,中维护
A8,2025-01-30,9,9,75.1305481985331,75.15222354815735,0.40535889620170124,74.6146807354964,75.9437504881386,0.375,True,27.0,4,中维护
A8,2025-02-03,12,11,74.4068949692207,74.35091615397917,0.2568901114840626,73.7408583787769,74.693684653718,0.4583333333333333,True,31.0,4,中维护
A8,2025-02-04,23,22,73.63726817042065,73.61094022333133,0.38000859043457824,72.7264364613534,74.2025293821333,0.9166666666666666,True,32.0,4,中维护
A8,2025-02-05,23,23,72.9259215670325,72.89865075434177,0.3498622864236607,72.1736979071177,73.5248120577162,0.9583333333333334,True,33.0,4,中维护
A8,2025-02-06,12,11,72.41838158806,72.4763952920169,0.3684375069633976,71.7711976739209,72.9168268948064,0.4583333333333333,True,34.0,4,中维护
A8,2025-02-08,23,23,72.2227479410895,72.14255226580646,0.359311387496019,71.3117928282084,72.8043310244861,0.9583333333333334,True,36.0,4,中维护
A8,2025-02-09,22,20,71.64413218451045,71.56938945710364,0.2343079122939384,71.0848407288213,71.8666883831087,0.8333333333333334,True,37.0,4,中维护
A8,2025-02-10,13,13,70.7934046821242,70.79685384253045,0.2589625774818762,70.4184310781601,71.3492647103841,0.5416666666666666,True,38.0,4,中维护
A8,2025-02-11,24,23,70.2224315330411,70.27722586206367,0.2907803757485697,69.8107349836474,70.8251207487826,0.9583333333333334,True,39.0,4,中维护
A8,2025-02-12,21,21,69.3608338095696,69.70507260619017,1.557447464969123,68.9810737652703,76.4020087392128,0.875,True,40.0,4,中维护
A8,2025-02-13,21,0,,,,,,0.0,False,0.0,5,中维护
A8,2025-02-14,24,24,99.79017230372929,99.79204236554932,0.1787950100964508,99.5334287370299,100.169575699587,1.0,True,1.0,5,中维护
A8,2025-02-15,18,18,99.39734564462175,99.44551465949941,0.12960383293400127,99.1804752983748,99.6841956062746,0.75,True,2.0,5,中维护
A8,2025-02-16,7,7,98.9107031455045,98.85989310254888,0.19797140526624912,98.5015065727124,99.150111816931,0.2916666666666667,True,3.0,5,中维护
A8,2025-02-17,12,12,97.717076479023,97.8124252621018,0.3693602034906289,97.1528640914656,98.5657252041425,0.5,True,4.0,5,中维护
A8,2025-02-18,23,23,97.534395520111,97.52671149027113,0.34612415182481693,96.8760322106215,98.1948296401833,0.9583333333333334,True,5.0,5,中维护
A8,2025-02-19,19,16,96.98402665078831,96.8661005298969,0.759388174348652,94.4285593417726,97.7851722953295,0.6666666666666666,True,6.0,5,中维护
A8,2025-02-20,24,23,96.1767698841365,96.2158580000078,0.3417259866640845,95.4390929590296,96.8114571557289,0.9583333333333334,True,7.0,5,中维护
A8,2025-02-21,22,22,95.25581647235595,95.2305131079714,0.34144285872743313,94.4991465287151,95.7142859907775,0.9166666666666666,True,8.0,5,中维护
A8,2025-02-22,12,12,94.13774672453945,94.12525183845163,0.3425959152707629,93.5799711393206,94.6469750326157,0.5,True,9.0,5,中维护
A8,2025-02-23,18,18,93.29422188838299,93.29813716179636,0.3406538949948123,92.6817708222958,93.9280677584964,0.75,True,10.0,5,中维护
A8,2025-02-24,23,22,92.89299558786786,92.86502843610286,0.28793202657675154,92.2898566240709,93.4673944455438,0.9166666666666666,True,11.0,5,中维护
A8,2025-02-25,20,20,92.60658385041735,92.64048062342276,0.2905191131439922,92.2045700153975,93.0702361754046,0.8333333333333334,True,12.0,5,中维护
A8,2025-02-26,13,12,92.6945969023836,92.77845152784998,0.3886833379703732,92.272636170308,93.5436413743858,0.5,True,13.0,5,中维护
A8,2025-02-27,18,18,92.25104758098215,92.21764568807347,0.3023931293090487,91.4133931996792,92.6339805177589,0.75,True,14.0,5,中维护
A8,2025-02-28,14,13,91.8076675579469,91.89832434141391,0.23928406590797663,91.6637610284372,92.4572600538117,0.5416666666666666,True,15.0,5,中维护
A8,2025-03-01,23,23,91.1285516912418,91.34632313904012,0.6857485297960255,90.4050450904243,92.9903531180007,0.9583333333333334,True,16.0,5,中维护
A8,2025-03-02,22,22,91.1637708359864,91.14342946587219,0.7867584880025067,89.4568247383991,92.9132602646637,0.9166666666666666,True,17.0,5,中维护
A8,2025-03-03,24,24,90.4366139851603,90.5978347227284,0.6169495498393738,89.7335659795476,91.9632956473375,1.0,True,18.0,5,中维护
A8,2025-03-04,21,21,89.9773061750367,90.12262294712906,0.43249749007800886,89.5108566804367,90.8512836303636,0.875,True,19.0,5,中维护
A8,2025-03-05,14,14,89.7226455185784,89.8099686522356,0.7442928306304267,88.7623298660281,90.9668151301616,0.5833333333333334,True,20.0,5,中维护
A8,2025-03-06,23,21,89.8221125821676,89.78918379916482,0.708261293392742,88.3593636391867,91.1070268272692,0.875,True,21.0,5,中维护
A8,2025-03-07,19,19,89.366906566742,89.38522512322338,0.6476063351824592,88.2855846673029,90.9128340167809,0.7916666666666666,True,22.0,5,中维护
A8,2025-03-08,21,20,88.782852903274,88.77048763583352,0.5482340243339384,87.5984354537395,89.7510611989448,0.8333333333333334,True,23.0,5,中维护
A8,2025-03-09,11,11,88.5034766343406,88.4243025718583,0.6766862832554381,87.4187867518354,89.3886867833389,0.4583333333333333,True,24.0,5,中维护
A8,2025-03-10,9,5,88.0368874784866,88.2156800236542,0.8892398321981823,87.5593293152554,89.7603553137249,0.20833333333333334,True,25.0,5,中维护
A8,2025-03-11,20,19,87.7461717407324,87.75673833456277,0.6448530107773585,86.5206229777666,88.7990467114088,0.7916666666666666,True,26.0,5,中维护
A8,2025-03-12,7,7,87.7257474014803,87.77596120844287,0.670496366959495,86.9180517797817,88.8281274317266,0.2916666666666667,True,27.0,5,中维护
A8,2025-03-13,15,15,87.4151344456562,87.2908859006399,0.7563043299395283,86.030998113566,88.3676785731356,0.625,True,28.0,5,中维护
A8,2025-03-14,18,18,86.4474260198017,86.71079409357169,0.858016439643036,85.6462446214278,88.2447645499915,0.75,True,29.0,5,中维护
A8,2025-03-15,10,10,86.59337919915465,86.61592862256421,0.7708576721036099,85.610721235943,87.9485005703413,0.4166666666666667,True,30.0,5,中维护
A8,2025-03-16,5,5,86.101226173122,86.06637154670679,0.7515498420612783,84.9326797708808,86.9943271285,0.20833333333333334,True,31.0,5,中维护
A8,2025-03-17,24,24,85.7142380712279,85.77832719643715,0.541520342546501,84.8572709793361,86.9068562651022,1.0,True,32.0,5,中维护
A8,2025-03-18,22,22,85.1740368333772,85.18713375004585,0.8211257848823099,83.3224294452515,86.8596005070578,0.9166666666666666,True,33.0,5,中维护
A8,2025-03-19,21,20,85.13065659900386,85.00884790894472,0.5110192294000288,84.2007067778894,85.8210842550022,0.8333333333333334,True,34.0,5,中维护
A8,2025-03-20,13,13,84.7762060182316,84.68124985811194,0.7351561945076746,83.4000194633747,86.0462563773913,0.5416666666666666,True,35.0,5,中维护
A8,2025-03-21,19,19,84.1839828976417,84.05640959233631,0.5847098462756832,82.9569494517121,85.011294745769,0.7916666666666666,True,36.0,5,中维护
A8,2025-03-22,12,12,83.4986537470787,83.5892035555274,0.8392545350558747,82.4321725640325,85.2790624114786,0.5,True,37.0,5,中维护
A8,2025-03-23,15,15,83.47505826342,83.46595142770984,0.5974839263455832,82.6629168834866,84.7956431438153,0.625,True,38.0,5,中维护
A8,2025-03-24,21,21,83.0872579320152,83.22075626788953,0.5417211449365393,82.0152405082906,84.5559967523777,0.875,True,39.0,5,中维护
A8,2025-03-25,20,20,83.0254230059178,83.0056104092841,0.6313556571404969,81.9056849479893,84.0756142344313,0.8333333333333334,True,40.0,5,中维护
A8,2025-03-26,22,22,82.48333476415985,82.35167177854413,0.5578948848377288,81.2188901409781,83.0724732053685,0.9166666666666666,True,41.0,5,中维护
A8,2025-03-27,21,0,,,,,,0.0,False,0.0,6,中维护
A8,2025-03-28,18,18,95.4066176783399,95.36851469179432,0.26347350897744787,94.910266338058,95.7922530454862,0.75,True,1.0,6,中维护
A8,2025-03-29,20,20,95.2454132000214,95.30231717684777,0.37496794177023324,94.3819852623392,95.8842509329473,0.8333333333333334,True,2.0,6,中维护
A8,2025-03-30,13,13,95.1164307998417,95.13957701142213,0.3707358950819427,94.4737567037567,95.7525897769174,0.5416666666666666,True,3.0,6,中维护
A8,2025-03-31,15,14,94.6983081453763,94.73180891098512,0.8982130111667567,93.3821857847786,96.3050792008599,0.5833333333333334,True,4.0,6,中维护
A8,2025-04-01,7,7,95.0143333913643,94.89901223549107,0.6590783582993641,94.1794685726799,96.0446536354467,0.2916666666666667,True,5.0,6,中维护
A8,2025-04-02,16,16,94.5056147626466,94.19486566281365,0.7192188123888422,92.0886455750584,95.0265921244231,0.6666666666666666,True,6.0,6,中维护
A8,2025-04-03,16,16,93.89788625326835,93.90758623512251,0.6307872561840859,93.0255456711294,94.979315363131,0.6666666666666666,True,7.0,6,中维护
A8,2025-04-04,18,18,93.69666796371004,93.4949895523773,0.6718677805294044,91.8207457194956,94.5221458430426,0.75,True,8.0,6,中维护
A8,2025-04-05,11,11,93.4971516480236,93.61526092664108,0.61188123477465,92.8719914534526,94.830280965711,0.4583333333333333,True,9.0,6,中维护
A8,2025-04-06,19,18,93.0656452509806,93.0716455823895,0.6823614378384003,92.0083935757463,94.8188422847896,0.75,True,10.0,6,中维护
A8,2025-04-07,22,20,92.6090197944569,92.69059089376313,0.8253560764476744,91.1458203054808,94.1034089483149,0.8333333333333334,True,11.0,6,中维护
A8,2025-04-08,14,14,92.732725544538,92.61672528543923,0.44025687845683537,91.9316152923195,93.3069091596882,0.5833333333333334,True,12.0,6,中维护
A8,2025-04-09,13,13,91.9205352249397,92.18949686534403,0.7966293356100937,91.1236392710131,93.8067626377285,0.5416666666666666,True,13.0,6,中维护
A8,2025-04-10,8,8,92.65773199856265,92.51359093221394,0.5082969311410344,91.8629751963371,93.2556551699884,0.3333333333333333,True,14.0,6,中维护
A8,2025-04-11,20,20,92.19971746232775,92.01243574481751,0.8629683020139557,90.0709115405251,93.1006174014717,0.8333333333333334,True,15.0,6,中维护
A8,2025-04-12,18,18,91.6746523840439,91.72976669048357,0.7540243436639146,90.5594215659279,93.1919427617941,0.75,True,16.0,6,中维护
A8,2025-04-13,20,20,91.74300594865005,91.64649989992341,0.6481402007434693,90.1432295408418,92.8702887750389,0.8333333333333334,True,17.0,6,中维护
A8,2025-04-14,10,10,91.7547649453245,91.74210908758744,0.5620842171433589,90.8646262471532,92.722034135041,0.4166666666666667,True,18.0,6,中维护
A8,2025-04-15,17,17,91.2916486743711,91.22267086481533,0.7516511780592067,90.1112140745728,92.4575187491222,0.7083333333333334,True,19.0,6,中维护
A8,2025-04-16,20,20,91.1394138382693,91.17523768525848,0.966884482755695,89.1184849199643,92.5312545312654,0.8333333333333334,True,20.0,6,中维护
A8,2025-04-17,22,22,90.7050428872785,90.80672362923549,0.7188126003538131,89.4490059779669,92.1795202863383,0.9166666666666666,True,21.0,6,中维护
A8,2025-04-18,22,22,90.52057045741151,90.53060335438971,0.6995619525561464,89.5133911475736,92.1297659322584,0.9166666666666666,True,22.0,6,中维护
A8,2025-04-19,21,15,90.3838542903359,90.50881437120766,0.8431552241212112,89.2240279667915,91.8520518026299,0.625,True,23.0,6,中维护
A8,2025-04-20,11,11,89.8149478839445,90.28183792714968,1.0380097560263961,88.737754464488,91.8685507682542,0.4583333333333333,True,24.0,6,中维护
A8,2025-04-21,16,16,89.60726448118061,89.76991425788442,0.42380320941697397,89.1878061658813,90.6470256902634,0.6666666666666666,True,25.0,6,中维护
A8,2025-04-22,21,20,89.4457524623275,89.49521699988358,0.7226812033996785,88.4819680694488,90.9156890183712,0.8333333333333334,True,26.0,6,中维护
A8,2025-04-23,20,15,89.5034193564722,89.45653199667666,0.7598800270933591,87.6598659508768,91.072898397459,0.625,True,27.0,6,中维护
A8,2025-04-24,15,15,89.1112517985911,89.24615597293027,0.8965058907415281,87.3879935774126,91.5827295569798,0.625,True,28.0,6,中维护
A8,2025-04-25,13,12,89.0321800113966,88.90351831116021,0.728919315460766,87.620040230494,89.7111245910441,0.5,True,29.0,6,中维护
A8,2025-04-26,4,4,88.6361508769576,88.59250563638969,0.9765105773874804,87.3615992223685,89.7361215692751,0.16666666666666666,True,30.0,6,中维护
A8,2025-04-27,21,21,88.2895982670315,88.26384171981388,0.7599391440049739,86.9503822696116,89.7376807665712,0.875,True,31.0,6,中维护
A8,2025-04-28,20,20,87.95987811906426,88.02258584451333,0.720620937900818,86.7743796808473,89.6146448214209,0.8333333333333334,True,32.0,6,中维护
A8,2025-04-29,20,20,87.81292753949154,87.7984055587049,0.5150813749062099,86.5366693968552,88.5724016725174,0.8333333333333334,True,33.0,6,中维护
A8,2025-04-30,13,13,87.716802181796,87.92364913370756,0.6223728949994468,87.0885944775522,89.3507018496429,0.5416666666666666,True,34.0,6,中维护
A8,2025-05-01,10,10,86.77795219377336,86.84646852091012,0.735582572737203,85.7010825195961,88.4436478107605,0.4166666666666667,True,35.0,6,中维护
A8,2025-05-03,2,2,,,,,,0.08333333333333333,False,37.0,6,中维护
A8,2025-05-04,21,21,86.9607761168942,86.88164731298059,0.7113127089164568,85.663386544821,88.2649817878363,0.875,True,38.0,6,中维护
A8,2025-05-05,16,15,86.1362680888732,86.24440512706605,0.73127648565855,84.8077453389479,87.4008160533754,0.625,True,39.0,6,中维护
A8,2025-05-06,20,17,85.9779110621615,86.17112354116665,0.632236552304188,85.1955043809371,87.6129759588102,0.7083333333333334,True,40.0,6,中维护
A8,2025-05-07,11,11,85.6504774663531,85.69915313018771,0.8059154431765362,84.4853500814232,86.951300588093,0.4583333333333333,True,41.0,6,中维护
A8,2025-05-08,21,21,85.9906260310721,85.83588857047377,0.7000131026617402,84.6950182757418,87.6865148877156,0.875,True,42.0,6,中维护
A8,2025-05-09,11,11,85.8684713368585,85.94596094306279,0.5776964746445332,85.0518115881836,86.7942526597167,0.4583333333333333,True,43.0,6,中维护
A8,2025-05-10,22,21,85.7513123446534,85.66761896912115,0.5736503388166719,84.5402684852854,86.760180606475,0.875,True,44.0,6,中维护
A8,2025-05-11,19,19,85.2544676374733,85.0604573166183,0.8047892141904169,83.7700014106302,86.6432958823543,0.7916666666666666,True,45.0,6,中维护
A8,2025-05-12,12,12,85.2520185624914,85.21741055334431,0.8291119669373412,84.1776950474519,86.6409280743621,0.5,True,46.0,6,中维护
A8,2025-05-13,14,0,,,,,,0.0,False,0.0,7,中维护
A8,2025-05-14,24,24,107.9330337676405,107.87411688301158,0.42870499675257406,106.566838680238,108.541703151933,1.0,True,1.0,7,中维护
A8,2025-05-15,21,21,107.500805733157,107.51136798416944,0.42414165861625214,106.752189541061,108.219860431665,0.875,True,2.0,7,中维护
A8,2025-05-16,24,23,107.212400667781,107.24406183279521,0.353298260589805,106.552137070786,108.106921135259,0.9583333333333334,True,3.0,7,中维护
A8,2025-05-17,17,17,106.898638050689,107.105661540108,0.915089977106578,105.303390494544,108.63678818437,0.7083333333333334,True,4.0,7,中维护
A8,2025-05-18,13,13,107.083901973129,107.16762938571092,1.0313216168711181,105.426268645167,109.13130578408,0.5416666666666666,True,5.0,7,中维护
A8,2025-05-19,23,23,106.995151186643,106.73994874894426,0.763794882219472,104.769787927477,107.574870871248,0.9583333333333334,True,6.0,7,中维护
A8,2025-05-20,24,24,106.489740014948,106.50572513078215,0.799861243400993,105.247014244034,107.914692681452,1.0,True,7.0,7,中维护
A8,2025-05-21,23,23,106.49313548715,106.31884542142124,0.5479102421658195,105.096443259612,107.121632797459,0.9583333333333334,True,8.0,7,中维护
A8,2025-05-22,12,12,106.310608280993,106.21781568408124,0.9343223930482386,104.758266097486,107.841417843966,0.5,True,9.0,7,中维护
A8,2025-05-23,21,20,105.06038349569701,105.2194136007557,0.8078282170448092,104.077424305996,107.030736532434,0.8333333333333334,True,10.0,7,中维护
A8,2025-05-24,21,21,105.294849953621,105.26253624270971,0.9271269310474567,104.07145060948,107.951397960065,0.875,True,11.0,7,中维护
A8,2025-05-25,20,20,104.95560892289251,105.06212536766354,0.9237915952362942,103.327969442821,106.761327603856,0.8333333333333334,True,12.0,7,中维护
A8,2025-05-26,15,15,104.473926610709,104.75142941600713,0.9327578277711137,103.310412194328,107.172470895632,0.625,True,13.0,7,中维护
A8,2025-05-27,21,21,103.920032815016,103.87601046259732,0.8060955574770784,102.158035443661,105.308455357415,0.875,True,14.0,7,中维护
A8,2025-05-28,23,23,103.607150912412,103.64258588919984,0.6222699475179001,102.473420430372,105.07998832654,0.9583333333333334,True,15.0,7,中维护
A8,2025-05-29,21,21,103.760351761221,103.89100131595667,0.8900922505295238,102.189884713576,105.351951703891,0.875,True,16.0,7,中维护
A8,2025-05-30,14,14,103.49764500217199,103.61272256970665,0.6251993160801318,102.541171519172,104.643612573002,0.5833333333333334,True,17.0,7,中维护
A8,2025-05-31,19,19,102.948897200948,103.02685861569495,0.8718047737555092,100.773776306032,104.593261285632,0.7916666666666666,True,18.0,7,中维护
A8,2025-06-01,19,19,105.193037525194,103.42914988389388,3.2955747271060907,97.1526006179024,107.896761570361,0.7916666666666666,True,19.0,7,中维护
A8,2025-06-02,21,21,102.39381228255,103.3077506049711,3.4065282830215526,98.7536692233678,111.696632128341,0.875,True,20.0,7,中维护
A8,2025-06-03,9,9,102.679995213796,102.35375271627571,3.024011997857364,98.0425290653001,106.566020167269,0.375,True,21.0,7,中维护
A8,2025-06-04,22,22,101.2649067641965,101.7338969612138,7.215733377133602,85.8376350058702,125.05041202636,0.9166666666666666,True,22.0,7,中维护
A8,2025-06-05,21,21,102.049175793405,102.28121099721098,4.432292804524034,95.2500706047502,116.287440023133,0.875,True,23.0,7,中维护
A8,2025-06-06,21,21,102.032538850728,102.12166290220048,4.555265485465677,93.546731280281,115.88243888462,0.875,True,24.0,7,中维护
A8,2025-06-07,19,19,103.189899608051,103.19471440122605,4.424114627781703,89.9141730449272,109.070088344478,0.7916666666666666,True,25.0,7,中维护
A8,2025-06-08,19,19,101.809785912223,101.4978933954012,5.15897927465496,91.6153217443455,113.028485969956,0.7916666666666666,True,26.0,7,中维护
A8,2025-06-09,11,11,100.781449685824,100.66036040751014,1.6660836020731835,97.3020431142228,103.66518024961,0.4583333333333333,True,27.0,7,中维护
A8,2025-06-10,23,22,104.6474592618905,104.25340816734109,4.586070156732223,95.4999839647379,115.394727759668,0.9166666666666666,True,28.0,7,中维护
A8,2025-06-11,21,20,101.4551170610175,102.04724791851363,5.559091405203343,93.9158573476278,113.661848695758,0.8333333333333334,True,29.0,7,中维护
A8,2025-06-12,11,11,102.922228203046,103.10003304006915,3.1403587046826034,97.1031038275497,110.166814925032,0.4583333333333333,True,30.0,7,中维护
A8,2025-06-13,16,16,101.61979213637,101.57434520209827,2.639950453530033,95.6746264951997,106.186362428448,0.6666666666666666,True,31.0,7,中维护
A8,2025-06-14,22,22,100.429078371797,101.65724999181883,4.581234790801266,92.1152078910237,108.819652652408,0.9166666666666666,True,32.0,7,中维护
A8,2025-06-15,23,23,102.32485555176,101.76751032554935,4.301083474668604,88.4108116372588,107.986915191171,0.9583333333333334,True,33.0,7,中维护
A8,2025-06-16,20,20,103.5121080332825,102.36778675808458,3.6731069679006567,95.0974016427753,106.381524143052,0.8333333333333334,True,34.0,7,中维护
A8,2025-06-17,10,10,97.3560998206878,98.57923810316099,3.2592042810512987,95.2401136103971,104.613885280014,0.4166666666666667,True,35.0,7,中维护
A8,2025-06-18,16,16,100.0212316322505,101.17039188170487,3.6817826297235223,96.1359176353534,108.85048698053,0.6666666666666666,True,36.0,7,中维护
A8,2025-06-19,24,24,101.963002601042,101.21325486406494,3.514787368572881,94.326569489292,107.204816437541,1.0,True,37.0,7,中维护
A8,2025-06-20,22,18,101.374885726919,101.52750266225301,5.419346500579673,92.3524321426807,111.324699395979,0.75,True,38.0,7,中维护
A8,2025-06-21,10,10,101.789266486059,103.13355280425449,5.899305128968357,96.9843742220685,114.455028821616,0.4166666666666667,True,39.0,7,中维护
A8,2025-06-22,17,17,97.9948607948815,96.7394262704215,7.733419278557351,71.6695956823024,106.691033423169,0.7083333333333334,True,40.0,7,中维护
A8,2025-06-23,22,22,100.06314281157876,99.55817986648263,6.449387518213982,74.9488224142435,105.814589274411,0.9166666666666666,True,41.0,7,中维护
A8,2025-06-24,18,18,100.43981885342899,100.8145086898723,3.2684075707490106,94.2257513559112,105.24172852759,0.75,True,42.0,7,中维护
A8,2025-06-25,19,19,100.238934546921,101.3289363732022,3.9659007687143375,94.8432518318741,107.994202019707,0.7916666666666666,True,43.0,7,中维护
A8,2025-06-26,20,20,100.1501854621266,100.47546935994627,3.3310914900199364,95.7387849909567,108.654815795396,0.8333333333333334,True,44.0,7,中维护
A8,2025-06-27,19,19,99.2210797105441,99.52649405756203,3.7806905434003184,93.4237148458422,107.533903055141,0.7916666666666666,True,45.0,7,中维护
A8,2025-06-28,20,20,99.96000398134271,99.88569401342185,3.2292327307972064,94.5342621421901,107.850617812617,0.8333333333333334,True,46.0,7,中维护
A8,2025-06-29,20,20,99.99909776482676,100.67103201294726,2.892157271015183,96.8561114525134,110.046209679866,0.8333333333333334,True,47.0,7,中维护
A8,2025-06-30,22,22,101.479830990926,99.03214894460426,8.292045421913937,75.6916191092475,109.942527509652,0.9166666666666666,True,48.0,7,中维护
A8,2025-07-01,11,11,101.135748585261,100.34696188963704,4.362830315315962,92.9767528884487,105.764468049012,0.4583333333333333,True,49.0,7,中维护
A8,2025-07-02,16,16,99.7514258710694,100.15128556748523,1.9049438336190243,97.6068592876376,104.261886990942,0.6666666666666666,True,50.0,7,中维护
A8,2025-07-03,22,22,100.0494611037555,99.80911374245275,2.8387896701876083,93.7787568676471,105.654552885145,0.9166666666666666,True,51.0,7,中维护
A8,2025-07-04,22,21,99.9893235033178,99.756443100115,4.207075974021245,85.7419479470757,107.608300134485,0.875,True,52.0,7,中维护
A8,2025-07-05,20,20,99.81705150279875,100.16638695527163,2.923652259336145,95.3186589415354,106.982715892746,0.8333333333333334,True,53.0,7,中维护
A8,2025-07-06,23,0,,,,,,0.0,False,0.0,8,中维护
A8,2025-07-07,23,23,104.561708233399,104.63251257411795,1.5021765468120782,100.5155339057,107.109716883596,0.9583333333333334,True,1.0,8,中维护
A8,2025-07-08,13,13,104.165481518097,104.48386073161554,1.1063903315358292,102.73384507685,106.774883616375,0.5416666666666666,True,2.0,8,中维护
A8,2025-07-09,14,12,104.9237200184635,105.20211224988208,1.2621330309010044,103.677424889832,107.98300985787,0.5,True,3.0,8,中维护
A8,2025-07-10,24,24,103.07610328206201,103.50080467210428,3.177433135053544,98.3555586533666,109.241078801214,1.0,True,4.0,8,中维护
A8,2025-07-11,21,21,105.12602529815,105.19772327304199,3.426020147281711,99.3353390377169,109.931163976186,0.875,True,5.0,8,中维护
A8,2025-07-12,18,18,105.33612176034501,105.95293688437889,2.317989196717594,102.687433004389,109.547744351577,0.75,True,6.0,8,中维护
A8,2025-07-13,11,11,103.469201205143,103.79037338237913,2.0394693683723264,99.5268000705334,106.600377326271,0.4583333333333333,True,7.0,8,中维护
A8,2025-07-14,11,11,102.751927823163,103.53139404677081,2.480120597401754,100.62633527866,107.63361996762,0.4583333333333333,True,8.0,8,中维护
A8,2025-07-15,20,20,103.3450851016755,104.05998988763588,2.6047899297733657,99.1849740577394,109.276897287936,0.8333333333333334,True,9.0,8,中维护
A8,2025-07-16,22,22,104.2660113038465,104.43456875620869,2.7092072928448876,98.9353673776185,110.36278650056,0.9166666666666666,True,10.0,8,中维护
A8,2025-07-17,22,17,103.811377053233,104.5613418229093,1.8003531784176494,102.885555140576,108.218101912662,0.7083333333333334,True,11.0,8,中维护
A8,2025-07-18,21,20,104.193539991586,103.84791063831658,2.7436835551238827,96.8316042151849,107.710171731087,0.8333333333333334,True,12.0,8,中维护
A8,2025-07-19,12,10,104.556907699824,104.41257774970991,1.8810078309035987,101.25751745193,107.514334846948,0.4166666666666667,True,13.0,8,中维护
A8,2025-07-20,22,22,101.834645062164,102.48149473191437,2.2900460298301546,99.4543634994374,106.760563161705,0.9166666666666666,True,14.0,8,中维护
A8,2025-07-21,22,22,102.7820906625515,103.17630529269385,2.6581514915094844,98.551944843594,108.000591834678,0.9166666666666666,True,15.0,8,中维护
A8,2025-07-22,22,21,103.321991005737,103.35722464032837,2.7633806795830282,99.4347004118312,110.867594991465,0.875,True,16.0,8,中维护
A8,2025-07-23,10,9,102.539353966219,103.81243872501378,6.524563601039438,98.9848748813751,120.328239523678,0.375,True,17.0,8,中维护
A8,2025-07-24,21,21,102.80804932921,102.66027708642066,3.3623085143842326,96.3276983130579,109.099903810973,0.875,True,18.0,8,中维护
A8,2025-07-25,24,19,103.575888664193,103.43367183114808,3.023697690669348,98.2494355755922,108.646808891102,0.7916666666666666,True,19.0,8,中维护
A8,2025-07-26,24,24,102.14286005897799,102.71102345494471,2.8676647667553405,98.7271911653041,109.741562840781,1.0,True,20.0,8,中维护
A8,2025-07-27,22,21,102.356848096426,101.74528008320688,2.927337138509692,97.1288071540695,106.436882534789,0.875,True,21.0,8,中维护
A8,2025-07-28,14,14,99.34240310780771,99.2259996420372,2.7538303995966102,92.2058782308942,102.244988744854,0.5833333333333334,True,22.0,8,中维护
A8,2025-07-29,24,24,101.199441992342,100.82691588382359,2.911462127992667,95.8623656578482,105.473581466151,1.0,True,23.0,8,中维护
A8,2025-07-30,23,23,100.968256821204,100.84204384351553,3.068335318406431,95.0564930257306,107.407020028441,0.9583333333333334,True,24.0,8,中维护
A8,2025-07-31,19,19,100.138226202352,101.23542855574685,3.308134186995454,97.113155180787,108.366969701635,0.7916666666666666,True,25.0,8,中维护
A8,2025-08-01,6,5,101.19175127975,100.61904411482621,1.577508623609108,98.344176524193,102.138069148672,0.20833333333333334,True,26.0,8,中维护
A8,2025-08-02,20,20,100.7052373145275,100.65319584351631,1.0338676410930916,98.5621124997333,102.109556752743,0.8333333333333334,True,27.0,8,中维护
A8,2025-08-03,11,11,100.623556621327,101.15276265800735,1.5927041963723556,99.1261616231843,103.422876207664,0.4583333333333333,True,28.0,8,中维护
A8,2025-08-04,9,9,100.79506483968,100.35692314061902,1.5629468373436037,97.9109581879528,102.139793901915,0.375,True,29.0,8,中维护
A8,2025-08-05,23,23,99.8780295886906,99.76713992752302,1.5150042512001631,96.8841980208681,102.104959680379,0.9583333333333334,True,30.0,8,中维护
A8,2025-08-06,21,21,100.349696783439,100.48488622855827,1.637336707415623,97.362483047787,105.165886000827,0.875,True,31.0,8,中维护
A8,2025-08-07,11,11,99.5383434124743,99.83724614820272,1.1294429662715533,97.9671991092479,102.152029213736,0.4583333333333333,True,32.0,8,中维护
A8,2025-08-08,17,17,99.8364259572045,99.426335633032,1.3958877349067766,96.4581248206378,101.085449941775,0.7083333333333334,True,33.0,8,中维护
A8,2025-08-09,23,23,100.051323029365,99.84221070010246,1.3044951092681045,97.5183404972873,102.486468569229,0.9583333333333334,True,34.0,8,中维护
A8,2025-08-10,24,24,99.47369916734334,99.56138173146672,1.2805838445017517,97.7289434267544,102.197482557495,1.0,True,35.0,8,中维护
A8,2025-08-11,16,16,99.36209103146905,99.03850550312522,1.481850093222818,95.8974793179482,101.348084288727,0.6666666666666666,True,36.0,8,中维护
A8,2025-08-12,17,17,98.9036256468084,99.10839134395233,1.1034842311539546,96.1893556732282,101.230043631787,0.7083333333333334,True,37.0,8,中维护
A8,2025-08-13,24,20,98.80677297366174,99.01203295797971,1.5572775014133295,97.0479229101128,102.084741954973,0.8333333333333334,True,38.0,8,中维护
A8,2025-08-14,11,11,99.5281683660988,99.08352801773181,1.7449022425774285,96.6104192346222,101.668763104574,0.4583333333333333,True,39.0,8,中维护
A8,2025-08-15,16,16,97.95232729048615,98.18151839124819,1.704148283835852,95.3255218984852,101.104043153317,0.6666666666666666,True,40.0,8,中维护
A8,2025-08-16,24,24,97.5762920830862,97.59008347281475,1.5580390441882683,93.9947889972551,100.353874412848,1.0,True,41.0,8,中维护
A8,2025-08-17,22,21,98.0051629813877,98.07866075849498,1.4938928618639569,94.9268210632074,100.880472954026,0.875,True,42.0,8,中维护
A8,2025-08-18,15,13,97.6938894027239,97.47642758517614,1.5451543820006235,95.0057000456059,99.6198291802468,0.5416666666666666,True,43.0,8,中维护
A8,2025-08-19,16,16,97.32536557567686,97.29806468122044,1.6774618247236772,93.8335031653505,99.3982840937175,0.6666666666666666,True,44.0,8,中维护
A8,2025-08-20,22,22,97.32005899255054,97.29546484248257,1.3360660161482842,95.277501510449,99.4784066914668,0.9166666666666666,True,45.0,8,中维护
A8,2025-08-21,24,22,97.54443177550951,97.42761077526453,2.033032769603156,94.765677304966,104.708488328135,0.9166666666666666,True,46.0,8,中维护
A8,2025-08-22,20,19,97.1792175637444,97.15899132219383,1.1314843320746284,95.1915228831173,99.1044597088549,0.7916666666666666,True,47.0,8,中维护
A8,2025-08-23,9,9,95.3244647821118,96.0587726379318,2.204558295310586,93.9570666025641,99.4887357726581,0.375,True,48.0,8,中维护
A8,2025-08-24,19,19,95.4997669041613,95.5089108531084,1.8108382125565436,93.1401413675907,99.4130985143306,0.7916666666666666,True,49.0,8,中维护
A8,2025-08-25,20,19,96.0271226300441,96.27323670231254,1.531256047592463,94.223014101457,100.008746541687,0.7916666666666666,True,50.0,8,中维护
A8,2025-08-26,21,21,96.4457641666168,96.56303364747326,1.2608964102144118,94.3569777056125,98.4799452928452,0.875,True,51.0,8,中维护
A8,2025-08-27,24,24,95.98187945378565,95.76299986007287,1.925331385920968,91.0888864046731,99.5643811244255,1.0,True,52.0,8,中维护
A8,2025-08-28,23,23,96.5369877651833,96.57884247371007,1.2815271202724912,94.4026612161637,98.670206389891,0.9583333333333334,True,53.0,8,中维护
A8,2025-08-29,10,10,95.9986039851249,95.78329273605792,1.4755901420862707,93.5017069965515,97.7155351080216,0.4166666666666667,True,54.0,8,中维护
A8,2025-08-30,18,18,95.1949841343243,95.48512690123863,1.4981991424814172,93.2203736466875,99.6047971575529,0.75,True,55.0,8,中维护
A8,2025-08-31,18,18,96.20504960462495,95.6134058509868,1.2551239374910508,93.1454768436873,97.180542582523,0.75,True,56.0,8,中维护
A8,2025-09-01,19,19,94.8106013658179,94.67686400745818,0.9377640257107916,93.1496145961539,96.3399426507979,0.7916666666666666,True,57.0,8,中维护
A8,2025-09-02,21,21,94.1215852697681,94.0654602845356,1.0351844931141276,92.2551719303074,96.2366344483291,0.875,True,58.0,8,中维护
A8,2025-09-03,23,23,93.3530549063286,93.49391607378746,0.8227423709545318,91.9198415885032,95.5708762583628,0.9583333333333334,True,59.0,8,中维护
A8,2025-09-04,22,22,92.5035587844135,92.70912223766904,0.7624915849758367,91.471224186389,93.8712574205351,0.9166666666666666,True,60.0,8,中维护
A8,2025-09-05,20,20,92.27862048400351,92.27722738306399,1.0122471635755574,90.8976608638674,95.7172118231555,0.8333333333333334,True,61.0,8,中维护
A8,2025-09-06,12,12,91.90239698527715,93.48528248684666,6.033499901825606,90.7668576908428,112.54018723797,0.5,True,62.0,8,中维护
A8,2025-09-07,23,23,91.1810986068037,91.04385816764832,0.6671059039575653,89.4502094814543,92.0817355005813,0.9583333333333334,True,63.0,8,中维护
A8,2025-09-08,19,0,,,,,,0.0,False,0.0,9,中维护
A8,2025-09-09,23,23,94.1897432722938,94.17954656833713,0.46906786007659534,93.4008036871739,95.1210696810701,0.9583333333333334,True,1.0,9,中维护
A8,2025-09-10,24,24,94.26755894900529,94.28771499053903,0.5141028465134165,93.2876218839164,95.1382828193794,1.0,True,2.0,9,中维护
A8,2025-09-11,13,12,94.172010843403,94.09944019419306,0.34092786312068757,93.4782291887852,94.4756537935288,0.5,True,3.0,9,中维护
A8,2025-09-12,23,20,93.07968560425121,92.91377498006707,0.8864013125551669,91.2225169761895,94.7175521210187,0.8333333333333334,True,4.0,9,中维护
A8,2025-09-13,22,21,92.5314576990853,92.68262985382043,0.785524888214298,91.1684588850486,94.1537849966188,0.875,True,5.0,9,中维护
A8,2025-09-14,23,23,92.5757377909704,92.55299145032237,0.7284600822666505,91.3258321336573,93.9515846115334,0.9583333333333334,True,6.0,9,中维护
A8,2025-09-15,10,10,92.0535959969003,92.11043649108115,0.9487343494781458,90.2414730368642,93.6594178979951,0.4166666666666667,True,7.0,9,中维护
A8,2025-09-16,23,23,92.345069875877,92.20131350503854,0.727501575203251,90.9859964913809,93.444245091468,0.9583333333333334,True,8.0,9,中维护
A8,2025-09-17,23,22,91.4506007572562,91.62034183967374,1.0461708230407654,89.6929789257077,93.3715714007871,0.9166666666666666,True,9.0,9,中维护
A8,2025-09-18,23,23,91.7527077370312,91.43359711341175,0.9997110842126444,89.7230592899803,92.8308935776551,0.9583333333333334,True,10.0,9,中维护
A8,2025-09-19,11,11,90.7350070309634,90.81783855194189,0.774311411501671,89.8515988377665,92.1666907631012,0.4583333333333333,True,11.0,9,中维护
A8,2025-09-20,21,21,90.1395358000572,90.28095731798936,0.8253181436740475,88.9414148267644,92.1669948353904,0.875,True,12.0,9,中维护
A8,2025-09-21,24,24,90.0437217131701,90.08845715197735,0.7435980081289122,88.8901669432878,91.7064269797316,1.0,True,13.0,9,中维护
A8,2025-09-22,23,22,89.41236007076076,89.3419217777145,1.4028616834733159,83.9453362287804,91.136071195202,0.9166666666666666,True,14.0,9,中维护
A8,2025-09-23,24,24,88.77730982628336,88.60951552759214,1.0695989586232353,86.545004610963,90.360572273945,1.0,True,15.0,9,中维护
A8,2025-09-24,23,21,87.3307708606216,87.64253306072246,1.0205071068361942,85.8128267707472,89.5254424878371,0.875,True,16.0,9,中维护
A8,2025-09-25,13,9,87.4436590899066,87.72629556205437,0.7344243500183114,86.7749390807825,88.8633882646945,0.375,True,17.0,9,中维护
A8,2025-09-26,24,24,86.96597302911596,86.85108039836143,0.8168231355947506,85.5762956120013,88.2157893473131,1.0,True,18.0,9,中维护
A8,2025-09-27,24,23,86.3074609609992,86.28546926417525,0.8949256615501303,84.1932194120974,87.4616916967126,0.9583333333333334,True,19.0,9,中维护
A8,2025-09-28,23,23,85.8920322832128,85.66100170205348,0.7342229840759358,84.0873889223587,87.0163666443003,0.9583333333333334,True,20.0,9,中维护
A8,2025-09-29,13,13,85.0998627195482,84.94327401644918,0.7988990634183716,83.3272466393217,86.3456992660927,0.5416666666666666,True,21.0,9,中维护
A8,2025-09-30,23,20,84.44682907448029,84.48314010589262,1.058364729419328,82.7597809260843,86.3638624114731,0.8333333333333334,True,22.0,9,中维护
A8,2025-10-01,23,23,83.6367886318239,83.55787325872964,1.0185720265312088,81.4258256029799,85.767138954132,0.9583333333333334,True,23.0,9,中维护
A8,2025-10-02,23,23,82.391626929337,82.49315064087068,1.1603392989883832,80.2335907585421,84.7081194492374,0.9583333333333334,True,24.0,9,中维护
A8,2025-10-03,13,13,82.1988557111106,82.30362973530454,0.8076867825029886,80.4915164896589,83.4541595339309,0.5416666666666666,True,25.0,9,中维护
A8,2025-10-04,22,22,80.38071204460975,80.4163093982937,1.019111970319255,78.0326775752464,82.2046535919807,0.9166666666666666,True,26.0,9,中维护
A8,2025-10-05,18,18,80.01891112019025,79.81122151225753,0.8492266391071767,78.2976149951373,81.0257105413828,0.75,True,27.0,9,中维护
A8,2025-10-06,23,23,79.7226853616562,79.72228753736648,1.0858603161658307,78.092580791562,81.6888705317098,0.9583333333333334,True,28.0,9,中维护
A8,2025-10-07,15,15,79.483056008107,79.4248419237108,1.0976088961244546,76.8491902986849,81.2915672097802,0.625,True,29.0,9,中维护
A8,2025-10-08,22,21,78.6574910164517,78.58564199917548,0.8041208668548386,77.1930702580325,80.0778770125009,0.875,True,30.0,9,中维护
A8,2025-10-09,24,24,78.26624795923081,78.41768260981989,0.8380963024087682,76.9076746057154,80.0973945418925,1.0,True,31.0,9,中维护
A8,2025-10-10,24,24,77.24973736012726,77.44827815007919,0.7796725283673029,75.7561759886325,79.0509774298597,1.0,True,32.0,9,中维护
A8,2025-10-11,18,18,76.4480310040338,76.47310444522029,0.6875437838763901,75.4142106220275,77.7237650243686,0.75,True,33.0,9,中维护
A8,2025-10-12,19,19,75.9668984274846,75.92560142870948,1.1953172857394598,74.1075258533895,78.3337294811312,0.7916666666666666,True,34.0,9,中维护
A8,2025-10-13,24,22,75.56137437759196,75.76249408915093,0.8598774268575622,74.3458589624636,77.4156927364414,0.9166666666666666,True,35.0,9,中维护
A8,2025-10-14,24,24,74.37769900081909,74.4825451411682,0.8401357819737792,73.3092405221019,76.394187779022,1.0,True,36.0,9,中维护
A8,2025-10-15,24,24,74.72306767310695,74.92435932503155,0.9178622110983818,73.7859138107339,76.8191782064428,1.0,True,37.0,9,中维护
A8,2025-10-16,23,20,73.7178365479832,73.88534094051751,1.266230638704845,71.6097757278146,76.2698029629047,0.8333333333333334,True,38.0,9,中维护
A8,2025-10-17,24,24,72.94618155169655,73.01124956147767,1.0091889570536663,70.6911896965334,75.9277862731611,1.0,True,39.0,9,中维护
A8,2025-10-18,20,20,72.62097977021405,72.53801903823503,1.3894096120567698,70.2958748427628,74.6381395965711,0.8333333333333334,True,40.0,9,中维护
A8,2025-10-19,22,20,71.66226030626379,71.65845642043048,0.7578480606486957,70.1924201156161,72.9175473780477,0.8333333333333334,True,41.0,9,中维护
A8,2025-10-20,23,23,71.5192286396337,71.33697687159246,1.0248517172235863,69.3278143124873,73.160635344307,0.9583333333333334,True,42.0,9,中维护
A8,2025-10-21,14,14,71.21773176791106,71.03565112026565,0.8268108107797765,68.9022266064065,72.0626222614319,0.5833333333333334,True,43.0,9,中维护
A8,2025-10-22,24,20,69.85311291023544,69.82193678556408,0.8451450752096632,68.5700777038221,71.6019658675028,0.8333333333333334,True,44.0,9,中维护
A8,2025-10-23,22,22,69.03435148207629,69.03444304106526,1.0888154886461014,67.0787508514016,70.8427778385024,0.9166666666666666,True,45.0,9,中维护
A8,2025-10-24,22,22,68.1136477715691,68.15840583878848,1.0719981470717277,65.7544990301096,70.1409020589173,0.9166666666666666,True,46.0,9,中维护
A8,2025-10-25,13,13,66.7678541026985,66.70441689634073,0.857689589752155,65.0504886251413,68.047360390826,0.5416666666666666,True,47.0,9,中维护
A8,2025-10-26,23,18,65.62765366503235,65.6570198672427,0.9403289030756242,63.8774425327805,67.3271737309934,0.75,True,48.0,9,中维护
A8,2025-10-27,24,24,65.94451366207245,65.96828877323095,1.1491040168798903,63.6836181883001,68.18551989139,1.0,True,49.0,9,中维护
A8,2025-10-28,23,23,65.2067677086371,65.1748337763432,0.9816106768962735,63.0461449892038,66.6979812088039,0.9583333333333334,True,50.0,9,中维护
A8,2025-10-29,12,12,64.79247929830704,64.8455456595943,0.7533664228689287,63.7006840881348,66.5555524731504,0.5,True,51.0,9,中维护
A8,2025-10-30,23,22,64.45599056014521,64.7124692432014,0.8797275573293875,63.4927023962039,67.1209920081576,0.9166666666666666,True,52.0,9,中维护
A8,2025-10-31,24,23,64.2119270453591,64.1871992918037,0.9245080620258663,62.3486278232969,66.1354507659399,0.9583333333333334,True,53.0,9,中维护
A8,2025-11-01,23,23,64.2136659250144,64.56515932101738,2.6856371341568095,62.7676266293332,76.4301294138922,0.9583333333333334,True,54.0,9,中维护
A8,2025-11-02,13,13,63.4786513388506,63.45193372125364,0.6763727878237826,62.2120498196186,64.5154044266727,0.5416666666666666,True,55.0,9,中维护
A8,2025-11-03,21,0,,,,,,0.0,False,0.0,10,中维护
A8,2025-11-04,24,21,89.2709077160329,89.31533006554344,0.49059088792915434,88.1580331548456,90.2778799147585,0.875,True,1.0,10,中维护
A8,2025-11-05,24,24,88.5433738473829,88.53910412123633,0.41106743952013514,87.8297574248527,89.3721097354388,1.0,True,2.0,10,中维护
A8,2025-11-06,13,13,88.1021650936581,87.92751399900179,0.6514046628662884,86.7659649472614,88.7247869968567,0.5416666666666666,True,3.0,10,中维护
A8,2025-11-07,23,22,88.1152443285524,88.07577620438397,0.9181467266301011,86.4486581655499,90.0880708487139,0.9166666666666666,True,4.0,10,中维护
A8,2025-11-08,24,24,87.9106074637061,87.8809977598989,0.8912335039910575,85.6270610885365,89.3174209858348,1.0,True,5.0,10,中维护
A8,2025-11-09,23,23,87.2792925245919,87.29753851556228,0.7294214752787668,85.3642787625149,88.7059070336888,0.9583333333333334,True,6.0,10,中维护
A8,2025-11-10,24,24,86.18958156212805,86.17505179529375,0.7847525432749173,84.6011726595753,87.7103737099678,1.0,True,7.0,10,中维护
A8,2025-11-11,21,20,85.59485260838645,85.71993711046315,0.8466801570272817,83.4903656238687,87.3258797197837,0.8333333333333334,True,8.0,10,中维护
A8,2025-11-12,16,16,84.97445711043696,84.86231499642805,0.9302598324432895,83.3415369128168,86.1970124776234,0.6666666666666666,True,9.0,10,中维护
A8,2025-11-13,22,22,84.38079022600255,84.50234421721551,0.7950017199800792,82.7221597927389,86.4341880285707,0.9166666666666666,True,10.0,10,中维护
A8,2025-11-14,21,21,84.0306733879691,83.84465394864259,0.8384340365245062,82.0535903975062,85.3794437273352,0.875,True,11.0,10,中维护
A8,2025-11-15,22,22,82.6599136862846,82.69924800017985,0.9721666892581342,80.8118291122334,84.7832041726137,0.9166666666666666,True,12.0,10,中维护
A8,2025-11-16,14,14,82.0118101516131,81.94513642707552,0.9424039184100929,80.1565958223226,83.2079465167435,0.5833333333333334,True,13.0,10,中维护
A8,2025-11-17,21,16,81.35673993858136,81.3800238702226,0.6219652823189562,80.1736696078819,82.169420195423,0.6666666666666666,True,14.0,10,中维护
A8,2025-11-18,24,23,81.3653893396278,81.27872854458269,0.7191488331980288,79.9213270016827,82.5474619457255,0.9583333333333334,True,15.0,10,中维护
A8,2025-11-19,23,23,81.1874255719617,81.30435450805355,0.9651899851509668,79.1572925270811,83.4417020959448,0.9583333333333334,True,16.0,10,中维护
A8,2025-11-20,24,23,80.3507289444487,80.22487612024307,0.7262173005640633,78.7225304307343,81.690650443312,0.9583333333333334,True,17.0,10,中维护
A8,2025-11-21,23,21,79.6262852705623,79.54679860294631,0.6900570389932443,78.2567726250991,80.5634313557833,0.875,True,18.0,10,中维护
A8,2025-11-22,14,14,79.55535558314375,79.46888205562892,1.4546292569081398,77.0680105623691,82.852780738112,0.5833333333333334,True,19.0,10,中维护
A8,2025-11-23,23,23,78.6211265314824,78.7225460100295,0.8103256024288394,77.4278911281885,80.9903738856635,0.9583333333333334,True,20.0,10,中维护
A8,2025-11-24,24,24,78.5891918203432,78.44088471767482,0.7768444645280627,76.3748947056363,79.5766012755656,1.0,True,21.0,10,中维护
A8,2025-11-25,23,23,77.6382300251255,77.76766930749966,1.242973103211669,75.8375564364693,82.1738048544617,0.9583333333333334,True,22.0,10,中维护
A8,2025-11-26,12,12,76.69760326184445,76.89058816833999,1.2045247460895832,75.2135466975889,79.428035905157,0.5,True,23.0,10,中维护
A8,2025-11-27,23,23,76.7257594163244,76.65925091082183,0.7106344177023212,75.4368070709199,77.985830664625,0.9583333333333334,True,24.0,10,中维护
A8,2025-11-28,24,24,76.464778720926,76.47997110331833,0.8703887641826983,75.1467774274541,78.3761893990826,1.0,True,25.0,10,中维护
A8,2025-11-29,14,14,76.7592230102196,76.79533567267973,0.7571951131338781,75.0468353728003,78.1535852987524,0.5833333333333334,True,26.0,10,中维护
A8,2025-11-30,12,11,75.5176440232784,75.4312360234734,0.6604601709679616,74.1810693002106,76.5527086212621,0.4583333333333333,True,27.0,10,中维护
A8,2025-12-05,13,12,75.2616893669644,75.25431958487171,0.33116159220941205,74.5465625857973,75.736378955502,0.5,True,32.0,10,中维护
A8,2025-12-06,11,11,75.1264996825622,75.1232581244717,0.28007906191370435,74.7610445879197,75.7119232958312,0.4583333333333333,True,33.0,10,中维护
A8,2025-12-07,21,21,74.2899588162313,74.32440423427806,0.2891833393139423,73.7272889379839,74.8960433244413,0.875,True,34.0,10,中维护
A8,2025-12-08,22,22,73.89100945604216,73.93790355555096,0.22902948158923242,73.5554228169887,74.4877951643605,0.9166666666666666,True,35.0,10,中维护
A8,2025-12-09,13,12,73.39228274214139,73.31917841587746,0.2644305443241589,72.9386808402904,73.6662102084953,0.5,True,36.0,10,中维护
A8,2025-12-10,24,23,72.3926545759607,72.43193231151143,0.20033130746397856,72.0998645234331,72.9347691261076,0.9583333333333334,True,37.0,10,中维护
A8,2025-12-11,21,16,71.57683609177354,71.58113514356313,0.225391483118535,71.1775485870001,72.0441863681788,0.6666666666666666,True,38.0,10,中维护
A8,2025-12-12,24,24,70.654578286132,70.73141820845576,0.2821898003415853,70.2667162533476,71.3203126034285,1.0,True,39.0,10,中维护
A8,2025-12-13,12,10,70.32312841867434,70.2917297379856,0.2309132664358404,69.7839772664415,70.6111553881334,0.4166666666666667,True,40.0,10,中维护
A8,2025-12-14,18,18,69.8754209608835,69.8891072453163,0.2960910287453861,69.2987374568086,70.3737878137739,0.75,True,41.0,10,中维护
A8,2025-12-15,22,22,69.46444268563275,69.44174604102922,0.23384176250532587,69.0268400331286,69.9472963639664,0.9166666666666666,True,42.0,10,中维护
A8,2025-12-16,24,24,69.10946761085376,69.08641944174767,0.2628121941761535,68.6329521404844,69.616978510127,1.0,True,43.0,10,中维护
A8,2025-12-17,23,22,68.4597281420219,68.4361954682554,0.27192643246007037,68.0015488852852,69.1816125803741,0.9166666666666666,True,44.0,10,中维护
A8,2025-12-18,18,18,67.86120891920126,67.84977227318603,0.19453197108812426,67.3267611734467,68.1427270724725,0.75,True,45.0,10,中维护
A8,2025-12-19,15,15,67.2477364558742,67.2623560654927,0.3130453381572949,66.7908856465425,67.9394169497669,0.625,True,46.0,10,中维护
A8,2025-12-20,23,23,66.8415361291417,66.90642254153833,0.2707170009387342,66.2195030425278,67.5518450442797,0.9583333333333334,True,47.0,10,中维护
A8,2025-12-21,24,24,66.8905629051444,66.88163897887738,0.2450790015776201,66.462915929671,67.4010503944149,1.0,True,48.0,10,中维护
A8,2025-12-22,15,15,66.4626288124769,66.416467747538,0.268350496675091,65.9933887102933,66.877988318459,0.625,True,49.0,10,中维护
A8,2025-12-23,21,21,65.6747302757916,65.65587537116993,0.29581285768749666,65.1570220450297,66.1484884897017,0.875,True,50.0,10,中维护
A8,2025-12-24,21,21,65.2330157319852,65.24001512242413,0.20097698244579895,64.8153282351927,65.589986358556,0.875,True,51.0,10,中维护
A8,2025-12-25,24,24,64.97831910664891,64.966042981651,0.2297529199791139,64.3852948161659,65.4720809582156,1.0,True,52.0,10,中维护
A8,2025-12-26,10,10,64.18863421101055,64.21226243263678,0.1936797945245484,63.8915639772286,64.6021313666782,0.4166666666666667,True,53.0,10,中维护
A8,2025-12-27,23,23,63.8824642486331,63.93934777310049,0.2931938618785456,63.3913309606115,64.4494204437984,0.9583333333333334,True,54.0,10,中维护
A8,2025-12-28,23,0,,,,,,0.0,False,0.0,11,中维护
A8,2025-12-29,13,13,74.1889797537193,74.12364612384872,0.1549402761936638,73.7897931560404,74.2787110711638,0.5416666666666666,True,1.0,11,中维护
A8,2025-12-30,23,23,73.6773204845521,73.68336949513683,0.13976614214855873,73.3420177241294,73.9295670354579,0.9583333333333334,True,2.0,11,中维护
A8,2025-12-31,23,23,73.1293360949628,73.08608698165129,0.14085621694851658,72.7326023520668,73.2549146319923,0.9583333333333334,True,3.0,11,中维护
A8,2026-01-01,22,22,72.600353526508,72.47839807768615,0.49588027334581103,71.4743412433146,73.3947420430207,0.9166666666666666,True,4.0,11,中维护
A8,2026-01-02,11,11,71.881580902403,71.93606987164092,0.6128415723315034,70.708576050987,72.9177779606084,0.4583333333333333,True,5.0,11,中维护
A8,2026-01-03,24,24,71.32076985536776,71.50921334749303,0.7536194404942895,70.4600884628783,73.9297758670521,1.0,True,6.0,11,中维护
A8,2026-01-04,22,22,71.01237373166356,70.95319116579763,0.43730851231067885,69.9704290160918,71.6968800079464,0.9166666666666666,True,7.0,11,中维护
A8,2026-01-05,23,23,70.150950586826,70.18971624883642,0.44910056611731397,69.5147214855118,70.8623539228348,0.9583333333333334,True,8.0,11,中维护
A8,2026-01-06,15,15,70.1171325321591,69.98669329425448,0.6452253782764306,69.0405807817719,70.8869245560004,0.625,True,9.0,11,中维护
A8,2026-01-07,16,16,69.12139622450371,69.1907568963521,0.4409385521306941,68.4581412871225,69.9160878682444,0.6666666666666666,True,10.0,11,中维护
A8,2026-01-08,23,22,68.5858232134149,68.58943501965233,0.6445178635527747,67.3200183304582,69.7131985324454,0.9166666666666666,True,11.0,11,中维护
A8,2026-01-09,22,22,67.2527361697673,67.36359886194838,0.46840703074316853,66.5048872706141,67.9788487133437,0.9166666666666666,True,12.0,11,中维护
A8,2026-01-10,20,19,66.4305374769979,66.35445487679931,0.4753770317647796,65.457594785114,67.1190742384844,0.7916666666666666,True,13.0,11,中维护
A8,2026-01-11,15,15,66.1290210700608,66.0930533343272,0.5653404846225571,64.6787945573806,66.9242646432242,0.625,True,14.0,11,中维护
A8,2026-01-12,22,21,64.5127215125975,64.68835834426356,0.4517489995770327,64.0205614437044,65.4363474857102,0.875,True,15.0,11,中维护
A8,2026-01-13,14,14,63.61311915327755,63.62959692313809,0.5467061407091113,62.9488057812268,64.5346873304559,0.5833333333333334,True,16.0,11,中维护
A8,2026-01-14,23,23,63.3215474912588,63.26094019549019,0.4829259928782566,62.1192656902457,64.0541669661585,0.9583333333333334,True,17.0,11,中维护
A8,2026-01-15,22,20,62.20971414163205,62.158299945387796,0.5031211375672079,61.2482146845536,63.1629017086274,0.8333333333333334,True,18.0,11,中维护
A8,2026-01-16,22,22,62.25004917028175,62.119161015042124,0.6203973062246056,60.9310263140953,63.1806100517514,0.9166666666666666,True,19.0,11,中维护
A8,2026-01-17,14,14,61.579447241463654,61.54315365180471,0.43259083659514436,60.9424187402133,62.4707580132049,0.5833333333333334,True,20.0,11,中维护
A8,2026-01-18,17,17,60.5122713989907,60.59384596697563,0.3934069390718361,59.9110010382989,61.496873446995,0.7083333333333334,True,21.0,11,中维护
A8,2026-01-19,16,16,59.8348749046315,59.73324360017019,0.5065399112641881,58.8566171950838,61.0337288566184,0.6666666666666666,True,22.0,11,中维护
A8,2026-01-20,4,4,58.593088787528444,58.61008502351338,0.43024885304654226,58.1040822467578,59.1500802722388,0.16666666666666666,True,23.0,11,中维护
A8,2026-01-21,4,4,58.343887192154796,58.289006080297774,0.3080779865959056,57.8772570184126,58.5909929184689,0.16666666666666666,True,24.0,11,中维护
A8,2026-01-22,4,4,57.6009661129276,57.63420933881465,0.5892706127459558,56.997173598423,58.3377315309804,0.16666666666666666,True,25.0,11,中维护
A8,2026-01-23,4,4,57.030233903877004,57.02065707008555,0.3275495610695546,56.6137362954986,57.4084241770896,0.16666666666666666,True,26.0,11,中维护
A8,2026-01-24,4,4,56.213764949151056,56.00818293124288,0.4279131309078091,55.3668517529197,56.2383500737497,0.16666666666666666,True,27.0,11,中维护
A8,2026-01-25,4,4,55.61873286975665,55.706332974411275,0.35047328480096973,55.3869829677241,56.2008831904077,0.16666666666666666,True,28.0,11,中维护
A8,2026-01-26,4,4,54.84256362391465,54.67722832543143,0.45671924799146835,54.0242753019572,54.9995107519392,0.16666666666666666,True,29.0,11,中维护
A8,2026-01-27,4,4,54.544904681386,54.4560504567039,0.7285297116393087,53.4853249595129,55.2490675045307,0.16666666666666666,True,30.0,11,中维护
A8,2026-01-28,4,4,53.75638359055025,53.74379649563947,0.46998390094223896,53.2955738978641,54.1668449035933,0.16666666666666666,True,31.0,11,中维护
A8,2026-01-29,4,4,54.3907132523663,54.43452962695763,0.5243012629444941,53.9194392922091,55.0372527108888,0.16666666666666666,True,32.0,11,中维护
A8,2026-01-30,4,4,53.07533057132895,53.102225749541624,0.28533156871422966,52.7923768481925,53.4658650073161,0.16666666666666666,True,33.0,11,中维护
A8,2026-01-31,4,4,53.7114564678841,53.49043977239248,0.6098631496639939,52.6084476018825,53.9303985519192,0.16666666666666666,True,34.0,11,中维护
A8,2026-02-01,4,0,,,,,,0.0,False,35.0,11,中维护
A8,2026-02-02,4,3,51.8627695978353,51.862249151855735,0.03866891837377072,51.8233226373424,51.9006552203895,0.125,True,36.0,11,中维护
A8,2026-02-03,4,4,51.59043107029435,51.5831851529517,0.10475821837839035,51.4720644132179,51.6798140580002,0.16666666666666666,True,37.0,11,中维护
A8,2026-02-04,4,4,51.51695072813265,51.52630186167515,0.30478903992938683,51.2027225462276,51.8685834442077,0.16666666666666666,True,38.0,11,中维护
A8,2026-02-05,4,4,50.9244612151669,50.89023582240448,0.3535469470995287,50.4586453423105,51.2533755169736,0.16666666666666666,True,39.0,11,中维护
A8,2026-02-06,4,4,50.03230267366155,50.19971174658678,0.49310041124831216,49.8119178626898,50.9223237763342,0.16666666666666666,True,40.0,11,中维护
A8,2026-02-07,4,4,49.72694452843105,49.80168071883385,0.4224486794604505,49.4308738159454,50.3219600025279,0.16666666666666666,True,41.0,11,中维护
A8,2026-02-08,4,4,48.9621575671622,46.19644733732028,5.715998699555713,37.6306352761806,49.2308389387761,0.16666666666666666,True,42.0,11,中维护
A8,2026-02-09,4,0,,,,,,0.0,False,0.0,12,中维护
A8,2026-02-10,4,4,67.06593134230985,66.98921387152225,0.24836799825034547,66.6306492297318,67.1943435717375,0.16666666666666666,True,1.0,12,中维护
A8,2026-02-11,4,4,65.64241096817909,65.63643573893742,0.10397271425059024,65.5262129720056,65.7347080473859,0.16666666666666666,True,2.0,12,中维护
A8,2026-02-12,4,4,65.46249692759785,65.50121364006513,0.2644511746042664,65.2759149974694,65.8039457075954,0.16666666666666666,True,3.0,12,中维护
A8,2026-02-13,4,4,64.46151559024534,64.4233449374926,0.21255349774542706,64.1336006074514,64.6367479620283,0.16666666666666666,True,4.0,12,中维护
A8,2026-02-14,4,4,63.8579073801652,63.877224880082174,0.33807637449629085,63.5800753263146,64.2130094336837,0.16666666666666666,True,5.0,12,中维护
A8,2026-02-15,4,4,63.16374738877745,63.21626572852922,0.24488038420571273,63.007410874753,63.530157261809,0.16666666666666666,True,6.0,12,中维护
A8,2026-02-16,4,4,62.1140425638038,62.219644264785046,0.24634460257923296,62.0631329988271,62.5873589327055,0.16666666666666666,True,7.0,12,中维护
A8,2026-02-17,4,3,61.5396409010889,61.5082870771565,0.2520113973900126,61.2420658623054,61.7431544680752,0.125,True,8.0,12,中维护
A8,2026-02-18,4,4,61.1708178050869,61.33775790038253,0.5460147853685591,60.886698130951,62.1226978604053,0.16666666666666666,True,9.0,12,中维护
A8,2026-02-19,4,4,60.83813818025605,60.7647136304604,0.6231014473142424,60.0737232116637,61.3088549496658,0.16666666666666666,True,10.0,12,中维护
A8,2026-02-20,4,4,60.171927809852946,60.23938739187518,0.23018388151190736,60.0512704881221,60.5624234596727,0.16666666666666666,True,11.0,12,中维护
A8,2026-02-21,4,4,59.61419910933195,59.581391754938046,0.39287652034306025,59.0700484689991,60.0271203320892,0.16666666666666666,True,12.0,12,中维护
A8,2026-02-22,4,3,58.5468824621909,58.4863671099558,0.10961848325192408,58.3598305110236,58.5523883566529,0.125,True,13.0,12,中维护
A8,2026-02-23,4,1,,,,,,0.041666666666666664,False,14.0,12,中维护
A8,2026-02-24,4,4,56.90620421517,56.908802545374854,0.32665563271172005,56.5477273956324,57.275074355527,0.16666666666666666,True,15.0,12,中维护
A8,2026-02-25,4,4,56.66740133538015,56.6633135367625,0.38907681364691993,56.202767000667,57.1156844756227,0.16666666666666666,True,16.0,12,中维护
A8,2026-02-26,4,4,55.290535829418246,55.277410331063926,0.33218991331151926,54.8886726985801,55.6398969668391,0.16666666666666666,True,17.0,12,中维护
A8,2026-02-27,4,4,53.7929985020472,53.66904234463695,0.36011244704911965,53.1505985952058,53.9395737792476,0.16666666666666666,True,18.0,12,中维护
A8,2026-02-28,4,4,53.26188720696365,53.214958654587775,0.2697149916461386,52.8447370995526,53.4913231048712,0.16666666666666666,True,19.0,12,中维护
A8,2026-03-01,4,4,53.2065621766769,53.24578791467343,0.8377747142490386,52.3341348679509,54.235892437389,0.16666666666666666,True,20.0,12,中维护
A8,2026-03-02,4,4,52.48736712016595,52.74254012302427,1.2612600164061685,51.6337458370967,54.3616804146685,0.16666666666666666,True,21.0,12,中维护
A8,2026-03-03,4,4,52.296202035723354,52.227459289106676,0.6791125542585873,51.4208250635843,52.8966080213957,0.16666666666666666,True,22.0,12,中维护
A8,2026-03-04,4,4,51.89740426570265,51.9268963531049,0.4768562178390541,51.3847702313647,52.5280066496496,0.16666666666666666,True,23.0,12,中维护
A8,2026-03-05,4,4,51.934155134197454,52.010643467186824,0.3932016926039231,51.6703077485915,52.5039558517609,0.16666666666666666,True,24.0,12,中维护
A8,2026-03-06,4,4,51.82196414068745,51.90213847591815,0.9500796894522064,50.8461161666891,53.1185094556086,0.16666666666666666,True,25.0,12,中维护
A8,2026-03-07,4,4,50.8126469610123,50.849275724427876,0.23732139259140017,50.6000610083641,51.1717479673228,0.16666666666666666,True,26.0,12,中维护
A8,2026-03-08,4,4,50.66545270870195,50.67150271838835,0.27309941159186835,50.3853761158118,50.9697293403377,0.16666666666666666,True,27.0,12,中维护
A8,2026-03-09,4,4,50.27969433655785,50.35824359858908,0.5580398535622443,49.7668456587365,51.1067400625041,0.16666666666666666,True,28.0,12,中维护
A8,2026-03-10,4,4,50.6312487620158,50.39445215696688,0.6152997644435038,49.482983734392,50.8323273694439,0.16666666666666666,True,29.0,12,中维护
A8,2026-03-11,4,4,50.2740165219883,50.34780249979517,0.5363536898852266,49.7873863134352,51.0557906417689,0.16666666666666666,True,30.0,12,中维护
A8,2026-03-12,4,4,49.89529029173675,49.855921272025526,0.16121114567094286,49.6466981402101,49.9864063644185,0.16666666666666666,True,31.0,12,中维护
A8,2026-03-13,4,4,49.7311927032703,49.706663308801225,0.3960606271783768,49.1984323841903,50.165835444474,0.16666666666666666,True,32.0,12,中维护
A8,2026-03-14,4,4,49.16246678384865,49.26853662920537,0.35707223085017065,48.973479433924,49.7757335152002,0.16666666666666666,True,33.0,12,中维护
A8,2026-03-15,4,4,49.23399400608625,49.3963064774509,0.6255303891231132,48.8278203466396,50.2894175509915,0.16666666666666666,True,34.0,12,中维护
A8,2026-03-16,4,4,48.801735920592805,48.7802836520083,0.4974174920291791,48.2511875388412,49.2664752280064,0.16666666666666666,True,35.0,12,中维护
A8,2026-03-17,4,4,48.5610951838639,48.5387562621884,0.985986890698836,47.6005401395794,49.4322945414464,0.16666666666666666,True,36.0,12,中维护
A8,2026-03-18,4,4,49.05049040409315,48.88980217819635,0.3954482684480851,48.3014161258162,49.1568117787829,0.16666666666666666,True,37.0,12,中维护
A8,2026-03-19,4,3,47.7295243580124,48.12253807639983,1.245625228380347,47.1208223467366,49.5172675244505,0.125,True,38.0,12,中维护
A8,2026-03-20,4,4,47.4052939380396,47.5577620461782,0.3467400793734255,47.3447592588408,48.0757010497928,0.16666666666666666,True,39.0,12,中维护
A8,2026-03-21,4,4,47.9768870121256,47.9635714615845,0.6147408620417979,47.3153959320364,48.5851158900504,0.16666666666666666,True,40.0,12,中维护
A8,2026-03-22,4,4,47.3486413818396,47.3558236217213,0.4913341544727672,46.7849542265786,47.9410574966274,0.16666666666666666,True,41.0,12,中维护
A8,2026-03-23,4,4,47.49667986475685,47.46748637496145,0.36705847880900744,47.0306168880088,47.8459688823233,0.16666666666666666,True,42.0,12,中维护
A8,2026-03-24,4,4,46.81444918857435,46.65782741914625,0.583117996688174,45.8236826810935,47.1787286183428,0.16666666666666666,True,43.0,12,中维护
A8,2026-03-25,4,3,46.259712262266,45.97336801432963,0.537280241986147,45.353566802722,46.3068249780009,0.125,True,44.0,12,中维护
A8,2026-03-26,4,4,44.99945254338855,45.133352390126646,0.3088699723189596,44.9414989560133,45.5930055177162,0.16666666666666666,True,45.0,12,中维护
A8,2026-03-27,4,4,45.6336289336672,45.66460091895148,0.5238873565952981,45.0900373194649,46.3011084890066,0.16666666666666666,True,46.0,12,中维护
A8,2026-03-28,4,4,46.0318554909294,46.053736454803875,0.2193535847483059,45.8150587232008,46.3361761141559,0.16666666666666666,True,47.0,12,中维护
A8,2026-03-29,4,4,45.252556916108404,45.359575517299575,0.427741991201619,44.9709636977301,45.9622245392514,0.16666666666666666,True,48.0,12,中维护
A8,2026-03-30,4,4,44.985996295457895,44.95636261379475,0.5974044200613158,44.2080770417975,45.6453808224657,0.16666666666666666,True,49.0,12,中维护
A8,2026-03-31,4,0,,,,,,0.0,False,0.0,13,中维护
A8,2026-04-01,4,4,64.67096387577746,64.80167611790863,0.45234304329062414,64.4428038775941,65.4219728424855,0.16666666666666666,True,1.0,13,中维护
A8,2026-04-02,4,4,64.7112475935963,64.70975693442267,0.19821448736480207,64.5091658060992,64.9073667443989,0.16666666666666666,True,2.0,13,中维护
A8,2026-04-03,4,3,64.1850022112298,64.0447012591834,0.35120493092972643,63.64503350645,64.3040680598704,0.125,True,3.0,13,中维护
A8,2026-04-04,4,4,63.1736583008606,63.2611259527814,0.4241114181950208,62.8537121793104,63.843475030094,0.16666666666666666,True,4.0,13,中维护
A8,2026-04-05,4,4,63.1794767596682,63.4155655111706,0.5630473742716241,63.0484590136513,64.2548495116947,0.16666666666666666,True,5.0,13,中维护
A8,2026-04-06,4,4,63.259676071442954,63.28751101374185,0.7606840394164542,62.3848862946844,64.2458056173971,0.16666666666666666,True,6.0,13,中维护
A8,2026-04-07,4,4,62.56577340492665,62.64707707921703,0.6133438958880916,62.096686124849,63.3600753821658,0.16666666666666666,True,7.0,13,中维护
A8,2026-04-08,4,4,62.87196989736195,63.03724025066492,0.58590636353463,62.5785570592433,63.8264641486925,0.16666666666666666,True,8.0,13,中维护
A8,2026-04-09,4,4,62.17583167042915,62.18951483522333,0.7714463193246698,61.3131779958684,63.0932180041666,0.16666666666666666,True,9.0,13,中维护
A8,2026-04-10,4,4,61.20489535911885,61.163567832658124,0.39001243539607194,60.6648548672115,61.5796257451833,0.16666666666666666,True,10.0,13,中维护
A9,2024-04-04,2,0,,,,,,0.0,False,0.0,0,观测起点
A9,2024-04-05,13,13,84.9358533355625,85.01479528650881,0.4839316331092358,84.065747821723,86.0343707302524,0.5416666666666666,True,0.0,0,观测起点
A9,2024-04-06,14,14,84.99470193703371,84.96930557317684,0.28766771519387,84.5080888300364,85.2931980790788,0.5833333333333334,True,0.0,0,观测起点
A9,2024-04-07,17,17,84.5091230266663,84.59584696923804,0.49021841023032403,83.5846376244584,85.5900577322443,0.7083333333333334,True,0.0,0,观测起点
A9,2024-04-08,12,12,84.76295433911079,84.80438701500928,0.884548157158906,83.4110227558886,86.380870524675,0.5,True,0.0,0,观测起点
A9,2024-04-09,17,17,84.4454932228434,84.36931284897008,0.9285453014385392,82.6052812162127,86.0629789025318,0.7083333333333334,True,0.0,0,观测起点
A9,2024-04-10,22,22,84.00029145786206,84.05293286136224,0.9772900918523956,82.4003245799456,86.1154165616948,0.9166666666666666,True,0.0,0,观测起点
A9,2024-04-11,16,16,84.17340770121015,83.86731039233221,0.75533742893982,82.1491618917326,84.6522939267713,0.6666666666666666,True,0.0,0,观测起点
A9,2024-04-12,23,22,83.28913362967386,83.41617178569753,0.9005395209181999,81.6177582021297,84.8656698227505,0.9166666666666666,True,0.0,0,观测起点
A9,2024-04-13,24,23,83.4434724399613,83.67449891825233,0.8446521538062022,82.0756218409118,85.1328376462048,0.9583333333333334,True,0.0,0,观测起点
A9,2024-04-14,24,24,83.1385176019404,83.34063925999202,0.8822576769948034,81.7007372257629,85.6869818688462,1.0,True,0.0,0,观测起点
A9,2024-04-15,16,14,83.10178888318795,83.07221675551628,0.9536250468693573,81.3702344758156,84.6116492330771,0.5833333333333334,True,0.0,0,观测起点
A9,2024-04-16,24,24,83.05989870563126,82.65845205474018,1.3201870522132004,78.6967641712795,84.7835938529802,1.0,True,0.0,0,观测起点
A9,2024-04-17,16,16,82.1612185527101,82.29874959258396,0.7363756877610649,81.3241420560307,83.7315220294491,0.6666666666666666,True,0.0,0,观测起点
A9,2024-04-18,24,22,82.63040554132866,82.46735495516297,0.9611925997595894,80.8151056622963,83.9842599899292,0.9166666666666666,True,0.0,0,观测起点
A9,2024-04-19,23,23,82.2410245292847,82.25418316635813,1.0105650818801495,79.5458353690873,84.3619962846618,0.9583333333333334,True,0.0,0,观测起点
A9,2024-04-20,20,20,82.05811926850134,82.0582488244423,0.586965399090954,81.1084567291124,82.8828816001284,0.8333333333333334,True,0.0,0,观测起点
A9,2024-04-21,13,13,81.8510754534334,81.9826177115332,0.723607836778018,80.9700276006973,83.4318380308682,0.5416666666666666,True,0.0,0,观测起点
A9,2024-04-22,11,11,81.2428989743722,81.26113133549757,0.868489432844991,79.6606736990544,83.1281170531954,0.4583333333333333,True,0.0,0,观测起点
A9,2024-04-23,13,12,81.34725188472396,81.11239430725723,1.2682038653900294,78.7535973071569,82.9579704860059,0.5,True,0.0,0,观测起点
A9,2024-04-24,13,13,81.3054282287656,81.11739281103443,0.7801619196873949,79.2262213980974,82.3446833401998,0.5416666666666666,True,0.0,0,观测起点
A9,2024-04-25,21,20,80.44339255560456,80.36947165331358,0.8325835966530571,78.8860651652865,82.0588051648898,0.8333333333333334,True,0.0,0,观测起点
A9,2024-04-26,21,21,80.3626714346659,80.48038713898536,0.8917634229185472,79.0997722773416,82.2298846044701,0.875,True,0.0,0,观测起点
A9,2024-04-27,23,22,79.5156007652608,79.69162725368871,0.8203410473430002,77.7762151168217,81.1373126060101,0.9166666666666666,True,0.0,0,观测起点
A9,2024-04-28,23,23,79.1970997053084,79.39094721794073,0.972159012311901,78.0654425761601,81.9929451129978,0.9583333333333334,True,0.0,0,观测起点
A9,2024-04-29,13,13,79.4159255251556,79.33449969219633,0.5724343281745307,78.4066216330412,80.3112666320859,0.5416666666666666,True,0.0,0,观测起点
A9,2024-05-15,20,20,79.17381022985485,79.15674288342626,0.7094555069731046,76.9284051918766,80.4402660238297,0.8333333333333334,True,0.0,0,观测起点
A9,2024-05-16,22,22,78.95067894153874,79.01984183754954,0.4017193859813122,78.1946027565007,79.6868160724258,0.9166666666666666,True,0.0,0,观测起点
A9,2024-05-17,23,23,78.7638243902194,78.83660633606554,0.5260957870131802,77.948767819047,80.0046348825417,0.9583333333333334,True,0.0,0,观测起点
A9,2024-05-18,14,9,78.4684719561699,78.6587117793259,0.45497221060651716,78.1976547981673,79.4588713733983,0.375,True,0.0,0,观测起点
A9,2024-05-19,16,16,78.40359574071101,78.3277233020255,0.4536000467686387,77.4989819701802,78.9612685329011,0.6666666666666666,True,0.0,0,观测起点
A9,2024-05-20,23,21,78.6056191797756,78.53884723979561,0.4595407919160596,77.8273728767916,79.3869653272903,0.875,True,0.0,0,观测起点
A9,2024-05-21,20,19,78.1561839430373,78.1849109157613,0.4136984031310501,77.6764645668843,79.184915131605,0.7916666666666666,True,0.0,0,观测起点
A9,2024-05-22,18,18,78.01236302223235,78.07323725328003,0.4851067382252081,77.341321908229,78.9142461589506,0.75,True,0.0,0,观测起点
A9,2024-05-23,14,13,77.8314472776844,77.7936383124762,0.26589524880184384,77.0894291366603,78.0870904895805,0.5416666666666666,True,0.0,0,观测起点
A9,2024-05-24,19,19,77.846790809436,77.81883289344727,0.43575120431960307,76.8537464364173,78.7633112975896,0.7916666666666666,True,0.0,0,观测起点
A9,2024-05-25,20,20,77.2467729718866,77.38469959308271,0.42505815662117413,76.8055900499227,78.2391193006755,0.8333333333333334,True,0.0,0,观测起点
A9,2024-05-26,21,21,77.1065247929035,77.11644136160191,0.4063584552246104,76.0621947699037,77.7144995370379,0.875,True,0.0,0,观测起点
A9,2024-05-27,8,8,76.75959664238475,76.83683230484111,0.3072659661978434,76.4330190413355,77.3047869802014,0.3333333333333333,True,0.0,0,观测起点
A9,2024-05-28,19,19,76.4746139073118,76.03473571849155,2.4474203266566,66.1587967043003,77.3584973486525,0.7916666666666666,True,0.0,0,观测起点
A9,2024-05-29,21,21,76.5131489398356,76.63706856567595,0.5332758237207648,75.6777076592412,77.8209469122648,0.875,True,0.0,0,观测起点
A9,2024-05-30,23,0,,,,,,0.0,False,0.0,1,中维护
A9,2024-05-31,10,10,102.43400322707001,102.44376719621441,0.17157145936023546,102.151956114543,102.678455313301,0.4166666666666667,True,1.0,1,中维护
A9,2024-06-01,6,6,102.2842874196815,102.2118414998875,0.34046112515672916,101.596043496971,102.507387439573,0.25,True,2.0,1,中维护
A9,2024-06-03,14,14,102.698884149397,102.60161634349615,1.1589777379401038,100.216599704509,104.605909161825,0.5833333333333334,True,4.0,1,中维护
A9,2024-06-04,11,11,102.038351789678,101.76219058100357,1.6622841669595823,99.0882509187473,104.052868790115,0.4583333333333333,True,5.0,1,中维护
A9,2024-06-05,23,23,102.082120697045,102.24653513976419,1.4280597824360797,99.3431455401065,105.394775378201,0.9583333333333334,True,6.0,1,中维护
A9,2024-06-06,22,19,102.482628574358,102.59441123453342,1.2554533181528922,100.262810176118,104.488547319566,0.7916666666666666,True,7.0,1,中维护
A9,2024-06-07,24,23,102.1630895897,102.16988353573075,1.067985355475723,100.296891183863,103.892765478944,0.9583333333333334,True,8.0,1,中维护
A9,2024-06-08,10,9,101.572826693944,101.30486318724421,1.0358008813033808,99.3890628185689,102.7783497124,0.375,True,9.0,1,中维护
A9,2024-06-09,19,19,101.488907279621,101.703075724483,1.394075324499971,98.541678341551,104.73576076971,0.7916666666666666,True,10.0,1,中维护
A9,2024-06-10,20,19,102.262556022938,102.27092558879106,0.9374284829775625,100.74278472906,104.207643957575,0.7916666666666666,True,11.0,1,中维护
A9,2024-06-11,23,23,101.327346662141,101.40010696599988,1.0202921445298305,99.4606223718268,103.535673928722,0.9583333333333334,True,12.0,1,中维护
A9,2024-06-12,14,14,101.78457382727049,102.23065277548478,1.8097822896212217,100.017667060704,107.720431774829,0.5833333333333334,True,13.0,1,中维护
A9,2024-06-13,16,15,100.380965864732,100.41767144702138,1.097864190063447,98.8557600067277,102.070509062695,0.625,True,14.0,1,中维护
A9,2024-06-14,22,22,100.90143179782851,100.77308277345824,1.3216799030131905,97.8351082123062,103.100059194494,0.9166666666666666,True,15.0,1,中维护
A9,2024-06-15,24,24,100.83983590855999,100.84753790430183,1.3590637886773165,96.7474427343115,103.928093247952,1.0,True,16.0,1,中维护
A9,2024-06-16,16,16,100.641944951013,100.60230547548322,1.1949878988445966,98.6992560867196,102.31473412313,0.6666666666666666,True,17.0,1,中维护
A9,2024-06-17,16,16,101.0465112604875,101.07672451451076,1.5259666703121806,96.9903294664607,103.370430489893,0.6666666666666666,True,18.0,1,中维护
A9,2024-06-18,21,21,101.083767580068,101.2388129964167,2.2386838259160644,98.2041318656529,109.063622628302,0.875,True,19.0,1,中维护
A9,2024-06-19,24,24,100.6709503166675,100.72137802632862,1.1505917579050988,98.4888868491673,102.916146226452,1.0,True,20.0,1,中维护
A9,2024-06-20,21,18,100.2578918568485,100.43544525801147,1.4841367836540726,98.2926395692298,102.908662266386,0.75,True,21.0,1,中维护
A9,2024-06-21,14,13,100.449356726183,100.60187740710035,1.018626368086468,98.6534465296931,103.110807774562,0.5416666666666666,True,22.0,1,中维护
A9,2024-06-22,22,22,99.3067149412058,99.61841965886842,1.3927082236342714,97.5746601872229,102.12089844775,0.9166666666666666,True,23.0,1,中维护
A9,2024-06-23,23,23,99.8265306003823,99.62244335331202,1.2038984076116765,97.5533132178905,102.48622359987,0.9583333333333334,True,24.0,1,中维护
A9,2024-06-24,23,23,100.15562436632,100.11422412622822,1.4036734671972826,97.5936854177879,102.483188408559,0.9583333333333334,True,25.0,1,中维护
A9,2024-06-25,9,8,100.315627597511,100.39692152246838,1.8780551101991525,97.5715610759278,103.454520519946,0.3333333333333333,True,26.0,1,中维护
A9,2024-06-26,24,19,99.7733532301353,99.81568917529744,1.5674112918552985,97.3120912582051,103.199809033707,0.7916666666666666,True,27.0,1,中维护
A9,2024-06-27,24,24,99.74921434646605,99.92376698509351,1.4052248444594406,97.4237322068232,102.464416553002,1.0,True,28.0,1,中维护
A9,2024-06-28,18,18,99.93964922253744,99.96845864222298,1.0947830678957817,98.0942725849308,102.295479523994,0.75,True,29.0,1,中维护
A9,2024-06-29,11,11,99.5705219799641,99.3764607486647,1.3981589778263108,96.7432336037753,101.513191287222,0.4583333333333333,True,30.0,1,中维护
A9,2024-06-30,23,23,99.7721550525257,99.69894113148064,1.2075145513615206,97.116062955971,102.535804866468,0.9583333333333334,True,31.0,1,中维护
A9,2024-07-01,22,22,100.409315474733,100.02395635005725,1.9280508610834075,96.1682997134199,104.533440649341,0.9166666666666666,True,32.0,1,中维护
A9,2024-07-02,24,21,98.7311076825333,98.86508402218983,1.769483004688611,96.4438755786393,102.689133749549,0.875,True,33.0,1,中维护
A9,2024-07-03,9,4,98.22282051842686,98.51177159602278,1.536839092336876,97.0541756901424,100.547269657095,0.16666666666666666,True,34.0,1,中维护
A9,2024-07-04,17,17,98.6115377283039,98.54330614275203,2.631166085364994,92.3942334188551,102.675535686058,0.7083333333333334,True,35.0,1,中维护
A9,2024-07-05,4,4,97.30959218964446,97.64027058658093,1.7989492740453383,95.9401133415508,100.001784625484,0.16666666666666666,True,36.0,1,中维护
A9,2024-07-06,4,4,99.73994411051609,99.7394471843399,1.1453521991681732,98.4095982829214,101.068302233406,0.16666666666666666,True,37.0,1,中维护
A9,2024-07-07,4,4,98.7631888456047,98.63683084508277,0.815245572611046,97.5288879328126,99.4920577563091,0.16666666666666666,True,38.0,1,中维护
A9,2024-07-08,4,4,97.3904536276692,97.5453132161448,2.1353880811010275,95.5323687133575,99.8679768958833,0.16666666666666666,True,39.0,1,中维护
A9,2024-07-09,4,4,98.64150587817716,98.34011321355072,1.03091186291885,96.8512585203691,99.2261825774795,0.16666666666666666,True,40.0,1,中维护
A9,2024-07-10,4,4,98.25691384668175,98.34320322321312,0.8466312098943766,97.4764927017138,99.3824924977752,0.16666666666666666,True,41.0,1,中维护
A9,2024-07-11,4,4,100.17717695946101,99.3056954010472,1.8832769076409588,96.4855263582228,100.382901327044,0.16666666666666666,True,42.0,1,中维护
A9,2024-07-12,4,4,97.6769252535443,97.69589704483947,1.7308330916184966,95.5956875652934,99.8340501069759,0.16666666666666666,True,43.0,1,中维护
A9,2024-07-13,4,4,96.7502960185875,97.42079825908935,1.82564332818144,96.0770598599364,100.105541139246,0.16666666666666666,True,44.0,1,中维护
A9,2024-07-14,4,4,99.493951590096,99.29978623175668,0.9388288290537253,98.0566924414727,100.154549305362,0.16666666666666666,True,45.0,1,中维护
A9,2024-07-15,4,4,98.13692970837636,96.87531081322268,4.448134221893658,90.515385882636,100.711997953502,0.16666666666666666,True,46.0,1,中维护
A9,2024-07-16,4,4,95.5415723582625,95.49174334179338,1.3472529540031382,93.8930755248082,96.9907531258403,0.16666666666666666,True,47.0,1,中维护
A9,2024-07-17,4,4,98.9805603034201,98.69692422210703,1.6020089862111664,96.5909609410489,100.235615340539,0.16666666666666666,True,48.0,1,中维护
A9,2024-07-18,4,4,97.5845022807238,98.59502837866137,2.5458623949663,96.8921756632029,102.318933289995,0.16666666666666666,True,49.0,1,中维护
A9,2024-07-19,4,4,98.72593652752556,98.90853927453448,1.0695049864088721,97.8407040639698,100.341579979117,0.16666666666666666,True,50.0,1,中维护
A9,2024-07-20,4,4,99.79368838733859,99.37510877933788,1.4798055215080412,97.3221380822483,100.590920260426,0.16666666666666666,True,51.0,1,中维护
A9,2024-07-21,4,4,97.42416578907819,97.29170709428817,0.7707128350384381,96.2341055649395,98.0843912340568,0.16666666666666666,True,52.0,1,中维护
A9,2024-07-22,4,4,98.1299082480643,98.005362517149,1.3210747960808331,96.4311416214396,99.3304919510278,0.16666666666666666,True,53.0,1,中维护
A9,2024-07-23,4,4,96.52068980048244,97.43223506727207,2.3911760107567632,95.7857494287864,100.901811239337,0.16666666666666666,True,54.0,1,中维护
A9,2024-07-24,4,4,98.45729673062185,98.01214387785565,0.9546269742578954,96.5820245615281,98.5519574886508,0.16666666666666666,True,55.0,1,中维护
A9,2024-07-25,4,4,98.0086598695411,97.9659726293225,1.6064533441613025,96.1076203741498,99.738950404058,0.16666666666666666,True,56.0,1,中维护
A9,2024-07-26,4,4,98.3668468843146,98.34540485944832,1.8925314930254966,96.5007509394411,100.147174729723,0.16666666666666666,True,57.0,1,中维护
A9,2024-07-27,4,4,98.42976444264406,98.69578362137568,2.065431528129544,96.4694157621316,101.454189838083,0.16666666666666666,True,58.0,1,中维护
A9,2024-07-28,4,4,97.52564407151846,97.44889689356077,1.323659358993712,95.7554452415698,98.9888541896364,0.16666666666666666,True,59.0,1,中维护
A9,2024-07-29,4,4,96.8703463218146,95.93457552810645,2.666537121368922,92.1594592572424,97.8381502115542,0.16666666666666666,True,60.0,1,中维护
A9,2024-07-30,4,4,96.68425319562495,97.03216175030305,1.6596259241081244,95.5552592600515,99.2048813499108,0.16666666666666666,True,61.0,1,中维护
A9,2024-07-31,4,4,94.68442336845325,94.74972652144059,1.8208953791098825,92.6799135357763,96.9501458130796,0.16666666666666666,True,62.0,1,中维护
A9,2024-08-01,4,4,97.63650952636155,96.26716041924348,5.698560613054546,88.7620150152608,101.03360760899,0.16666666666666666,True,63.0,1,中维护
A9,2024-08-02,4,0,,,,,,0.0,False,0.0,2,中维护
A9,2024-08-03,4,4,104.524665846118,104.773261373449,1.0900531668998912,103.734806305611,106.308907495949,0.16666666666666666,True,1.0,2,中维护
A9,2024-08-04,4,4,104.730901031968,104.99720267688075,2.2578279981545237,102.669849223193,107.857159420394,0.16666666666666666,True,2.0,2,中维护
A9,2024-08-05,4,4,106.5377531536935,106.35315452475675,0.903867620421709,105.110736062877,107.226375728763,0.16666666666666666,True,3.0,2,中维护
A9,2024-08-06,4,3,104.952753690207,104.50951633703899,4.1533250265565345,100.152348813834,108.423446507076,0.125,True,4.0,2,中维护
A9,2024-08-07,4,4,106.922346169444,105.63472008757482,4.98547203776627,98.8674543514553,109.826733659956,0.16666666666666666,True,5.0,2,中维护
A9,2024-08-08,4,4,102.4556031807781,103.90422835803727,6.392652988755975,98.4043750417489,112.301332028844,0.16666666666666666,True,6.0,2,中维护
A9,2024-08-09,4,4,105.130620461275,105.96124956237625,2.185462126451376,104.412086396404,109.171670930551,0.16666666666666666,True,7.0,2,中维护
A9,2024-08-10,4,4,109.2699079241965,108.095278903001,4.198888383311643,102.097476927359,111.743822836252,0.16666666666666666,True,8.0,2,中维护
A9,2024-08-11,4,4,106.7240192673735,107.628111560331,3.116319958323903,104.975257585201,112.089150121376,0.16666666666666666,True,9.0,2,中维护
A9,2024-08-12,4,4,103.236504791563,104.79782789780299,4.437189692236472,101.630248061531,111.088053946555,0.16666666666666666,True,10.0,2,中维护
A9,2024-08-13,4,4,107.5341403279605,107.7793572645805,3.3694644036703325,103.92998997423,112.119158428171,0.16666666666666666,True,11.0,2,中维护
A9,2024-08-14,4,4,105.448055333564,105.39645829947175,1.1797257689827652,104.145315981664,106.544406549095,0.16666666666666666,True,12.0,2,中维护
A9,2024-08-15,4,4,105.271645572089,105.404118211606,3.621027117265176,101.814713542863,109.258468159383,0.16666666666666666,True,13.0,2,中维护
A9,2024-08-16,4,4,102.376826014648,102.5010777763595,1.8200106288580649,100.615630714596,104.635028361546,0.16666666666666666,True,14.0,2,中维护
A9,2024-08-17,4,4,107.07975653159349,108.63347567564175,3.623952734832428,106.362241979456,114.012147659924,0.16666666666666666,True,15.0,2,中维护
A9,2024-08-18,4,4,107.78611074061001,107.8271444265915,3.5305562398844614,103.546049947327,112.190306277819,0.16666666666666666,True,16.0,2,中维护
A9,2024-08-19,4,4,105.1388058009495,104.9808771955365,1.1248126336426645,103.508021436417,106.13787574383,0.16666666666666666,True,17.0,2,中维护
A9,2024-08-20,4,4,106.3992039448415,105.09525124978674,3.01217292750093,100.596295970697,106.986301138767,0.16666666666666666,True,18.0,2,中维护
A9,2024-08-21,4,4,101.1764771512585,102.17893374136546,5.813267633550406,96.2053090235298,110.157471639415,0.16666666666666666,True,19.0,2,中维护
A9,2024-08-22,4,4,103.1762522030295,103.527956792709,1.9988317920181793,101.537030511823,106.222292252954,0.16666666666666666,True,20.0,2,中维护
A9,2024-08-23,4,4,105.9795875402665,106.469928407661,3.525737493249457,103.190945568681,110.72959298143,0.16666666666666666,True,21.0,2,中维护
A9,2024-08-24,4,4,102.4739820369745,103.57049411706208,5.386406367926156,98.2732325533553,111.060779840944,0.16666666666666666,True,22.0,2,中维护
A9,2024-08-25,4,4,105.75167369948,105.40708543587024,2.7566357625960083,101.726037234741,108.39895710978,0.16666666666666666,True,23.0,2,中维护
A9,2024-08-26,9,9,106.646536947853,105.91462575814766,2.813710506925559,101.068586178727,109.197059764294,0.375,True,24.0,2,中维护
A9,2024-08-27,16,16,105.66822254988,104.82483575278144,3.699235064512928,98.5458699342841,110.737425805151,0.6666666666666666,True,25.0,2,中维护
A9,2024-08-28,24,24,104.059902508813,103.87339280221305,3.599689751474098,96.9025108432355,111.296680612433,1.0,True,26.0,2,中维护
A9,2024-08-29,24,24,102.8546331242465,102.91421308587043,3.1852139762220473,94.9512670249084,109.616903405853,1.0,True,27.0,2,中维护
A9,2024-08-30,24,24,103.510186465883,104.06642630698487,3.542214333411971,96.3689994852005,110.270783904255,1.0,True,28.0,2,中维护
A9,2024-08-31,12,8,106.50402773991101,106.91987650810188,2.407674393132252,103.650216058333,110.26198744141,0.3333333333333333,True,29.0,2,中维护
A9,2024-09-01,17,16,103.5653339679605,103.41999360461286,1.609999370132662,98.9023064952527,105.703733200464,0.6666666666666666,True,30.0,2,中维护
A9,2024-09-02,12,12,103.165452480234,103.04860547340785,1.9992016284856935,99.9603148428711,105.985297678593,0.5,True,31.0,2,中维护
A9,2024-09-03,23,23,102.821809341693,102.53459714400505,1.973056889489625,98.4132318624935,105.673074029381,0.9583333333333334,True,32.0,2,中维护
A9,2024-09-04,14,13,102.694073282422,102.59800590840331,1.1903579687607688,100.84686359356,105.621386727655,0.5416666666666666,True,33.0,2,中维护
A9,2024-09-05,23,23,102.513504691394,102.0503685195772,1.3609507970031414,98.9807551039892,104.164797747193,0.9583333333333334,True,34.0,2,中维护
A9,2024-09-06,24,24,102.109662329225,101.74156474683559,1.3437396519874696,98.4589924746418,104.198281767216,1.0,True,35.0,2,中维护
A9,2024-09-07,24,22,101.394926846918,101.37372197124374,1.4635412705933792,98.7080339345154,105.465872665991,0.9166666666666666,True,36.0,2,中维护
A9,2024-09-08,11,11,101.109794486403,101.0754546531682,1.1680256790170362,99.0334935233205,102.973564449533,0.4583333333333333,True,37.0,2,中维护
A9,2024-09-09,24,23,100.45755742325,100.06789264967286,1.660271127125107,94.0510552912572,102.199884287632,0.9583333333333334,True,38.0,2,中维护
A9,2024-09-10,24,24,100.6895400987775,100.38143889235441,1.489267961466673,97.1366794970717,103.853436355229,1.0,True,39.0,2,中维护
A9,2024-09-11,23,23,100.128909689172,100.5827839478639,1.9539615399238517,98.3394236363263,107.636391543697,0.9583333333333334,True,40.0,2,中维护
A9,2024-09-12,10,10,100.5351920280595,100.71447037720147,1.2386652677689114,98.7506979156987,102.805764379608,0.4166666666666667,True,41.0,2,中维护
A9,2024-09-13,24,20,99.9196560115884,99.77144380105126,1.7310450769694683,96.7765723769857,102.625955051968,0.8333333333333334,True,42.0,2,中维护
A9,2024-09-14,24,21,100.140697837161,99.80585949567724,1.6977428487590092,95.2024200125921,102.545751554226,0.875,True,43.0,2,中维护
A9,2024-09-15,23,23,99.9062640430233,99.6878996781075,1.456659962469395,97.611310373396,103.672068955598,0.9583333333333334,True,44.0,2,中维护
A9,2024-09-16,14,13,98.6914174053021,98.54672226390753,1.0095737460691203,97.0721423162991,100.579896085352,0.5416666666666666,True,45.0,2,中维护
A9,2024-09-17,22,22,98.9503109497953,98.96699679185608,1.1777344374844692,96.9185456701794,101.454013821503,0.9166666666666666,True,46.0,2,中维护
A9,2024-09-18,24,24,98.40520319037715,98.21518469876814,1.2324418763830307,94.990612252193,100.523684151796,1.0,True,47.0,2,中维护
A9,2024-09-19,24,23,97.9345076713503,98.2860938734798,1.1953987477597152,96.8511301863722,102.073157709097,0.9583333333333334,True,48.0,2,中维护
A9,2024-09-20,17,15,98.2087855399531,97.92172541969465,1.5088390703034398,95.1387413914554,100.51174917256,0.625,True,49.0,2,中维护
A9,2024-09-21,19,16,97.78602192592359,97.80550378077488,1.5054022694567328,95.2164366466514,100.278097704949,0.6666666666666666,True,50.0,2,中维护
A9,2024-09-22,24,23,97.6150251648423,98.03550162829767,2.039832240661208,94.1984405941138,101.562286456199,0.9583333333333334,True,51.0,2,中维护
A9,2024-09-23,23,23,97.2540406180878,97.29214777603042,1.1537897142241282,95.6184519116658,99.7449898614894,0.9583333333333334,True,52.0,2,中维护
A9,2024-09-24,22,22,96.97647704077124,96.99434076392009,1.6322402547479946,94.5041108984945,101.793352932626,0.9166666666666666,True,53.0,2,中维护
A9,2024-09-25,16,16,97.1012764808126,97.62862852389055,2.786398247813642,94.7881471393639,107.083762121488,0.6666666666666666,True,54.0,2,中维护
A9,2024-09-26,24,23,96.7656030526539,96.68868415012085,1.6660759057145451,94.0149093414878,100.08071469986,0.9583333333333334,True,55.0,2,中维护
A9,2024-09-27,24,24,96.3929435978527,96.13751748349627,1.212968785001095,92.9084640150672,98.051829394033,1.0,True,56.0,2,中维护
A9,2024-09-28,24,24,95.63273026412975,95.89588978787867,1.8598423951015628,92.8991160292345,100.416723142081,1.0,True,57.0,2,中维护
A9,2024-09-29,10,10,94.90153059437574,95.24717169630938,2.3220818459050903,92.4165259844706,98.3657159804472,0.4166666666666667,True,58.0,2,中维护
A9,2024-09-30,24,23,94.2989723829923,94.22211704768803,1.470068795722227,90.9485537542223,96.6395829337069,0.9583333333333334,True,59.0,2,中维护
A9,2024-10-01,22,22,93.5363231712465,93.5975885499519,0.8751883366998061,92.0191676871157,94.989913958451,0.9166666666666666,True,60.0,2,中维护
A9,2024-10-02,24,23,93.3485588599786,93.25549262453346,0.6415215897887963,91.9620912928482,94.373810349694,0.9583333333333334,True,61.0,2,中维护
A9,2024-10-03,14,14,92.5983568923653,92.76803699257432,0.9364592992588322,91.5374218692397,94.325200258588,0.5833333333333334,True,62.0,2,中维护
A9,2024-10-04,24,24,91.80758751243334,91.92308480308249,0.6688297408576104,90.3502722549083,93.1493752704234,1.0,True,63.0,2,中维护
A9,2024-10-05,24,24,91.82434777267031,91.82858326650343,0.705406464424167,90.3280061091703,93.330741287406,1.0,True,64.0,2,中维护
A9,2024-10-06,24,24,91.4532676004731,91.52125257641883,0.528844400550142,90.5209778768045,92.3785137827094,1.0,True,65.0,2,中维护
A9,2024-10-07,12,12,91.05427746995079,91.16187421187259,0.903417596252495,90.2464634115671,93.5361558729757,0.5,True,66.0,2,中维护
A9,2024-10-08,24,23,90.4672808466001,90.40300824541221,0.7311377410257448,88.882469613201,91.7281768694994,0.9583333333333334,True,67.0,2,中维护
A9,2024-10-09,23,23,88.9401438767519,89.20249063248384,0.7899435165741348,87.7620297995416,90.2897068026751,0.9583333333333334,True,68.0,2,中维护
A9,2024-10-10,24,24,88.43053356777675,88.3394774954271,0.6434234123839571,87.1025428842346,89.5388938304873,1.0,True,69.0,2,中维护
A9,2024-10-11,14,14,88.2279531823678,88.2000057472666,0.49971276083531774,87.4083858982112,89.1826688989255,0.5833333333333334,True,70.0,2,中维护
A9,2024-10-12,22,22,87.49128227668379,87.58423362630165,0.6322709449812267,86.1986270626752,88.6516411625515,0.9166666666666666,True,71.0,2,中维护
A9,2024-10-13,24,24,86.8478386887418,87.20788264640636,5.14430399156097,75.4449270042881,108.541660147196,1.0,True,72.0,2,中维护
A9,2024-10-14,23,22,86.74889089971819,88.18600360956512,5.158252426719116,84.8877876880062,105.369841725745,0.9166666666666666,True,73.0,2,中维护
A9,2024-10-15,18,0,,,,,,0.0,False,0.0,3,中维护
A9,2024-10-16,18,18,105.07359631570151,104.18581505230934,3.637857008702467,89.6570363585599,105.417198997548,0.75,True,1.0,3,中维护
A9,2024-10-17,24,22,104.333020843735,104.39105599271805,0.34449866622602526,103.961568079622,105.068272429557,0.9166666666666666,True,2.0,3,中维护
A9,2024-10-18,23,23,103.264224699105,103.30415403305669,0.40015785915716345,102.275616718576,104.13977748926,0.9583333333333334,True,3.0,3,中维护
A9,2024-10-19,19,19,102.610942902393,102.81166515759395,0.8773420692805526,101.570598558543,104.537284707775,0.7916666666666666,True,4.0,3,中维护
A9,2024-10-20,14,14,102.027857943336,102.317188074234,0.6389441329330573,101.601813552134,103.635097459049,0.5833333333333334,True,5.0,3,中维护
A9,2024-10-21,24,23,102.069030061362,102.03427247490283,0.7659737413895538,100.657966694583,103.581798179723,0.9583333333333334,True,6.0,3,中维护
A9,2024-10-22,24,23,101.613887216853,101.35505809745166,0.9086921381605122,99.3498525378138,102.751732144139,0.9583333333333334,True,7.0,3,中维护
A9,2024-10-23,23,22,100.9423414608565,100.88655925727639,0.6858251960256244,99.5676212518206,102.259608515098,0.9166666666666666,True,8.0,3,中维护
A9,2024-10-24,24,18,100.28164424248351,100.38083848451225,0.7788596184024958,98.7896474119404,101.786710169768,0.75,True,9.0,3,中维护
A9,2024-10-25,24,24,99.96135246320965,99.8839717663929,0.6559469656205411,98.5501148926039,101.425802036536,1.0,True,10.0,3,中维护
A9,2024-10-26,24,24,98.9590333068775,98.92563955127969,0.8748684745219449,97.0378905266224,100.787857659082,1.0,True,11.0,3,中维护
A9,2024-10-27,21,18,98.24794493193745,98.07515774284565,0.9295637096210797,96.5703119830737,99.4606626687973,0.75,True,12.0,3,中维护
A9,2024-10-28,3,1,,,,,,0.041666666666666664,False,13.0,3,中维护
A9,2024-11-01,24,22,96.92650433220095,96.8856817684029,0.473030849231641,95.9376337485825,97.8929097730938,0.9166666666666666,True,17.0,3,中维护
A9,2024-11-02,23,23,95.8627516028434,95.98105819829259,0.4586500210559716,95.2270979420418,97.0016405980296,0.9583333333333334,True,18.0,3,中维护
A9,2024-11-03,12,12,95.06441276511005,95.15173557584764,0.5724126495753045,93.9826791094918,96.1137187783143,0.5,True,19.0,3,中维护
A9,2024-11-04,23,21,94.3980246621235,94.40115086689923,0.6448049050164009,93.1715293908343,95.5584830568406,0.875,True,20.0,3,中维护
A9,2024-11-05,24,24,93.68624461591949,93.8140136675792,0.6110168587718364,92.7056159270807,95.0816711992251,1.0,True,21.0,3,中维护
A9,2024-11-06,23,23,93.4751743829298,93.43440530979603,0.40788084509670214,92.6285219935319,94.2822660073468,0.9583333333333334,True,22.0,3,中维护
A9,2024-11-07,13,13,92.3563271693236,92.22275776864402,0.4851027827375521,91.2123311639331,92.7617844919656,0.5416666666666666,True,23.0,3,中维护
A9,2024-11-08,19,19,90.9897254075517,91.10456466495963,0.5206843301491412,90.3752392914661,92.1905163962608,0.7916666666666666,True,24.0,3,中维护
A9,2024-11-09,22,22,91.30928927186554,91.28739265362226,0.5062557980606875,90.3881030074761,92.0853684333227,0.9166666666666666,True,25.0,3,中维护
A9,2024-11-10,22,22,91.06039738837305,90.97023633616469,0.5378502940026811,89.8050851269928,91.9435740139526,0.9166666666666666,True,26.0,3,中维护
A9,2024-11-11,17,16,90.57908733254345,90.58616422578399,0.50257723221343,89.5368051134536,91.6062564459755,0.6666666666666666,True,27.0,3,中维护
A9,2024-11-12,19,19,90.2547541665576,90.2262964243942,0.3400885714875105,89.6793315086969,90.7850533410499,0.7916666666666666,True,28.0,3,中维护
A9,2024-11-13,24,24,89.0498541196263,89.04646094024626,0.5616780328604585,87.7627005930384,89.8766837037469,1.0,True,29.0,3,中维护
A9,2024-11-14,24,24,88.1743252737893,88.18232877623045,0.614818803850963,86.5816560430852,89.4876143412881,1.0,True,30.0,3,中维护
A9,2024-11-15,20,19,87.3704194813571,87.4149240726629,0.44926307036573804,86.7835011250458,88.3838971665178,0.7916666666666666,True,31.0,3,中维护
A9,2024-11-16,17,17,87.9480114831637,87.78166003242484,0.5594203869670301,86.564148776808,88.6872312012023,0.7083333333333334,True,32.0,3,中维护
A9,2024-11-17,21,21,87.1732744964306,87.11324217312574,0.531432361387228,85.8128668101969,87.8803601420262,0.875,True,33.0,3,中维护
A9,2024-11-18,23,19,86.2140979272973,86.22944519287584,0.4310657104569881,85.3971417022901,87.190531633269,0.7916666666666666,True,34.0,3,中维护
A9,2024-11-19,21,21,85.8892753596914,85.95681064366804,0.513095876553156,85.053212216465,87.3528315215218,0.875,True,35.0,3,中维护
A9,2024-11-20,14,13,85.617381891253,85.39011306644315,0.5465387262576268,84.4036115112025,86.2656986066203,0.5416666666666666,True,36.0,3,中维护
A9,2024-11-21,23,23,85.276257983274,85.27596630951054,0.5549560824587262,83.842537363248,86.3462752343176,0.9583333333333334,True,37.0,3,中维护
A9,2024-11-22,24,24,84.6646755864856,84.78291641904288,0.5321528656938533,84.0548417321641,85.9292217189798,1.0,True,38.0,3,中维护
A9,2024-11-23,20,20,83.87784104605045,83.94753145744686,0.49511981496950774,83.025383120528,84.8458371935694,0.8333333333333334,True,39.0,3,中维护
A9,2024-11-24,13,13,83.9424100717379,84.01979099964188,0.5354929856966798,82.9635563102673,84.846160220359,0.5416666666666666,True,40.0,3,中维护
A9,2024-11-25,23,23,83.251666722647,83.2769240726972,0.537110855848776,81.8291548583212,84.2282947240491,0.9583333333333334,True,41.0,3,中维护
A9,2024-11-26,23,18,82.7873984217018,82.6535323028291,0.5112276763085298,81.3977862254142,83.4644048875138,0.75,True,42.0,3,中维护
A9,2024-11-27,23,23,82.4824871829493,82.42809327501831,0.5201029774385647,81.2620186648873,83.1649811136051,0.9583333333333334,True,43.0,3,中维护
A9,2024-11-28,23,23,82.5422747767224,82.57786912096732,0.4450016053684791,81.748409733814,83.3476070879785,0.9583333333333334,True,44.0,3,中维护
A9,2024-11-29,19,17,81.7014904403397,81.627427766807,0.42264985460587856,80.6048164838268,82.3474322194416,0.7083333333333334,True,45.0,3,中维护
A9,2024-11-30,17,17,81.2601641877651,81.27648088296273,0.5165280819392173,80.1515279285468,81.9481886330876,0.7083333333333334,True,46.0,3,中维护
A9,2024-12-01,24,24,81.10179520886335,81.13414528859228,0.2773598893190275,80.5628963788245,81.6856606983096,1.0,True,47.0,3,中维护
A9,2024-12-02,23,22,80.8135975194658,80.76714042426455,0.21782610306933267,80.2736898913061,81.0727565114055,0.9166666666666666,True,48.0,3,中维护
A9,2024-12-03,24,22,79.96608093891355,80.0038225088903,0.46119233935773263,79.2122364456647,81.2694342825919,0.9166666666666666,True,49.0,3,中维护
A9,2024-12-04,23,23,79.4690916514973,79.55857217346757,0.38569489775020055,78.9395855157387,80.3540692467628,0.9583333333333334,True,50.0,3,中维护
A9,2024-12-05,13,13,78.5325768756939,78.52321760772332,0.23620930431586692,78.1619816434595,78.8587792798214,0.5416666666666666,True,51.0,3,中维护
A9,2024-12-06,24,24,78.29643674534455,78.31427166675726,0.30418573461257664,77.7752715741189,78.8853450327319,1.0,True,52.0,3,中维护
A9,2024-12-07,24,24,77.4017976954895,77.43068854424628,0.3041766714227941,76.8548236897094,78.2130970921516,1.0,True,53.0,3,中维护
A9,2024-12-08,11,11,76.6341664829173,76.6468013626743,0.38865032094497454,76.024379367584,77.3077243775517,0.4583333333333333,True,54.0,3,中维护
A9,2024-12-09,23,23,76.146715228175,76.21028093293292,0.30522487248456354,75.5563378523653,76.9277720952907,0.9583333333333334,True,55.0,3,中维护
A9,2024-12-10,22,22,75.7925561887505,75.75396088393056,0.37320431595460624,74.5925015657394,76.4523485290858,0.9166666666666666,True,56.0,3,中维护
A9,2024-12-11,24,24,75.19630234223311,75.15087373856126,0.3732063210556357,74.1809819559192,75.7601946350653,1.0,True,57.0,3,中维护
A9,2024-12-12,14,14,74.98238922915155,75.04254491402597,0.4061401147065775,74.5194645124865,75.7949611319138,0.5833333333333334,True,58.0,3,中维护
A9,2024-12-13,20,20,74.6207493629595,74.6059074175479,0.3192992587881877,74.0395935495284,75.132221499534,0.8333333333333334,True,59.0,3,中维护
A9,2024-12-14,22,21,74.346699981649,73.7616389048575,2.654445590297861,62.4037175400317,75.2870929214322,0.875,True,60.0,3,中维护
A9,2024-12-15,23,0,,,,,,0.0,False,0.0,4,中维护
A9,2024-12-16,14,14,83.49881285752664,83.54384184608871,0.1450021081315231,83.3664334621351,83.8009443197782,0.5833333333333334,True,1.0,4,中维护
A9,2024-12-17,22,22,82.76463953187644,82.72671825022911,0.18287295744303378,82.282129951042,83.1248079887117,0.9166666666666666,True,2.0,4,中维护
A9,2024-12-18,23,22,81.94973368178046,81.9362459494504,0.15688821706649403,81.6022008988532,82.21884536155,0.9166666666666666,True,3.0,4,中维护
A9,2024-12-19,23,22,81.02129015971425,80.98643852248996,0.3806664573904612,80.2191047114721,81.7472618205306,0.9166666666666666,True,4.0,4,中维护
A9,2024-12-20,17,16,80.1563447792393,80.130138888456,0.2931948492877278,79.594417177687,80.7287517081323,0.6666666666666666,True,5.0,4,中维护
A9,2024-12-21,9,9,79.2963063659348,79.2867712208351,0.36637677058137386,78.8016612843329,80.0278220405508,0.375,True,6.0,4,中维护
A9,2024-12-22,22,22,78.4856616816904,78.47659250285605,0.3018960767121475,77.9200127596555,78.9386503718683,0.9166666666666666,True,7.0,4,中维护
A9,2024-12-23,23,22,78.1218765903439,78.04696511022745,0.27379672096352103,77.5662484651998,78.4571953035867,0.9166666666666666,True,8.0,4,中维护
A9,2024-12-24,24,24,77.1784192666464,77.11236533186842,0.36127277438503014,76.4307562452937,77.6453063068164,1.0,True,9.0,4,中维护
A9,2024-12-25,14,14,76.7966287232034,76.72630165464368,0.39724809600360816,75.8630637866619,77.3487506243351,0.5833333333333334,True,10.0,4,中维护
A9,2024-12-26,22,22,75.74687017296904,75.70660506432414,0.25449291026529286,75.3206522828697,76.1726845760375,0.9166666666666666,True,11.0,4,中维护
A9,2024-12-27,24,23,75.5546619189039,75.5597097232502,0.35925394823092544,74.8421094508482,76.2962451829558,0.9583333333333334,True,12.0,4,中维护
A9,2024-12-28,22,21,75.1143075643909,75.0313152146811,0.4152510776482375,74.195089226522,75.7204219182337,0.875,True,13.0,4,中维护
A9,2024-12-29,14,14,74.0425205244905,73.99425985324329,0.25184053301832454,73.5631554375346,74.3551865828505,0.5833333333333334,True,14.0,4,中维护
A9,2024-12-30,20,20,73.3407227289625,73.36636834842372,0.3403953345520384,72.7931381578745,73.8610345463968,0.8333333333333334,True,15.0,4,中维护
A9,2024-12-31,11,11,72.7751953237087,72.7130796262656,0.3140747499187298,72.0820198175224,73.1802817367971,0.4583333333333333,True,16.0,4,中维护
A9,2025-01-01,6,6,71.48690557886025,71.46167187074495,0.3444671962222736,70.9276873058697,71.9415173147215,0.25,True,17.0,4,中维护
A9,2025-01-02,17,17,70.7709217008028,70.7648757250355,0.21797419789255904,70.3092047344756,71.1228643624371,0.7083333333333334,True,18.0,4,中维护
A9,2025-01-03,23,23,70.4486638977129,70.43825285001222,0.2271652883144307,69.9821830501618,70.8459668388049,0.9583333333333334,True,19.0,4,中维护
A9,2025-01-04,22,22,69.7705598301923,69.76576241052373,0.25993270792181844,69.2393105597303,70.1095411837046,0.9166666666666666,True,20.0,4,中维护
A9,2025-01-05,24,24,69.18193737163264,69.1396222461296,0.27143861240168937,68.6451143025058,69.6437021360672,1.0,True,21.0,4,中维护
A9,2025-01-06,12,12,68.11490679988694,68.11135863713413,0.21253683640599072,67.7635894357636,68.4446392969445,0.5,True,22.0,4,中维护
A9,2025-01-09,23,22,67.3291010233802,67.34498840769035,0.2819456019750815,66.894723118512,67.8843664384786,0.9166666666666666,True,25.0,4,中维护
A9,2025-01-10,18,18,66.74392630965745,66.71235541700533,0.27127765802104314,66.1989627802347,67.1363568042924,0.75,True,26.0,4,中维护
A9,2025-01-11,17,17,65.7736531234705,65.79431262388994,0.2715131951938326,65.3651020994136,66.2253484891997,0.7083333333333334,True,27.0,4,中维护
A9,2025-01-12,24,24,65.660007176025,65.63616448749735,0.26436950760509714,65.0761959475228,66.1219304482309,1.0,True,28.0,4,中维护
A9,2025-01-13,23,23,64.4603059051848,64.37685759647796,0.26864931211368304,63.9424474156041,64.8405967368402,0.9583333333333334,True,29.0,4,中维护
A9,2025-01-14,22,18,63.87003717399385,63.8837562394314,0.2548099768180965,63.4083265837541,64.3075849493322,0.75,True,30.0,4,中维护
A9,2025-01-15,24,22,63.1559249263535,63.15835086013821,0.26092557105262,62.5302689525323,63.5385042211885,0.9166666666666666,True,31.0,4,中维护
A9,2025-01-16,21,20,62.5510242394733,62.556519888205436,0.23556380024682563,62.152904207806,62.9997561045484,0.8333333333333334,True,32.0,4,中维护
A9,2025-01-17,22,22,62.03778635642275,62.03744079216086,0.2633674417646081,61.5133730804501,62.6123613717652,0.9166666666666666,True,33.0,4,中维护
A9,2025-01-18,11,10,61.64163707636545,61.765398961719086,0.47878197681403095,61.1846951102097,62.9727270169944,0.4166666666666667,True,34.0,4,中维护
A9,2025-01-19,20,15,60.4058308212312,60.43780416920544,0.16116602753496853,60.1085131670094,60.8008821375244,0.625,True,35.0,4,中维护
A9,2025-01-20,20,20,59.5362869420005,59.50525322744626,0.237845337482616,58.9546477668622,59.9119792836602,0.8333333333333334,True,36.0,4,中维护
A9,2025-01-21,24,24,58.9069393134654,58.91396057492282,0.2605502294314735,58.3785588077732,59.4099072732748,1.0,True,37.0,4,中维护
A9,2025-01-22,11,11,57.9678882131778,57.9747404456233,0.31014570034256206,57.3922888111951,58.4348074564319,0.4583333333333333,True,38.0,4,中维护
A9,2025-01-23,24,20,56.74803173751749,56.71812731919933,0.14495633042421266,56.3701970699046,56.8874472252764,0.8333333333333334,True,39.0,4,中维护
A9,2025-01-24,21,19,55.501935755062,55.57308248490337,0.2279180199516388,55.1580619823312,55.9985506808038,0.7916666666666666,True,40.0,4,中维护
A9,2025-01-25,8,8,55.07468453501425,55.05019344321896,0.3204438298695943,54.3204734790964,55.3508549221283,0.3333333333333333,True,41.0,4,中维护
A9,2025-01-27,10,9,54.4173027431175,54.46716274830241,0.22638899987715966,54.146521278971,54.8314600776995,0.375,True,43.0,4,中维护
A9,2025-01-28,11,10,53.4006826183889,53.427159878997244,0.25031706955270705,53.1982710905247,54.0356120870074,0.4166666666666667,True,44.0,4,中维护
A9,2025-01-29,23,23,52.6741489645508,52.71218126051228,0.3390148075773184,52.2118537993043,53.4024636509284,0.9583333333333334,True,45.0,4,中维护
A9,2025-01-30,19,19,52.0801395580391,52.1077627255292,0.2625698142176713,51.4970174266684,52.6439214649522,0.7916666666666666,True,46.0,4,中维护
A9,2025-02-03,10,0,,,,,,0.0,False,3.0,5,中维护
A9,2025-02-04,22,22,83.05420506977855,83.07647567583587,0.08457517120732884,82.9019206790028,83.1948095822222,0.9166666666666666,True,4.0,5,中维护
A9,2025-02-05,22,22,82.51201427422745,82.52292200374035,0.08465181685621073,82.3980314969079,82.76855844894,0.9166666666666666,True,5.0,5,中维护
A9,2025-02-06,21,21,81.5532167054681,81.54796674061568,0.09327267052599575,81.2935967045118,81.699753654237,0.875,True,6.0,5,中维护
A9,2025-02-07,13,13,80.171755988467,80.23843941576814,0.21305781245353073,79.9815791921287,80.6185410322923,0.5416666666666666,True,7.0,5,中维护
A9,2025-02-08,9,9,80.2931078155605,80.33360646190583,0.1654012993979916,80.0882050526698,80.5655140384188,0.375,True,8.0,5,中维护
A9,2025-02-09,23,21,78.609376093216,78.57938123746568,0.13908008631711757,78.3477291037876,78.8905133192926,0.875,True,9.0,5,中维护
A9,2025-02-10,13,13,77.7243486941066,77.70793427714541,0.25958890286336345,77.2418068695715,78.0540707665525,0.5416666666666666,True,10.0,5,中维护
A9,2025-02-11,24,24,76.6918886757349,76.62337839175005,0.2445690069417891,76.0546357602315,76.9916033070992,1.0,True,11.0,5,中维护
A9,2025-02-12,16,16,76.2821637436641,76.24515650389438,0.19790795210633497,75.8243722638142,76.6370695282073,0.6666666666666666,True,12.0,5,中维护
A9,2025-02-13,13,12,75.76682551448155,75.76313038215925,0.2761793783995064,75.2422462092147,76.1374177843611,0.5,True,13.0,5,中维护
A9,2025-02-14,20,20,75.27011998495995,75.28708690238184,0.15975032788611496,74.8933216432327,75.6262095304912,0.8333333333333334,True,14.0,5,中维护
A9,2025-02-15,19,19,75.0416075183273,75.09984374042382,0.19322344592749027,74.7977989746466,75.5125570491079,0.7916666666666666,True,15.0,5,中维护
A9,2025-02-16,10,10,74.55567482979325,74.56825381823757,0.1572565854019215,74.3888388203316,74.8249557837102,0.4166666666666667,True,16.0,5,中维护
A9,2025-02-17,23,23,73.9520024213343,73.965794708766,0.14895480743780598,73.7324001404587,74.2475301696456,0.9583333333333334,True,17.0,5,中维护
A9,2025-02-18,23,23,73.3381655928606,73.3341422246585,0.1889115680216326,72.9654982011731,73.7763887192872,0.9583333333333334,True,18.0,5,中维护
A9,2025-02-19,7,6,72.3994019319756,72.41353108512148,0.2291385970619994,72.0951378886707,72.7820330337945,0.25,True,19.0,5,中维护
A9,2025-02-20,5,5,71.8707624598655,71.90786179380578,0.27758082645009413,71.5400684017538,72.1861117693465,0.20833333333333334,True,20.0,5,中维护
A9,2025-02-21,18,18,71.27644253136035,71.26358006807818,0.20527115102309118,70.8759933966551,71.6306380365178,0.75,True,21.0,5,中维护
A9,2025-02-22,22,22,70.40087962870916,70.43172696487922,0.1771888868772963,70.1915016130947,70.8236240779063,0.9166666666666666,True,22.0,5,中维护
A9,2025-02-23,12,12,70.2147586726508,70.2244119960727,0.18006970916556406,69.9130081645436,70.5220782885502,0.5,True,23.0,5,中维护
A9,2025-02-24,22,22,69.17582226240526,69.18381238869932,0.1649487427541126,68.8666511915585,69.5109985381551,0.9166666666666666,True,24.0,5,中维护
A9,2025-02-25,21,21,68.9704240847349,68.9763835496068,0.2172500828577365,68.6191291641929,69.3597845147945,0.875,True,25.0,5,中维护
A9,2025-02-26,12,12,68.65329453693235,68.67073103436067,0.14758754208226535,68.4611232323577,68.9232399790207,0.5,True,26.0,5,中维护
A9,2025-02-27,5,5,68.1793498602325,68.16077243720527,0.22338179135741537,67.8978528249277,68.4911180020524,0.20833333333333334,True,27.0,5,中维护
A9,2025-02-28,9,7,67.713696103245,67.72020584924005,0.19609490078490283,67.4225179102904,68.0728211505161,0.2916666666666667,True,28.0,5,中维护
A9,2025-03-01,14,14,67.1014188939958,67.29234713396602,0.6322733502929905,66.1768833097131,68.1284731473403,0.5833333333333334,True,29.0,5,中维护
A9,2025-03-02,22,22,66.69957731619435,66.79816679602396,0.8204608327135293,65.1107368164093,68.1753698117867,0.9166666666666666,True,30.0,5,中维护
A9,2025-03-03,24,24,67.1256866069015,67.05775728894028,0.727820649235373,65.4397834349232,68.7155433275777,1.0,True,31.0,5,中维护
A9,2025-03-04,23,22,66.83954340746709,66.87361084714404,0.758557309232439,65.4208071560527,68.2847964980063,0.9166666666666666,True,32.0,5,中维护
A9,2025-03-05,9,9,66.5549628109289,66.41563072688616,0.6331651870449512,65.361384572856,67.419645319238,0.375,True,33.0,5,中维护
A9,2025-03-06,24,22,66.1531415596697,66.19520276095676,0.7917526180020029,65.0599201573982,67.7531683735474,0.9166666666666666,True,34.0,5,中维护
A9,2025-03-07,15,15,65.9285913300396,66.10650930091911,0.8937091816419663,65.1089545669908,67.7298471955046,0.625,True,35.0,5,中维护
A9,2025-03-08,18,18,65.58843339881236,65.41771148157537,0.8535125506370377,64.0447224984071,66.8013391864349,0.75,True,36.0,5,中维护
A9,2025-03-09,20,19,65.2462655606637,65.41060177502204,0.7763759016319401,64.2802545775317,66.7493133158085,0.7916666666666666,True,37.0,5,中维护
A9,2025-03-10,13,13,64.9201324953115,64.97211948947964,0.6720115407015811,64.1813721928579,66.19622169793,0.5416666666666666,True,38.0,5,中维护
A9,2025-03-11,12,12,64.68136083639155,64.86556686922947,0.7832970593090948,63.42062921141,65.9365326430491,0.5,True,39.0,5,中维护
A9,2025-03-12,18,18,64.30881700856575,64.42704504033861,0.8787015314639834,63.3516001637009,66.1246171216656,0.75,True,40.0,5,中维护
A9,2025-03-13,13,13,64.7861911946997,64.63387246559886,0.8606896838209565,62.9320151918496,65.7698913275483,0.5416666666666666,True,41.0,5,中维护
A9,2025-03-14,23,23,64.3753552608918,64.35142425606658,0.6726456522615795,63.1419409682146,65.6566895733769,0.9583333333333334,True,42.0,5,中维护
A9,2025-03-15,20,20,63.87127910326925,63.78710920695134,0.6974095712582447,61.9903859808003,65.0582748610162,0.8333333333333334,True,43.0,5,中维护
A9,2025-03-16,7,7,63.2767134076332,63.565697577207224,0.7400951512686705,62.7886507734961,64.4940869552606,0.2916666666666667,True,44.0,5,中维护
A9,2025-03-17,14,14,63.780168653820255,63.53762545544267,0.8302874586746615,61.9789032803586,64.5183987109791,0.5833333333333334,True,45.0,5,中维护
A9,2025-03-18,20,20,63.0991452049233,63.15040548597576,0.7540212888036492,62.0794717307951,64.4398668467468,0.8333333333333334,True,46.0,5,中维护
A9,2025-03-19,20,0,,,,,,0.0,False,0.0,6,中维护
A9,2025-03-20,23,23,80.5244020011574,80.46085214317365,0.4425622160606043,79.3432197782513,81.362364788304,0.9583333333333334,True,1.0,6,中维护
A9,2025-03-21,19,19,80.448065231775,80.37225479571948,0.38853268082724934,79.5432479960207,81.1572792710137,0.7916666666666666,True,2.0,6,中维护
A9,2025-03-22,11,11,79.8314647507758,79.68481334270541,0.39912522076303525,78.7986527991867,80.1410386100083,0.4583333333333333,True,3.0,6,中维护
A9,2025-03-23,2,2,,,,,,0.08333333333333333,False,4.0,6,中维护
A9,2025-03-24,13,13,78.9669224280181,79.25572720788357,1.0037388477034255,77.8214377808339,81.0568841251871,0.5416666666666666,True,5.0,6,中维护
A9,2025-03-25,4,3,78.7430971515754,78.86390211678314,0.5939380050809174,78.339653443427,79.508955755347,0.125,True,6.0,6,中维护
A9,2025-03-26,9,9,78.6257079325884,78.81618873406717,0.8211175832410568,77.8129888491214,80.4342797963667,0.375,True,7.0,6,中维护
A9,2025-03-27,16,15,77.8184321827972,77.80437691496641,0.9263681885643397,76.3243004451512,79.6724685305439,0.625,True,8.0,6,中维护
A9,2025-03-28,18,17,77.3794189596262,77.46140510477247,0.7764363749507698,75.9359403687356,78.9701678911695,0.7083333333333334,True,9.0,6,中维护
A9,2025-03-29,15,15,77.1702142835488,77.29842004228097,0.6995382295962648,75.8270516199706,79.0345024878705,0.625,True,10.0,6,中维护
A9,2025-03-30,19,17,76.8239213261037,76.91450204953645,0.7570148980763404,75.5198684899172,78.4368611484886,0.7083333333333334,True,11.0,6,中维护
A9,2025-03-31,14,13,77.1358856903731,77.13556481105347,0.8165191170351754,75.8929368183638,78.6472389861545,0.5416666666666666,True,12.0,6,中维护
A9,2025-04-01,15,15,76.525318849557,76.64702404339003,0.7912183996309592,75.2224594991958,78.5566437155719,0.625,True,13.0,6,中维护
A9,2025-04-02,2,2,,,,,,0.08333333333333333,False,14.0,6,中维护
A9,2025-04-03,14,14,75.94717520693371,75.92469205437978,0.6503639357120627,74.8173884617205,76.8798785174319,0.5833333333333334,True,15.0,6,中维护
A9,2025-04-04,20,20,76.0272183543936,76.29378964392532,1.0480469172370692,74.8360194570834,78.7552389011951,0.8333333333333334,True,16.0,6,中维护
A9,2025-04-05,12,12,76.0590209639636,75.96987191224143,1.0632576516737717,73.9932820510657,78.3371073900778,0.5,True,17.0,6,中维护
A9,2025-04-06,11,10,75.5369593583525,75.37027367903377,0.5283728189239896,74.2778493337456,75.8831899212759,0.4166666666666667,True,18.0,6,中维护
A9,2025-04-07,23,23,75.0612501356126,75.04868656780704,0.9386278428041793,73.6076104664726,77.4206873262437,0.9583333333333334,True,19.0,6,中维护
A9,2025-04-08,23,22,74.57146635537855,74.54344694189648,1.1646574358538342,72.2775323917956,77.0558242499016,0.9166666666666666,True,20.0,6,中维护
A9,2025-04-09,11,11,74.005531546581,74.1288039993237,1.0716784392290968,72.1204475049829,76.1329095696561,0.4583333333333333,True,21.0,6,中维护
A9,2025-04-10,17,17,73.6630069447537,73.80009965811996,0.8009749618508463,72.6034032342889,75.929985197167,0.7083333333333334,True,22.0,6,中维护
A9,2025-04-11,13,9,73.5272784172588,73.8181207344811,0.9144487510328788,72.4603362480112,75.5618148225989,0.375,True,23.0,6,中维护
A9,2025-04-12,22,22,73.57811897844445,73.66298914270925,0.8058551124161838,71.7465262030688,74.8127134131634,0.9166666666666666,True,24.0,6,中维护
A9,2025-04-13,15,15,73.5770841416472,73.47086568462878,1.001270394361523,71.3009037412633,74.760100102449,0.625,True,25.0,6,中维护
A9,2025-04-14,19,19,73.1692411272185,72.91371157055966,0.8888897762922103,70.7864973046465,74.2017244709691,0.7916666666666666,True,26.0,6,中维护
A9,2025-04-15,12,12,72.21414019944285,72.22112201942086,0.676921532767825,71.1929431762161,73.6900666926521,0.5,True,27.0,6,中维护
A9,2025-04-16,20,20,72.4896645557597,72.5786960071476,0.6211637752042686,71.4191653804904,73.572610971385,0.8333333333333334,True,28.0,6,中维护
A9,2025-04-17,23,15,72.3798260524384,72.51326019128189,0.6386121043841235,71.6759878088055,74.0126612457802,0.625,True,29.0,6,中维护
A9,2025-04-18,19,19,72.2148825096312,72.13409325595174,0.7853502350397865,70.7714996844548,73.4486301074714,0.7916666666666666,True,30.0,6,中维护
A9,2025-04-19,24,24,72.11216081978304,72.04379989667765,0.6800224625994638,70.8007865478242,73.6759309225791,1.0,True,31.0,6,中维护
A9,2025-04-20,24,22,72.10282880337745,72.02835860436318,0.849668363438538,70.323061277981,73.6884898164711,0.9166666666666666,True,32.0,6,中维护
A9,2025-04-21,16,13,71.4827265836318,71.47084787461957,0.7538506553395986,70.4940976343017,72.796944426842,0.5416666666666666,True,33.0,6,中维护
A9,2025-04-22,22,22,71.44265421450251,71.41682099614971,1.141292353635001,69.5889433983321,74.2914245473471,0.9166666666666666,True,34.0,6,中维护
A9,2025-04-23,21,21,71.1146238455916,71.00486842979332,1.2046625415629972,68.1955231742535,72.9230036826799,0.875,True,35.0,6,中维护
A9,2025-04-24,22,22,70.82500528096975,70.84368817567061,0.7866585067603774,69.9242102897997,72.3678782942323,0.9166666666666666,True,36.0,6,中维护
A9,2025-04-25,20,16,70.54444501659415,70.27170842697461,0.9976984172681365,67.4711400520207,71.6434061695819,0.6666666666666666,True,37.0,6,中维护
A9,2025-04-26,20,20,70.5034343381354,70.76286341620073,0.7955570799513766,69.3476745116143,72.3132040283157,0.8333333333333334,True,38.0,6,中维护
A9,2025-04-27,12,12,70.71516627263415,70.50551119831778,1.0974093944185785,68.5480441686849,71.8092144440349,0.5,True,39.0,6,中维护
A9,2025-04-28,21,21,70.0520202123506,70.01375895206797,0.7883249183563171,67.5692571396895,70.9830904859404,0.875,True,40.0,6,中维护
A9,2025-04-29,23,22,70.0953782103382,70.04210961960425,0.8590035465629423,68.2711890983611,71.5524263066581,0.9166666666666666,True,41.0,6,中维护
A9,2025-04-30,8,8,69.79365374466146,69.52692058752943,0.7388391042329308,68.1588781811568,70.3066744462813,0.3333333333333333,True,42.0,6,中维护
A9,2025-05-01,19,19,69.6331030502482,69.7128684221872,0.4285972241758748,69.019632130377,70.7172657074179,0.7916666666666666,True,43.0,6,中维护
A9,2025-05-02,24,23,69.3049224530202,69.34685867028632,0.4652009782182989,68.4857770890234,70.3608558865934,0.9583333333333334,True,44.0,6,中维护
A9,2025-05-03,10,10,69.17734102610521,69.05746985127182,0.3684131181213447,68.1567885632003,69.370922982815,0.4166666666666667,True,45.0,6,中维护
A9,2025-05-05,7,6,68.78199695486035,68.84202778826018,0.28231784803176946,68.4754524046653,69.3202628113182,0.25,True,47.0,6,中维护
A9,2025-05-06,23,22,68.23631956390474,68.25257371869893,0.41149945489459544,67.5578022337501,69.2300445986428,0.9166666666666666,True,48.0,6,中维护
A9,2025-05-07,9,9,67.8903177296142,67.8828683453643,0.3270388019029152,67.1378240073498,68.3285179121765,0.375,True,49.0,6,中维护
A9,2025-05-08,21,21,67.6971779055386,67.74156781515501,0.4944375242349775,66.8527701176453,68.8003598337468,0.875,True,50.0,6,中维护
A9,2025-05-09,19,19,67.7605661356656,67.69700368906834,0.32838928703260545,66.8328508931753,68.1770864572742,0.7916666666666666,True,51.0,6,中维护
A9,2025-05-10,14,13,67.6406343010795,67.51137563695413,0.4566491448236494,66.7438207006598,68.2825153127364,0.5416666666666666,True,52.0,6,中维护
A9,2025-05-11,22,22,67.1221967099409,67.1634066894985,0.5177186770111696,66.286854960481,68.1630241892749,0.9166666666666666,True,53.0,6,中维护
A9,2025-05-12,15,15,67.0173993630598,67.00064194444299,0.40277430991217483,66.2815040149454,67.6838683005833,0.625,True,54.0,6,中维护
A9,2025-05-13,7,7,66.9294458970587,66.87066058047492,0.4254552414740352,66.2279852642886,67.6130270498557,0.2916666666666667,True,55.0,6,中维护
A9,2025-05-14,21,17,66.7096080044541,66.65664875880277,0.4203110109648881,65.8154411829068,67.3424179377246,0.7083333333333334,True,56.0,6,中维护
A9,2025-05-15,23,0,,,,,,0.0,False,0.0,7,大维护
A9,2025-05-16,21,21,83.5808355034438,83.44059079053775,0.675027302390374,80.6471610224361,83.9886390296449,0.875,True,1.0,7,大维护
A9,2025-05-17,21,21,83.1983810026356,83.12924514633326,0.19157988523302832,82.6740255393043,83.4269882475492,0.875,True,2.0,7,大维护
A9,2025-05-18,11,8,82.65120072464495,82.75928162959644,0.26226694227744746,82.5582876420148,83.2509093919218,0.3333333333333333,True,3.0,7,大维护
A9,2025-05-19,17,13,82.2225352949637,82.28220678507219,0.46910666017725455,81.5347080961122,83.0093101113625,0.5416666666666666,True,4.0,7,大维护
A9,2025-05-20,23,21,82.2840682149794,82.34926395267108,0.4603622963461826,81.5025442607476,83.3028207035522,0.875,True,5.0,7,大维护
A9,2025-05-21,22,19,81.8109832354352,81.73969884092583,0.357811993393645,80.9268204478856,82.1453911022697,0.7916666666666666,True,6.0,7,大维护
A9,2025-05-22,12,12,81.6210880219594,81.68091399223279,0.4963515663369935,80.9152836679948,82.5418803959428,0.5,True,7.0,7,大维护
A9,2025-05-23,24,24,81.67665422365701,81.57796840928137,0.49413152854223374,80.7665068191264,82.4631594711779,1.0,True,8.0,7,大维护
A9,2025-05-24,23,23,81.471522816748,81.4729568714562,0.35919473739083135,80.8595078389246,82.1516389892439,0.9583333333333334,True,9.0,7,大维护
A9,2025-05-25,22,17,81.1375306735479,81.19323324484803,0.3800861362142841,80.5564953743193,81.7989021908025,0.7083333333333334,True,10.0,7,大维护
A9,2025-05-26,24,21,80.8970357608396,80.91920948187683,0.36193324739981986,80.2287110520742,81.5408546804283,0.875,True,11.0,7,大维护
A9,2025-05-27,22,20,80.76452057409759,80.77515689158488,0.42701154971812105,80.0646878395783,81.6219220643941,0.8333333333333334,True,12.0,7,大维护
A9,2025-05-28,23,23,80.4262362313997,80.49499584798006,0.44373157928545814,79.7398672766955,81.682982255258,0.9583333333333334,True,13.0,7,大维护
A9,2025-05-29,19,19,80.1878764703176,80.16185048496838,0.44014931215300024,79.1612799650892,81.1372115750378,0.7916666666666666,True,14.0,7,大维护
A9,2025-05-30,20,20,80.08363246053821,80.08510063455586,0.3170783894674479,79.7120889757177,80.6884513549029,0.8333333333333334,True,15.0,7,大维护
A9,2025-05-31,19,19,79.8225720336767,79.89610633079086,0.33991446397514546,79.206819043062,80.5113237373858,0.7916666666666666,True,16.0,7,大维护
A9,2025-06-01,21,21,79.8881432496556,80.17274752435196,2.0256879055276,77.1057457216073,85.7439101099794,0.875,True,17.0,7,大维护
A9,2025-06-02,21,19,79.7752244475739,79.81296216023179,0.9028858431734411,78.2635666095657,81.6624546187186,0.7916666666666666,True,18.0,7,大维护
A9,2025-06-03,11,11,80.1259595166209,79.72048461407122,1.7139583893173185,76.0143472110989,81.6797029040405,0.4583333333333333,True,19.0,7,大维护
A9,2025-06-04,21,20,78.60675630529855,78.98489094195156,1.4826244010307008,77.0734404331666,82.295308203685,0.8333333333333334,True,20.0,7,大维护
A9,2025-06-05,21,21,79.6604154122203,79.55387497648974,1.220726620063169,77.4881093733545,82.1230117130673,0.875,True,21.0,7,大维护
A9,2025-06-06,22,22,79.12651525673665,79.0286563576949,1.4201094064456297,75.321233250284,80.9917188285826,0.9166666666666666,True,22.0,7,大维护
A9,2025-06-07,20,20,79.20410144505445,79.4339492393313,1.1243325672387976,77.7587360119331,82.0287241893257,0.8333333333333334,True,23.0,7,大维护
A9,2025-06-08,20,18,79.09918912976505,79.24626776699992,0.8976292039671123,77.5123138530961,80.7247102173258,0.75,True,24.0,7,大维护
A9,2025-06-09,10,10,78.3563895683638,78.56074748407386,1.4639308236206219,76.6392709159225,80.8397161751703,0.4166666666666667,True,25.0,7,大维护
A9,2025-06-10,21,21,78.9727744189359,78.8164635478592,1.3606766434079587,76.253041787849,81.3554950559271,0.875,True,26.0,7,大维护
A9,2025-06-11,19,19,78.8099255947809,78.88232956266953,1.4259951920069267,76.4716004809511,81.738008379286,0.7916666666666666,True,27.0,7,大维护
A9,2025-06-12,21,21,78.9441904243163,78.73567060124681,1.2715539602992674,76.0975138199682,81.9825185883948,0.875,True,28.0,7,大维护
A9,2025-06-13,10,10,78.7894339960664,78.79132040780915,1.3277017035592718,76.5056864214689,81.2330497632004,0.4166666666666667,True,29.0,7,大维护
A9,2025-06-14,22,22,78.3819555550934,78.5981610150731,0.9709585409012907,76.6235581449543,80.2529034736295,0.9166666666666666,True,30.0,7,大维护
A9,2025-06-15,22,19,78.9124859274407,78.65209805469856,1.0999492163116475,76.5451059684138,80.5602405753508,0.7916666666666666,True,31.0,7,大维护
A9,2025-06-16,22,21,78.5039385634715,78.36006405333401,1.2978120368762598,74.750981954644,80.2074310156778,0.875,True,32.0,7,大维护
A9,2025-06-17,24,21,78.3406061038192,78.37746618103395,1.6077898379606674,74.5832661047276,81.1823108544367,0.875,True,33.0,7,大维护
A9,2025-06-18,11,11,79.2168134747529,79.08280422795409,1.8918238669796208,76.1259823389626,82.5963579108655,0.4583333333333333,True,34.0,7,大维护
A9,2025-06-19,24,24,77.86763957920999,77.65763323921884,1.992439211962388,70.9051467110922,80.0776412938628,1.0,True,35.0,7,大维护
A9,2025-06-20,21,21,77.6280064302169,77.6249359787929,1.0713217933719865,75.6791958607158,79.5673935511976,0.875,True,36.0,7,大维护
A9,2025-06-21,11,11,77.78945198617,77.58934464545278,1.2178996472842973,75.6206542023428,79.2970406330139,0.4583333333333333,True,37.0,7,大维护
A9,2025-06-22,16,12,77.3857415765136,77.05204289077929,1.3617825798345025,75.0454700230154,79.5487987187939,0.5,True,38.0,7,大维护
A9,2025-06-23,24,24,77.34697764806025,77.19174263416791,1.6025501584582313,73.1657422793676,79.7822203098421,1.0,True,39.0,7,大维护
A9,2025-06-24,18,18,76.9442583196555,77.08989326169247,1.3408103088006196,74.9409664489755,79.7208023089491,0.75,True,40.0,7,大维护
A9,2025-06-25,19,17,76.3529944089105,76.76642274945345,1.5233170457526397,74.4961669692034,79.9125970536137,0.7083333333333334,True,41.0,7,大维护
A9,2025-06-26,22,22,77.02395523562001,77.05570617300215,1.378026776447447,73.556885268925,79.44474088833,0.9166666666666666,True,42.0,7,大维护
A9,2025-06-27,16,16,76.64750793841336,76.53278952089178,1.0931779930377241,73.5719323119081,77.8277974143999,0.6666666666666666,True,43.0,7,大维护
A9,2025-06-28,17,17,76.3978948765213,76.3513870673757,1.426854312745437,72.7961631663345,78.6994600745774,0.7083333333333334,True,44.0,7,大维护
A9,2025-06-29,18,18,76.02768500600875,75.83809624654467,1.4568455726256295,72.5490658639037,78.1921795666176,0.75,True,45.0,7,大维护
A9,2025-06-30,15,15,75.789279152897,75.73371122610683,1.3608566912040168,73.5225811136505,78.364345076126,0.625,True,46.0,7,大维护
A9,2025-07-01,22,21,75.8713900292291,75.73278915751087,1.6657461941358032,72.5703192374677,79.3448434024637,0.875,True,47.0,7,大维护
A9,2025-07-02,9,7,75.517465454701,76.1884593640275,2.287959481694114,73.1410366355907,79.3093234022111,0.2916666666666667,True,48.0,7,大维护
A9,2025-07-03,23,19,73.90985975617,74.45115831995945,2.1352694793317526,71.6395694917657,79.7864740226861,0.7916666666666666,True,49.0,7,大维护
A9,2025-07-04,22,22,75.11955624546205,75.49030679917357,1.3875114810551925,72.8998648933089,77.7360059716923,0.9166666666666666,True,50.0,7,大维护
A9,2025-07-05,24,24,74.52950364574664,74.65746437463416,1.5406842352913042,72.4180571255443,78.3807083482245,1.0,True,51.0,7,大维护
A9,2025-07-06,22,22,75.2617458695008,74.95790102678762,2.112637600905996,69.4391726529959,77.6854955410153,0.9166666666666666,True,52.0,7,大维护
A9,2025-07-07,24,24,74.18507403501165,74.31324164871879,2.2053061305230544,69.7787045700366,78.4607366688518,1.0,True,53.0,7,大维护
A9,2025-07-08,21,21,73.5927139281683,73.84083549185365,1.9822071914868422,70.8038426636226,76.9657710982289,0.875,True,54.0,7,大维护
A9,2025-07-09,13,0,,,,,,0.0,False,0.0,8,中维护
A9,2025-07-10,24,24,92.62249594843931,92.54860302666007,0.7217050634975593,91.0708633317574,94.0980955505422,1.0,True,1.0,8,中维护
A9,2025-07-11,20,20,91.9604360658663,90.97716692537051,5.058928085808152,70.1958755833553,94.1007092960106,0.8333333333333334,True,2.0,8,中维护
A9,2025-07-12,22,22,92.16159294458215,92.28102040006571,0.7291180794139783,91.0829315623183,93.6299195861562,0.9166666666666666,True,3.0,8,中维护
A9,2025-07-13,18,18,92.3485648480907,92.2504105419294,2.3048754914788674,88.7806822110079,95.8010155869717,0.75,True,4.0,8,中维护
A9,2025-07-14,13,13,91.8556072147153,91.70655335926753,2.0352852272920443,89.2276285873178,95.5051064571562,0.5416666666666666,True,5.0,8,中维护
A9,2025-07-15,19,11,90.8159751611905,91.72648321410786,2.5656492424689863,88.4420538109999,97.1103595171188,0.4583333333333333,True,6.0,8,中维护
A9,2025-07-16,21,20,91.2023969742549,91.27760741411262,1.3401673751525423,89.3579958078211,94.8126780249711,0.8333333333333334,True,7.0,8,中维护
A9,2025-07-17,22,22,91.0236002314809,90.93277758000045,1.6309047784907176,87.722443973112,94.2860619592281,0.9166666666666666,True,8.0,8,中维护
A9,2025-07-18,23,23,92.4004967391006,91.95382158039743,2.117368997583881,87.8340230518075,95.9555561210371,0.9583333333333334,True,9.0,8,中维护
A9,2025-07-19,14,14,91.9599371580711,91.42534931731207,2.578667363454343,85.1678918838172,94.883894581022,0.5833333333333334,True,10.0,8,中维护
A9,2025-07-20,19,18,92.16136253073586,92.04800678969065,1.4857901996555356,88.6689939333181,95.3280728025759,0.75,True,11.0,8,中维护
A9,2025-07-21,23,22,90.8831863984915,91.02255751642049,2.262880571193774,87.317051305937,97.6559670511196,0.9166666666666666,True,12.0,8,中维护
A9,2025-07-22,23,19,91.0421252351616,90.90749023885476,1.949194299414635,86.3648425448574,93.7751412002932,0.7916666666666666,True,13.0,8,中维护
A9,2025-07-23,14,13,91.5614925452368,91.90232735823307,1.7852161402916011,88.4021870342408,94.4088417506979,0.5416666666666666,True,14.0,8,中维护
A9,2025-07-24,11,11,90.2146968204929,90.28013611766232,1.1069195968594736,88.748783140315,91.9127823815174,0.4583333333333333,True,15.0,8,中维护
A9,2025-07-25,24,24,90.68448205782545,90.82309184550603,1.8659420169832588,86.860580696547,93.9812450029828,1.0,True,16.0,8,中维护
A9,2025-07-26,23,23,89.9916151029495,90.22700813056866,2.0404425327529023,86.3293363936344,94.7051102638328,0.9583333333333334,True,17.0,8,中维护
A9,2025-07-27,22,22,90.49525847198885,90.29258745348541,2.11074935413503,86.9291155683957,94.0182266289767,0.9166666666666666,True,18.0,8,中维护
A9,2025-07-28,12,10,90.9507839393702,90.58851823074168,1.6424864096568825,86.6350200212608,92.1633097767265,0.4166666666666667,True,19.0,8,中维护
A9,2025-07-29,24,22,90.47469225778985,90.88085835545245,2.3773637758769133,85.2938874415581,94.6890413158081,0.9166666666666666,True,20.0,8,中维护
A9,2025-07-30,23,21,90.8599408166637,90.75577307206515,2.3404948708482944,85.4660766323994,94.974368194648,0.875,True,21.0,8,中维护
A9,2025-07-31,22,22,89.5275534954406,89.24059386440844,1.7364741455244375,85.8713390605482,92.1394179054514,0.9166666666666666,True,22.0,8,中维护
A9,2025-08-01,18,18,90.6687798716384,90.19399444912932,2.0694932029325788,86.0187704935105,93.1485000177323,0.75,True,23.0,8,中维护
A9,2025-08-02,22,22,89.73164966638555,90.1311031015566,3.6336991732926593,85.2080811943518,96.8955774269802,0.9166666666666666,True,24.0,8,中维护
A9,2025-08-03,17,17,89.9660058893557,90.06125376249412,2.6015552138083073,86.2904237295689,95.6814009806303,0.7083333333333334,True,25.0,8,中维护
A9,2025-08-04,1,1,,,,,,0.041666666666666664,False,26.0,8,中维护
A9,2025-08-05,16,16,89.72259707724436,90.63088235858758,3.0563421761882577,86.5336234433595,98.5013709479523,0.6666666666666666,True,27.0,8,中维护
A9,2025-08-06,23,23,89.8649373108104,90.21793041199575,2.9765205691903893,84.1389979706405,95.0532560940138,0.9583333333333334,True,28.0,8,中维护
A9,2025-08-07,17,17,89.7450264456723,88.92447393374283,5.917417622602648,69.6853832412846,95.4178383058682,0.7083333333333334,True,29.0,8,中维护
A9,2025-08-08,10,10,90.2222399444517,90.28364343570797,3.302942211984203,84.7823006016125,96.4601670372559,0.4166666666666667,True,30.0,8,中维护
A9,2025-08-09,12,11,92.415686461954,92.63860968142184,4.624855571716781,85.2561789869912,103.220140675052,0.4583333333333333,True,31.0,8,中维护
A9,2025-08-14,9,8,90.01821205255035,89.35679830767891,3.260169008249685,82.8411072686876,93.6877748041856,0.3333333333333333,True,36.0,8,中维护
A9,2025-08-15,1,1,,,,,,0.041666666666666664,False,37.0,8,中维护
A9,2025-08-16,7,7,91.2552426925268,90.24083384734493,3.6639952989333735,84.9080937793911,94.8569000964636,0.2916666666666667,True,38.0,8,中维护
A9,2025-08-17,1,1,,,,,,0.041666666666666664,False,39.0,8,中维护
A9,2025-08-18,6,6,91.15611002479565,89.80244191341767,3.9391723522124993,82.8790325457938,94.1537301503553,0.25,True,40.0,8,中维护
A9,2025-08-19,12,12,91.3500000307373,90.87222211103314,2.97453472529042,85.6285706067125,96.3602666109522,0.5,True,41.0,8,中维护
A9,2025-08-20,20,19,89.7834925945312,89.64978452915545,2.7025482674448087,84.3493823911372,96.1413024149247,0.7916666666666666,True,42.0,8,中维护
A9,2025-08-21,20,20,89.8791459237769,88.84421309415143,3.241113006314161,81.1200301094652,93.9851094673812,0.8333333333333334,True,43.0,8,中维护
A9,2025-08-22,13,13,88.4336763343897,88.38232031662338,2.96505274851563,83.9914863830254,94.3140159446557,0.5416666666666666,True,44.0,8,中维护
A9,2025-08-23,5,5,91.4304033709837,89.54470387076152,4.075871475259606,85.0226193277148,93.5266239960956,0.20833333333333334,True,45.0,8,中维护
A9,2025-08-25,5,5,85.7225735849391,87.55427926336536,3.3317076300817714,84.7456095119662,92.5342000555171,0.20833333333333334,True,47.0,8,中维护
A9,2025-08-26,12,12,88.11747950973856,88.06162366003564,5.311016711246819,73.7251451078396,94.2398278027008,0.5,True,48.0,8,中维护
A9,2025-08-27,20,20,89.6575061973353,89.34737124804873,3.3621805991477096,83.6648451124305,95.5974217648696,0.8333333333333334,True,49.0,8,中维护
A9,2025-08-28,24,24,88.987564930205,88.65739285542479,3.6639319452008303,78.6625709397716,97.4938965796709,1.0,True,50.0,8,中维护
A9,2025-08-29,16,16,91.0230633288214,90.95748209388817,3.8642871758315,82.8972577805091,97.7330507751937,0.6666666666666666,True,51.0,8,中维护
A9,2025-08-30,13,11,88.3499979119211,87.75900227071244,2.243853346647428,83.6958932433784,90.6829148355606,0.4583333333333333,True,52.0,8,中维护
A9,2025-08-31,15,15,90.017155682979,88.88061996115913,4.058569122444405,81.5151986687484,93.3216253605724,0.625,True,53.0,8,中维护
A9,2025-09-01,16,16,88.19727234214719,88.17601000840608,1.309526661212728,86.167681392489,90.6163638645523,0.6666666666666666,True,54.0,8,中维护
A9,2025-09-02,21,21,87.9786298398168,87.85232395954564,1.4200890389851621,85.1525590345271,89.7173444854987,0.875,True,55.0,8,中维护
A9,2025-09-03,22,21,87.0446482046435,86.88779386372114,1.0298801057412548,85.0243079912362,88.6435562451964,0.875,True,56.0,8,中维护
A9,2025-09-04,23,22,85.98103051527261,85.95295662323562,1.303136191931849,84.0535989496229,89.3492729774626,0.9166666666666666,True,57.0,8,中维护
A9,2025-09-05,21,21,85.1033468885534,84.77362383002254,2.213596919763083,77.4453019702086,88.0310270964011,0.875,True,58.0,8,中维护
A9,2025-09-06,17,17,84.6262924533982,84.68299913149153,1.154493609548228,82.9974463770876,86.9969839446014,0.7083333333333334,True,59.0,8,中维护
A9,2025-09-07,18,17,83.8511054002996,83.95188856248706,1.373028175283701,81.9180942962408,87.0774792836076,0.7083333333333334,True,60.0,8,中维护
A9,2025-09-08,20,19,84.2800570869497,83.93424731676178,1.7765102225423295,81.0916392258488,87.0762558609508,0.7916666666666666,True,61.0,8,中维护
A9,2025-09-09,23,18,83.26019888394364,83.06866848007115,1.330943252893208,80.712662312939,85.4849690282608,0.75,True,62.0,8,中维护
A9,2025-09-10,24,24,83.17168794827941,82.85739434996256,1.2947411540002158,80.7920858880914,85.2164633880666,1.0,True,63.0,8,中维护
A9,2025-09-11,12,12,80.53566203602135,80.51656065142011,1.0770698992101542,78.4466811693893,82.2451701345304,0.5,True,64.0,8,中维护
A9,2025-09-12,22,0,,,,,,0.0,False,0.0,9,中维护
A9,2025-09-13,23,23,106.447057715388,106.39879592567361,0.7413224186069239,104.825684669027,107.479608169583,0.9583333333333334,True,1.0,9,中维护
A9,2025-09-14,24,24,105.7557845449935,105.7938218512112,0.5857924145412695,104.839657139913,107.067063970835,1.0,True,2.0,9,中维护
A9,2025-09-15,15,15,105.45081751941,105.64612865710974,0.6996688858539036,104.437487877272,106.668077470706,0.625,True,3.0,9,中维护
A9,2025-09-16,18,18,103.5620789132515,103.97895311276778,1.6996811442128954,101.459929568874,107.715344596778,0.75,True,4.0,9,中维护
A9,2025-09-17,20,20,104.0871641056755,103.83043529197775,1.5247168892757803,101.038169132866,105.84858986068,0.8333333333333334,True,5.0,9,中维护
A9,2025-09-18,20,20,101.998151308529,101.77434782948065,1.4491306605870442,98.8567796478024,104.884011183054,0.8333333333333334,True,6.0,9,中维护
A9,2025-09-19,15,15,102.166443897496,102.20597266384685,1.5021380207571222,99.8176744942833,104.85379130409,0.625,True,7.0,9,中维护
A9,2025-09-20,14,14,99.97660734735285,100.22770306718414,1.5336581665169395,98.080295381208,103.191902014124,0.5833333333333334,True,8.0,9,中维护
A9,2025-09-21,20,15,100.649152649882,99.73870822415454,3.074910859342243,90.1244860652932,102.790453661352,0.625,True,9.0,9,中维护
A9,2025-09-22,22,21,99.3654627232652,99.53336136784844,1.0947882575644134,97.1536920236819,101.53674157404,0.875,True,10.0,9,中维护
A9,2025-09-23,22,21,99.4097083658467,99.57687561885606,1.3631843888091206,97.0362760321232,101.790837165058,0.875,True,11.0,9,中维护
A9,2025-09-24,24,21,98.3446715092359,98.13024952737385,1.093726868299205,96.6052430400509,101.47296493212,0.875,True,12.0,9,中维护
A9,2025-09-25,15,15,98.4974307200634,97.99649232185858,1.3609879420535202,95.7250044414755,100.085510261882,0.625,True,13.0,9,中维护
A9,2025-09-26,16,16,96.6286711753812,96.5352987647554,1.2637723001515713,93.1929502852764,98.214887265476,0.6666666666666666,True,14.0,9,中维护
A9,2025-09-27,24,24,96.36423835059185,96.54960156555605,1.1164289110729424,94.6703295432426,98.965379578974,1.0,True,15.0,9,中维护
A9,2025-09-28,24,24,94.89466535781365,95.4781580714834,1.7254007891110728,93.0735627530612,99.2719916955883,1.0,True,16.0,9,中维护
A9,2025-09-29,22,22,93.9787392104003,94.19801631869099,1.1016544111578115,91.9901006846337,96.4445857187528,0.9166666666666666,True,17.0,9,中维护
A9,2025-09-30,14,14,94.21700168074835,94.16628104107316,1.2944095268591131,92.3854584125596,96.7781905974713,0.5833333333333334,True,18.0,9,中维护
A9,2025-10-01,24,24,92.6413772225633,92.72705946175718,0.938315297475623,91.2920568813889,94.8801067374296,1.0,True,19.0,9,中维护
A9,2025-10-02,23,23,92.9861974610586,92.79501008230157,0.6500802952117901,91.3968018742889,93.597995326783,0.9583333333333334,True,20.0,9,中维护
A9,2025-10-03,13,13,91.8187213784955,91.79819019850274,0.6617310735507913,90.7431261691147,93.0394694991899,0.5416666666666666,True,21.0,9,中维护
A9,2025-10-04,21,21,90.8956459290015,90.86099667268637,0.7785610484332668,89.2265939992264,92.0730189077426,0.875,True,22.0,9,中维护
A9,2025-10-05,19,19,90.2576985576463,90.31990035251256,0.8221525493867515,88.9312569084138,91.6427044952916,0.7916666666666666,True,23.0,9,中维护
A9,2025-10-06,23,23,89.9244930470252,89.960699518797,0.7831964069308697,88.6918280376852,91.8741162082381,0.9583333333333334,True,24.0,9,中维护
A9,2025-10-07,24,24,89.6873914198222,89.60612136714609,0.6337059793100386,88.1670279087154,90.4568669267682,1.0,True,25.0,9,中维护
A9,2025-10-08,13,12,89.69642346890745,89.67182500805085,0.7006723456307693,88.7919827106162,90.8659020962962,0.5,True,26.0,9,中维护
A9,2025-10-09,24,24,88.78436550121816,88.9257203064928,0.6979193020692149,88.0277185857942,90.1079897672825,1.0,True,27.0,9,中维护
A9,2025-10-10,24,24,88.73459155175365,88.5965606169949,0.6021688031651588,87.5362510953188,89.9002561441185,1.0,True,28.0,9,中维护
A9,2025-10-11,23,22,87.82970468149195,87.99307242727035,0.9064229778465891,86.3680780820177,89.5732786565423,0.9166666666666666,True,29.0,9,中维护
A9,2025-10-12,13,13,88.0520255816456,88.03726264525008,0.6828075549493181,87.0673231593195,89.174314731583,0.5416666666666666,True,30.0,9,中维护
A9,2025-10-13,22,22,86.89408383771871,86.90812432615266,0.6954030531479413,85.3775912914677,88.0780891886066,0.9166666666666666,True,31.0,9,中维护
A9,2025-10-14,23,23,86.2860976172379,86.36978397124763,0.5639422909039004,85.0193640235176,87.3688333963537,0.9583333333333334,True,32.0,9,中维护
A9,2025-10-15,21,18,86.26980296385574,86.2176639045009,0.7436442164340085,84.9140425726003,87.782923663224,0.75,True,33.0,9,中维护
A9,2025-10-16,24,24,86.1091490064949,86.08690867542843,0.6123974774656671,85.1085681816556,87.2634730709323,1.0,True,34.0,9,中维护
A9,2025-10-17,24,21,85.1648870793886,85.29556515427937,0.6704718925097721,83.9619055637116,86.7452235281458,0.875,True,35.0,9,中维护
A9,2025-10-18,23,23,85.1741246064778,84.95993439492291,0.794106441402623,83.4241462908984,86.1064933786615,0.9583333333333334,True,36.0,9,中维护
A9,2025-10-19,6,2,,,,,,0.08333333333333333,False,37.0,9,中维护
A9,2025-10-20,16,15,83.2796643685997,83.26653862160202,0.9015421523407566,81.7310553278982,84.8024195651047,0.625,True,38.0,9,中维护
A9,2025-10-21,13,12,83.07953340969415,83.10819887226707,0.619332062329066,82.2380611267343,84.4053303583374,0.5,True,39.0,9,中维护
A9,2025-10-22,19,19,82.663907789412,82.59857630714615,0.6658380577317282,81.3783348099069,84.2048732684802,0.7916666666666666,True,40.0,9,中维护
A9,2025-10-23,23,22,82.04954803367885,82.0717362680889,0.7285864908775627,80.7560802064052,83.4727290034215,0.9166666666666666,True,41.0,9,中维护
A9,2025-10-24,20,20,81.9383511128724,81.8531136105934,0.6978608378487208,80.3566692177518,83.069015349222,0.8333333333333334,True,42.0,9,中维护
A9,2025-10-25,15,15,81.437640721059,81.16650142908925,0.8211125418891319,79.230396317455,82.0808176141415,0.625,True,43.0,9,中维护
A9,2025-10-26,17,17,80.5872083636888,80.56703834157733,0.810590686094954,79.2436857291696,81.8839532759953,0.7083333333333334,True,44.0,9,中维护
A9,2025-10-27,20,19,79.8941123020558,79.87066059334458,0.7468273456425172,78.4047466027517,81.3236219421087,0.7916666666666666,True,45.0,9,中维护
A9,2025-10-28,23,23,79.8703660859596,79.73899824704405,0.6723809244731868,78.1557121519139,80.7367755289395,0.9583333333333334,True,46.0,9,中维护
A9,2025-10-29,20,20,78.4721883677505,78.58520785587692,0.6324209428966501,77.5894131295617,80.0670516327838,0.8333333333333334,True,47.0,9,中维护
A9,2025-10-30,15,15,78.2773898233704,78.24448785619286,0.7431364095357809,77.1191973506577,79.4268715198491,0.625,True,48.0,9,中维护
A9,2025-10-31,24,24,77.749107530492,77.80624957990659,0.8432446655134247,76.2742419309686,79.6366671405382,1.0,True,49.0,9,中维护
A9,2025-11-01,23,23,77.4784811944711,77.43142151081001,0.45329086914825917,76.4108491530664,78.2420979301664,0.9583333333333334,True,50.0,9,中维护
A9,2025-11-02,22,22,76.4092124204368,76.44189205873134,0.6396614179706576,74.7982046062489,77.5247250649072,0.9166666666666666,True,51.0,9,中维护
A9,2025-11-03,13,11,76.1644793611203,76.41311789560619,0.6237926196288565,75.6425956455495,77.56629077877,0.4583333333333333,True,52.0,9,中维护
A9,2025-11-04,24,23,75.5254851850042,75.47446391709111,0.5830663034612172,74.1787717712117,76.3578293413329,0.9583333333333334,True,53.0,9,中维护
A9,2025-11-05,23,23,74.8823995385412,74.88313113481603,0.5265380530937308,73.9779788867052,75.9583858954677,0.9583333333333334,True,54.0,9,中维护
A9,2025-11-06,11,11,74.2206330500281,74.06193859482072,0.41373284312061853,73.2967722383847,74.5448352888017,0.4583333333333333,True,55.0,9,中维护
A9,2025-11-07,24,24,73.5640644916578,73.623229989309,0.6711520462442855,72.4300930268031,75.4794799851028,1.0,True,56.0,9,中维护
A9,2025-11-08,22,18,73.1700175599487,73.12969031406074,0.6840637711823412,71.6747444774182,74.1275801490973,0.75,True,57.0,9,中维护
A9,2025-11-09,24,24,72.72241597206225,72.838179213783,0.5746588254588497,72.0051636103402,74.2488607077104,1.0,True,58.0,9,中维护
A9,2025-11-10,23,17,72.7520307022947,72.68129653396625,0.57237432598437,71.1812772836405,73.514460287282,0.7083333333333334,True,59.0,9,中维护
A9,2025-11-11,23,23,71.9288178242777,71.95922570135446,0.40139616833118286,71.2103306359316,72.8192971312625,0.9583333333333334,True,60.0,9,中维护
A9,2025-11-12,11,11,71.5611677647569,71.40575376167409,0.520124034364605,70.6277717992712,72.2631923466965,0.4583333333333333,True,61.0,9,中维护
A9,2025-11-13,23,22,70.54477427158434,70.70999239036867,0.48500542243163824,69.9595318277206,71.6272037856448,0.9166666666666666,True,62.0,9,中维护
A9,2025-11-14,12,12,70.36325215927695,70.22719592189515,0.4734212869709457,69.2683638957017,70.765578556325,0.5,True,63.0,9,中维护
A9,2025-11-15,19,19,69.802526006606,69.6845775464586,0.3274813613000751,68.9465026018988,70.2720402083903,0.7916666666666666,True,64.0,9,中维护
A9,2025-11-16,23,0,,,,,,0.0,False,0.0,10,中维护
A9,2025-11-17,12,12,90.2008777635011,90.22110070637875,0.2045000817782837,89.9429670072068,90.5789884067808,0.5,True,1.0,10,中维护
A9,2025-11-18,17,17,89.1555503112217,89.1538351886495,0.3137143285926897,88.577674232031,89.5592835478229,0.7083333333333334,True,2.0,10,中维护
A9,2025-11-19,22,22,88.58076593270584,88.52900330216063,0.25935724929686255,88.0325326025261,88.9852247608201,0.9166666666666666,True,3.0,10,中维护
A9,2025-11-20,22,22,88.1950756566569,88.29553869676721,0.48488182260002055,87.4063929467796,89.3822170914833,0.9166666666666666,True,4.0,10,中维护
A9,2025-11-21,24,24,87.61774323576856,87.6632628923096,0.4566189428202636,86.7852090781296,88.7384828688356,1.0,True,5.0,10,中维护
A9,2025-11-22,12,12,86.76557374372669,86.96324307279787,0.41243426085598617,86.4849377894597,87.6206288317869,0.5,True,6.0,10,中维护
A9,2025-11-23,21,21,86.7416650969332,86.72476633094443,0.5214740520743966,85.7666197995066,87.7139391946047,0.875,True,7.0,10,中维护
A9,2025-11-24,22,22,86.20222063506276,86.15349701300953,0.5313875603583795,85.025981324718,87.0139873571901,0.9166666666666666,True,8.0,10,中维护
A9,2025-11-25,24,24,85.21443877940246,85.16249639050142,0.5241791461791122,84.0910814768558,86.0356516624639,1.0,True,9.0,10,中维护
A9,2025-11-26,13,13,84.1930299421975,84.23371323362329,0.681802289713014,83.0860215440185,85.2475207814544,0.5416666666666666,True,10.0,10,中维护
A9,2025-11-27,23,19,83.7888711556632,83.81299644037703,0.6089977155944212,82.5959033093802,84.8347472934545,0.7916666666666666,True,11.0,10,中维护
A9,2025-11-28,23,23,83.0001165555687,82.9437750936883,0.48962766817680947,82.1323894796048,83.7783785074187,0.9583333333333334,True,12.0,10,中维护
A9,2025-11-29,24,24,82.53764103352489,82.41599329152407,0.5566431763734877,81.1294573723657,83.4328609014061,1.0,True,13.0,10,中维护
A9,2025-11-30,12,11,82.3205769271629,82.2316022320244,0.32224317276319225,81.6430768283065,82.6776433165262,0.4583333333333333,True,14.0,10,中维护
A9,2025-12-01,20,19,81.0616763831389,81.08080177805448,0.3763747799994073,80.4181942323398,81.7842410734909,0.7916666666666666,True,15.0,10,中维护
A9,2025-12-02,20,20,80.04800611713615,80.07282614448562,0.46508853153138574,79.2645515581185,81.1319991112119,0.8333333333333334,True,16.0,10,中维护
A9,2025-12-03,16,16,79.25327034342655,79.22234259365565,0.34450982200173436,78.3440254203946,79.7106068223774,0.6666666666666666,True,17.0,10,中维护
A9,2025-12-04,23,22,78.97920475899446,78.99499853022476,0.47846639831088983,78.1660053313408,79.8524237830351,0.9166666666666666,True,18.0,10,中维护
A9,2025-12-05,24,23,78.2995985437417,78.26531669205193,0.36445798215628195,77.7355117300453,79.0722634984793,0.9583333333333334,True,19.0,10,中维护
A9,2025-12-06,18,18,77.86066210071729,77.79162184386081,0.3171096750611016,77.290959128484,78.4505499834695,0.75,True,20.0,10,中维护
A9,2025-12-07,14,10,76.4717045691745,76.57614266157064,0.33424786795104394,76.2421154458201,77.1945246698321,0.4166666666666667,True,21.0,10,中维护
A9,2025-12-08,20,19,76.5169541052195,76.42074384915682,0.2778442388065511,75.9074205491649,76.8442402072336,0.7916666666666666,True,22.0,10,中维护
A9,2025-12-09,8,8,75.84376129337474,75.96711269317561,0.47733122169576886,75.3585687772754,76.7693516783265,0.3333333333333333,True,23.0,10,中维护
A9,2025-12-11,20,20,75.72967200046016,75.80035770520057,0.3263613105460235,75.2522820518961,76.4105713173785,0.8333333333333334,True,25.0,10,中维护
A9,2025-12-12,23,23,75.0690884140503,75.08174706150126,0.28694752463014883,74.2555776172899,75.667750473242,0.9583333333333334,True,26.0,10,中维护
A9,2025-12-13,21,16,74.2107541055338,74.12839003328597,0.41246699324048747,73.0907965030887,74.7676697040254,0.6666666666666666,True,27.0,10,中维护
A9,2025-12-14,14,13,73.4324571971362,73.52342698300775,0.2553556211521109,73.1865211956427,73.9870995414946,0.5416666666666666,True,28.0,10,中维护
A9,2025-12-15,22,21,72.7081451826941,72.74107721672263,0.4214124642125329,72.1960554373614,73.6094639649519,0.875,True,29.0,10,中维护
A9,2025-12-16,23,23,72.2006876206273,72.22709596030452,0.3007706941722901,71.6041389562911,72.9069058390237,0.9583333333333334,True,30.0,10,中维护
A9,2025-12-17,19,19,71.1529382399892,71.07237755427406,0.4942928756375468,69.3092261283239,71.5655499982634,0.7916666666666666,True,31.0,10,中维护
A9,2025-12-18,22,22,70.57491980958125,70.68790998588753,0.3506235940947946,70.0207242644122,71.3080564366067,0.9166666666666666,True,32.0,10,中维护
A9,2025-12-19,14,13,70.061673028712,70.12120848462995,0.34918249313766375,69.6712971229973,70.8933147682799,0.5416666666666666,True,33.0,10,中维护
A9,2025-12-20,24,24,69.6931354747015,69.69664962146373,0.3465247819909093,68.9814390082959,70.4240608102786,1.0,True,34.0,10,中维护
A9,2025-12-21,23,21,69.4257617734082,69.43599161320726,0.2920135786264633,68.8220938907607,70.0040468834972,0.875,True,35.0,10,中维护
A9,2025-12-22,23,22,68.7835579995319,68.81948005594556,0.34180759137336486,68.1432274707273,69.3500334901183,0.9166666666666666,True,36.0,10,中维护
A9,2025-12-23,14,14,67.92324274829676,67.92068127657846,0.46071162983285496,67.2130605932931,68.784554757753,0.5833333333333334,True,37.0,10,中维护
A9,2025-12-24,23,21,67.2813941424342,67.26808446830157,0.28477015762605784,66.7022278373919,67.6683770787444,0.875,True,38.0,10,中维护
A9,2025-12-25,23,20,66.52965202755851,66.55231727299888,0.27879059791950195,65.9969750621938,67.0117802269521,0.8333333333333334,True,39.0,10,中维护
A9,2025-12-26,21,20,65.8567912909954,65.98091036871193,0.4192564439865099,65.4395935576596,67.1030751489732,0.8333333333333334,True,40.0,10,中维护
A9,2025-12-27,17,17,65.5139017304127,65.47623136235755,0.3061390412036027,64.7059223965477,66.006896031831,0.7083333333333334,True,41.0,10,中维护
A9,2025-12-28,22,22,65.10067564224914,65.15829493558353,0.2862443958465229,64.7336230465425,65.7703009965914,0.9166666666666666,True,42.0,10,中维护
A9,2025-12-29,14,14,64.4459310507298,64.41584838107427,0.35258203853415415,63.8247193612647,64.9327649933652,0.5833333333333334,True,43.0,10,中维护
A9,2025-12-30,21,21,63.9694509658693,64.01775672850499,0.26424740191301366,63.6007080891405,64.7390821057954,0.875,True,44.0,10,中维护
A9,2025-12-31,22,22,63.08171225286375,63.109831208299504,0.30774579643652245,62.408065985526,63.5465050224178,0.9166666666666666,True,45.0,10,中维护
A9,2026-01-01,24,24,62.4976886509626,62.581702712611865,0.22872301357084704,62.2871886793189,63.1691112512612,1.0,True,46.0,10,中维护
A9,2026-01-02,13,13,61.9768897678508,62.05076535995712,0.2814088940652213,61.6032498600983,62.6470053527558,0.5416666666666666,True,47.0,10,中维护
A9,2026-01-03,21,21,61.0845431963138,61.04625886523995,0.26960477423697343,60.4915433044291,61.4685682003302,0.875,True,48.0,10,中维护
A9,2026-01-04,23,23,59.7724554781049,59.74517655613977,0.2707620916064857,59.3248518559005,60.1905720695925,0.9583333333333334,True,49.0,10,中维护
A9,2026-01-05,23,20,59.2216716803239,59.18784200168511,0.23606257822376886,58.6242970248179,59.571654451526,0.8333333333333334,True,50.0,10,中维护
A9,2026-01-06,24,22,58.61321017743995,58.63051546622217,0.20774732217043132,58.1197169843874,59.0543869108856,0.9166666666666666,True,51.0,10,中维护
A9,2026-01-07,13,13,58.2301689967454,57.39328723301485,2.752273798644991,48.4782613579983,58.8384089766754,0.5416666666666666,True,52.0,10,中维护
A9,2026-01-08,23,23,57.5846516189336,57.57044736557409,0.21764483511517427,57.0892374341702,58.0328221086226,0.9583333333333334,True,53.0,10,中维护
A9,2026-01-09,23,0,,,,,,0.0,False,0.0,11,中维护
A9,2026-01-10,23,23,69.1248078831741,69.09357425082783,0.14086580127424367,68.8693122661798,69.305069522647,0.9583333333333334,True,1.0,11,中维护
A9,2026-01-11,23,23,68.6096993901862,68.60988722036105,0.14559106398770189,68.3656073464813,68.8556024321968,0.9583333333333334,True,2.0,11,中维护
A9,2026-01-12,24,22,68.0037926106862,68.048180199528,0.14666784979323208,67.8772612280896,68.337780238322,0.9166666666666666,True,3.0,11,中维护
A9,2026-01-13,14,14,67.8211310797212,67.75442295728601,0.15595143919288096,67.3737882306666,67.9004020800433,0.5833333333333334,True,4.0,11,中维护
A9,2026-01-14,24,24,67.0963266578321,67.15118569200031,0.26503656463163544,66.7066147355523,67.8675774053174,1.0,True,5.0,11,中维护
A9,2026-01-15,23,23,66.9480606299005,66.9986779925573,0.35162629656593675,66.3961122776056,67.7715724205147,0.9583333333333334,True,6.0,11,中维护
A9,2026-01-16,22,22,67.0131432008515,66.9213157067204,0.3109205477977318,66.1001008256663,67.2739924143882,0.9166666666666666,True,7.0,11,中维护
A9,2026-01-17,24,24,66.5081673964718,66.50884559929484,0.2728619986314291,65.8714582277853,66.9815521566118,1.0,True,8.0,11,中维护
A9,2026-01-18,23,23,66.0788051981796,66.09064452738424,0.2475809656327556,65.6250191784922,66.6419843236163,0.9583333333333334,True,9.0,11,中维护
A9,2026-01-19,14,14,66.27006016713659,66.19828120174803,0.2328774627606371,65.7130358050154,66.5515111939586,0.5833333333333334,True,10.0,11,中维护
A9,2026-01-20,4,4,65.75627812611384,65.81912526292032,0.21841444561720397,65.6408735526964,66.1230712467572,0.16666666666666666,True,11.0,11,中维护
A9,2026-01-21,4,4,65.19260729820346,65.1602139142954,0.1558620179082357,64.9584093282618,65.2972317325129,0.16666666666666666,True,12.0,11,中维护
A9,2026-01-22,4,4,64.50999897923525,64.54071280770265,0.2980345061934268,64.2100952636593,64.9327580086808,0.16666666666666666,True,13.0,11,中维护
A9,2026-01-23,4,4,64.06863145294075,64.00845101311907,0.23386353550461128,63.6763064911603,64.2202346554345,0.16666666666666666,True,14.0,11,中维护
A9,2026-01-24,4,4,63.3434622611378,63.42112046290775,0.23968349667762845,63.2281616535359,63.7693956758195,0.16666666666666666,True,15.0,11,中维护
A9,2026-01-25,4,4,62.9887169966903,63.05005179963867,0.3297828291841421,62.7761897733308,63.4465834318433,0.16666666666666666,True,16.0,11,中维护
A9,2026-01-26,4,4,62.70039562470535,62.68348686281533,0.36124150158971513,62.2802246488602,63.0529315529904,0.16666666666666666,True,17.0,11,中维护
A9,2026-01-27,4,4,62.43280686721735,62.481194024227875,0.15991945127674032,62.3506078200155,62.7085545424613,0.16666666666666666,True,18.0,11,中维护
A9,2026-01-28,4,4,62.054712469362755,61.94081693674563,0.3734716075387368,61.3994124049606,62.2544304032964,0.16666666666666666,True,19.0,11,中维护
A9,2026-01-29,4,3,61.142249919643,61.10429533436937,0.15499232037821262,60.9338511923273,61.2367848911378,0.125,True,20.0,11,中维护
A9,2026-01-30,4,4,60.98437661031685,60.940064976208475,0.34406306443340773,60.4871617695763,61.3043449146239,0.16666666666666666,True,21.0,11,中维护
A9,2026-01-31,4,4,60.2426747920468,60.22475655572227,0.23713586876974393,59.9434624970878,60.4702141417077,0.16666666666666666,True,22.0,11,中维护
A9,2026-02-01,4,4,59.39358503403935,59.4465727653956,0.18002779384191847,59.2974088757549,59.7017121177488,0.16666666666666666,True,23.0,11,中维护
A9,2026-02-02,4,4,59.2163788696932,59.200782698668576,0.06265033199415385,59.1119952468704,59.2583778084175,0.16666666666666666,True,24.0,11,中维护
A9,2026-02-03,4,4,58.6454787858735,58.631649158154424,0.15117446498428566,58.4407159207228,58.7949231401479,0.16666666666666666,True,25.0,11,中维护
A9,2026-02-04,4,4,58.09758222817335,58.15130508445937,0.21607830913274798,57.9746304200933,58.4354254613975,0.16666666666666666,True,26.0,11,中维护
A9,2026-02-05,4,4,57.9446618043537,57.9068241202455,0.32824604383392325,57.5153699903246,58.22260288195,0.16666666666666666,True,27.0,11,中维护
A9,2026-02-06,4,4,57.00433551548325,57.03157386052095,0.08983375292305154,56.9567161550992,57.1609082560181,0.16666666666666666,True,28.0,11,中维护
A9,2026-02-07,4,4,56.6850821949464,56.69747131495538,0.044534262288548364,56.6582309102761,56.7614899596526,0.16666666666666666,True,29.0,11,中维护
A9,2026-02-08,4,4,56.429083167495506,56.405256221783574,0.1685912009562917,56.1794624666639,56.5833960854794,0.16666666666666666,True,30.0,11,中维护
A9,2026-02-09,4,4,55.33422949818805,55.328970824870076,0.24051813673716113,55.0448321419003,55.6025921612039,0.16666666666666666,True,31.0,11,中维护
A9,2026-02-10,4,4,54.51366230254435,54.553782043580654,0.1644346286968718,54.4070728715589,54.780730697675,0.16666666666666666,True,32.0,11,中维护
A9,2026-02-11,4,4,53.501000629279105,53.5279065088909,0.1364889990708898,53.3929419729022,53.7166828041032,0.16666666666666666,True,33.0,11,中维护
A9,2026-02-12,4,4,53.31484441705385,53.33253581210045,0.11789167577786358,53.2166674423878,53.4837869719063,0.16666666666666666,True,34.0,11,中维护
A9,2026-02-13,4,4,52.55131293279875,52.5826372162128,0.14957751838350286,52.4510354435826,52.7768875556711,0.16666666666666666,True,35.0,11,中维护
A9,2026-02-14,4,4,51.946732633005496,51.95095139262485,0.2738847965517324,51.6197905145302,52.2905497899582,0.16666666666666666,True,36.0,11,中维护
A9,2026-02-15,4,4,51.71955333239285,51.78588778968955,0.14831111545201445,51.6967667977734,52.0076776961991,0.16666666666666666,True,37.0,11,中维护
A9,2026-02-16,4,4,51.6088078378863,51.6369427777066,0.07548105496596538,51.5831686531128,51.746986781941,0.16666666666666666,True,38.0,11,中维护
A9,2026-02-17,4,4,50.414039739605,50.4628472168808,0.1303360490944267,50.3714882292149,50.6518211590983,0.16666666666666666,True,39.0,11,中维护
A9,2026-02-18,4,4,50.08908955729525,49.993258683416876,0.29609437782781195,49.5611631725522,50.2336924465248,0.16666666666666666,True,40.0,11,中维护
A9,2026-02-19,4,4,49.35643119326415,49.28289452589405,0.29629898704080043,48.8813984880493,49.5373172289986,0.16666666666666666,True,41.0,11,中维护
A9,2026-02-20,4,4,49.20416579826135,49.128525434802796,0.20703743947891637,48.8332501209338,49.2725200217547,0.16666666666666666,True,42.0,11,中维护
A9,2026-02-21,4,4,48.075061664106556,48.0463302804882,0.2158484465339707,47.7565027112907,48.278695082449,0.16666666666666666,True,43.0,11,中维护
A9,2026-02-22,4,4,47.2859889743832,47.24791225464138,0.23315402194876433,46.9294059665926,47.4902651032065,0.16666666666666666,True,44.0,11,中维护
A9,2026-02-23,4,0,,,,,,0.0,False,0.0,12,中维护
A9,2026-02-24,4,4,76.7865975464778,76.80048062742817,0.07284862484339347,76.7279221462458,76.9008052705113,0.16666666666666666,True,1.0,12,中维护
A9,2026-02-25,4,4,76.40227114147746,75.1076042630209,2.6923857372189453,71.0706138936348,76.5552608754939,0.16666666666666666,True,2.0,12,中维护
A9,2026-02-26,4,4,75.9627727701706,75.97473221834859,0.09374213131750198,75.8851563954395,76.0882269376137,0.16666666666666666,True,3.0,12,中维护
A9,2026-02-27,4,4,75.2366274744969,75.21172608778473,0.1490337177768613,75.0137925058317,75.3598568963134,0.16666666666666666,True,4.0,12,中维护
A9,2026-02-28,4,4,74.91686326995975,74.88549069823026,0.15742666079952425,74.6728803275272,75.0353559254743,0.16666666666666666,True,5.0,12,中维护
A9,2026-03-01,4,4,74.90394505409955,74.83133298516199,0.17522527501931484,74.5704697869831,74.9469720454658,0.16666666666666666,True,6.0,12,中维护
A9,2026-03-02,4,2,,,,,,0.08333333333333333,False,7.0,12,中维护
A9,2026-03-03,4,4,74.11358930964435,74.15932658676411,0.4472136849878784,73.6984429105366,74.7116848172311,0.16666666666666666,True,8.0,12,中维护
A9,2026-03-04,4,4,74.0578249733467,73.87778818040991,1.3018418894680122,72.1240218142869,75.2714809606593,0.16666666666666666,True,9.0,12,中维护
A9,2026-03-05,4,4,73.8158967403751,73.76550160059202,0.5412494096788326,73.1464630416782,74.2837498799397,0.16666666666666666,True,10.0,12,中维护
A9,2026-03-06,4,4,74.10377084210884,74.0436555338739,0.4981190435636785,73.4457413150384,74.5213391362395,0.16666666666666666,True,11.0,12,中维护
A9,2026-03-07,4,4,74.12981631850695,74.1964472432895,1.2990042551244392,72.7506703954463,75.7754859406978,0.16666666666666666,True,12.0,12,中维护
A9,2026-03-08,4,4,73.5633417154682,73.3238649184575,0.9455115371515337,72.0441798612369,74.1245963816567,0.16666666666666666,True,13.0,12,中维护
A9,2026-03-09,4,4,72.70187654754535,72.56327494596063,0.3892279913804257,72.0021298415684,72.8472168471834,0.16666666666666666,True,14.0,12,中维护
A9,2026-03-10,4,4,71.84752984550585,72.1530268375819,1.4834772305120256,70.8205960426711,74.0964516166448,0.16666666666666666,True,15.0,12,中维护
A9,2026-03-11,4,3,72.9704576627129,72.34847101241583,1.2325204665921565,70.928894737864,73.1460606366706,0.125,True,16.0,12,中维护
A9,2026-03-12,4,4,72.94441696210436,73.18902337606585,0.875640264834848,72.4781604042786,74.3890991757761,0.16666666666666666,True,17.0,12,中维护
A9,2026-03-13,4,4,72.7893989688226,72.62029875740697,0.7707946786250683,71.6321005454655,73.2702965465172,0.16666666666666666,True,18.0,12,中维护
A9,2026-03-14,4,4,72.30535045292355,72.07827331882868,0.8293112622143425,70.9494312819204,72.7529610875472,0.16666666666666666,True,19.0,12,中维护
A9,2026-03-15,4,4,71.86643654978016,72.24421838618798,0.7923696118934631,71.8121078304833,73.4318926147083,0.16666666666666666,True,20.0,12,中维护
A9,2026-03-16,4,4,72.1278221829678,71.92506261492221,0.81067667534984,70.8093862629871,72.6352198307661,0.16666666666666666,True,21.0,12,中维护
A9,2026-03-17,4,4,71.72487965048735,71.81411883420978,0.6171745135117298,71.1581475181899,72.6485685176745,0.16666666666666666,True,22.0,12,中维护
A9,2026-03-18,4,4,71.860969241243,71.7900542713554,0.30078102798277856,71.3782870889996,72.059991513936,0.16666666666666666,True,23.0,12,中维护
A9,2026-03-19,4,4,71.82761640661735,72.06234710045997,1.0844073852774674,71.0283236085339,73.5658319800713,0.16666666666666666,True,24.0,12,中维护
A9,2026-03-20,4,4,70.59050353343821,70.61595886999665,0.9545539779710475,69.7611498316352,71.521678581475,0.16666666666666666,True,25.0,12,中维护
A9,2026-03-21,4,4,70.700446154296,70.75207440602234,0.5156378834850533,70.2449367177081,71.3624685977893,0.16666666666666666,True,26.0,12,中维护
A9,2026-03-22,4,4,71.8810602740815,71.7400194345314,0.8753666971490778,70.6152278046168,72.5827293853458,0.16666666666666666,True,27.0,12,中维护
A9,2026-03-23,4,4,70.7595511021432,70.77908416674894,0.1623372700639181,70.6256602491557,70.9715742135537,0.16666666666666666,True,28.0,12,中维护
A9,2026-03-24,4,4,70.3702236415453,70.38279912861873,1.0347176139550553,69.1333429916149,71.6574062397694,0.16666666666666666,True,29.0,12,中维护
A9,2026-03-25,4,4,70.16215188501884,69.99429775651417,0.9480011353579151,68.8614279787969,70.7914592772221,0.16666666666666666,True,30.0,12,中维护
A9,2026-03-26,4,2,,,,,,0.08333333333333333,False,31.0,12,中维护
A9,2026-03-27,4,4,69.5634099322184,69.69640199748915,0.6377415997434148,69.0775057623638,70.581282363156,0.16666666666666666,True,32.0,12,中维护
A9,2026-03-28,4,4,69.5610706544789,69.51746696611548,0.4820492670816429,68.9864406681481,69.961285887356,0.16666666666666666,True,33.0,12,中维护
A9,2026-03-29,4,4,69.029740832557,69.07443384186712,0.26408376874499373,68.8119816892808,69.4262720130737,0.16666666666666666,True,34.0,12,中维护
A9,2026-03-30,4,4,68.42481496117199,68.3523112013157,0.49914683276811517,67.7328690414883,68.8267458414305,0.16666666666666666,True,35.0,12,中维护
A9,2026-03-31,4,4,68.1727207581226,68.19908801258897,0.17863143307790974,68.0101148869523,68.4407956471584,0.16666666666666666,True,36.0,12,中维护
A9,2026-04-01,4,0,,,,,,0.0,False,0.0,13,大维护
A9,2026-04-02,4,4,87.46780827744391,87.37393759706238,0.4319557810534549,86.7718997464484,87.7882340869133,0.16666666666666666,True,1.0,13,大维护
A9,2026-04-03,4,4,86.8373813969229,86.76482340232258,0.5500361084325859,86.1388292996676,87.2457015157769,0.16666666666666666,True,2.0,13,大维护
A9,2026-04-04,4,0,,,,,,0.0,False,3.0,13,大维护
A9,2026-04-05,4,3,86.7233087573054,86.66174496834371,1.5018540442069694,85.1300556833096,88.1318704644161,0.125,True,4.0,13,大维护
A9,2026-04-06,4,4,86.30124089316415,86.0637916802411,1.272980535535043,84.4577808799269,87.1949040547092,0.16666666666666666,True,5.0,13,大维护
A9,2026-04-07,4,4,86.24565255392325,85.9276057830664,1.1004881613887183,84.3392529953017,86.8798650291174,0.16666666666666666,True,6.0,13,大维护
A9,2026-04-08,4,4,84.5261312458208,85.09115217973772,1.8016914753837365,83.6142493751062,87.6980968522031,0.16666666666666666,True,7.0,13,大维护
A9,2026-04-09,4,4,85.01555771265025,84.61927366112208,1.1358249564091771,82.969344763671,85.4766344555168,0.16666666666666666,True,8.0,13,大维护
A9,2026-04-10,4,4,85.09798034716235,84.76289055414325,1.5280355007451398,82.7389020368447,86.1166994854036,0.16666666666666666,True,9.0,13,大维护
