scenario_id,scenario_type,purchase_factor,medium_factor,major_factor,purchase_cost,medium_cost,major_cost,device,optimal_candidate_id,optimal_family,optimal_policy_label,optimal_annual_cost,original_candidate_id,original_annual_cost,absolute_regret,relative_regret,replacement_rate_per_year,medium_maintenances_per_year,major_maintenances_per_year,median_lifetime_days,eol_within_2y_probability
purchase_0.50,购置价单因素,0.5,1.0,1.0,150.0,3.0,12.0,A1,S36,状态触发,堵塞损失≥30触发，维护后储备阈值50，冷却21日,49.8144249860001,S32,50.42756955669148,0.6131445706913823,0.012308574692244287,0.2187577673231895,5.6319187197355145,0.00875031069292758,1637.0,0.0
purchase_0.50,购置价单因素,0.5,1.0,1.0,150.0,3.0,12.0,A2,S29,状态触发,堵塞损失≥10触发，维护后储备阈值50，冷却35日,110.83169168117652,S29,110.83169168117652,0.0,0.0,0.5255925057200005,9.98100168362281,0.1708175643590002,681.0,0.66
purchase_0.50,购置价单因素,0.5,1.0,1.0,150.0,3.0,12.0,A3,S32,状态触发,堵塞损失≥20触发，维护后储备阈值50，冷却21日,43.92844223601905,S32,43.92844223601905,0.0,0.0,0.17037424025450018,5.916245492837518,0.05196414327762255,2093.0,0.0
purchase_0.50,购置价单因素,0.5,1.0,1.0,150.0,3.0,12.0,A4,S36,状态触发,堵塞损失≥30触发，维护后储备阈值50，冷却21日,41.33670441447744,S32,42.63000266263689,1.2932982481594522,0.03128692203402886,0.1818516757488779,4.4244512709701995,0.06546660326959604,2002.0,0.0
purchase_0.50,购置价单因素,0.5,1.0,1.0,150.0,3.0,12.0,A5,S32,状态触发,堵塞损失≥20触发，维护后储备阈值50，冷却21日,111.19304219128176,S32,111.19304219128176,0.0,0.0,0.6160449995361742,6.262097420285212,0.0,576.0,0.92
purchase_0.50,购置价单因素,0.5,1.0,1.0,150.0,3.0,12.0,A6,S33,状态触发,堵塞损失≥20触发，维护后储备阈值50，冷却35日,55.944453493660355,S32,55.94989791705639,0.005444423396035347,9.731837664036366e-05,0.2356200791528644,6.353495434356988,0.1284129431383111,1491.0,0.0
purchase_0.50,购置价单因素,0.5,1.0,1.0,150.0,3.0,12.0,A7,S29,状态触发,堵塞损失≥10触发，维护后储备阈值50，冷却35日,75.29122434171741,S29,75.29122434171741,0.0,0.0,0.30115887418938586,9.737972196913791,0.07528971854734647,1262.0,0.005
purchase_0.50,购置价单因素,0.5,1.0,1.0,150.0,3.0,12.0,A8,S29,状态触发,堵塞损失≥10触发，维护后储备阈值50，冷却35日,126.0351261004253,S29,126.0351261004253,0.0,0.0,0.6392530234349021,9.678290774804417,0.0926916883980608,557.0,0.945
purchase_0.50,购置价单因素,0.5,1.0,1.0,150.0,3.0,12.0,A9,S33,状态触发,堵塞损失≥20触发，维护后储备阈值50，冷却35日,40.95722296637682,S33,40.95722296637682,0.0,0.0,0.11056371603060368,5.7692147024769,0.5887517878629646,3267.0,0.005
purchase_0.50,购置价单因素,0.5,1.0,1.0,150.0,3.0,12.0,A10,S29,状态触发,堵塞损失≥10触发，维护后储备阈值50，冷却35日,205.50840247957896,S29,205.50840247957896,0.0,0.0,1.1792528976850805,9.540155942272301,0.0,308.0,1.0
medium_0.50,中维护价单因素,1.0,0.5,1.0,300.0,1.5,12.0,A1,S32,状态触发,堵塞损失≥20触发，维护后储备阈值50，冷却21日,70.22009841728271,S32,70.22009841728271,0.0,0.0,0.19978831463992977,6.783812223598816,0.00899047415879684,1785.0,0.0
medium_0.50,中维护价单因素,1.0,0.5,1.0,300.0,1.5,12.0,A2,S28,状态触发,堵塞损失≥10触发，维护后储备阈值50，冷却21日,173.56486454347316,S29,174.69906501374237,1.1342004702692066,0.0065347354330756325,0.5186110736420625,11.987694967236276,0.0,692.0,0.635
medium_0.50,中维护价单因素,1.0,0.5,1.0,300.0,1.5,12.0,A3,S32,状态触发,堵塞损失≥20触发，维护后储备阈值50，冷却21日,60.6102100349378,S32,60.6102100349378,0.0,0.0,0.17037424025450018,5.916245492837518,0.05196414327762255,2093.0,0.0
medium_0.50,中维护价单因素,1.0,0.5,1.0,300.0,1.5,12.0,A4,S32,状态触发,堵塞损失≥20触发，维护后储备阈值50，冷却21日,59.9960279413379,S32,59.9960279413379,0.0,0.0,0.1706189696529463,5.484546779493959,0.048626406351089696,2060.0,0.0
medium_0.50,中维护价单因素,1.0,0.5,1.0,300.0,1.5,12.0,A5,S29,状态触发,堵塞损失≥10触发，维护后储备阈值50，冷却35日,190.5065114514847,S32,194.20664599128008,3.7001345397953855,0.019422614542693357,0.5864219829973749,9.71994436818149,0.0,604.0,0.87
medium_0.50,中维护价单因素,1.0,0.5,1.0,300.0,1.5,12.0,A6,S33,状态触发,堵塞损失≥20触发，维护后储备阈值50，冷却35日,81.75722221505454,S32,81.75838313841349,0.0011609233589524592,1.4199642887802151e-05,0.2356200791528644,6.353495434356988,0.1284129431383111,1491.0,0.0
medium_0.50,中维护价单因素,1.0,0.5,1.0,300.0,1.5,12.0,A7,S29,状态触发,堵塞损失≥10触发，维护后储备阈值50，冷却35日,105.8580971747546,S29,105.8580971747546,0.0,0.0,0.30115887418938586,9.737972196913791,0.07528971854734647,1262.0,0.005
medium_0.50,中维护价单因素,1.0,0.5,1.0,300.0,1.5,12.0,A8,S29,状态触发,堵塞损失≥10触发，维护后储备阈值50，冷却35日,207.40564345345396,S29,207.40564345345396,0.0,0.0,0.6392530234349021,9.678290774804417,0.0926916883980608,557.0,0.945
medium_0.50,中维护价单因素,1.0,0.5,1.0,300.0,1.5,12.0,A9,S29,状态触发,堵塞损失≥10触发，维护后储备阈值50，冷却35日,47.10717289121265,S33,48.88795831725203,1.7807854260393796,0.037802850749541934,0.1051012597763595,9.854819622930346,0.06621379365910647,3487.0,0.005
medium_0.50,中维护价单因素,1.0,0.5,1.0,300.0,1.5,12.0,A10,S28,状态触发,堵塞损失≥10触发，维护后储备阈值50，冷却21日,368.0290952258521,S29,368.0861032189326,0.05700799308050364,0.00015490077773747473,1.1738522601275891,10.582278125050218,0.0,308.0,1.0
major_0.50,大维护价单因素,1.0,1.0,0.5,300.0,3.0,6.0,A1,S32,状态触发,堵塞损失≥20触发，维护后储备阈值50，冷却21日,80.34187390772817,S32,80.34187390772817,0.0,0.0,0.19978831463992977,6.783812223598816,0.00899047415879684,1785.0,0.0
major_0.50,大维护价单因素,1.0,1.0,0.5,300.0,3.0,6.0,A2,S29,状态触发,堵塞损失≥10触发，维护后储备阈值50，冷却35日,188.64566215302258,S29,188.64566215302258,0.0,0.0,0.5255925057200005,9.98100168362281,0.1708175643590002,681.0,0.66
major_0.50,大维护价单因素,1.0,1.0,0.5,300.0,3.0,6.0,A3,S32,状态触发,堵塞损失≥20触发，维护后储备阈值50，冷却21日,69.17279341452834,S32,69.17279341452834,0.0,0.0,0.17037424025450018,5.916245492837518,0.05196414327762255,2093.0,0.0
major_0.50,大维护价单因素,1.0,1.0,0.5,300.0,3.0,6.0,A4,S32,状态触发,堵塞损失≥20触发，维护后储备阈值50，冷却21日,67.9310896724723,S32,67.9310896724723,0.0,0.0,0.1706189696529463,5.484546779493959,0.048626406351089696,2060.0,0.0
major_0.50,大维护价单因素,1.0,1.0,0.5,300.0,3.0,6.0,A5,S32,状态触发,堵塞损失≥20触发，维护后储备阈值50，冷却21日,203.5997921217079,S32,203.5997921217079,0.0,0.0,0.6160449995361742,6.262097420285212,0.0,576.0,0.92
major_0.50,大维护价单因素,1.0,1.0,0.5,300.0,3.0,6.0,A6,S33,状态触发,堵塞损失≥20触发，维护后储备阈值50，冷却35日,90.51698770776014,S32,90.5214285483902,0.004440840630067555,4.906085302357931e-05,0.2356200791528644,6.353495434356988,0.1284129431383111,1491.0,0.0
major_0.50,大维护价单因素,1.0,1.0,0.5,300.0,3.0,6.0,A7,S29,状态触发,堵塞损失≥10触发，维护后储备阈值50，冷却35日,120.0133171588412,S29,120.0133171588412,0.0,0.0,0.30115887418938586,9.737972196913791,0.07528971854734647,1262.0,0.005
major_0.50,大维护价单因素,1.0,1.0,0.5,300.0,3.0,6.0,A8,S29,状态触发,堵塞损失≥10触发，维护后储备阈值50，冷却35日,221.36692948527224,S29,221.36692948527224,0.0,0.0,0.6392530234349021,9.678290774804417,0.0926916883980608,557.0,0.945
major_0.50,大维护价单因素,1.0,1.0,0.5,300.0,3.0,6.0,A9,S32,状态触发,堵塞损失≥20触发，维护后储备阈值50，冷却21日,53.8559517751302,S33,54.00926964378959,0.15331786865938568,0.00284681383590709,0.10933664611147696,5.846230467580674,0.5860444231575166,3271.0,0.0
major_0.50,大维护价单因素,1.0,1.0,0.5,300.0,3.0,6.0,A10,S29,状态触发,堵塞损失≥10触发，维护后储备阈值50，冷却35日,382.39633713234105,S29,382.39633713234105,0.0,0.0,1.1792528976850805,9.540155942272301,0.0,308.0,1.0
purchase_0.55,购置价单因素,0.55,1.0,1.0,165.0,3.0,12.0,A1,S36,状态触发,堵塞损失≥30触发，维护后储备阈值50，冷却21日,53.09579149584794,S32,53.42439427629042,0.3286027804424805,0.006188866785575219,0.2187577673231895,5.6319187197355145,0.00875031069292758,1637.0,0.0
purchase_0.55,购置价单因素,0.55,1.0,1.0,165.0,3.0,12.0,A2,S29,状态触发,堵塞损失≥10触发，维护后储备阈值50，冷却35日,118.71557926697652,S29,118.71557926697652,0.0,0.0,0.5255925057200005,9.98100168362281,0.1708175643590002,681.0,0.66
purchase_0.55,购置价单因素,0.55,1.0,1.0,165.0,3.0,12.0,A3,S32,状态触发,堵塞损失≥20触发，维护后储备阈值50，冷却21日,46.48405583983656,S32,46.48405583983656,0.0,0.0,0.17037424025450018,5.916245492837518,0.05196414327762255,2093.0,0.0
purchase_0.55,购置价单因素,0.55,1.0,1.0,165.0,3.0,12.0,A4,S36,状态触发,堵塞损失≥30触发，维护后储备阈值50，冷却21日,44.0644795507106,S32,45.189287207431086,1.1248076567204848,0.025526402857567524,0.1818516757488779,4.4244512709701995,0.06546660326959604,2002.0,0.0
purchase_0.55,购置价单因素,0.55,1.0,1.0,165.0,3.0,12.0,A5,S32,状态触发,堵塞损失≥20触发，维护后储备阈值50，冷却21日,120.43371718432438,S32,120.43371718432438,0.0,0.0,0.6160449995361742,6.262097420285212,0.0,576.0,0.92
purchase_0.55,购置价单因素,0.55,1.0,1.0,165.0,3.0,12.0,A6,S33,状态触发,堵塞损失≥20触发，维护后储备阈值50，冷却35日,59.47875468095332,S32,59.48409650950516,0.0053418285518347375,8.981069930748454e-05,0.2356200791528644,6.353495434356988,0.1284129431383111,1491.0,0.0
purchase_0.55,购置价单因素,0.55,1.0,1.0,165.0,3.0,12.0,A7,S29,状态触发,堵塞损失≥10触发，维护后储备阈值50，冷却35日,79.8086074545582,S29,79.8086074545582,0.0,0.0,0.30115887418938586,9.737972196913791,0.07528971854734647,1262.0,0.005
purchase_0.55,购置价单因素,0.55,1.0,1.0,165.0,3.0,12.0,A8,S29,状态触发,堵塞损失≥10触发，维护后储备阈值50，冷却35日,135.6239214519488,S29,135.6239214519488,0.0,0.0,0.6392530234349021,9.678290774804417,0.0926916883980608,557.0,0.945
purchase_0.55,购置价单因素,0.55,1.0,1.0,165.0,3.0,12.0,A9,S32,状态触发,堵塞损失≥20触发，维护后储备阈值50，冷却21日,42.611771089025915,S33,42.61567870683588,0.003907617809964847,9.170277860079844e-05,0.10933664611147696,5.846230467580674,0.5860444231575166,3271.0,0.0
purchase_0.55,购置价单因素,0.55,1.0,1.0,165.0,3.0,12.0,A10,S29,状态触发,堵塞损失≥10触发，维护后储备阈值50，冷却35日,223.1971959448552,S29,223.1971959448552,0.0,0.0,1.1792528976850805,9.540155942272301,0.0,308.0,1.0
medium_0.55,中维护价单因素,1.0,0.55,1.0,300.0,1.6500000000000001,12.0,A1,S32,状态触发,堵塞损失≥20触发，维护后储备阈值50，冷却21日,71.23767025082253,S32,71.23767025082253,0.0,0.0,0.19978831463992977,6.783812223598816,0.00899047415879684,1785.0,0.0
medium_0.55,中维护价单因素,1.0,0.55,1.0,300.0,1.6500000000000001,12.0,A2,S28,状态触发,堵塞损失≥10触发，维护后储备阈值50，冷却21日,175.3630187885586,S29,176.1962152662858,0.8331964777271992,0.004751266735045281,0.5186110736420625,11.987694967236276,0.0,692.0,0.635
medium_0.55,中维护价单因素,1.0,0.55,1.0,300.0,1.6500000000000001,12.0,A3,S32,状态触发,堵塞损失≥20触发，维护后储备阈值50，冷却21日,61.49764685886343,S32,61.49764685886343,0.0,0.0,0.17037424025450018,5.916245492837518,0.05196414327762255,2093.0,0.0
medium_0.55,中维护价单因素,1.0,0.55,1.0,300.0,1.6500000000000001,12.0,A4,S32,状态触发,堵塞损失≥20触发，维护后储备阈值50，冷却21日,60.818709958262,S32,60.818709958262,0.0,0.0,0.1706189696529463,5.484546779493959,0.048626406351089696,2060.0,0.0
medium_0.55,中维护价单因素,1.0,0.55,1.0,300.0,1.6500000000000001,12.0,A5,S29,状态触发,堵塞损失≥10触发，维护后储备阈值50，冷却35日,191.96450310671193,S32,195.14596060432285,3.1814574976109213,0.016573155172560042,0.5864219829973749,9.71994436818149,0.0,604.0,0.87
medium_0.55,中维护价单因素,1.0,0.55,1.0,300.0,1.6500000000000001,12.0,A6,S33,状态触发,堵塞损失≥20触发，维护后储备阈值50，冷却35日,82.71024653020808,S32,82.71173320872654,0.0014866785184608489,1.7974538595020055e-05,0.2356200791528644,6.353495434356988,0.1284129431383111,1491.0,0.0
medium_0.55,中维护价单因素,1.0,0.55,1.0,300.0,1.6500000000000001,12.0,A7,S29,状态触发,堵塞损失≥10触发，维护后储备阈值50，冷却35日,107.31879300429168,S29,107.31879300429168,0.0,0.0,0.30115887418938586,9.737972196913791,0.07528971854734647,1262.0,0.005
medium_0.55,中维护价单因素,1.0,0.55,1.0,300.0,1.6500000000000001,12.0,A8,S29,状态触发,堵塞损失≥10触发，维护后储备阈值50，冷却35日,208.85738706967462,S29,208.85738706967462,0.0,0.0,0.6392530234349021,9.678290774804417,0.0926916883980608,557.0,0.945
medium_0.55,中维护价单因素,1.0,0.55,1.0,300.0,1.6500000000000001,12.0,A9,S29,状态触发,堵塞损失≥10触发，维护后储备阈值50，冷却35日,48.5853958346522,S33,49.75334052262356,1.1679446879713566,0.02403900735822249,0.1051012597763595,9.854819622930346,0.06621379365910647,3487.0,0.005
medium_0.55,中维护价单因素,1.0,0.55,1.0,300.0,1.6500000000000001,12.0,A10,S29,状态触发,堵塞损失≥10触发，维护后储备阈值50，冷却35日,369.5171266102734,S29,369.5171266102734,0.0,0.0,1.1792528976850805,9.540155942272301,0.0,308.0,1.0
major_0.55,大维护价单因素,1.0,1.0,0.55,300.0,3.0,6.6000000000000005,A1,S32,状态触发,堵塞损失≥20触发，维护后储备阈值50，冷却21日,80.34726819222344,S32,80.34726819222344,0.0,0.0,0.19978831463992977,6.783812223598816,0.00899047415879684,1785.0,0.0
major_0.55,大维护价单因素,1.0,1.0,0.55,300.0,3.0,6.6000000000000005,A2,S29,状态触发,堵塞损失≥10触发，维护后储备阈值50，冷却35日,188.74815269163798,S29,188.74815269163798,0.0,0.0,0.5255925057200005,9.98100168362281,0.1708175643590002,681.0,0.66
major_0.55,大维护价单因素,1.0,1.0,0.55,300.0,3.0,6.6000000000000005,A3,S32,状态触发,堵塞损失≥20触发，维护后储备阈值50，冷却21日,69.20397190049492,S32,69.20397190049492,0.0,0.0,0.17037424025450018,5.916245492837518,0.05196414327762255,2093.0,0.0
major_0.55,大维护价单因素,1.0,1.0,0.55,300.0,3.0,6.6000000000000005,A4,S32,状态触发,堵塞损失≥20触发，维护后储备阈值50，冷却21日,67.96026551628294,S32,67.96026551628294,0.0,0.0,0.1706189696529463,5.484546779493959,0.048626406351089696,2060.0,0.0
major_0.55,大维护价单因素,1.0,1.0,0.55,300.0,3.0,6.6000000000000005,A5,S32,状态触发,堵塞损失≥20触发，维护后储备阈值50，冷却21日,203.5997921217079,S32,203.5997921217079,0.0,0.0,0.6160449995361742,6.262097420285212,0.0,576.0,0.92
major_0.55,大维护价单因素,1.0,1.0,0.55,300.0,3.0,6.6000000000000005,A6,S33,状态触发,堵塞损失≥20触发，维护后储备阈值50，冷却35日,90.59403547364313,S32,90.59847407770559,0.00443860406245733,4.8994440298982704e-05,0.2356200791528644,6.353495434356988,0.1284129431383111,1491.0,0.0
major_0.55,大维护价单因素,1.0,1.0,0.55,300.0,3.0,6.6000000000000005,A7,S29,状态触发,堵塞损失≥10触发，维护后储备阈值50，冷却35日,120.05849098996961,S29,120.05849098996961,0.0,0.0,0.30115887418938586,9.737972196913791,0.07528971854734647,1262.0,0.005
major_0.55,大维护价单因素,1.0,1.0,0.55,300.0,3.0,6.6000000000000005,A8,S29,状态触发,堵塞损失≥10触发，维护后储备阈值50，冷却35日,221.42254449831105,S29,221.42254449831105,0.0,0.0,0.6392530234349021,9.678290774804417,0.0926916883980608,557.0,0.945
major_0.55,大维护价单因素,1.0,1.0,0.55,300.0,3.0,6.6000000000000005,A9,S32,状态触发,堵塞损失≥20触发，维护后储备阈值50，冷却21日,54.207578429024714,S33,54.36252071650737,0.1549422874826547,0.00285831413195342,0.10933664611147696,5.846230467580674,0.5860444231575166,3271.0,0.0
major_0.55,大维护价单因素,1.0,1.0,0.55,300.0,3.0,6.6000000000000005,A10,S29,状态触发,堵塞损失≥10触发，维护后储备阈值50，冷却35日,382.39633713234105,S29,382.39633713234105,0.0,0.0,1.1792528976850805,9.540155942272301,0.0,308.0,1.0
purchase_0.60,购置价单因素,0.6,1.0,1.0,180.0,3.0,12.0,A1,S36,状态触发,堵塞损失≥30触发，维护后储备阈值50，冷却21日,56.37715800569578,S32,56.42121899588937,0.04406099019358578,0.0007815397539041308,0.2187577673231895,5.6319187197355145,0.00875031069292758,1637.0,0.0
purchase_0.60,购置价单因素,0.6,1.0,1.0,180.0,3.0,12.0,A2,S29,状态触发,堵塞损失≥10触发，维护后储备阈值50，冷却35日,126.59946685277653,S29,126.59946685277653,0.0,0.0,0.5255925057200005,9.98100168362281,0.1708175643590002,681.0,0.66
purchase_0.60,购置价单因素,0.6,1.0,1.0,180.0,3.0,12.0,A3,S32,状态触发,堵塞损失≥20触发，维护后储备阈值50，冷却21日,49.03966944365406,S32,49.03966944365406,0.0,0.0,0.17037424025450018,5.916245492837518,0.05196414327762255,2093.0,0.0
purchase_0.60,购置价单因素,0.6,1.0,1.0,180.0,3.0,12.0,A4,S36,状态触发,堵塞损失≥30触发，维护后储备阈值50，冷却21日,46.79225468694377,S32,47.74857175222528,0.9563170652815103,0.020437507696083452,0.1818516757488779,4.4244512709701995,0.06546660326959604,2002.0,0.0
purchase_0.60,购置价单因素,0.6,1.0,1.0,180.0,3.0,12.0,A5,S32,状态触发,堵塞损失≥20触发，维护后储备阈值50，冷却21日,129.674392177367,S32,129.674392177367,0.0,0.0,0.6160449995361742,6.262097420285212,0.0,576.0,0.92
purchase_0.60,购置价单因素,0.6,1.0,1.0,180.0,3.0,12.0,A6,S33,状态触发,堵塞损失≥20触发，维护后储备阈值50，冷却35日,63.01305586824629,S32,63.01829510195392,0.005239233707627022,8.314520912272073e-05,0.2356200791528644,6.353495434356988,0.1284129431383111,1491.0,0.0
purchase_0.60,购置价单因素,0.6,1.0,1.0,180.0,3.0,12.0,A7,S29,状态触发,堵塞损失≥10触发，维护后储备阈值50，冷却35日,84.32599056739899,S29,84.32599056739899,0.0,0.0,0.30115887418938586,9.737972196913791,0.07528971854734647,1262.0,0.005
purchase_0.60,购置价单因素,0.6,1.0,1.0,180.0,3.0,12.0,A8,S29,状态触发,堵塞损失≥10触发，维护后储备阈值50，冷却35日,145.21271680347235,S29,145.21271680347235,0.0,0.0,0.6392530234349021,9.678290774804417,0.0926916883980608,557.0,0.945
purchase_0.60,购置价单因素,0.6,1.0,1.0,180.0,3.0,12.0,A9,S32,状态触发,堵塞损失≥20触发，维护后储备阈值50，冷却21日,44.251820780698075,S33,44.274134447294934,0.022313666596858184,0.0005042429035279616,0.10933664611147696,5.846230467580674,0.5860444231575166,3271.0,0.0
purchase_0.60,购置价单因素,0.6,1.0,1.0,180.0,3.0,12.0,A10,S29,状态触发,堵塞损失≥10触发，维护后储备阈值50，冷却35日,240.8859894101314,S29,240.8859894101314,0.0,0.0,1.1792528976850805,9.540155942272301,0.0,308.0,1.0
medium_0.60,中维护价单因素,1.0,0.6,1.0,300.0,1.7999999999999998,12.0,A1,S32,状态触发,堵塞损失≥20触发，维护后储备阈值50，冷却21日,72.25524208436237,S32,72.25524208436237,0.0,0.0,0.19978831463992977,6.783812223598816,0.00899047415879684,1785.0,0.0
medium_0.60,中维护价单因素,1.0,0.6,1.0,300.0,1.7999999999999998,12.0,A2,S28,状态触发,堵塞损失≥10触发，维护后储备阈值50，冷却21日,177.16117303364405,S29,177.6933655188292,0.5321924851851634,0.0030040018141226496,0.5186110736420625,11.987694967236276,0.0,692.0,0.635
medium_0.60,中维护价单因素,1.0,0.6,1.0,300.0,1.7999999999999998,12.0,A3,S32,状态触发,堵塞损失≥20触发，维护后储备阈值50，冷却21日,62.38508368278906,S32,62.38508368278906,0.0,0.0,0.17037424025450018,5.916245492837518,0.05196414327762255,2093.0,0.0
medium_0.60,中维护价单因素,1.0,0.6,1.0,300.0,1.7999999999999998,12.0,A4,S32,状态触发,堵塞损失≥20触发，维护后储备阈值50，冷却21日,61.64139197518609,S32,61.64139197518609,0.0,0.0,0.1706189696529463,5.484546779493959,0.048626406351089696,2060.0,0.0
medium_0.60,中维护价单因素,1.0,0.6,1.0,300.0,1.7999999999999998,12.0,A5,S29,状态触发,堵塞损失≥10触发，维护后储备阈值50，冷却35日,193.42249476193913,S32,196.08527521736565,2.662780455426514,0.013766653453125064,0.5864219829973749,9.71994436818149,0.0,604.0,0.87
medium_0.60,中维护价单因素,1.0,0.6,1.0,300.0,1.7999999999999998,12.0,A6,S33,状态触发,堵塞损失≥20触发，维护后储备阈值50，冷却35日,83.66327084536162,S32,83.6650832790396,0.0018124336779834493,2.1663433184837436e-05,0.2356200791528644,6.353495434356988,0.1284129431383111,1491.0,0.0
medium_0.60,中维护价单因素,1.0,0.6,1.0,300.0,1.7999999999999998,12.0,A7,S29,状态触发,堵塞损失≥10触发，维护后储备阈值50，冷却35日,108.77948883382874,S29,108.77948883382874,0.0,0.0,0.30115887418938586,9.737972196913791,0.07528971854734647,1262.0,0.005
medium_0.60,中维护价单因素,1.0,0.6,1.0,300.0,1.7999999999999998,12.0,A8,S29,状态触发,堵塞损失≥10触发，维护后储备阈值50，冷却35日,210.3091306858953,S29,210.3091306858953,0.0,0.0,0.6392530234349021,9.678290774804417,0.0926916883980608,557.0,0.945
medium_0.60,中维护价单因素,1.0,0.6,1.0,300.0,1.7999999999999998,12.0,A9,S29,状态触发,堵塞损失≥10触发，维护后储备阈值50，冷却35日,50.06361877809176,S33,50.61872272799509,0.5551039499033337,0.01108797093481887,0.1051012597763595,9.854819622930346,0.06621379365910647,3487.0,0.005
medium_0.60,中维护价单因素,1.0,0.6,1.0,300.0,1.7999999999999998,12.0,A10,S29,状态触发,堵塞损失≥10触发，维护后储备阈值50，冷却35日,370.94815000161424,S29,370.94815000161424,0.0,0.0,1.1792528976850805,9.540155942272301,0.0,308.0,1.0
major_0.60,大维护价单因素,1.0,1.0,0.6,300.0,3.0,7.199999999999999,A1,S32,状态触发,堵塞损失≥20触发，维护后储备阈值50，冷却21日,80.35266247671872,S32,80.35266247671872,0.0,0.0,0.19978831463992977,6.783812223598816,0.00899047415879684,1785.0,0.0
major_0.60,大维护价单因素,1.0,1.0,0.6,300.0,3.0,7.199999999999999,A2,S29,状态触发,堵塞损失≥10触发，维护后储备阈值50，冷却35日,188.8506432302534,S29,188.8506432302534,0.0,0.0,0.5255925057200005,9.98100168362281,0.1708175643590002,681.0,0.66
major_0.60,大维护价单因素,1.0,1.0,0.6,300.0,3.0,7.199999999999999,A3,S32,状态触发,堵塞损失≥20触发，维护后储备阈值50，冷却21日,69.23515038646148,S32,69.23515038646148,0.0,0.0,0.17037424025450018,5.916245492837518,0.05196414327762255,2093.0,0.0
major_0.60,大维护价单因素,1.0,1.0,0.6,300.0,3.0,7.199999999999999,A4,S32,状态触发,堵塞损失≥20触发，维护后储备阈值50，冷却21日,67.98944136009361,S32,67.98944136009361,0.0,0.0,0.1706189696529463,5.484546779493959,0.048626406351089696,2060.0,0.0
major_0.60,大维护价单因素,1.0,1.0,0.6,300.0,3.0,7.199999999999999,A5,S32,状态触发,堵塞损失≥20触发，维护后储备阈值50，冷却21日,203.5997921217079,S32,203.5997921217079,0.0,0.0,0.6160449995361742,6.262097420285212,0.0,576.0,0.92
major_0.60,大维护价单因素,1.0,1.0,0.6,300.0,3.0,7.199999999999999,A6,S33,状态触发,堵塞损失≥20触发，维护后储备阈值50，冷却35日,90.67108323952611,S32,90.67551960702097,0.004436367494861315,4.8928140442987186e-05,0.2356200791528644,6.353495434356988,0.1284129431383111,1491.0,0.0
major_0.60,大维护价单因素,1.0,1.0,0.6,300.0,3.0,7.199999999999999,A7,S29,状态触发,堵塞损失≥10触发，维护后储备阈值50，冷却35日,120.10366482109802,S29,120.10366482109802,0.0,0.0,0.30115887418938586,9.737972196913791,0.07528971854734647,1262.0,0.005
major_0.60,大维护价单因素,1.0,1.0,0.6,300.0,3.0,7.199999999999999,A8,S29,状态触发,堵塞损失≥10触发，维护后储备阈值50，冷却35日,221.4781595113499,S29,221.4781595113499,0.0,0.0,0.6392530234349021,9.678290774804417,0.0926916883980608,557.0,0.945
major_0.60,大维护价单因素,1.0,1.0,0.6,300.0,3.0,7.199999999999999,A9,S32,状态触发,堵塞损失≥20触发，维护后储备阈值50，冷却21日,54.55920508291922,S33,54.715771789225144,0.15656670630592373,0.0028696661923129792,0.10933664611147696,5.846230467580674,0.5860444231575166,3271.0,0.0
major_0.60,大维护价单因素,1.0,1.0,0.6,300.0,3.0,7.199999999999999,A10,S29,状态触发,堵塞损失≥10触发，维护后储备阈值50，冷却35日,382.39633713234105,S29,382.39633713234105,0.0,0.0,1.1792528976850805,9.540155942272301,0.0,308.0,1.0
purchase_0.65,购置价单因素,0.65,1.0,1.0,195.0,3.0,12.0,A1,S32,状态触发,堵塞损失≥20触发，维护后储备阈值50，冷却21日,59.41804371548832,S32,59.41804371548832,0.0,0.0,0.19978831463992977,6.783812223598816,0.00899047415879684,1785.0,0.0
purchase_0.65,购置价单因素,0.65,1.0,1.0,195.0,3.0,12.0,A2,S29,状态触发,堵塞损失≥10触发，维护后储备阈值50，冷却35日,134.48335443857653,S29,134.48335443857653,0.0,0.0,0.5255925057200005,9.98100168362281,0.1708175643590002,681.0,0.66
purchase_0.65,购置价单因素,0.65,1.0,1.0,195.0,3.0,12.0,A3,S32,状态触发,堵塞损失≥20触发，维护后储备阈值50，冷却21日,51.59528304747156,S32,51.59528304747156,0.0,0.0,0.17037424025450018,5.916245492837518,0.05196414327762255,2093.0,0.0
purchase_0.65,购置价单因素,0.65,1.0,1.0,195.0,3.0,12.0,A4,S36,状态触发,堵塞损失≥30触发，维护后储备阈值50，冷却21日,49.52002982317694,S32,50.30785629701948,0.7878264738425358,0.015909248775811683,0.1818516757488779,4.4244512709701995,0.06546660326959604,2002.0,0.0
purchase_0.65,购置价单因素,0.65,1.0,1.0,195.0,3.0,12.0,A5,S32,状态触发,堵塞损失≥20触发，维护后储备阈值50，冷却21日,138.9150671704096,S32,138.9150671704096,0.0,0.0,0.6160449995361742,6.262097420285212,0.0,576.0,0.92
purchase_0.65,购置价单因素,0.65,1.0,1.0,195.0,3.0,12.0,A6,S33,状态触发,堵塞损失≥20触发，维护后储备阈值50，冷却35日,66.54735705553925,S32,66.55249369440268,0.005136638863433518,7.718772150705503e-05,0.2356200791528644,6.353495434356988,0.1284129431383111,1491.0,0.0
purchase_0.65,购置价单因素,0.65,1.0,1.0,195.0,3.0,12.0,A7,S29,状态触发,堵塞损失≥10触发，维护后储备阈值50，冷却35日,88.84337368023978,S29,88.84337368023978,0.0,0.0,0.30115887418938586,9.737972196913791,0.07528971854734647,1262.0,0.005
purchase_0.65,购置价单因素,0.65,1.0,1.0,195.0,3.0,12.0,A8,S29,状态触发,堵塞损失≥10触发，维护后储备阈值50，冷却35日,154.8015121549959,S29,154.8015121549959,0.0,0.0,0.6392530234349021,9.678290774804417,0.0926916883980608,557.0,0.945
purchase_0.65,购置价单因素,0.65,1.0,1.0,195.0,3.0,12.0,A9,S32,状态触发,堵塞损失≥20触发，维护后储备阈值50，冷却21日,45.89187047237023,S33,45.93259018775399,0.040719715383758626,0.000887296921320181,0.10933664611147696,5.846230467580674,0.5860444231575166,3271.0,0.0
purchase_0.65,购置价单因素,0.65,1.0,1.0,195.0,3.0,12.0,A10,S29,状态触发,堵塞损失≥10触发，维护后储备阈值50，冷却35日,258.5747828754076,S29,258.5747828754076,0.0,0.0,1.1792528976850805,9.540155942272301,0.0,308.0,1.0
medium_0.65,中维护价单因素,1.0,0.65,1.0,300.0,1.9500000000000002,12.0,A1,S32,状态触发,堵塞损失≥20触发，维护后储备阈值50，冷却21日,73.27281391790218,S32,73.27281391790218,0.0,0.0,0.19978831463992977,6.783812223598816,0.00899047415879684,1785.0,0.0
medium_0.65,中维护价单因素,1.0,0.65,1.0,300.0,1.9500000000000002,12.0,A2,S28,状态触发,堵塞损失≥10触发，维护后储备阈值50，冷却21日,178.9593272787295,S29,179.19051577137265,0.231188492643156,0.0012918493612969358,0.5186110736420625,11.987694967236276,0.0,692.0,0.635
medium_0.65,中维护价单因素,1.0,0.65,1.0,300.0,1.9500000000000002,12.0,A3,S32,状态触发,堵塞损失≥20触发，维护后储备阈值50，冷却21日,63.272520506714685,S32,63.272520506714685,0.0,0.0,0.17037424025450018,5.916245492837518,0.05196414327762255,2093.0,0.0
medium_0.65,中维护价单因素,1.0,0.65,1.0,300.0,1.9500000000000002,12.0,A4,S32,状态触发,堵塞损失≥20触发，维护后储备阈值50，冷却21日,62.46407399211018,S32,62.46407399211018,0.0,0.0,0.1706189696529463,5.484546779493959,0.048626406351089696,2060.0,0.0
medium_0.65,中维护价单因素,1.0,0.65,1.0,300.0,1.9500000000000002,12.0,A5,S29,状态触发,堵塞损失≥10触发，维护后储备阈值50，冷却35日,194.88048641716637,S32,197.02458983040842,2.14410341324205,0.011002145225829972,0.5864219829973749,9.71994436818149,0.0,604.0,0.87
medium_0.65,中维护价单因素,1.0,0.65,1.0,300.0,1.9500000000000002,12.0,A6,S33,状态触发,堵塞损失≥20触发，维护后储备阈值50，冷却35日,84.61629516051518,S32,84.61843334935266,0.002138188837477628,2.5269232521011852e-05,0.2356200791528644,6.353495434356988,0.1284129431383111,1491.0,0.0
medium_0.65,中维护价单因素,1.0,0.65,1.0,300.0,1.9500000000000002,12.0,A7,S29,状态触发,堵塞损失≥10触发，维护后储备阈值50，冷却35日,110.24018466336581,S29,110.24018466336581,0.0,0.0,0.30115887418938586,9.737972196913791,0.07528971854734647,1262.0,0.005
medium_0.65,中维护价单因素,1.0,0.65,1.0,300.0,1.9500000000000002,12.0,A8,S29,状态触发,堵塞损失≥10触发，维护后储备阈值50，冷却35日,211.76087430211595,S29,211.76087430211595,0.0,0.0,0.6392530234349021,9.678290774804417,0.0926916883980608,557.0,0.945
medium_0.65,中维护价单因素,1.0,0.65,1.0,300.0,1.9500000000000002,12.0,A9,S32,状态触发,堵塞损失≥20触发，维护后储备阈值50，冷却21日,51.2336763231156,S33,51.48410493336663,0.2504286102510278,0.004887968778028905,0.10933664611147696,5.846230467580674,0.5860444231575166,3271.0,0.0
medium_0.65,中维护价单因素,1.0,0.65,1.0,300.0,1.9500000000000002,12.0,A10,S29,状态触发,堵塞损失≥10触发，维护后储备阈值50，冷却35日,372.3791733929551,S29,372.3791733929551,0.0,0.0,1.1792528976850805,9.540155942272301,0.0,308.0,1.0
major_0.65,大维护价单因素,1.0,1.0,0.65,300.0,3.0,7.800000000000001,A1,S32,状态触发,堵塞损失≥20触发，维护后储备阈值50，冷却21日,80.358056761214,S32,80.358056761214,0.0,0.0,0.19978831463992977,6.783812223598816,0.00899047415879684,1785.0,0.0
major_0.65,大维护价单因素,1.0,1.0,0.65,300.0,3.0,7.800000000000001,A2,S29,状态触发,堵塞损失≥10触发，维护后储备阈值50，冷却35日,188.9531337688688,S29,188.9531337688688,0.0,0.0,0.5255925057200005,9.98100168362281,0.1708175643590002,681.0,0.66
major_0.65,大维护价单因素,1.0,1.0,0.65,300.0,3.0,7.800000000000001,A3,S32,状态触发,堵塞损失≥20触发，维护后储备阈值50，冷却21日,69.26632887242806,S32,69.26632887242806,0.0,0.0,0.17037424025450018,5.916245492837518,0.05196414327762255,2093.0,0.0
major_0.65,大维护价单因素,1.0,1.0,0.65,300.0,3.0,7.800000000000001,A4,S32,状态触发,堵塞损失≥20触发，维护后储备阈值50，冷却21日,68.01861720390426,S32,68.01861720390426,0.0,0.0,0.1706189696529463,5.484546779493959,0.048626406351089696,2060.0,0.0
major_0.65,大维护价单因素,1.0,1.0,0.65,300.0,3.0,7.800000000000001,A5,S32,状态触发,堵塞损失≥20触发，维护后储备阈值50，冷却21日,203.5997921217079,S32,203.5997921217079,0.0,0.0,0.6160449995361742,6.262097420285212,0.0,576.0,0.92
major_0.65,大维护价单因素,1.0,1.0,0.65,300.0,3.0,7.800000000000001,A6,S33,状态触发,堵塞损失≥20触发，维护后储备阈值50，冷却35日,90.7481310054091,S32,90.75256513633636,0.00443413092725109,4.8861953167793506e-05,0.2356200791528644,6.353495434356988,0.1284129431383111,1491.0,0.0
major_0.65,大维护价单因素,1.0,1.0,0.65,300.0,3.0,7.800000000000001,A7,S29,状态触发,堵塞损失≥10触发，维护后储备阈值50，冷却35日,120.14883865222643,S29,120.14883865222643,0.0,0.0,0.30115887418938586,9.737972196913791,0.07528971854734647,1262.0,0.005
major_0.65,大维护价单因素,1.0,1.0,0.65,300.0,3.0,7.800000000000001,A8,S29,状态触发,堵塞损失≥10触发，维护后储备阈值50，冷却35日,221.53377452438875,S29,221.53377452438875,0.0,0.0,0.6392530234349021,9.678290774804417,0.0926916883980608,557.0,0.945
major_0.65,大维护价单因素,1.0,1.0,0.65,300.0,3.0,7.800000000000001,A9,S32,状态触发,堵塞损失≥20触发，维护后储备阈值50，冷却21日,54.91083173681373,S33,55.069022861942926,0.15819112512919276,0.0028808728647090782,0.10933664611147696,5.846230467580674,0.5860444231575166,3271.0,0.0
major_0.65,大维护价单因素,1.0,1.0,0.65,300.0,3.0,7.800000000000001,A10,S29,状态触发,堵塞损失≥10触发，维护后储备阈值50，冷却35日,382.39633713234105,S29,382.39633713234105,0.0,0.0,1.1792528976850805,9.540155942272301,0.0,308.0,1.0
purchase_0.70,购置价单因素,0.7,1.0,1.0,210.0,3.0,12.0,A1,S32,状态触发,堵塞损失≥20触发，维护后储备阈值50，冷却21日,62.414868435087264,S32,62.414868435087264,0.0,0.0,0.19978831463992977,6.783812223598816,0.00899047415879684,1785.0,0.0
purchase_0.70,购置价单因素,0.7,1.0,1.0,210.0,3.0,12.0,A2,S29,状态触发,堵塞损失≥10触发，维护后储备阈值50，冷却35日,142.36724202437654,S29,142.36724202437654,0.0,0.0,0.5255925057200005,9.98100168362281,0.1708175643590002,681.0,0.66
purchase_0.70,购置价单因素,0.7,1.0,1.0,210.0,3.0,12.0,A3,S32,状态触发,堵塞损失≥20触发，维护后储备阈值50，冷却21日,54.15089665128907,S32,54.15089665128907,0.0,0.0,0.17037424025450018,5.916245492837518,0.05196414327762255,2093.0,0.0
purchase_0.70,购置价单因素,0.7,1.0,1.0,210.0,3.0,12.0,A4,S36,状态触发,堵塞损失≥30触发，维护后储备阈值50，冷却21日,52.24780495941011,S32,52.86714084181367,0.6193358824035613,0.011853816306440173,0.1818516757488779,4.4244512709701995,0.06546660326959604,2002.0,0.0
purchase_0.70,购置价单因素,0.7,1.0,1.0,210.0,3.0,12.0,A5,S32,状态触发,堵塞损失≥20触发，维护后储备阈值50，冷却21日,148.15574216345223,S32,148.15574216345223,0.0,0.0,0.6160449995361742,6.262097420285212,0.0,576.0,0.92
purchase_0.70,购置价单因素,0.7,1.0,1.0,210.0,3.0,12.0,A6,S33,状态触发,堵塞损失≥20触发，维护后储备阈值50，冷却35日,70.08165824283223,S32,70.08669228685145,0.005034044019211592,7.183112023075539e-05,0.2356200791528644,6.353495434356988,0.1284129431383111,1491.0,0.0
purchase_0.70,购置价单因素,0.7,1.0,1.0,210.0,3.0,12.0,A7,S29,状态触发,堵塞损失≥10触发，维护后储备阈值50，冷却35日,93.36075679308057,S29,93.36075679308057,0.0,0.0,0.30115887418938586,9.737972196913791,0.07528971854734647,1262.0,0.005
purchase_0.70,购置价单因素,0.7,1.0,1.0,210.0,3.0,12.0,A8,S29,状态触发,堵塞损失≥10触发，维护后储备阈值50，冷却35日,164.3903075065194,S29,164.3903075065194,0.0,0.0,0.6392530234349021,9.678290774804417,0.0926916883980608,557.0,0.945
purchase_0.70,购置价单因素,0.7,1.0,1.0,210.0,3.0,12.0,A9,S32,状态触发,堵塞损失≥20触发，维护后储备阈值50，冷却21日,47.53192016404238,S33,47.59104592821304,0.05912576417065907,0.0012439170133797237,0.10933664611147696,5.846230467580674,0.5860444231575166,3271.0,0.0
purchase_0.70,购置价单因素,0.7,1.0,1.0,210.0,3.0,12.0,A10,S29,状态触发,堵塞损失≥10触发，维护后储备阈值50，冷却35日,276.2635763406838,S29,276.2635763406838,0.0,0.0,1.1792528976850805,9.540155942272301,0.0,308.0,1.0
medium_0.70,中维护价单因素,1.0,0.7,1.0,300.0,2.0999999999999996,12.0,A1,S32,状态触发,堵塞损失≥20触发，维护后储备阈值50，冷却21日,74.290385751442,S32,74.290385751442,0.0,0.0,0.19978831463992977,6.783812223598816,0.00899047415879684,1785.0,0.0
medium_0.70,中维护价单因素,1.0,0.7,1.0,300.0,2.0999999999999996,12.0,A2,S29,状态触发,堵塞损失≥10触发，维护后储备阈值50，冷却35日,180.68766602391608,S29,180.68766602391608,0.0,0.0,0.5255925057200005,9.98100168362281,0.1708175643590002,681.0,0.66
medium_0.70,中维护价单因素,1.0,0.7,1.0,300.0,2.0999999999999996,12.0,A3,S32,状态触发,堵塞损失≥20触发，维护后储备阈值50，冷却21日,64.15995733064031,S32,64.15995733064031,0.0,0.0,0.17037424025450018,5.916245492837518,0.05196414327762255,2093.0,0.0
medium_0.70,中维护价单因素,1.0,0.7,1.0,300.0,2.0999999999999996,12.0,A4,S32,状态触发,堵塞损失≥20触发，维护后储备阈值50，冷却21日,63.28675600903427,S32,63.28675600903427,0.0,0.0,0.1706189696529463,5.484546779493959,0.048626406351089696,2060.0,0.0
medium_0.70,中维护价单因素,1.0,0.7,1.0,300.0,2.0999999999999996,12.0,A5,S29,状态触发,堵塞损失≥10触发，维护后储备阈值50，冷却35日,196.3384780723936,S32,197.9639044434512,1.625426371057614,0.008278694971131892,0.5864219829973749,9.71994436818149,0.0,604.0,0.87
medium_0.70,中维护价单因素,1.0,0.7,1.0,300.0,2.0999999999999996,12.0,A6,S33,状态触发,堵塞损失≥20触发，维护后储备阈值50，冷却35日,85.56931947566872,S32,85.5717834196657,0.0024639439969860177,2.879471301260763e-05,0.2356200791528644,6.353495434356988,0.1284129431383111,1491.0,0.0
medium_0.70,中维护价单因素,1.0,0.7,1.0,300.0,2.0999999999999996,12.0,A7,S29,状态触发,堵塞损失≥10触发，维护后储备阈值50，冷却35日,111.70088049290287,S29,111.70088049290287,0.0,0.0,0.30115887418938586,9.737972196913791,0.07528971854734647,1262.0,0.005
medium_0.70,中维护价单因素,1.0,0.7,1.0,300.0,2.0999999999999996,12.0,A8,S29,状态触发,堵塞损失≥10触发，维护后储备阈值50，冷却35日,213.2126179183366,S29,213.2126179183366,0.0,0.0,0.6392530234349021,9.678290774804417,0.0926916883980608,557.0,0.945
medium_0.70,中维护价单因素,1.0,0.7,1.0,300.0,2.0999999999999996,12.0,A9,S32,状态触发,堵塞损失≥20触发，维护后储备阈值50，冷却21日,52.1106108932527,S33,52.34948713873816,0.23887624548546427,0.004584023126783072,0.10933664611147696,5.846230467580674,0.5860444231575166,3271.0,0.0
medium_0.70,中维护价单因素,1.0,0.7,1.0,300.0,2.0999999999999996,12.0,A10,S29,状态触发,堵塞损失≥10触发，维护后储备阈值50，冷却35日,373.81019678429595,S29,373.81019678429595,0.0,0.0,1.1792528976850805,9.540155942272301,0.0,308.0,1.0
major_0.70,大维护价单因素,1.0,1.0,0.7,300.0,3.0,8.399999999999999,A1,S32,状态触发,堵塞损失≥20触发，维护后储备阈值50，冷却21日,80.36345104570928,S32,80.36345104570928,0.0,0.0,0.19978831463992977,6.783812223598816,0.00899047415879684,1785.0,0.0
major_0.70,大维护价单因素,1.0,1.0,0.7,300.0,3.0,8.399999999999999,A2,S29,状态触发,堵塞损失≥10触发，维护后储备阈值50，冷却35日,189.0556243074842,S29,189.0556243074842,0.0,0.0,0.5255925057200005,9.98100168362281,0.1708175643590002,681.0,0.66
major_0.70,大维护价单因素,1.0,1.0,0.7,300.0,3.0,8.399999999999999,A3,S32,状态触发,堵塞损失≥20触发，维护后储备阈值50，冷却21日,69.29750735839464,S32,69.29750735839464,0.0,0.0,0.17037424025450018,5.916245492837518,0.05196414327762255,2093.0,0.0
major_0.70,大维护价单因素,1.0,1.0,0.7,300.0,3.0,8.399999999999999,A4,S32,状态触发,堵塞损失≥20触发，维护后储备阈值50，冷却21日,68.0477930477149,S32,68.0477930477149,0.0,0.0,0.1706189696529463,5.484546779493959,0.048626406351089696,2060.0,0.0
major_0.70,大维护价单因素,1.0,1.0,0.7,300.0,3.0,8.399999999999999,A5,S32,状态触发,堵塞损失≥20触发，维护后储备阈值50，冷却21日,203.5997921217079,S32,203.5997921217079,0.0,0.0,0.6160449995361742,6.262097420285212,0.0,576.0,0.92
major_0.70,大维护价单因素,1.0,1.0,0.7,300.0,3.0,8.399999999999999,A6,S33,状态触发,堵塞损失≥20触发，维护后储备阈值50，冷却35日,90.82517877129209,S32,90.82961066565174,0.004431894359655075,4.879587818720488e-05,0.2356200791528644,6.353495434356988,0.1284129431383111,1491.0,0.0
major_0.70,大维护价单因素,1.0,1.0,0.7,300.0,3.0,8.399999999999999,A7,S29,状态触发,堵塞损失≥10触发，维护后储备阈值50，冷却35日,120.19401248335484,S29,120.19401248335484,0.0,0.0,0.30115887418938586,9.737972196913791,0.07528971854734647,1262.0,0.005
major_0.70,大维护价单因素,1.0,1.0,0.7,300.0,3.0,8.399999999999999,A8,S29,状态触发,堵塞损失≥10触发，维护后储备阈值50，冷却35日,221.58938953742756,S29,221.58938953742756,0.0,0.0,0.6392530234349021,9.678290774804417,0.0926916883980608,557.0,0.945
major_0.70,大维护价单因素,1.0,1.0,0.7,300.0,3.0,8.399999999999999,A9,S32,状态触发,堵塞损失≥20触发，维护后储备阈值50，冷却21日,55.26245839070825,S33,55.4222739346607,0.15981554395245468,0.002891936924386372,0.10933664611147696,5.846230467580674,0.5860444231575166,3271.0,0.0
major_0.70,大维护价单因素,1.0,1.0,0.7,300.0,3.0,8.399999999999999,A10,S29,状态触发,堵塞损失≥10触发，维护后储备阈值50，冷却35日,382.39633713234105,S29,382.39633713234105,0.0,0.0,1.1792528976850805,9.540155942272301,0.0,308.0,1.0
purchase_0.75,购置价单因素,0.75,1.0,1.0,225.0,3.0,12.0,A1,S32,状态触发,堵塞损失≥20触发，维护后储备阈值50，冷却21日,65.4116931546862,S32,65.4116931546862,0.0,0.0,0.19978831463992977,6.783812223598816,0.00899047415879684,1785.0,0.0
purchase_0.75,购置价单因素,0.75,1.0,1.0,225.0,3.0,12.0,A2,S29,状态触发,堵塞损失≥10触发，维护后储备阈值50，冷却35日,150.25112961017655,S29,150.25112961017655,0.0,0.0,0.5255925057200005,9.98100168362281,0.1708175643590002,681.0,0.66
purchase_0.75,购置价单因素,0.75,1.0,1.0,225.0,3.0,12.0,A3,S32,状态触发,堵塞损失≥20触发，维护后储备阈值50，冷却21日,56.706510255106565,S32,56.706510255106565,0.0,0.0,0.17037424025450018,5.916245492837518,0.05196414327762255,2093.0,0.0
purchase_0.75,购置价单因素,0.75,1.0,1.0,225.0,3.0,12.0,A4,S36,状态触发,堵塞损失≥30触发，维护后储备阈值50，冷却21日,54.97558009564328,S32,55.42642538660787,0.4508452909645868,0.008200828261934348,0.1818516757488779,4.4244512709701995,0.06546660326959604,2002.0,0.0
purchase_0.75,购置价单因素,0.75,1.0,1.0,225.0,3.0,12.0,A5,S32,状态触发,堵塞损失≥20触发，维护后储备阈值50，冷却21日,157.39641715649483,S32,157.39641715649483,0.0,0.0,0.6160449995361742,6.262097420285212,0.0,576.0,0.92
purchase_0.75,购置价单因素,0.75,1.0,1.0,225.0,3.0,12.0,A6,S33,状态触发,堵塞损失≥20触发，维护后储备阈值50，冷却35日,73.61595943012519,S32,73.62089087930022,0.004931449175032299,6.698885966042638e-05,0.2356200791528644,6.353495434356988,0.1284129431383111,1491.0,0.0
purchase_0.75,购置价单因素,0.75,1.0,1.0,225.0,3.0,12.0,A7,S29,状态触发,堵塞损失≥10触发，维护后储备阈值50，冷却35日,97.87813990592136,S29,97.87813990592136,0.0,0.0,0.30115887418938586,9.737972196913791,0.07528971854734647,1262.0,0.005
purchase_0.75,购置价单因素,0.75,1.0,1.0,225.0,3.0,12.0,A8,S29,状态触发,堵塞损失≥10触发，维护后储备阈值50，冷却35日,173.97910285804292,S29,173.97910285804292,0.0,0.0,0.6392530234349021,9.678290774804417,0.0926916883980608,557.0,0.945
purchase_0.75,购置价单因素,0.75,1.0,1.0,225.0,3.0,12.0,A9,S32,状态触发,堵塞损失≥20触发，维护后储备阈值50，冷却21日,49.171969855714536,S33,49.249501668672096,0.07753181295755951,0.001576748159267594,0.10933664611147696,5.846230467580674,0.5860444231575166,3271.0,0.0
purchase_0.75,购置价单因素,0.75,1.0,1.0,225.0,3.0,12.0,A10,S29,状态触发,堵塞损失≥10触发，维护后储备阈值50，冷却35日,293.95236980595996,S29,293.95236980595996,0.0,0.0,1.1792528976850805,9.540155942272301,0.0,308.0,1.0
medium_0.75,中维护价单因素,1.0,0.75,1.0,300.0,2.25,12.0,A1,S32,状态触发,堵塞损失≥20触发，维护后储备阈值50，冷却21日,75.30795758498182,S32,75.30795758498182,0.0,0.0,0.19978831463992977,6.783812223598816,0.00899047415879684,1785.0,0.0
medium_0.75,中维护价单因素,1.0,0.75,1.0,300.0,2.25,12.0,A2,S29,状态触发,堵塞损失≥10触发，维护后储备阈值50，冷却35日,182.1848162764595,S29,182.1848162764595,0.0,0.0,0.5255925057200005,9.98100168362281,0.1708175643590002,681.0,0.66
medium_0.75,中维护价单因素,1.0,0.75,1.0,300.0,2.25,12.0,A3,S32,状态触发,堵塞损失≥20触发，维护后储备阈值50，冷却21日,65.04739415456594,S32,65.04739415456594,0.0,0.0,0.17037424025450018,5.916245492837518,0.05196414327762255,2093.0,0.0
medium_0.75,中维护价单因素,1.0,0.75,1.0,300.0,2.25,12.0,A4,S32,状态触发,堵塞损失≥20触发，维护后储备阈值50，冷却21日,64.10943802595837,S32,64.10943802595837,0.0,0.0,0.1706189696529463,5.484546779493959,0.048626406351089696,2060.0,0.0
medium_0.75,中维护价单因素,1.0,0.75,1.0,300.0,2.25,12.0,A5,S29,状态触发,堵塞损失≥10触发，维护后储备阈值50，冷却35日,197.7964697276208,S32,198.90321905649398,1.1067493288731782,0.005595394752986478,0.5864219829973749,9.71994436818149,0.0,604.0,0.87
medium_0.75,中维护价单因素,1.0,0.75,1.0,300.0,2.25,12.0,A6,S33,状态触发,堵塞损失≥20触发，维护后储备阈值50，冷却35日,86.52234379082228,S32,86.52513348997877,0.0027896991564944074,3.2242528741926206e-05,0.2356200791528644,6.353495434356988,0.1284129431383111,1491.0,0.0
medium_0.75,中维护价单因素,1.0,0.75,1.0,300.0,2.25,12.0,A7,S29,状态触发,堵塞损失≥10触发，维护后储备阈值50，冷却35日,113.16157632243994,S29,113.16157632243994,0.0,0.0,0.30115887418938586,9.737972196913791,0.07528971854734647,1262.0,0.005
medium_0.75,中维护价单因素,1.0,0.75,1.0,300.0,2.25,12.0,A8,S29,状态触发,堵塞损失≥10触发，维护后储备阈值50，冷却35日,214.6643615345573,S29,214.6643615345573,0.0,0.0,0.6392530234349021,9.678290774804417,0.0926916883980608,557.0,0.945
medium_0.75,中维护价单因素,1.0,0.75,1.0,300.0,2.25,12.0,A9,S32,状态触发,堵塞损失≥20触发，维护后储备阈值50，冷却21日,52.9875454633898,S33,53.2148693441097,0.22732388071990073,0.0042901379698171435,0.10933664611147696,5.846230467580674,0.5860444231575166,3271.0,0.0
medium_0.75,中维护价单因素,1.0,0.75,1.0,300.0,2.25,12.0,A10,S29,状态触发,堵塞损失≥10触发，维护后储备阈值50，冷却35日,375.2412201756368,S29,375.2412201756368,0.0,0.0,1.1792528976850805,9.540155942272301,0.0,308.0,1.0
major_0.75,大维护价单因素,1.0,1.0,0.75,300.0,3.0,9.0,A1,S32,状态触发,堵塞损失≥20触发，维护后储备阈值50，冷却21日,80.36884533020455,S32,80.36884533020455,0.0,0.0,0.19978831463992977,6.783812223598816,0.00899047415879684,1785.0,0.0
major_0.75,大维护价单因素,1.0,1.0,0.75,300.0,3.0,9.0,A2,S29,状态触发,堵塞损失≥10触发，维护后储备阈值50，冷却35日,189.1581148460996,S29,189.1581148460996,0.0,0.0,0.5255925057200005,9.98100168362281,0.1708175643590002,681.0,0.66
major_0.75,大维护价单因素,1.0,1.0,0.75,300.0,3.0,9.0,A3,S32,状态触发,堵塞损失≥20触发，维护后储备阈值50，冷却21日,69.3286858443612,S32,69.3286858443612,0.0,0.0,0.17037424025450018,5.916245492837518,0.05196414327762255,2093.0,0.0
major_0.75,大维护价单因素,1.0,1.0,0.75,300.0,3.0,9.0,A4,S32,状态触发,堵塞损失≥20触发，维护后储备阈值50，冷却21日,68.07696889152557,S32,68.07696889152557,0.0,0.0,0.1706189696529463,5.484546779493959,0.048626406351089696,2060.0,0.0
major_0.75,大维护价单因素,1.0,1.0,0.75,300.0,3.0,9.0,A5,S32,状态触发,堵塞损失≥20触发，维护后储备阈值50，冷却21日,203.5997921217079,S32,203.5997921217079,0.0,0.0,0.6160449995361742,6.262097420285212,0.0,576.0,0.92
major_0.75,大维护价单因素,1.0,1.0,0.75,300.0,3.0,9.0,A6,S33,状态触发,堵塞损失≥20触发，维护后储备阈值50，冷却35日,90.90222653717508,S32,90.90665619496713,0.00442965779204485,4.872991521536947e-05,0.2356200791528644,6.353495434356988,0.1284129431383111,1491.0,0.0
major_0.75,大维护价单因素,1.0,1.0,0.75,300.0,3.0,9.0,A7,S29,状态触发,堵塞损失≥10触发，维护后储备阈值50，冷却35日,120.23918631448325,S29,120.23918631448325,0.0,0.0,0.30115887418938586,9.737972196913791,0.07528971854734647,1262.0,0.005
major_0.75,大维护价单因素,1.0,1.0,0.75,300.0,3.0,9.0,A8,S29,状态触发,堵塞损失≥10触发，维护后储备阈值50，冷却35日,221.6450045504664,S29,221.6450045504664,0.0,0.0,0.6392530234349021,9.678290774804417,0.0926916883980608,557.0,0.945
major_0.75,大维护价单因素,1.0,1.0,0.75,300.0,3.0,9.0,A9,S32,状态触发,堵塞损失≥20触发，维护后储备阈值50，冷却21日,55.61408504460275,S33,55.775525007378484,0.1614399627757308,0.0029028610764027713,0.10933664611147696,5.846230467580674,0.5860444231575166,3271.0,0.0
major_0.75,大维护价单因素,1.0,1.0,0.75,300.0,3.0,9.0,A10,S29,状态触发,堵塞损失≥10触发，维护后储备阈值50，冷却35日,382.39633713234105,S29,382.39633713234105,0.0,0.0,1.1792528976850805,9.540155942272301,0.0,308.0,1.0
purchase_0.80,购置价单因素,0.8,1.0,1.0,240.0,3.0,12.0,A1,S32,状态触发,堵塞损失≥20触发，维护后储备阈值50，冷却21日,68.40851787428515,S32,68.40851787428515,0.0,0.0,0.19978831463992977,6.783812223598816,0.00899047415879684,1785.0,0.0
purchase_0.80,购置价单因素,0.8,1.0,1.0,240.0,3.0,12.0,A2,S29,状态触发,堵塞损失≥10触发，维护后储备阈值50，冷却35日,158.13501719597656,S29,158.13501719597656,0.0,0.0,0.5255925057200005,9.98100168362281,0.1708175643590002,681.0,0.66
purchase_0.80,购置价单因素,0.8,1.0,1.0,240.0,3.0,12.0,A3,S32,状态触发,堵塞损失≥20触发，维护后储备阈值50，冷却21日,59.26212385892407,S32,59.26212385892407,0.0,0.0,0.17037424025450018,5.916245492837518,0.05196414327762255,2093.0,0.0
purchase_0.80,购置价单因素,0.8,1.0,1.0,240.0,3.0,12.0,A4,S36,状态触发,堵塞损失≥30触发，维护后储备阈值50，冷却21日,57.70335523187645,S32,57.98570993140206,0.2823546995256123,0.004893211120757049,0.1818516757488779,4.4244512709701995,0.06546660326959604,2002.0,0.0
purchase_0.80,购置价单因素,0.8,1.0,1.0,240.0,3.0,12.0,A5,S32,状态触发,堵塞损失≥20触发，维护后储备阈值50，冷却21日,166.63709214953747,S32,166.63709214953747,0.0,0.0,0.6160449995361742,6.262097420285212,0.0,576.0,0.92
purchase_0.80,购置价单因素,0.8,1.0,1.0,240.0,3.0,12.0,A6,S33,状态触发,堵塞损失≥20触发，维护后储备阈值50，冷却35日,77.15026061741817,S32,77.15508947174898,0.004828854330810373,6.259025299676259e-05,0.2356200791528644,6.353495434356988,0.1284129431383111,1491.0,0.0
purchase_0.80,购置价单因素,0.8,1.0,1.0,240.0,3.0,12.0,A7,S29,状态触发,堵塞损失≥10触发，维护后储备阈值50，冷却35日,102.39552301876215,S29,102.39552301876215,0.0,0.0,0.30115887418938586,9.737972196913791,0.07528971854734647,1262.0,0.005
purchase_0.80,购置价单因素,0.8,1.0,1.0,240.0,3.0,12.0,A8,S29,状态触发,堵塞损失≥10触发，维护后储备阈值50，冷却35日,183.56789820956647,S29,183.56789820956647,0.0,0.0,0.6392530234349021,9.678290774804417,0.0926916883980608,557.0,0.945
purchase_0.80,购置价单因素,0.8,1.0,1.0,240.0,3.0,12.0,A9,S32,状态触发,堵塞损失≥20触发，维护后储备阈值50，冷却21日,50.81201954738669,S33,50.90795740913116,0.09593786174446706,0.0018880938525774702,0.10933664611147696,5.846230467580674,0.5860444231575166,3271.0,0.0
purchase_0.80,购置价单因素,0.8,1.0,1.0,240.0,3.0,12.0,A10,S29,状态触发,堵塞损失≥10触发，维护后储备阈值50，冷却35日,311.6411632712362,S29,311.6411632712362,0.0,0.0,1.1792528976850805,9.540155942272301,0.0,308.0,1.0
medium_0.80,中维护价单因素,1.0,0.8,1.0,300.0,2.4000000000000004,12.0,A1,S32,状态触发,堵塞损失≥20触发，维护后储备阈值50，冷却21日,76.32552941852165,S32,76.32552941852165,0.0,0.0,0.19978831463992977,6.783812223598816,0.00899047415879684,1785.0,0.0
medium_0.80,中维护价单因素,1.0,0.8,1.0,300.0,2.4000000000000004,12.0,A2,S29,状态触发,堵塞损失≥10触发，维护后储备阈值50，冷却35日,183.68196652900292,S29,183.68196652900292,0.0,0.0,0.5255925057200005,9.98100168362281,0.1708175643590002,681.0,0.66
medium_0.80,中维护价单因素,1.0,0.8,1.0,300.0,2.4000000000000004,12.0,A3,S32,状态触发,堵塞损失≥20触发，维护后储备阈值50，冷却21日,65.93483097849156,S32,65.93483097849156,0.0,0.0,0.17037424025450018,5.916245492837518,0.05196414327762255,2093.0,0.0
medium_0.80,中维护价单因素,1.0,0.8,1.0,300.0,2.4000000000000004,12.0,A4,S32,状态触发,堵塞损失≥20触发，维护后储备阈值50，冷却21日,64.93212004288247,S32,64.93212004288247,0.0,0.0,0.1706189696529463,5.484546779493959,0.048626406351089696,2060.0,0.0
medium_0.80,中维护价单因素,1.0,0.8,1.0,300.0,2.4000000000000004,12.0,A5,S29,状态触发,堵塞损失≥10触发，维护后储备阈值50，冷却35日,199.25446138284804,S32,199.84253366953678,0.5880722866887425,0.00295136320967398,0.5864219829973749,9.71994436818149,0.0,604.0,0.87
medium_0.80,中维护价单因素,1.0,0.8,1.0,300.0,2.4000000000000004,12.0,A6,S33,状态触发,堵塞损失≥20触发，维护后储备阈值50，冷却35日,87.47536810597583,S32,87.47848356029182,0.003115454315988586,3.561521812876779e-05,0.2356200791528644,6.353495434356988,0.1284129431383111,1491.0,0.0
medium_0.80,中维护价单因素,1.0,0.8,1.0,300.0,2.4000000000000004,12.0,A7,S29,状态触发,堵塞损失≥10触发，维护后储备阈值50，冷却35日,114.62227215197701,S29,114.62227215197701,0.0,0.0,0.30115887418938586,9.737972196913791,0.07528971854734647,1262.0,0.005
medium_0.80,中维护价单因素,1.0,0.8,1.0,300.0,2.4000000000000004,12.0,A8,S29,状态触发,堵塞损失≥10触发，维护后储备阈值50，冷却35日,216.11610515077794,S29,216.11610515077794,0.0,0.0,0.6392530234349021,9.678290774804417,0.0926916883980608,557.0,0.945
medium_0.80,中维护价单因素,1.0,0.8,1.0,300.0,2.4000000000000004,12.0,A9,S32,状态触发,堵塞损失≥20触发，维护后储备阈值50，冷却21日,53.86448003352691,S33,54.08025154948124,0.21577151595433008,0.004005821940915929,0.10933664611147696,5.846230467580674,0.5860444231575166,3271.0,0.0
medium_0.80,中维护价单因素,1.0,0.8,1.0,300.0,2.4000000000000004,12.0,A10,S29,状态触发,堵塞损失≥10触发，维护后储备阈值50，冷却35日,376.6722435669776,S29,376.6722435669776,0.0,0.0,1.1792528976850805,9.540155942272301,0.0,308.0,1.0
major_0.80,大维护价单因素,1.0,1.0,0.8,300.0,3.0,9.600000000000001,A1,S32,状态触发,堵塞损失≥20触发，维护后储备阈值50，冷却21日,80.37423961469983,S32,80.37423961469983,0.0,0.0,0.19978831463992977,6.783812223598816,0.00899047415879684,1785.0,0.0
major_0.80,大维护价单因素,1.0,1.0,0.8,300.0,3.0,9.600000000000001,A2,S29,状态触发,堵塞损失≥10触发，维护后储备阈值50，冷却35日,189.260605384715,S29,189.260605384715,0.0,0.0,0.5255925057200005,9.98100168362281,0.1708175643590002,681.0,0.66
major_0.80,大维护价单因素,1.0,1.0,0.8,300.0,3.0,9.600000000000001,A3,S32,状态触发,堵塞损失≥20触发，维护后储备阈值50，冷却21日,69.35986433032778,S32,69.35986433032778,0.0,0.0,0.17037424025450018,5.916245492837518,0.05196414327762255,2093.0,0.0
major_0.80,大维护价单因素,1.0,1.0,0.8,300.0,3.0,9.600000000000001,A4,S32,状态触发,堵塞损失≥20触发，维护后储备阈值50，冷却21日,68.10614473533622,S32,68.10614473533622,0.0,0.0,0.1706189696529463,5.484546779493959,0.048626406351089696,2060.0,0.0
major_0.80,大维护价单因素,1.0,1.0,0.8,300.0,3.0,9.600000000000001,A5,S32,状态触发,堵塞损失≥20触发，维护后储备阈值50，冷却21日,203.5997921217079,S32,203.5997921217079,0.0,0.0,0.6160449995361742,6.262097420285212,0.0,576.0,0.92
major_0.80,大维护价单因素,1.0,1.0,0.8,300.0,3.0,9.600000000000001,A6,S33,状态触发,堵塞损失≥20触发，维护后储备阈值50，冷却35日,90.97927430305806,S32,90.9837017242825,0.0044274212244346245,4.866406396787237e-05,0.2356200791528644,6.353495434356988,0.1284129431383111,1491.0,0.0
major_0.80,大维护价单因素,1.0,1.0,0.8,300.0,3.0,9.600000000000001,A7,S29,状态触发,堵塞损失≥10触发，维护后储备阈值50，冷却35日,120.28436014561166,S29,120.28436014561166,0.0,0.0,0.30115887418938586,9.737972196913791,0.07528971854734647,1262.0,0.005
major_0.80,大维护价单因素,1.0,1.0,0.8,300.0,3.0,9.600000000000001,A8,S29,状态触发,堵塞损失≥10触发，维护后储备阈值50，冷却35日,221.70061956350526,S29,221.70061956350526,0.0,0.0,0.6392530234349021,9.678290774804417,0.0926916883980608,557.0,0.945
major_0.80,大维护价单因素,1.0,1.0,0.8,300.0,3.0,9.600000000000001,A9,S32,状态触发,堵塞损失≥20触发，维护后储备阈值50，冷却21日,55.965711698497266,S33,56.12877608009626,0.16306438159899272,0.0029136479578329238,0.10933664611147696,5.846230467580674,0.5860444231575166,3271.0,0.0
major_0.80,大维护价单因素,1.0,1.0,0.8,300.0,3.0,9.600000000000001,A10,S29,状态触发,堵塞损失≥10触发，维护后储备阈值50，冷却35日,382.39633713234105,S29,382.39633713234105,0.0,0.0,1.1792528976850805,9.540155942272301,0.0,308.0,1.0
purchase_0.85,购置价单因素,0.85,1.0,1.0,255.0,3.0,12.0,A1,S32,状态触发,堵塞损失≥20触发，维护后储备阈值50，冷却21日,71.4053425938841,S32,71.4053425938841,0.0,0.0,0.19978831463992977,6.783812223598816,0.00899047415879684,1785.0,0.0
purchase_0.85,购置价单因素,0.85,1.0,1.0,255.0,3.0,12.0,A2,S29,状态触发,堵塞损失≥10触发，维护后储备阈值50，冷却35日,166.01890478177657,S29,166.01890478177657,0.0,0.0,0.5255925057200005,9.98100168362281,0.1708175643590002,681.0,0.66
purchase_0.85,购置价单因素,0.85,1.0,1.0,255.0,3.0,12.0,A3,S32,状态触发,堵塞损失≥20触发，维护后储备阈值50，冷却21日,61.81773746274157,S32,61.81773746274157,0.0,0.0,0.17037424025450018,5.916245492837518,0.05196414327762255,2093.0,0.0
purchase_0.85,购置价单因素,0.85,1.0,1.0,255.0,3.0,12.0,A4,S36,状态触发,堵塞损失≥30触发，维护后储备阈值50，冷却21日,60.43113036810961,S32,60.54499447619625,0.11386410808663783,0.0018841962311981768,0.1818516757488779,4.4244512709701995,0.06546660326959604,2002.0,0.0
purchase_0.85,购置价单因素,0.85,1.0,1.0,255.0,3.0,12.0,A5,S32,状态触发,堵塞损失≥20触发，维护后储备阈值50，冷却21日,175.87776714258007,S32,175.87776714258007,0.0,0.0,0.6160449995361742,6.262097420285212,0.0,576.0,0.92
purchase_0.85,购置价单因素,0.85,1.0,1.0,255.0,3.0,12.0,A6,S33,状态触发,堵塞损失≥20触发，维护后储备阈值50，冷却35日,80.68456180471112,S32,80.68928806419774,0.004726259486616868,5.8576998881846875e-05,0.2356200791528644,6.353495434356988,0.1284129431383111,1491.0,0.0
purchase_0.85,购置价单因素,0.85,1.0,1.0,255.0,3.0,12.0,A7,S29,状态触发,堵塞损失≥10触发，维护后储备阈值50，冷却35日,106.91290613160294,S29,106.91290613160294,0.0,0.0,0.30115887418938586,9.737972196913791,0.07528971854734647,1262.0,0.005
purchase_0.85,购置价单因素,0.85,1.0,1.0,255.0,3.0,12.0,A8,S29,状态触发,堵塞损失≥10触发，维护后储备阈值50，冷却35日,193.15669356109,S29,193.15669356109,0.0,0.0,0.6392530234349021,9.678290774804417,0.0926916883980608,557.0,0.945
purchase_0.85,购置价单因素,0.85,1.0,1.0,255.0,3.0,12.0,A9,S32,状态触发,堵塞损失≥20触发，维护后储备阈值50，冷却21日,52.45206923905885,S33,52.566413149590204,0.11434391053135329,0.002179969488147594,0.10933664611147696,5.846230467580674,0.5860444231575166,3271.0,0.0
purchase_0.85,购置价单因素,0.85,1.0,1.0,255.0,3.0,12.0,A10,S29,状态触发,堵塞损失≥10触发，维护后储备阈值50，冷却35日,329.3299567365124,S29,329.3299567365124,0.0,0.0,1.1792528976850805,9.540155942272301,0.0,308.0,1.0
medium_0.85,中维护价单因素,1.0,0.85,1.0,300.0,2.55,12.0,A1,S32,状态触发,堵塞损失≥20触发，维护后储备阈值50，冷却21日,77.34310125206147,S32,77.34310125206147,0.0,0.0,0.19978831463992977,6.783812223598816,0.00899047415879684,1785.0,0.0
medium_0.85,中维护价单因素,1.0,0.85,1.0,300.0,2.55,12.0,A2,S29,状态触发,堵塞损失≥10触发，维护后储备阈值50，冷却35日,185.17911678154633,S29,185.17911678154633,0.0,0.0,0.5255925057200005,9.98100168362281,0.1708175643590002,681.0,0.66
medium_0.85,中维护价单因素,1.0,0.85,1.0,300.0,2.55,12.0,A3,S32,状态触发,堵塞损失≥20触发，维护后储备阈值50，冷却21日,66.8222678024172,S32,66.8222678024172,0.0,0.0,0.17037424025450018,5.916245492837518,0.05196414327762255,2093.0,0.0
medium_0.85,中维护价单因素,1.0,0.85,1.0,300.0,2.55,12.0,A4,S32,状态触发,堵塞损失≥20触发，维护后储备阈值50，冷却21日,65.75480205980656,S32,65.75480205980656,0.0,0.0,0.1706189696529463,5.484546779493959,0.048626406351089696,2060.0,0.0
medium_0.85,中维护价单因素,1.0,0.85,1.0,300.0,2.55,12.0,A5,S29,状态触发,堵塞损失≥10触发，维护后储备阈值50，冷却35日,200.71245303807527,S32,200.78184828257955,0.06939524450427825,0.00034574458860862976,0.5864219829973749,9.71994436818149,0.0,604.0,0.87
medium_0.85,中维护价单因素,1.0,0.85,1.0,300.0,2.55,12.0,A6,S33,状态触发,堵塞损失≥20触发，维护后储备阈值50，冷却35日,88.42839242112937,S32,88.43183363060487,0.0034412094754969758,3.891521016359358e-05,0.2356200791528644,6.353495434356988,0.1284129431383111,1491.0,0.0
medium_0.85,中维护价单因素,1.0,0.85,1.0,300.0,2.55,12.0,A7,S29,状态触发,堵塞损失≥10触发，维护后储备阈值50，冷却35日,116.08296798151407,S29,116.08296798151407,0.0,0.0,0.30115887418938586,9.737972196913791,0.07528971854734647,1262.0,0.005
medium_0.85,中维护价单因素,1.0,0.85,1.0,300.0,2.55,12.0,A8,S29,状态触发,堵塞损失≥10触发，维护后储备阈值50，冷却35日,217.5678487669986,S29,217.5678487669986,0.0,0.0,0.6392530234349021,9.678290774804417,0.0926916883980608,557.0,0.945
medium_0.85,中维护价单因素,1.0,0.85,1.0,300.0,2.55,12.0,A9,S32,状态触发,堵塞损失≥20触发，维护后储备阈值50，冷却21日,54.741414603664005,S33,54.94563375485277,0.20421915118876655,0.003730615159789779,0.10933664611147696,5.846230467580674,0.5860444231575166,3271.0,0.0
medium_0.85,中维护价单因素,1.0,0.85,1.0,300.0,2.55,12.0,A10,S29,状态触发,堵塞损失≥10触发，维护后储备阈值50，冷却35日,378.1032669583185,S29,378.1032669583185,0.0,0.0,1.1792528976850805,9.540155942272301,0.0,308.0,1.0
major_0.85,大维护价单因素,1.0,1.0,0.85,300.0,3.0,10.2,A1,S32,状态触发,堵塞损失≥20触发，维护后储备阈值50，冷却21日,80.37963389919511,S32,80.37963389919511,0.0,0.0,0.19978831463992977,6.783812223598816,0.00899047415879684,1785.0,0.0
major_0.85,大维护价单因素,1.0,1.0,0.85,300.0,3.0,10.2,A2,S29,状态触发,堵塞损失≥10触发，维护后储备阈值50，冷却35日,189.3630959233304,S29,189.3630959233304,0.0,0.0,0.5255925057200005,9.98100168362281,0.1708175643590002,681.0,0.66
major_0.85,大维护价单因素,1.0,1.0,0.85,300.0,3.0,10.2,A3,S32,状态触发,堵塞损失≥20触发，维护后储备阈值50，冷却21日,69.39104281629436,S32,69.39104281629436,0.0,0.0,0.17037424025450018,5.916245492837518,0.05196414327762255,2093.0,0.0
major_0.85,大维护价单因素,1.0,1.0,0.85,300.0,3.0,10.2,A4,S32,状态触发,堵塞损失≥20触发，维护后储备阈值50，冷却21日,68.13532057914686,S32,68.13532057914686,0.0,0.0,0.1706189696529463,5.484546779493959,0.048626406351089696,2060.0,0.0
major_0.85,大维护价单因素,1.0,1.0,0.85,300.0,3.0,10.2,A5,S32,状态触发,堵塞损失≥20触发，维护后储备阈值50，冷却21日,203.5997921217079,S32,203.5997921217079,0.0,0.0,0.6160449995361742,6.262097420285212,0.0,576.0,0.92
major_0.85,大维护价单因素,1.0,1.0,0.85,300.0,3.0,10.2,A6,S33,状态触发,堵塞损失≥20触发，维护后储备阈值50，冷却35日,91.05632206894104,S32,91.06074725359788,0.00442518465683861,4.859832416126132e-05,0.2356200791528644,6.353495434356988,0.1284129431383111,1491.0,0.0
major_0.85,大维护价单因素,1.0,1.0,0.85,300.0,3.0,10.2,A7,S29,状态触发,堵塞损失≥10触发，维护后储备阈值50，冷却35日,120.32953397674007,S29,120.32953397674007,0.0,0.0,0.30115887418938586,9.737972196913791,0.07528971854734647,1262.0,0.005
major_0.85,大维护价单因素,1.0,1.0,0.85,300.0,3.0,10.2,A8,S29,状态触发,堵塞损失≥10触发，维护后储备阈值50，冷却35日,221.75623457654407,S29,221.75623457654407,0.0,0.0,0.6392530234349021,9.678290774804417,0.0926916883980608,557.0,0.945
major_0.85,大维护价单因素,1.0,1.0,0.85,300.0,3.0,10.2,A9,S32,状态触发,堵塞损失≥20触发，维护后储备阈值50，冷却21日,56.31733835239177,S33,56.48202715281404,0.16468880042226886,0.002924300139892435,0.10933664611147696,5.846230467580674,0.5860444231575166,3271.0,0.0
major_0.85,大维护价单因素,1.0,1.0,0.85,300.0,3.0,10.2,A10,S29,状态触发,堵塞损失≥10触发，维护后储备阈值50，冷却35日,382.39633713234105,S29,382.39633713234105,0.0,0.0,1.1792528976850805,9.540155942272301,0.0,308.0,1.0
purchase_0.90,购置价单因素,0.9,1.0,1.0,270.0,3.0,12.0,A1,S32,状态触发,堵塞损失≥20触发，维护后储备阈值50，冷却21日,74.40216731348305,S32,74.40216731348305,0.0,0.0,0.19978831463992977,6.783812223598816,0.00899047415879684,1785.0,0.0
purchase_0.90,购置价单因素,0.9,1.0,1.0,270.0,3.0,12.0,A2,S29,状态触发,堵塞损失≥10触发，维护后储备阈值50，冷却35日,173.90279236757658,S29,173.90279236757658,0.0,0.0,0.5255925057200005,9.98100168362281,0.1708175643590002,681.0,0.66
purchase_0.90,购置价单因素,0.9,1.0,1.0,270.0,3.0,12.0,A3,S32,状态触发,堵塞损失≥20触发，维护后储备阈值50，冷却21日,64.37335106655907,S32,64.37335106655907,0.0,0.0,0.17037424025450018,5.916245492837518,0.05196414327762255,2093.0,0.0
purchase_0.90,购置价单因素,0.9,1.0,1.0,270.0,3.0,12.0,A4,S32,状态触发,堵塞损失≥20触发，维护后储备阈值50，冷却21日,63.10427902099045,S32,63.10427902099045,0.0,0.0,0.1706189696529463,5.484546779493959,0.048626406351089696,2060.0,0.0
purchase_0.90,购置价单因素,0.9,1.0,1.0,270.0,3.0,12.0,A5,S32,状态触发,堵塞损失≥20触发，维护后储备阈值50，冷却21日,185.11844213562267,S32,185.11844213562267,0.0,0.0,0.6160449995361742,6.262097420285212,0.0,576.0,0.92
purchase_0.90,购置价单因素,0.9,1.0,1.0,270.0,3.0,12.0,A6,S33,状态触发,堵塞损失≥20触发，维护后储备阈值50，冷却35日,84.21886299200409,S32,84.22348665664651,0.004623664642423364,5.490058257925358e-05,0.2356200791528644,6.353495434356988,0.1284129431383111,1491.0,0.0
purchase_0.90,购置价单因素,0.9,1.0,1.0,270.0,3.0,12.0,A7,S29,状态触发,堵塞损失≥10触发，维护后储备阈值50，冷却35日,111.43028924444373,S29,111.43028924444373,0.0,0.0,0.30115887418938586,9.737972196913791,0.07528971854734647,1262.0,0.005
purchase_0.90,购置价单因素,0.9,1.0,1.0,270.0,3.0,12.0,A8,S29,状态触发,堵塞损失≥10触发，维护后储备阈值50，冷却35日,202.74548891261352,S29,202.74548891261352,0.0,0.0,0.6392530234349021,9.678290774804417,0.0926916883980608,557.0,0.945
purchase_0.90,购置价单因素,0.9,1.0,1.0,270.0,3.0,12.0,A9,S32,状态触发,堵塞损失≥20触发，维护后储备阈值50，冷却21日,54.092118930731,S33,54.224868890049265,0.13274995931826794,0.0024541460372122636,0.10933664611147696,5.846230467580674,0.5860444231575166,3271.0,0.0
purchase_0.90,购置价单因素,0.9,1.0,1.0,270.0,3.0,12.0,A10,S29,状态触发,堵塞损失≥10触发，维护后储备阈值50，冷却35日,347.01875020178863,S29,347.01875020178863,0.0,0.0,1.1792528976850805,9.540155942272301,0.0,308.0,1.0
medium_0.90,中维护价单因素,1.0,0.9,1.0,300.0,2.7,12.0,A1,S32,状态触发,堵塞损失≥20触发，维护后储备阈值50，冷却21日,78.36067308560129,S32,78.36067308560129,0.0,0.0,0.19978831463992977,6.783812223598816,0.00899047415879684,1785.0,0.0
medium_0.90,中维护价单因素,1.0,0.9,1.0,300.0,2.7,12.0,A2,S29,状态触发,堵塞损失≥10触发，维护后储备阈值50，冷却35日,186.67626703408976,S29,186.67626703408976,0.0,0.0,0.5255925057200005,9.98100168362281,0.1708175643590002,681.0,0.66
medium_0.90,中维护价单因素,1.0,0.9,1.0,300.0,2.7,12.0,A3,S32,状态触发,堵塞损失≥20触发，维护后储备阈值50，冷却21日,67.70970462634283,S32,67.70970462634283,0.0,0.0,0.17037424025450018,5.916245492837518,0.05196414327762255,2093.0,0.0
medium_0.90,中维护价单因素,1.0,0.9,1.0,300.0,2.7,12.0,A4,S32,状态触发,堵塞损失≥20触发，维护后储备阈值50，冷却21日,66.57748407673066,S32,66.57748407673066,0.0,0.0,0.1706189696529463,5.484546779493959,0.048626406351089696,2060.0,0.0
medium_0.90,中维护价单因素,1.0,0.9,1.0,300.0,2.7,12.0,A5,S32,状态触发,堵塞损失≥20触发，维护后储备阈值50，冷却21日,201.72116289562234,S32,201.72116289562234,0.0,0.0,0.6160449995361742,6.262097420285212,0.0,576.0,0.92
medium_0.90,中维护价单因素,1.0,0.9,1.0,300.0,2.7,12.0,A6,S33,状态触发,堵塞损失≥20触发，维护后储备阈值50，冷却35日,89.38141673628293,S32,89.38518370091793,0.0037669646350053654,4.214483024049257e-05,0.2356200791528644,6.353495434356988,0.1284129431383111,1491.0,0.0
medium_0.90,中维护价单因素,1.0,0.9,1.0,300.0,2.7,12.0,A7,S29,状态触发,堵塞损失≥10触发，维护后储备阈值50，冷却35日,117.54366381105116,S29,117.54366381105116,0.0,0.0,0.30115887418938586,9.737972196913791,0.07528971854734647,1262.0,0.005
medium_0.90,中维护价单因素,1.0,0.9,1.0,300.0,2.7,12.0,A8,S29,状态触发,堵塞损失≥10触发，维护后储备阈值50，冷却35日,219.01959238321928,S29,219.01959238321928,0.0,0.0,0.6392530234349021,9.678290774804417,0.0926916883980608,557.0,0.945
medium_0.90,中维护价单因素,1.0,0.9,1.0,300.0,2.7,12.0,A9,S32,状态触发,堵塞损失≥20触发，维护后储备阈值50，冷却21日,55.61834917380111,S33,55.81101596022431,0.192666786423203,0.0034640867498807073,0.10933664611147696,5.846230467580674,0.5860444231575166,3271.0,0.0
medium_0.90,中维护价单因素,1.0,0.9,1.0,300.0,2.7,12.0,A10,S29,状态触发,堵塞损失≥10触发，维护后储备阈值50，冷却35日,379.53429034965933,S29,379.53429034965933,0.0,0.0,1.1792528976850805,9.540155942272301,0.0,308.0,1.0
major_0.90,大维护价单因素,1.0,1.0,0.9,300.0,3.0,10.8,A1,S32,状态触发,堵塞损失≥20触发，维护后储备阈值50，冷却21日,80.3850281836904,S32,80.3850281836904,0.0,0.0,0.19978831463992977,6.783812223598816,0.00899047415879684,1785.0,0.0
major_0.90,大维护价单因素,1.0,1.0,0.9,300.0,3.0,10.8,A2,S29,状态触发,堵塞损失≥10触发，维护后储备阈值50，冷却35日,189.4655864619458,S29,189.4655864619458,0.0,0.0,0.5255925057200005,9.98100168362281,0.1708175643590002,681.0,0.66
major_0.90,大维护价单因素,1.0,1.0,0.9,300.0,3.0,10.8,A3,S32,状态触发,堵塞损失≥20触发，维护后储备阈值50，冷却21日,69.42222130226094,S32,69.42222130226094,0.0,0.0,0.17037424025450018,5.916245492837518,0.05196414327762255,2093.0,0.0
major_0.90,大维护价单因素,1.0,1.0,0.9,300.0,3.0,10.8,A4,S32,状态触发,堵塞损失≥20触发，维护后储备阈值50，冷却21日,68.16449642295753,S32,68.16449642295753,0.0,0.0,0.1706189696529463,5.484546779493959,0.048626406351089696,2060.0,0.0
major_0.90,大维护价单因素,1.0,1.0,0.9,300.0,3.0,10.8,A5,S32,状态触发,堵塞损失≥20触发，维护后储备阈值50，冷却21日,203.5997921217079,S32,203.5997921217079,0.0,0.0,0.6160449995361742,6.262097420285212,0.0,576.0,0.92
major_0.90,大维护价单因素,1.0,1.0,0.9,300.0,3.0,10.8,A6,S33,状态触发,堵塞损失≥20触发，维护后储备阈值50，冷却35日,91.13336983482404,S32,91.13779278291327,0.0044229480892283846,4.85326955125748e-05,0.2356200791528644,6.353495434356988,0.1284129431383111,1491.0,0.0
major_0.90,大维护价单因素,1.0,1.0,0.9,300.0,3.0,10.8,A7,S29,状态触发,堵塞损失≥10触发，维护后储备阈值50，冷却35日,120.37470780786848,S29,120.37470780786848,0.0,0.0,0.30115887418938586,9.737972196913791,0.07528971854734647,1262.0,0.005
major_0.90,大维护价单因素,1.0,1.0,0.9,300.0,3.0,10.8,A8,S29,状态触发,堵塞损失≥10触发，维护后储备阈值50，冷却35日,221.81184958958292,S29,221.81184958958292,0.0,0.0,0.6392530234349021,9.678290774804417,0.0926916883980608,557.0,0.945
major_0.90,大维护价单因素,1.0,1.0,0.9,300.0,3.0,10.8,A9,S32,状态触发,堵塞损失≥20触发，维护后储备阈值50，冷却21日,56.668965006286285,S33,56.835278225531816,0.16631321924553077,0.0029348201299791103,0.10933664611147696,5.846230467580674,0.5860444231575166,3271.0,0.0
major_0.90,大维护价单因素,1.0,1.0,0.9,300.0,3.0,10.8,A10,S29,状态触发,堵塞损失≥10触发，维护后储备阈值50，冷却35日,382.39633713234105,S29,382.39633713234105,0.0,0.0,1.1792528976850805,9.540155942272301,0.0,308.0,1.0
purchase_0.95,购置价单因素,0.95,1.0,1.0,285.0,3.0,12.0,A1,S32,状态触发,堵塞损失≥20触发，维护后储备阈值50，冷却21日,77.398992033082,S32,77.398992033082,0.0,0.0,0.19978831463992977,6.783812223598816,0.00899047415879684,1785.0,0.0
purchase_0.95,购置价单因素,0.95,1.0,1.0,285.0,3.0,12.0,A2,S29,状态触发,堵塞损失≥10触发，维护后储备阈值50，冷却35日,181.7866799533766,S29,181.7866799533766,0.0,0.0,0.5255925057200005,9.98100168362281,0.1708175643590002,681.0,0.66
purchase_0.95,购置价单因素,0.95,1.0,1.0,285.0,3.0,12.0,A3,S32,状态触发,堵塞损失≥20触发，维护后储备阈值50，冷却21日,66.92896467037659,S32,66.92896467037659,0.0,0.0,0.17037424025450018,5.916245492837518,0.05196414327762255,2093.0,0.0
purchase_0.95,购置价单因素,0.95,1.0,1.0,285.0,3.0,12.0,A4,S32,状态触发,堵塞损失≥20触发，维护后储备阈值50，冷却21日,65.66356356578464,S32,65.66356356578464,0.0,0.0,0.1706189696529463,5.484546779493959,0.048626406351089696,2060.0,0.0
purchase_0.95,购置价单因素,0.95,1.0,1.0,285.0,3.0,12.0,A5,S32,状态触发,堵塞损失≥20触发，维护后储备阈值50，冷却21日,194.3591171286653,S32,194.3591171286653,0.0,0.0,0.6160449995361742,6.262097420285212,0.0,576.0,0.92
purchase_0.95,购置价单因素,0.95,1.0,1.0,285.0,3.0,12.0,A6,S33,状态触发,堵塞损失≥20触发，维护后储备阈值50，冷却35日,87.75316417929706,S32,87.75768524909527,0.004521069798215649,5.1520305170742444e-05,0.2356200791528644,6.353495434356988,0.1284129431383111,1491.0,0.0
purchase_0.95,购置价单因素,0.95,1.0,1.0,285.0,3.0,12.0,A7,S29,状态触发,堵塞损失≥10触发，维护后储备阈值50，冷却35日,115.94767235728452,S29,115.94767235728452,0.0,0.0,0.30115887418938586,9.737972196913791,0.07528971854734647,1262.0,0.005
purchase_0.95,购置价单因素,0.95,1.0,1.0,285.0,3.0,12.0,A8,S29,状态触发,堵塞损失≥10触发，维护后储备阈值50，冷却35日,212.33428426413707,S29,212.33428426413707,0.0,0.0,0.6392530234349021,9.678290774804417,0.0926916883980608,557.0,0.945
purchase_0.95,购置价单因素,0.95,1.0,1.0,285.0,3.0,12.0,A9,S32,状态触发,堵塞损失≥20触发，维护后储备阈值50，冷却21日,55.73216862240316,S33,55.88332463050832,0.15115600810516128,0.00271218601108588,0.10933664611147696,5.846230467580674,0.5860444231575166,3271.0,0.0
purchase_0.95,购置价单因素,0.95,1.0,1.0,285.0,3.0,12.0,A10,S29,状态触发,堵塞损失≥10触发，维护后储备阈值50，冷却35日,364.7075436670648,S29,364.7075436670648,0.0,0.0,1.1792528976850805,9.540155942272301,0.0,308.0,1.0
medium_0.95,中维护价单因素,1.0,0.95,1.0,300.0,2.8499999999999996,12.0,A1,S32,状态触发,堵塞损失≥20触发，维护后储备阈值50，冷却21日,79.37824491914111,S32,79.37824491914111,0.0,0.0,0.19978831463992977,6.783812223598816,0.00899047415879684,1785.0,0.0
medium_0.95,中维护价单因素,1.0,0.95,1.0,300.0,2.8499999999999996,12.0,A2,S29,状态触发,堵塞损失≥10触发，维护后储备阈值50，冷却35日,188.17341728663317,S29,188.17341728663317,0.0,0.0,0.5255925057200005,9.98100168362281,0.1708175643590002,681.0,0.66
medium_0.95,中维护价单因素,1.0,0.95,1.0,300.0,2.8499999999999996,12.0,A3,S32,状态触发,堵塞损失≥20触发，维护后储备阈值50，冷却21日,68.59714145026845,S32,68.59714145026845,0.0,0.0,0.17037424025450018,5.916245492837518,0.05196414327762255,2093.0,0.0
medium_0.95,中维护价单因素,1.0,0.95,1.0,300.0,2.8499999999999996,12.0,A4,S32,状态触发,堵塞损失≥20触发，维护后储备阈值50，冷却21日,67.40016609365475,S32,67.40016609365475,0.0,0.0,0.1706189696529463,5.484546779493959,0.048626406351089696,2060.0,0.0
medium_0.95,中维护价单因素,1.0,0.95,1.0,300.0,2.8499999999999996,12.0,A5,S32,状态触发,堵塞损失≥20触发，维护后储备阈值50，冷却21日,202.6604775086651,S32,202.6604775086651,0.0,0.0,0.6160449995361742,6.262097420285212,0.0,576.0,0.92
medium_0.95,中维护价单因素,1.0,0.95,1.0,300.0,2.8499999999999996,12.0,A6,S33,状态触发,堵塞损失≥20触发，维护后储备阈值50，冷却35日,90.33444105143647,S32,90.33853377123097,0.004092719794499544,4.530630562233897e-05,0.2356200791528644,6.353495434356988,0.1284129431383111,1491.0,0.0
medium_0.95,中维护价单因素,1.0,0.95,1.0,300.0,2.8499999999999996,12.0,A7,S29,状态触发,堵塞损失≥10触发，维护后储备阈值50，冷却35日,119.00435964058822,S29,119.00435964058822,0.0,0.0,0.30115887418938586,9.737972196913791,0.07528971854734647,1262.0,0.005
medium_0.95,中维护价单因素,1.0,0.95,1.0,300.0,2.8499999999999996,12.0,A8,S29,状态触发,堵塞损失≥10触发，维护后储备阈值50，冷却35日,220.47133599943993,S29,220.47133599943993,0.0,0.0,0.6392530234349021,9.678290774804417,0.0926916883980608,557.0,0.945
medium_0.95,中维护价单因素,1.0,0.95,1.0,300.0,2.8499999999999996,12.0,A9,S32,状态触发,堵塞损失≥20触发，维护后储备阈值50，冷却21日,56.49528374393821,S33,56.67639816559584,0.18111442165763236,0.00320583258734523,0.10933664611147696,5.846230467580674,0.5860444231575166,3271.0,0.0
medium_0.95,中维护价单因素,1.0,0.95,1.0,300.0,2.8499999999999996,12.0,A10,S29,状态触发,堵塞损失≥10触发，维护后储备阈值50，冷却35日,380.96531374100016,S29,380.96531374100016,0.0,0.0,1.1792528976850805,9.540155942272301,0.0,308.0,1.0
major_0.95,大维护价单因素,1.0,1.0,0.95,300.0,3.0,11.399999999999999,A1,S32,状态触发,堵塞损失≥20触发，维护后储备阈值50，冷却21日,80.39042246818568,S32,80.39042246818568,0.0,0.0,0.19978831463992977,6.783812223598816,0.00899047415879684,1785.0,0.0
major_0.95,大维护价单因素,1.0,1.0,0.95,300.0,3.0,11.399999999999999,A2,S29,状态触发,堵塞损失≥10触发，维护后储备阈值50，冷却35日,189.5680770005612,S29,189.5680770005612,0.0,0.0,0.5255925057200005,9.98100168362281,0.1708175643590002,681.0,0.66
major_0.95,大维护价单因素,1.0,1.0,0.95,300.0,3.0,11.399999999999999,A3,S32,状态触发,堵塞损失≥20触发，维护后储备阈值50，冷却21日,69.4533997882275,S32,69.4533997882275,0.0,0.0,0.17037424025450018,5.916245492837518,0.05196414327762255,2093.0,0.0
major_0.95,大维护价单因素,1.0,1.0,0.95,300.0,3.0,11.399999999999999,A4,S32,状态触发,堵塞损失≥20触发，维护后储备阈值50，冷却21日,68.19367226676817,S32,68.19367226676817,0.0,0.0,0.1706189696529463,5.484546779493959,0.048626406351089696,2060.0,0.0
major_0.95,大维护价单因素,1.0,1.0,0.95,300.0,3.0,11.399999999999999,A5,S32,状态触发,堵塞损失≥20触发，维护后储备阈值50，冷却21日,203.5997921217079,S32,203.5997921217079,0.0,0.0,0.6160449995361742,6.262097420285212,0.0,576.0,0.92
major_0.95,大维护价单因素,1.0,1.0,0.95,300.0,3.0,11.399999999999999,A6,S33,状态触发,堵塞损失≥20触发，维护后储备阈值50，冷却35日,91.21041760070702,S32,91.21483831222865,0.00442071152163237,4.846717774043064e-05,0.2356200791528644,6.353495434356988,0.1284129431383111,1491.0,0.0
major_0.95,大维护价单因素,1.0,1.0,0.95,300.0,3.0,11.399999999999999,A7,S29,状态触发,堵塞损失≥10触发，维护后储备阈值50，冷却35日,120.41988163899688,S29,120.41988163899688,0.0,0.0,0.30115887418938586,9.737972196913791,0.07528971854734647,1262.0,0.005
major_0.95,大维护价单因素,1.0,1.0,0.95,300.0,3.0,11.399999999999999,A8,S29,状态触发,堵塞损失≥10触发，维护后储备阈值50，冷却35日,221.86746460262177,S29,221.86746460262177,0.0,0.0,0.6392530234349021,9.678290774804417,0.0926916883980608,557.0,0.945
major_0.95,大维护价单因素,1.0,1.0,0.95,300.0,3.0,11.399999999999999,A9,S32,状态触发,堵塞损失≥20触发，维护后储备阈值50，冷却21日,57.02059166018079,S33,57.18852929824959,0.1679376380687998,0.0029452103736425407,0.10933664611147696,5.846230467580674,0.5860444231575166,3271.0,0.0
major_0.95,大维护价单因素,1.0,1.0,0.95,300.0,3.0,11.399999999999999,A10,S29,状态触发,堵塞损失≥10触发，维护后储备阈值50，冷却35日,382.39633713234105,S29,382.39633713234105,0.0,0.0,1.1792528976850805,9.540155942272301,0.0,308.0,1.0
purchase_1.00,购置价单因素,1.0,1.0,1.0,300.0,3.0,12.0,A1,S32,状态触发,堵塞损失≥20触发，维护后储备阈值50，冷却21日,80.39581675268094,S32,80.39581675268094,0.0,0.0,0.19978831463992977,6.783812223598816,0.00899047415879684,1785.0,0.0
purchase_1.00,购置价单因素,1.0,1.0,1.0,300.0,3.0,12.0,A2,S29,状态触发,堵塞损失≥10触发，维护后储备阈值50，冷却35日,189.6705675391766,S29,189.6705675391766,0.0,0.0,0.5255925057200005,9.98100168362281,0.1708175643590002,681.0,0.66
purchase_1.00,购置价单因素,1.0,1.0,1.0,300.0,3.0,12.0,A3,S32,状态触发,堵塞损失≥20触发，维护后储备阈值50，冷却21日,69.48457827419408,S32,69.48457827419408,0.0,0.0,0.17037424025450018,5.916245492837518,0.05196414327762255,2093.0,0.0
purchase_1.00,购置价单因素,1.0,1.0,1.0,300.0,3.0,12.0,A4,S32,状态触发,堵塞损失≥20触发，维护后储备阈值50，冷却21日,68.22284811057884,S32,68.22284811057884,0.0,0.0,0.1706189696529463,5.484546779493959,0.048626406351089696,2060.0,0.0
purchase_1.00,购置价单因素,1.0,1.0,1.0,300.0,3.0,12.0,A5,S32,状态触发,堵塞损失≥20触发，维护后储备阈值50，冷却21日,203.5997921217079,S32,203.5997921217079,0.0,0.0,0.6160449995361742,6.262097420285212,0.0,576.0,0.92
purchase_1.00,购置价单因素,1.0,1.0,1.0,300.0,3.0,12.0,A6,S33,状态触发,堵塞损失≥20触发，维护后储备阈值50，冷却35日,91.28746536659001,S32,91.29188384154403,0.004418474954022145,4.840177056377389e-05,0.2356200791528644,6.353495434356988,0.1284129431383111,1491.0,0.0
purchase_1.00,购置价单因素,1.0,1.0,1.0,300.0,3.0,12.0,A7,S29,状态触发,堵塞损失≥10触发，维护后储备阈值50，冷却35日,120.4650554701253,S29,120.4650554701253,0.0,0.0,0.30115887418938586,9.737972196913791,0.07528971854734647,1262.0,0.005
purchase_1.00,购置价单因素,1.0,1.0,1.0,300.0,3.0,12.0,A8,S29,状态触发,堵塞损失≥10触发，维护后储备阈值50，冷却35日,221.92307961566058,S29,221.92307961566058,0.0,0.0,0.6392530234349021,9.678290774804417,0.0926916883980608,557.0,0.945
purchase_1.00,购置价单因素,1.0,1.0,1.0,300.0,3.0,12.0,A9,S32,状态触发,堵塞损失≥20触发，维护后储备阈值50，冷却21日,57.372218314075305,S33,57.54178037096737,0.16956205689206882,0.002955473256478034,0.10933664611147696,5.846230467580674,0.5860444231575166,3271.0,0.0
purchase_1.00,购置价单因素,1.0,1.0,1.0,300.0,3.0,12.0,A10,S29,状态触发,堵塞损失≥10触发，维护后储备阈值50，冷却35日,382.39633713234105,S29,382.39633713234105,0.0,0.0,1.1792528976850805,9.540155942272301,0.0,308.0,1.0
medium_1.00,中维护价单因素,1.0,1.0,1.0,300.0,3.0,12.0,A1,S32,状态触发,堵塞损失≥20触发，维护后储备阈值50，冷却21日,80.39581675268094,S32,80.39581675268094,0.0,0.0,0.19978831463992977,6.783812223598816,0.00899047415879684,1785.0,0.0
medium_1.00,中维护价单因素,1.0,1.0,1.0,300.0,3.0,12.0,A2,S29,状态触发,堵塞损失≥10触发，维护后储备阈值50，冷却35日,189.6705675391766,S29,189.6705675391766,0.0,0.0,0.5255925057200005,9.98100168362281,0.1708175643590002,681.0,0.66
medium_1.00,中维护价单因素,1.0,1.0,1.0,300.0,3.0,12.0,A3,S32,状态触发,堵塞损失≥20触发，维护后储备阈值50，冷却21日,69.48457827419408,S32,69.48457827419408,0.0,0.0,0.17037424025450018,5.916245492837518,0.05196414327762255,2093.0,0.0
medium_1.00,中维护价单因素,1.0,1.0,1.0,300.0,3.0,12.0,A4,S32,状态触发,堵塞损失≥20触发，维护后储备阈值50，冷却21日,68.22284811057884,S32,68.22284811057884,0.0,0.0,0.1706189696529463,5.484546779493959,0.048626406351089696,2060.0,0.0
medium_1.00,中维护价单因素,1.0,1.0,1.0,300.0,3.0,12.0,A5,S32,状态触发,堵塞损失≥20触发，维护后储备阈值50，冷却21日,203.5997921217079,S32,203.5997921217079,0.0,0.0,0.6160449995361742,6.262097420285212,0.0,576.0,0.92
medium_1.00,中维护价单因素,1.0,1.0,1.0,300.0,3.0,12.0,A6,S33,状态触发,堵塞损失≥20触发，维护后储备阈值50，冷却35日,91.28746536659001,S32,91.29188384154403,0.004418474954022145,4.840177056377389e-05,0.2356200791528644,6.353495434356988,0.1284129431383111,1491.0,0.0
medium_1.00,中维护价单因素,1.0,1.0,1.0,300.0,3.0,12.0,A7,S29,状态触发,堵塞损失≥10触发，维护后储备阈值50，冷却35日,120.4650554701253,S29,120.4650554701253,0.0,0.0,0.30115887418938586,9.737972196913791,0.07528971854734647,1262.0,0.005
medium_1.00,中维护价单因素,1.0,1.0,1.0,300.0,3.0,12.0,A8,S29,状态触发,堵塞损失≥10触发，维护后储备阈值50，冷却35日,221.92307961566058,S29,221.92307961566058,0.0,0.0,0.6392530234349021,9.678290774804417,0.0926916883980608,557.0,0.945
medium_1.00,中维护价单因素,1.0,1.0,1.0,300.0,3.0,12.0,A9,S32,状态触发,堵塞损失≥20触发，维护后储备阈值50，冷却21日,57.372218314075305,S33,57.54178037096737,0.16956205689206882,0.002955473256478034,0.10933664611147696,5.846230467580674,0.5860444231575166,3271.0,0.0
medium_1.00,中维护价单因素,1.0,1.0,1.0,300.0,3.0,12.0,A10,S29,状态触发,堵塞损失≥10触发，维护后储备阈值50，冷却35日,382.39633713234105,S29,382.39633713234105,0.0,0.0,1.1792528976850805,9.540155942272301,0.0,308.0,1.0
major_1.00,大维护价单因素,1.0,1.0,1.0,300.0,3.0,12.0,A1,S32,状态触发,堵塞损失≥20触发，维护后储备阈值50，冷却21日,80.39581675268094,S32,80.39581675268094,0.0,0.0,0.19978831463992977,6.783812223598816,0.00899047415879684,1785.0,0.0
major_1.00,大维护价单因素,1.0,1.0,1.0,300.0,3.0,12.0,A2,S29,状态触发,堵塞损失≥10触发，维护后储备阈值50，冷却35日,189.6705675391766,S29,189.6705675391766,0.0,0.0,0.5255925057200005,9.98100168362281,0.1708175643590002,681.0,0.66
major_1.00,大维护价单因素,1.0,1.0,1.0,300.0,3.0,12.0,A3,S32,状态触发,堵塞损失≥20触发，维护后储备阈值50，冷却21日,69.48457827419408,S32,69.48457827419408,0.0,0.0,0.17037424025450018,5.916245492837518,0.05196414327762255,2093.0,0.0
major_1.00,大维护价单因素,1.0,1.0,1.0,300.0,3.0,12.0,A4,S32,状态触发,堵塞损失≥20触发，维护后储备阈值50，冷却21日,68.22284811057884,S32,68.22284811057884,0.0,0.0,0.1706189696529463,5.484546779493959,0.048626406351089696,2060.0,0.0
major_1.00,大维护价单因素,1.0,1.0,1.0,300.0,3.0,12.0,A5,S32,状态触发,堵塞损失≥20触发，维护后储备阈值50，冷却21日,203.5997921217079,S32,203.5997921217079,0.0,0.0,0.6160449995361742,6.262097420285212,0.0,576.0,0.92
major_1.00,大维护价单因素,1.0,1.0,1.0,300.0,3.0,12.0,A6,S33,状态触发,堵塞损失≥20触发，维护后储备阈值50，冷却35日,91.28746536659001,S32,91.29188384154403,0.004418474954022145,4.840177056377389e-05,0.2356200791528644,6.353495434356988,0.1284129431383111,1491.0,0.0
major_1.00,大维护价单因素,1.0,1.0,1.0,300.0,3.0,12.0,A7,S29,状态触发,堵塞损失≥10触发，维护后储备阈值50，冷却35日,120.4650554701253,S29,120.4650554701253,0.0,0.0,0.30115887418938586,9.737972196913791,0.07528971854734647,1262.0,0.005
major_1.00,大维护价单因素,1.0,1.0,1.0,300.0,3.0,12.0,A8,S29,状态触发,堵塞损失≥10触发，维护后储备阈值50，冷却35日,221.92307961566058,S29,221.92307961566058,0.0,0.0,0.6392530234349021,9.678290774804417,0.0926916883980608,557.0,0.945
major_1.00,大维护价单因素,1.0,1.0,1.0,300.0,3.0,12.0,A9,S32,状态触发,堵塞损失≥20触发，维护后储备阈值50，冷却21日,57.372218314075305,S33,57.54178037096737,0.16956205689206882,0.002955473256478034,0.10933664611147696,5.846230467580674,0.5860444231575166,3271.0,0.0
major_1.00,大维护价单因素,1.0,1.0,1.0,300.0,3.0,12.0,A10,S29,状态触发,堵塞损失≥10触发，维护后储备阈值50，冷却35日,382.39633713234105,S29,382.39633713234105,0.0,0.0,1.1792528976850805,9.540155942272301,0.0,308.0,1.0
purchase_1.05,购置价单因素,1.05,1.0,1.0,315.0,3.0,12.0,A1,S32,状态触发,堵塞损失≥20触发，维护后储备阈值50，冷却21日,83.39264147227989,S32,83.39264147227989,0.0,0.0,0.19978831463992977,6.783812223598816,0.00899047415879684,1785.0,0.0
purchase_1.05,购置价单因素,1.05,1.0,1.0,315.0,3.0,12.0,A2,S29,状态触发,堵塞损失≥10触发，维护后储备阈值50，冷却35日,197.55445512497658,S29,197.55445512497658,0.0,0.0,0.5255925057200005,9.98100168362281,0.1708175643590002,681.0,0.66
purchase_1.05,购置价单因素,1.05,1.0,1.0,315.0,3.0,12.0,A3,S32,状态触发,堵塞损失≥20触发，维护后储备阈值50，冷却21日,72.04019187801158,S32,72.04019187801158,0.0,0.0,0.17037424025450018,5.916245492837518,0.05196414327762255,2093.0,0.0
purchase_1.05,购置价单因素,1.05,1.0,1.0,315.0,3.0,12.0,A4,S32,状态触发,堵塞损失≥20触发，维护后储备阈值50，冷却21日,70.78213265537303,S32,70.78213265537303,0.0,0.0,0.1706189696529463,5.484546779493959,0.048626406351089696,2060.0,0.0
purchase_1.05,购置价单因素,1.05,1.0,1.0,315.0,3.0,12.0,A5,S32,状态触发,堵塞损失≥20触发，维护后储备阈值50，冷却21日,212.8404671147505,S32,212.8404671147505,0.0,0.0,0.6160449995361742,6.262097420285212,0.0,576.0,0.92
purchase_1.05,购置价单因素,1.05,1.0,1.0,315.0,3.0,12.0,A6,S33,状态触发,堵塞损失≥20触发，维护后储备阈值50，冷却35日,94.821766553883,S32,94.8260824339928,0.004315880109800219,4.5515710861046825e-05,0.2356200791528644,6.353495434356988,0.1284129431383111,1491.0,0.0
purchase_1.05,购置价单因素,1.05,1.0,1.0,315.0,3.0,12.0,A7,S29,状态触发,堵塞损失≥10触发，维护后储备阈值50，冷却35日,124.98243858296608,S29,124.98243858296608,0.0,0.0,0.30115887418938586,9.737972196913791,0.07528971854734647,1262.0,0.005
purchase_1.05,购置价单因素,1.05,1.0,1.0,315.0,3.0,12.0,A8,S29,状态触发,堵塞损失≥10触发，维护后储备阈值50，冷却35日,231.51187496718413,S29,231.51187496718413,0.0,0.0,0.6392530234349021,9.678290774804417,0.0926916883980608,557.0,0.945
purchase_1.05,购置价单因素,1.05,1.0,1.0,315.0,3.0,12.0,A9,S32,状态触发,堵塞损失≥20触发，维护后储备阈值50，冷却21日,59.012268005747465,S33,59.20023611142643,0.18796810567896216,0.0031852377824328855,0.10933664611147696,5.846230467580674,0.5860444231575166,3271.0,0.0
purchase_1.05,购置价单因素,1.05,1.0,1.0,315.0,3.0,12.0,A10,S29,状态触发,堵塞损失≥10触发，维护后储备阈值50，冷却35日,400.0851305976172,S29,400.0851305976172,0.0,0.0,1.1792528976850805,9.540155942272301,0.0,308.0,1.0
medium_1.05,中维护价单因素,1.0,1.05,1.0,300.0,3.1500000000000004,12.0,A1,S32,状态触发,堵塞损失≥20触发，维护后储备阈值50，冷却21日,81.41338858622076,S32,81.41338858622076,0.0,0.0,0.19978831463992977,6.783812223598816,0.00899047415879684,1785.0,0.0
medium_1.05,中维护价单因素,1.0,1.05,1.0,300.0,3.1500000000000004,12.0,A2,S29,状态触发,堵塞损失≥10触发，维护后储备阈值50，冷却35日,191.16771779172004,S29,191.16771779172004,0.0,0.0,0.5255925057200005,9.98100168362281,0.1708175643590002,681.0,0.66
medium_1.05,中维护价单因素,1.0,1.05,1.0,300.0,3.1500000000000004,12.0,A3,S32,状态触发,堵塞损失≥20触发，维护后储备阈值50，冷却21日,70.3720150981197,S32,70.3720150981197,0.0,0.0,0.17037424025450018,5.916245492837518,0.05196414327762255,2093.0,0.0
medium_1.05,中维护价单因素,1.0,1.05,1.0,300.0,3.1500000000000004,12.0,A4,S32,状态触发,堵塞损失≥20触发，维护后储备阈值50，冷却21日,69.04553012750294,S32,69.04553012750294,0.0,0.0,0.1706189696529463,5.484546779493959,0.048626406351089696,2060.0,0.0
medium_1.05,中维护价单因素,1.0,1.05,1.0,300.0,3.1500000000000004,12.0,A5,S32,状态触发,堵塞损失≥20触发，维护后储备阈值50，冷却21日,204.53910673475067,S32,204.53910673475067,0.0,0.0,0.6160449995361742,6.262097420285212,0.0,576.0,0.92
medium_1.05,中维护价单因素,1.0,1.05,1.0,300.0,3.1500000000000004,12.0,A6,S33,状态触发,堵塞损失≥20触发，维护后储备阈值50，冷却35日,92.24048968174357,S32,92.2452339118571,0.004744230113530534,5.143327111444772e-05,0.2356200791528644,6.353495434356988,0.1284129431383111,1491.0,0.0
medium_1.05,中维护价单因素,1.0,1.05,1.0,300.0,3.1500000000000004,12.0,A7,S29,状态触发,堵塞损失≥10触发，维护后储备阈值50，冷却35日,121.92575129966237,S29,121.92575129966237,0.0,0.0,0.30115887418938586,9.737972196913791,0.07528971854734647,1262.0,0.005
medium_1.05,中维护价单因素,1.0,1.05,1.0,300.0,3.1500000000000004,12.0,A8,S29,状态触发,堵塞损失≥10触发，维护后储备阈值50，冷却35日,223.37482323188127,S29,223.37482323188127,0.0,0.0,0.6392530234349021,9.678290774804417,0.0926916883980608,557.0,0.945
medium_1.05,中维护价单因素,1.0,1.05,1.0,300.0,3.1500000000000004,12.0,A9,S32,状态触发,堵塞损失≥20触发，维护后储备阈值50，冷却21日,58.249152884212414,S33,58.40716257633891,0.15800969212649818,0.0027126521898196464,0.10933664611147696,5.846230467580674,0.5860444231575166,3271.0,0.0
medium_1.05,中维护价单因素,1.0,1.05,1.0,300.0,3.1500000000000004,12.0,A10,S29,状态触发,堵塞损失≥10触发，维护后储备阈值50，冷却35日,383.8273605236819,S29,383.8273605236819,0.0,0.0,1.1792528976850805,9.540155942272301,0.0,308.0,1.0
major_1.05,大维护价单因素,1.0,1.0,1.05,300.0,3.0,12.600000000000001,A1,S32,状态触发,堵塞损失≥20触发，维护后储备阈值50，冷却21日,80.40121103717622,S32,80.40121103717622,0.0,0.0,0.19978831463992977,6.783812223598816,0.00899047415879684,1785.0,0.0
major_1.05,大维护价单因素,1.0,1.0,1.05,300.0,3.0,12.600000000000001,A2,S29,状态触发,堵塞损失≥10触发，维护后储备阈值50，冷却35日,189.773058077792,S29,189.773058077792,0.0,0.0,0.5255925057200005,9.98100168362281,0.1708175643590002,681.0,0.66
major_1.05,大维护价单因素,1.0,1.0,1.05,300.0,3.0,12.600000000000001,A3,S32,状态触发,堵塞损失≥20触发，维护后储备阈值50，冷却21日,69.51575676016066,S32,69.51575676016066,0.0,0.0,0.17037424025450018,5.916245492837518,0.05196414327762255,2093.0,0.0
major_1.05,大维护价单因素,1.0,1.0,1.05,300.0,3.0,12.600000000000001,A4,S32,状态触发,堵塞损失≥20触发，维护后储备阈值50，冷却21日,68.25202395438949,S32,68.25202395438949,0.0,0.0,0.1706189696529463,5.484546779493959,0.048626406351089696,2060.0,0.0
major_1.05,大维护价单因素,1.0,1.0,1.05,300.0,3.0,12.600000000000001,A5,S32,状态触发,堵塞损失≥20触发，维护后储备阈值50，冷却21日,203.5997921217079,S32,203.5997921217079,0.0,0.0,0.6160449995361742,6.262097420285212,0.0,576.0,0.92
major_1.05,大维护价单因素,1.0,1.0,1.05,300.0,3.0,12.600000000000001,A6,S33,状态触发,堵塞损失≥20触发，维护后储备阈值50，冷却35日,91.364513132473,S32,91.36892937085942,0.00441623838642613,4.833647370311986e-05,0.2356200791528644,6.353495434356988,0.1284129431383111,1491.0,0.0
major_1.05,大维护价单因素,1.0,1.0,1.05,300.0,3.0,12.600000000000001,A7,S29,状态触发,堵塞损失≥10触发，维护后储备阈值50，冷却35日,120.5102293012537,S29,120.5102293012537,0.0,0.0,0.30115887418938586,9.737972196913791,0.07528971854734647,1262.0,0.005
major_1.05,大维护价单因素,1.0,1.0,1.05,300.0,3.0,12.600000000000001,A8,S29,状态触发,堵塞损失≥10触发，维护后储备阈值50，冷却35日,221.97869462869943,S29,221.97869462869943,0.0,0.0,0.6392530234349021,9.678290774804417,0.0926916883980608,557.0,0.945
major_1.05,大维护价单因素,1.0,1.0,1.05,300.0,3.0,12.600000000000001,A9,S32,状态触发,堵塞损失≥20触发，维护后储备阈值50，冷却21日,57.72384496796981,S33,57.895031443685156,0.17118647571534495,0.0029656111059534244,0.10933664611147696,5.846230467580674,0.5860444231575166,3271.0,0.0
major_1.05,大维护价单因素,1.0,1.0,1.05,300.0,3.0,12.600000000000001,A10,S29,状态触发,堵塞损失≥10触发，维护后储备阈值50，冷却35日,382.39633713234105,S29,382.39633713234105,0.0,0.0,1.1792528976850805,9.540155942272301,0.0,308.0,1.0
purchase_1.10,购置价单因素,1.1,1.0,1.0,330.0,3.0,12.0,A1,S32,状态触发,堵塞损失≥20触发，维护后储备阈值50，冷却21日,86.38946619187882,S32,86.38946619187882,0.0,0.0,0.19978831463992977,6.783812223598816,0.00899047415879684,1785.0,0.0
purchase_1.10,购置价单因素,1.1,1.0,1.0,330.0,3.0,12.0,A2,S29,状态触发,堵塞损失≥10触发，维护后储备阈值50，冷却35日,205.4383427107766,S29,205.4383427107766,0.0,0.0,0.5255925057200005,9.98100168362281,0.1708175643590002,681.0,0.66
purchase_1.10,购置价单因素,1.1,1.0,1.0,330.0,3.0,12.0,A3,S32,状态触发,堵塞损失≥20触发，维护后储备阈值50，冷却21日,74.59580548182907,S32,74.59580548182907,0.0,0.0,0.17037424025450018,5.916245492837518,0.05196414327762255,2093.0,0.0
purchase_1.10,购置价单因素,1.1,1.0,1.0,330.0,3.0,12.0,A4,S32,状态触发,堵塞损失≥20触发，维护后储备阈值50，冷却21日,73.34141720016723,S32,73.34141720016723,0.0,0.0,0.1706189696529463,5.484546779493959,0.048626406351089696,2060.0,0.0
purchase_1.10,购置价单因素,1.1,1.0,1.0,330.0,3.0,12.0,A5,S32,状态触发,堵塞损失≥20触发，维护后储备阈值50，冷却21日,222.08114210779314,S32,222.08114210779314,0.0,0.0,0.6160449995361742,6.262097420285212,0.0,576.0,0.92
purchase_1.10,购置价单因素,1.1,1.0,1.0,330.0,3.0,12.0,A6,S33,状态触发,堵塞损失≥20触发，维护后储备阈值50，冷却35日,98.35606774117595,S32,98.36028102644157,0.004213285265620925,4.283706498625167e-05,0.2356200791528644,6.353495434356988,0.1284129431383111,1491.0,0.0
purchase_1.10,购置价单因素,1.1,1.0,1.0,330.0,3.0,12.0,A7,S29,状态触发,堵塞损失≥10触发，维护后储备阈值50，冷却35日,129.49982169580684,S29,129.49982169580684,0.0,0.0,0.30115887418938586,9.737972196913791,0.07528971854734647,1262.0,0.005
purchase_1.10,购置价单因素,1.1,1.0,1.0,330.0,3.0,12.0,A8,S29,状态触发,堵塞损失≥10触发，维护后储备阈值50，冷却35日,241.10067031870764,S29,241.10067031870764,0.0,0.0,0.6392530234349021,9.678290774804417,0.0926916883980608,557.0,0.945
purchase_1.10,购置价单因素,1.1,1.0,1.0,330.0,3.0,12.0,A9,S32,状态触发,堵塞损失≥20触发，维护后储备阈值50，冷却21日,60.65231769741961,S33,60.85869185188548,0.2063741544658697,0.0034025765593233,0.10933664611147696,5.846230467580674,0.5860444231575166,3271.0,0.0
purchase_1.10,购置价单因素,1.1,1.0,1.0,330.0,3.0,12.0,A10,S29,状态触发,堵塞损失≥10触发，维护后储备阈值50，冷却35日,417.77392406289346,S29,417.77392406289346,0.0,0.0,1.1792528976850805,9.540155942272301,0.0,308.0,1.0
medium_1.10,中维护价单因素,1.0,1.1,1.0,300.0,3.3000000000000003,12.0,A1,S32,状态触发,堵塞损失≥20触发，维护后储备阈值50，冷却21日,82.43096041976058,S32,82.43096041976058,0.0,0.0,0.19978831463992977,6.783812223598816,0.00899047415879684,1785.0,0.0
medium_1.10,中维护价单因素,1.0,1.1,1.0,300.0,3.3000000000000003,12.0,A2,S29,状态触发,堵塞损失≥10触发，维护后储备阈值50，冷却35日,192.66486804426344,S29,192.66486804426344,0.0,0.0,0.5255925057200005,9.98100168362281,0.1708175643590002,681.0,0.66
medium_1.10,中维护价单因素,1.0,1.1,1.0,300.0,3.3000000000000003,12.0,A3,S32,状态触发,堵塞损失≥20触发，维护后储备阈值50，冷却21日,71.25945192204534,S32,71.25945192204534,0.0,0.0,0.17037424025450018,5.916245492837518,0.05196414327762255,2093.0,0.0
medium_1.10,中维护价单因素,1.0,1.1,1.0,300.0,3.3000000000000003,12.0,A4,S32,状态触发,堵塞损失≥20触发，维护后储备阈值50，冷却21日,69.86821214442703,S32,69.86821214442703,0.0,0.0,0.1706189696529463,5.484546779493959,0.048626406351089696,2060.0,0.0
medium_1.10,中维护价单因素,1.0,1.1,1.0,300.0,3.3000000000000003,12.0,A5,S32,状态触发,堵塞损失≥20触发，维护后储备阈值50，冷却21日,205.47842134779347,S32,205.47842134779347,0.0,0.0,0.6160449995361742,6.262097420285212,0.0,576.0,0.92
medium_1.10,中维护价单因素,1.0,1.1,1.0,300.0,3.3000000000000003,12.0,A6,S33,状态触发,堵塞损失≥20触发，维护后储备阈值50，冷却35日,93.19351399689712,S32,93.19858398217015,0.005069985273024713,5.4402769630443576e-05,0.2356200791528644,6.353495434356988,0.1284129431383111,1491.0,0.0
medium_1.10,中维护价单因素,1.0,1.1,1.0,300.0,3.3000000000000003,12.0,A7,S29,状态触发,堵塞损失≥10触发，维护后储备阈值50，冷却35日,123.38644712919942,S29,123.38644712919942,0.0,0.0,0.30115887418938586,9.737972196913791,0.07528971854734647,1262.0,0.005
medium_1.10,中维护价单因素,1.0,1.1,1.0,300.0,3.3000000000000003,12.0,A8,S29,状态触发,堵塞损失≥10触发，维护后储备阈值50，冷却35日,224.82656684810192,S29,224.82656684810192,0.0,0.0,0.6392530234349021,9.678290774804417,0.0926916883980608,557.0,0.945
medium_1.10,中维护价单因素,1.0,1.1,1.0,300.0,3.3000000000000003,12.0,A9,S32,状态触发,堵塞损失≥20触发，维护后储备阈值50，冷却21日,59.12608745434951,S33,59.27254478171045,0.14645732736094175,0.0024770339737771345,0.10933664611147696,5.846230467580674,0.5860444231575166,3271.0,0.0
medium_1.10,中维护价单因素,1.0,1.1,1.0,300.0,3.3000000000000003,12.0,A10,S29,状态触发,堵塞损失≥10触发，维护后储备阈值50，冷却35日,385.2583839150227,S29,385.2583839150227,0.0,0.0,1.1792528976850805,9.540155942272301,0.0,308.0,1.0
major_1.10,大维护价单因素,1.0,1.0,1.1,300.0,3.0,13.200000000000001,A1,S32,状态触发,堵塞损失≥20触发，维护后储备阈值50，冷却21日,80.4066053216715,S32,80.4066053216715,0.0,0.0,0.19978831463992977,6.783812223598816,0.00899047415879684,1785.0,0.0
major_1.10,大维护价单因素,1.0,1.0,1.1,300.0,3.0,13.200000000000001,A2,S29,状态触发,堵塞损失≥10触发，维护后储备阈值50，冷却35日,189.8755486164074,S29,189.8755486164074,0.0,0.0,0.5255925057200005,9.98100168362281,0.1708175643590002,681.0,0.66
major_1.10,大维护价单因素,1.0,1.0,1.1,300.0,3.0,13.200000000000001,A3,S32,状态触发,堵塞损失≥20触发，维护后储备阈值50，冷却21日,69.54693524612722,S32,69.54693524612722,0.0,0.0,0.17037424025450018,5.916245492837518,0.05196414327762255,2093.0,0.0
major_1.10,大维护价单因素,1.0,1.0,1.1,300.0,3.0,13.200000000000001,A4,S32,状态触发,堵塞损失≥20触发，维护后储备阈值50，冷却21日,68.28119979820013,S32,68.28119979820013,0.0,0.0,0.1706189696529463,5.484546779493959,0.048626406351089696,2060.0,0.0
major_1.10,大维护价单因素,1.0,1.0,1.1,300.0,3.0,13.200000000000001,A5,S32,状态触发,堵塞损失≥20触发，维护后储备阈值50，冷却21日,203.5997921217079,S32,203.5997921217079,0.0,0.0,0.6160449995361742,6.262097420285212,0.0,576.0,0.92
major_1.10,大维护价单因素,1.0,1.0,1.1,300.0,3.0,13.200000000000001,A6,S33,状态触发,堵塞损失≥20触发，维护后储备阈值50，冷却35日,91.44156089835599,S32,91.4459749001748,0.004414001818815905,4.827128687930417e-05,0.2356200791528644,6.353495434356988,0.1284129431383111,1491.0,0.0
major_1.10,大维护价单因素,1.0,1.0,1.1,300.0,3.0,13.200000000000001,A7,S29,状态触发,堵塞损失≥10触发，维护后储备阈值50，冷却35日,120.5554031323821,S29,120.5554031323821,0.0,0.0,0.30115887418938586,9.737972196913791,0.07528971854734647,1262.0,0.005
major_1.10,大维护价单因素,1.0,1.0,1.1,300.0,3.0,13.200000000000001,A8,S29,状态触发,堵塞损失≥10触发，维护后储备阈值50，冷却35日,222.03430964173828,S29,222.03430964173828,0.0,0.0,0.6392530234349021,9.678290774804417,0.0926916883980608,557.0,0.945
major_1.10,大维护价单因素,1.0,1.0,1.1,300.0,3.0,13.200000000000001,A9,S32,状态触发,堵塞损失≥20触发，维护后储备阈值50，冷却21日,58.075471621864324,S33,58.24828251640293,0.17281089453860687,0.0029756261931680435,0.10933664611147696,5.846230467580674,0.5860444231575166,3271.0,0.0
major_1.10,大维护价单因素,1.0,1.0,1.1,300.0,3.0,13.200000000000001,A10,S29,状态触发,堵塞损失≥10触发，维护后储备阈值50，冷却35日,382.39633713234105,S29,382.39633713234105,0.0,0.0,1.1792528976850805,9.540155942272301,0.0,308.0,1.0
purchase_1.15,购置价单因素,1.15,1.0,1.0,345.0,3.0,12.0,A1,S32,状态触发,堵塞损失≥20触发，维护后储备阈值50，冷却21日,89.38629091147777,S32,89.38629091147777,0.0,0.0,0.19978831463992977,6.783812223598816,0.00899047415879684,1785.0,0.0
purchase_1.15,购置价单因素,1.15,1.0,1.0,345.0,3.0,12.0,A2,S29,状态触发,堵塞损失≥10触发，维护后储备阈值50，冷却35日,213.3222302965766,S29,213.3222302965766,0.0,0.0,0.5255925057200005,9.98100168362281,0.1708175643590002,681.0,0.66
purchase_1.15,购置价单因素,1.15,1.0,1.0,345.0,3.0,12.0,A3,S32,状态触发,堵塞损失≥20触发，维护后储备阈值50，冷却21日,77.15141908564658,S32,77.15141908564658,0.0,0.0,0.17037424025450018,5.916245492837518,0.05196414327762255,2093.0,0.0
purchase_1.15,购置价单因素,1.15,1.0,1.0,345.0,3.0,12.0,A4,S32,状态触发,堵塞损失≥20触发，维护后储备阈值50，冷却21日,75.90070174496142,S32,75.90070174496142,0.0,0.0,0.1706189696529463,5.484546779493959,0.048626406351089696,2060.0,0.0
purchase_1.15,购置价单因素,1.15,1.0,1.0,345.0,3.0,12.0,A5,S32,状态触发,堵塞损失≥20触发，维护后储备阈值50，冷却21日,231.32181710083574,S32,231.32181710083574,0.0,0.0,0.6160449995361742,6.262097420285212,0.0,576.0,0.92
purchase_1.15,购置价单因素,1.15,1.0,1.0,345.0,3.0,12.0,A6,S33,状态触发,堵塞损失≥20触发，维护后储备阈值50，冷却35日,101.89036892846893,S32,101.89447961889033,0.004110690421398999,4.034424906523664e-05,0.2356200791528644,6.353495434356988,0.1284129431383111,1491.0,0.0
purchase_1.15,购置价单因素,1.15,1.0,1.0,345.0,3.0,12.0,A7,S29,状态触发,堵塞损失≥10触发，维护后储备阈值50，冷却35日,134.01720480864765,S29,134.01720480864765,0.0,0.0,0.30115887418938586,9.737972196913791,0.07528971854734647,1262.0,0.005
purchase_1.15,购置价单因素,1.15,1.0,1.0,345.0,3.0,12.0,A8,S29,状态触发,堵塞损失≥10触发，维护后储备阈值50，冷却35日,250.6894656702312,S29,250.6894656702312,0.0,0.0,0.6392530234349021,9.678290774804417,0.0926916883980608,557.0,0.945
purchase_1.15,购置价单因素,1.15,1.0,1.0,345.0,3.0,12.0,A9,S32,状态触发,堵塞损失≥20触发，维护后储备阈值50，冷却21日,62.29236738909177,S33,62.51714759234454,0.22478020325277015,0.0036084710322332714,0.10933664611147696,5.846230467580674,0.5860444231575166,3271.0,0.0
purchase_1.15,购置价单因素,1.15,1.0,1.0,345.0,3.0,12.0,A10,S29,状态触发,堵塞损失≥10触发，维护后储备阈值50，冷却35日,435.4627175281697,S29,435.4627175281697,0.0,0.0,1.1792528976850805,9.540155942272301,0.0,308.0,1.0
medium_1.15,中维护价单因素,1.0,1.15,1.0,300.0,3.4499999999999997,12.0,A1,S32,状态触发,堵塞损失≥20触发，维护后储备阈值50，冷却21日,83.4485322533004,S32,83.4485322533004,0.0,0.0,0.19978831463992977,6.783812223598816,0.00899047415879684,1785.0,0.0
medium_1.15,中维护价单因素,1.0,1.15,1.0,300.0,3.4499999999999997,12.0,A2,S29,状态触发,堵塞损失≥10触发，维护后储备阈值50，冷却35日,194.16201829680685,S29,194.16201829680685,0.0,0.0,0.5255925057200005,9.98100168362281,0.1708175643590002,681.0,0.66
medium_1.15,中维护价单因素,1.0,1.15,1.0,300.0,3.4499999999999997,12.0,A3,S32,状态触发,堵塞损失≥20触发，维护后储备阈值50，冷却21日,72.14688874597095,S32,72.14688874597095,0.0,0.0,0.17037424025450018,5.916245492837518,0.05196414327762255,2093.0,0.0
medium_1.15,中维护价单因素,1.0,1.15,1.0,300.0,3.4499999999999997,12.0,A4,S36,状态触发,堵塞损失≥30触发，维护后储备阈值50，冷却21日,70.60545884874571,S32,70.69089416135112,0.08543531260541215,0.0012100383454547847,0.1818516757488779,4.4244512709701995,0.06546660326959604,2002.0,0.0
medium_1.15,中维护价单因素,1.0,1.15,1.0,300.0,3.4499999999999997,12.0,A5,S32,状态触发,堵塞损失≥20触发，维护后储备阈值50，冷却21日,206.41773596083624,S32,206.41773596083624,0.0,0.0,0.6160449995361742,6.262097420285212,0.0,576.0,0.92
medium_1.15,中维护价单因素,1.0,1.15,1.0,300.0,3.4499999999999997,12.0,A6,S33,状态触发,堵塞损失≥20触发，维护后储备阈值50，冷却35日,94.14653831205067,S32,94.1519340524832,0.005395740432533103,5.731214901018249e-05,0.2356200791528644,6.353495434356988,0.1284129431383111,1491.0,0.0
medium_1.15,中维护价单因素,1.0,1.15,1.0,300.0,3.4499999999999997,12.0,A7,S29,状态触发,堵塞损失≥10触发，维护后储备阈值50，冷却35日,124.84714295873648,S29,124.84714295873648,0.0,0.0,0.30115887418938586,9.737972196913791,0.07528971854734647,1262.0,0.005
medium_1.15,中维护价单因素,1.0,1.15,1.0,300.0,3.4499999999999997,12.0,A8,S29,状态触发,堵塞损失≥10触发，维护后储备阈值50，冷却35日,226.27831046432257,S29,226.27831046432257,0.0,0.0,0.6392530234349021,9.678290774804417,0.0926916883980608,557.0,0.945
medium_1.15,中维护价单因素,1.0,1.15,1.0,300.0,3.4499999999999997,12.0,A9,S32,状态触发,堵塞损失≥20触发，维护后储备阈值50，冷却21日,60.00302202448661,S33,60.13792698708198,0.1349049625953711,0.0022483028028207944,0.10933664611147696,5.846230467580674,0.5860444231575166,3271.0,0.0
medium_1.15,中维护价单因素,1.0,1.15,1.0,300.0,3.4499999999999997,12.0,A10,S29,状态触发,堵塞损失≥10触发，维护后储备阈值50，冷却35日,386.68940730636353,S29,386.68940730636353,0.0,0.0,1.1792528976850805,9.540155942272301,0.0,308.0,1.0
major_1.15,大维护价单因素,1.0,1.0,1.15,300.0,3.0,13.799999999999999,A1,S32,状态触发,堵塞损失≥20触发，维护后储备阈值50，冷却21日,80.41199960616679,S32,80.41199960616679,0.0,0.0,0.19978831463992977,6.783812223598816,0.00899047415879684,1785.0,0.0
major_1.15,大维护价单因素,1.0,1.0,1.15,300.0,3.0,13.799999999999999,A2,S29,状态触发,堵塞损失≥10触发，维护后储备阈值50，冷却35日,189.9780391550228,S29,189.9780391550228,0.0,0.0,0.5255925057200005,9.98100168362281,0.1708175643590002,681.0,0.66
major_1.15,大维护价单因素,1.0,1.0,1.15,300.0,3.0,13.799999999999999,A3,S32,状态触发,堵塞损失≥20触发，维护后储备阈值50，冷却21日,69.5781137320938,S32,69.5781137320938,0.0,0.0,0.17037424025450018,5.916245492837518,0.05196414327762255,2093.0,0.0
major_1.15,大维护价单因素,1.0,1.0,1.15,300.0,3.0,13.799999999999999,A4,S32,状态触发,堵塞损失≥20触发，维护后储备阈值50，冷却21日,68.3103756420108,S32,68.3103756420108,0.0,0.0,0.1706189696529463,5.484546779493959,0.048626406351089696,2060.0,0.0
major_1.15,大维护价单因素,1.0,1.0,1.15,300.0,3.0,13.799999999999999,A5,S32,状态触发,堵塞损失≥20触发，维护后储备阈值50，冷却21日,203.5997921217079,S32,203.5997921217079,0.0,0.0,0.6160449995361742,6.262097420285212,0.0,576.0,0.92
major_1.15,大维护价单因素,1.0,1.0,1.15,300.0,3.0,13.799999999999999,A6,S33,状态触发,堵塞损失≥20触发，维护后储备阈值50，冷却35日,91.51860866423897,S32,91.52302042949019,0.00441176525121989,4.820620981472366e-05,0.2356200791528644,6.353495434356988,0.1284129431383111,1491.0,0.0
major_1.15,大维护价单因素,1.0,1.0,1.15,300.0,3.0,13.799999999999999,A7,S29,状态触发,堵塞损失≥10触发，维护后储备阈值50，冷却35日,120.6005769635105,S29,120.6005769635105,0.0,0.0,0.30115887418938586,9.737972196913791,0.07528971854734647,1262.0,0.005
major_1.15,大维护价单因素,1.0,1.0,1.15,300.0,3.0,13.799999999999999,A8,S29,状态触发,堵塞损失≥10触发，维护后储备阈值50，冷却35日,222.0899246547771,S29,222.0899246547771,0.0,0.0,0.6392530234349021,9.678290774804417,0.0926916883980608,557.0,0.945
major_1.15,大维护价单因素,1.0,1.0,1.15,300.0,3.0,13.799999999999999,A9,S32,状态触发,堵塞损失≥20触发，维护后储备阈值50，冷却21日,58.42709827575884,S33,58.60153358912071,0.1744353133618759,0.0029855207345501258,0.10933664611147696,5.846230467580674,0.5860444231575166,3271.0,0.0
major_1.15,大维护价单因素,1.0,1.0,1.15,300.0,3.0,13.799999999999999,A10,S29,状态触发,堵塞损失≥10触发，维护后储备阈值50，冷却35日,382.39633713234105,S29,382.39633713234105,0.0,0.0,1.1792528976850805,9.540155942272301,0.0,308.0,1.0
purchase_1.20,购置价单因素,1.2,1.0,1.0,360.0,3.0,12.0,A1,S32,状态触发,堵塞损失≥20触发，维护后储备阈值50，冷却21日,92.38311563107672,S32,92.38311563107672,0.0,0.0,0.19978831463992977,6.783812223598816,0.00899047415879684,1785.0,0.0
purchase_1.20,购置价单因素,1.2,1.0,1.0,360.0,3.0,12.0,A2,S29,状态触发,堵塞损失≥10触发，维护后储备阈值50，冷却35日,221.20611788237662,S29,221.20611788237662,0.0,0.0,0.5255925057200005,9.98100168362281,0.1708175643590002,681.0,0.66
purchase_1.20,购置价单因素,1.2,1.0,1.0,360.0,3.0,12.0,A3,S32,状态触发,堵塞损失≥20触发，维护后储备阈值50，冷却21日,79.70703268946409,S32,79.70703268946409,0.0,0.0,0.17037424025450018,5.916245492837518,0.05196414327762255,2093.0,0.0
purchase_1.20,购置价单因素,1.2,1.0,1.0,360.0,3.0,12.0,A4,S32,状态触发,堵塞损失≥20触发，维护后储备阈值50，冷却21日,78.45998628975562,S32,78.45998628975562,0.0,0.0,0.1706189696529463,5.484546779493959,0.048626406351089696,2060.0,0.0
purchase_1.20,购置价单因素,1.2,1.0,1.0,360.0,3.0,12.0,A5,S29,状态触发,堵塞损失≥10触发，维护后储备阈值50，冷却35日,240.27174698359946,S32,240.56249209387835,0.29074511027889116,0.0012100678249895812,0.5864219829973749,9.71994436818149,0.0,604.0,0.87
purchase_1.20,购置价单因素,1.2,1.0,1.0,360.0,3.0,12.0,A6,S33,状态触发,堵塞损失≥20触发，维护后储备阈值50，冷却35日,105.42467011576188,S32,105.42867821133909,0.004008095577205495,3.80185735730014e-05,0.2356200791528644,6.353495434356988,0.1284129431383111,1491.0,0.0
purchase_1.20,购置价单因素,1.2,1.0,1.0,360.0,3.0,12.0,A7,S29,状态触发,堵塞损失≥10触发，维护后储备阈值50，冷却35日,138.53458792148842,S29,138.53458792148842,0.0,0.0,0.30115887418938586,9.737972196913791,0.07528971854734647,1262.0,0.005
purchase_1.20,购置价单因素,1.2,1.0,1.0,360.0,3.0,12.0,A8,S29,状态触发,堵塞损失≥10触发，维护后储备阈值50，冷却35日,260.27826102175476,S29,260.27826102175476,0.0,0.0,0.6392530234349021,9.678290774804417,0.0926916883980608,557.0,0.945
purchase_1.20,购置价单因素,1.2,1.0,1.0,360.0,3.0,12.0,A9,S32,状态触发,堵塞损失≥20触发，维护后储备阈值50，冷却21日,63.93241708076393,S33,64.1756033328036,0.2431862520396706,0.003803801938732593,0.10933664611147696,5.846230467580674,0.5860444231575166,3271.0,0.0
purchase_1.20,购置价单因素,1.2,1.0,1.0,360.0,3.0,12.0,A10,S29,状态触发,堵塞损失≥10触发，维护后储备阈值50，冷却35日,453.15151099344587,S29,453.15151099344587,0.0,0.0,1.1792528976850805,9.540155942272301,0.0,308.0,1.0
medium_1.20,中维护价单因素,1.0,1.2,1.0,300.0,3.5999999999999996,12.0,A1,S32,状态触发,堵塞损失≥20触发，维护后储备阈值50，冷却21日,84.46610408684022,S32,84.46610408684022,0.0,0.0,0.19978831463992977,6.783812223598816,0.00899047415879684,1785.0,0.0
medium_1.20,中维护价单因素,1.0,1.2,1.0,300.0,3.5999999999999996,12.0,A2,S29,状态触发,堵塞损失≥10触发，维护后储备阈值50，冷却35日,195.65916854935028,S29,195.65916854935028,0.0,0.0,0.5255925057200005,9.98100168362281,0.1708175643590002,681.0,0.66
medium_1.20,中维护价单因素,1.0,1.2,1.0,300.0,3.5999999999999996,12.0,A3,S32,状态触发,堵塞损失≥20触发，维护后储备阈值50，冷却21日,73.0343255698966,S32,73.0343255698966,0.0,0.0,0.17037424025450018,5.916245492837518,0.05196414327762255,2093.0,0.0
medium_1.20,中维护价单因素,1.0,1.2,1.0,300.0,3.5999999999999996,12.0,A4,S36,状态触发,堵塞损失≥30触发，维护后储备阈值50，冷却21日,71.26912653939124,S32,71.51357617827522,0.24444963888397808,0.003429951379421888,0.1818516757488779,4.4244512709701995,0.06546660326959604,2002.0,0.0
medium_1.20,中维护价单因素,1.0,1.2,1.0,300.0,3.5999999999999996,12.0,A5,S32,状态触发,堵塞损失≥20触发，维护后储备阈值50，冷却21日,207.357050573879,S32,207.357050573879,0.0,0.0,0.6160449995361742,6.262097420285212,0.0,576.0,0.92
medium_1.20,中维护价单因素,1.0,1.2,1.0,300.0,3.5999999999999996,12.0,A6,S33,状态触发,堵塞损失≥20触发，维护后储备阈值50，冷却35日,95.09956262720421,S32,95.10528412279625,0.005721495592041492,6.016321667503442e-05,0.2356200791528644,6.353495434356988,0.1284129431383111,1491.0,0.0
medium_1.20,中维护价单因素,1.0,1.2,1.0,300.0,3.5999999999999996,12.0,A7,S29,状态触发,堵塞损失≥10触发，维护后储备阈值50，冷却35日,126.30783878827357,S29,126.30783878827357,0.0,0.0,0.30115887418938586,9.737972196913791,0.07528971854734647,1262.0,0.005
medium_1.20,中维护价单因素,1.0,1.2,1.0,300.0,3.5999999999999996,12.0,A8,S29,状态触发,堵塞损失≥10触发，维护后储备阈值50，冷却35日,227.73005408054323,S29,227.73005408054323,0.0,0.0,0.6392530234349021,9.678290774804417,0.0926916883980608,557.0,0.945
medium_1.20,中维护价单因素,1.0,1.2,1.0,300.0,3.5999999999999996,12.0,A9,S32,状态触发,堵塞损失≥20触发，维护后储备阈值50，冷却21日,60.879956594623714,S33,61.003309192453514,0.12335259782980046,0.0020261610672812746,0.10933664611147696,5.846230467580674,0.5860444231575166,3271.0,0.0
medium_1.20,中维护价单因素,1.0,1.2,1.0,300.0,3.5999999999999996,12.0,A10,S29,状态触发,堵塞损失≥10触发，维护后储备阈值50，冷却35日,388.12043069770436,S29,388.12043069770436,0.0,0.0,1.1792528976850805,9.540155942272301,0.0,308.0,1.0
major_1.20,大维护价单因素,1.0,1.0,1.2,300.0,3.0,14.399999999999999,A1,S32,状态触发,堵塞损失≥20触发，维护后储备阈值50，冷却21日,80.41739389066205,S32,80.41739389066205,0.0,0.0,0.19978831463992977,6.783812223598816,0.00899047415879684,1785.0,0.0
major_1.20,大维护价单因素,1.0,1.0,1.2,300.0,3.0,14.399999999999999,A2,S29,状态触发,堵塞损失≥10触发，维护后储备阈值50，冷却35日,190.0805296936382,S29,190.0805296936382,0.0,0.0,0.5255925057200005,9.98100168362281,0.1708175643590002,681.0,0.66
major_1.20,大维护价单因素,1.0,1.0,1.2,300.0,3.0,14.399999999999999,A3,S32,状态触发,堵塞损失≥20触发，维护后储备阈值50，冷却21日,69.60929221806038,S32,69.60929221806038,0.0,0.0,0.17037424025450018,5.916245492837518,0.05196414327762255,2093.0,0.0
major_1.20,大维护价单因素,1.0,1.0,1.2,300.0,3.0,14.399999999999999,A4,S32,状态触发,堵塞损失≥20触发，维护后储备阈值50，冷却21日,68.33955148582145,S32,68.33955148582145,0.0,0.0,0.1706189696529463,5.484546779493959,0.048626406351089696,2060.0,0.0
major_1.20,大维护价单因素,1.0,1.0,1.2,300.0,3.0,14.399999999999999,A5,S32,状态触发,堵塞损失≥20触发，维护后储备阈值50，冷却21日,203.5997921217079,S32,203.5997921217079,0.0,0.0,0.6160449995361742,6.262097420285212,0.0,576.0,0.92
major_1.20,大维护价单因素,1.0,1.0,1.2,300.0,3.0,14.399999999999999,A6,S33,状态触发,堵塞损失≥20触发，维护后储备阈值50，冷却35日,91.59565643012195,S32,91.60006595880557,0.004409528683623876,4.814124223224375e-05,0.2356200791528644,6.353495434356988,0.1284129431383111,1491.0,0.0
major_1.20,大维护价单因素,1.0,1.0,1.2,300.0,3.0,14.399999999999999,A7,S29,状态触发,堵塞损失≥10触发，维护后储备阈值50，冷却35日,120.64575079463891,S29,120.64575079463891,0.0,0.0,0.30115887418938586,9.737972196913791,0.07528971854734647,1262.0,0.005
major_1.20,大维护价单因素,1.0,1.0,1.2,300.0,3.0,14.399999999999999,A8,S29,状态触发,堵塞损失≥10触发，维护后储备阈值50，冷却35日,222.14553966781594,S29,222.14553966781594,0.0,0.0,0.6392530234349021,9.678290774804417,0.0926916883980608,557.0,0.945
major_1.20,大维护价单因素,1.0,1.0,1.2,300.0,3.0,14.399999999999999,A9,S32,状态触发,堵塞损失≥20触发，维护后储备阈值50，冷却21日,58.77872492965334,S33,58.95478466183849,0.17605973218514492,0.0029952968934908683,0.10933664611147696,5.846230467580674,0.5860444231575166,3271.0,0.0
major_1.20,大维护价单因素,1.0,1.0,1.2,300.0,3.0,14.399999999999999,A10,S29,状态触发,堵塞损失≥10触发，维护后储备阈值50，冷却35日,382.39633713234105,S29,382.39633713234105,0.0,0.0,1.1792528976850805,9.540155942272301,0.0,308.0,1.0
purchase_1.25,购置价单因素,1.25,1.0,1.0,375.0,3.0,12.0,A1,S32,状态触发,堵塞损失≥20触发，维护后储备阈值50，冷却21日,95.37994035067567,S32,95.37994035067567,0.0,0.0,0.19978831463992977,6.783812223598816,0.00899047415879684,1785.0,0.0
purchase_1.25,购置价单因素,1.25,1.0,1.0,375.0,3.0,12.0,A2,S29,状态触发,堵塞损失≥10触发，维护后储备阈值50，冷却35日,229.09000546817663,S29,229.09000546817663,0.0,0.0,0.5255925057200005,9.98100168362281,0.1708175643590002,681.0,0.66
purchase_1.25,购置价单因素,1.25,1.0,1.0,375.0,3.0,12.0,A3,S32,状态触发,堵塞损失≥20触发，维护后储备阈值50，冷却21日,82.26264629328159,S32,82.26264629328159,0.0,0.0,0.17037424025450018,5.916245492837518,0.05196414327762255,2093.0,0.0
purchase_1.25,购置价单因素,1.25,1.0,1.0,375.0,3.0,12.0,A4,S32,状态触发,堵塞损失≥20触发，维护后储备阈值50，冷却21日,81.01927083454981,S32,81.01927083454981,0.0,0.0,0.1706189696529463,5.484546779493959,0.048626406351089696,2060.0,0.0
purchase_1.25,购置价单因素,1.25,1.0,1.0,375.0,3.0,12.0,A5,S29,状态触发,堵塞损失≥10触发，维护后储备阈值50，冷却35日,249.06807672856007,S32,249.80316708692098,0.7350903583609067,0.002951363209673894,0.5864219829973749,9.71994436818149,0.0,604.0,0.87
purchase_1.25,购置价单因素,1.25,1.0,1.0,375.0,3.0,12.0,A6,S33,状态触发,堵塞损失≥20触发，维护后储备阈值50，冷却35日,108.95897130305487,S32,108.96287680378786,0.0039055007329977798,3.584377391132989e-05,0.2356200791528644,6.353495434356988,0.1284129431383111,1491.0,0.0
purchase_1.25,购置价单因素,1.25,1.0,1.0,375.0,3.0,12.0,A7,S29,状态触发,堵塞损失≥10触发，维护后储备阈值50，冷却35日,143.05197103432923,S29,143.05197103432923,0.0,0.0,0.30115887418938586,9.737972196913791,0.07528971854734647,1262.0,0.005
purchase_1.25,购置价单因素,1.25,1.0,1.0,375.0,3.0,12.0,A8,S29,状态触发,堵塞损失≥10触发，维护后储备阈值50，冷却35日,269.8670563732783,S29,269.8670563732783,0.0,0.0,0.6392530234349021,9.678290774804417,0.0926916883980608,557.0,0.945
purchase_1.25,购置价单因素,1.25,1.0,1.0,375.0,3.0,12.0,A9,S32,状态触发,堵塞损失≥20触发，维护后储备阈值50，冷却21日,65.57246677243607,S33,65.83405907326265,0.26159230082657814,0.003989361902983046,0.10933664611147696,5.846230467580674,0.5860444231575166,3271.0,0.0
purchase_1.25,购置价单因素,1.25,1.0,1.0,375.0,3.0,12.0,A10,S29,状态触发,堵塞损失≥10触发，维护后储备阈值50，冷却35日,470.84030445872213,S29,470.84030445872213,0.0,0.0,1.1792528976850805,9.540155942272301,0.0,308.0,1.0
medium_1.25,中维护价单因素,1.0,1.25,1.0,300.0,3.75,12.0,A1,S32,状态触发,堵塞损失≥20触发，维护后储备阈值50，冷却21日,85.48367592038005,S32,85.48367592038005,0.0,0.0,0.19978831463992977,6.783812223598816,0.00899047415879684,1785.0,0.0
medium_1.25,中维护价单因素,1.0,1.25,1.0,300.0,3.75,12.0,A2,S29,状态触发,堵塞损失≥10触发，维护后储备阈值50，冷却35日,197.15631880189372,S29,197.15631880189372,0.0,0.0,0.5255925057200005,9.98100168362281,0.1708175643590002,681.0,0.66
medium_1.25,中维护价单因素,1.0,1.25,1.0,300.0,3.75,12.0,A3,S32,状态触发,堵塞损失≥20触发，维护后储备阈值50，冷却21日,73.92176239382222,S32,73.92176239382222,0.0,0.0,0.17037424025450018,5.916245492837518,0.05196414327762255,2093.0,0.0
medium_1.25,中维护价单因素,1.0,1.25,1.0,300.0,3.75,12.0,A4,S36,状态触发,堵塞损失≥30触发，维护后储备阈值50，冷却21日,71.93279423003678,S32,72.33625819519932,0.403463965162544,0.005608901607134714,0.1818516757488779,4.4244512709701995,0.06546660326959604,2002.0,0.0
medium_1.25,中维护价单因素,1.0,1.25,1.0,300.0,3.75,12.0,A5,S32,状态触发,堵塞损失≥20触发，维护后储备阈值50，冷却21日,208.2963651869218,S32,208.2963651869218,0.0,0.0,0.6160449995361742,6.262097420285212,0.0,576.0,0.92
medium_1.25,中维护价单因素,1.0,1.25,1.0,300.0,3.75,12.0,A6,S33,状态触发,堵塞损失≥20触发，维护后储备阈值50，冷却35日,96.05258694235776,S32,96.0586341931093,0.006047250751535671,6.295770831414144e-05,0.2356200791528644,6.353495434356988,0.1284129431383111,1491.0,0.0
medium_1.25,中维护价单因素,1.0,1.25,1.0,300.0,3.75,12.0,A7,S29,状态触发,堵塞损失≥10触发，维护后储备阈值50，冷却35日,127.76853461781063,S29,127.76853461781063,0.0,0.0,0.30115887418938586,9.737972196913791,0.07528971854734647,1262.0,0.005
medium_1.25,中维护价单因素,1.0,1.25,1.0,300.0,3.75,12.0,A8,S29,状态触发,堵塞损失≥10触发，维护后储备阈值50，冷却35日,229.1817976967639,S29,229.1817976967639,0.0,0.0,0.6392530234349021,9.678290774804417,0.0926916883980608,557.0,0.945
medium_1.25,中维护价单因素,1.0,1.25,1.0,300.0,3.75,12.0,A9,S32,状态触发,堵塞损失≥20触发，维护后储备阈值50，冷却21日,61.756891164760816,S33,61.868691397825046,0.11180023306422981,0.00181032806146214,0.10933664611147696,5.846230467580674,0.5860444231575166,3271.0,0.0
medium_1.25,中维护价单因素,1.0,1.25,1.0,300.0,3.75,12.0,A10,S29,状态触发,堵塞损失≥10触发，维护后储备阈值50，冷却35日,389.55145408904525,S29,389.55145408904525,0.0,0.0,1.1792528976850805,9.540155942272301,0.0,308.0,1.0
major_1.25,大维护价单因素,1.0,1.0,1.25,300.0,3.0,15.0,A1,S32,状态触发,堵塞损失≥20触发，维护后储备阈值50，冷却21日,80.42278817515734,S32,80.42278817515734,0.0,0.0,0.19978831463992977,6.783812223598816,0.00899047415879684,1785.0,0.0
major_1.25,大维护价单因素,1.0,1.0,1.25,300.0,3.0,15.0,A2,S29,状态触发,堵塞损失≥10触发，维护后储备阈值50，冷却35日,190.1830202322536,S29,190.1830202322536,0.0,0.0,0.5255925057200005,9.98100168362281,0.1708175643590002,681.0,0.66
major_1.25,大维护价单因素,1.0,1.0,1.25,300.0,3.0,15.0,A3,S32,状态触发,堵塞损失≥20触发，维护后储备阈值50，冷却21日,69.64047070402694,S32,69.64047070402694,0.0,0.0,0.17037424025450018,5.916245492837518,0.05196414327762255,2093.0,0.0
major_1.25,大维护价单因素,1.0,1.0,1.25,300.0,3.0,15.0,A4,S32,状态触发,堵塞损失≥20触发，维护后储备阈值50，冷却21日,68.3687273296321,S32,68.3687273296321,0.0,0.0,0.1706189696529463,5.484546779493959,0.048626406351089696,2060.0,0.0
major_1.25,大维护价单因素,1.0,1.0,1.25,300.0,3.0,15.0,A5,S32,状态触发,堵塞损失≥20触发，维护后储备阈值50，冷却21日,203.5997921217079,S32,203.5997921217079,0.0,0.0,0.6160449995361742,6.262097420285212,0.0,576.0,0.92
major_1.25,大维护价单因素,1.0,1.0,1.25,300.0,3.0,15.0,A6,S33,状态触发,堵塞损失≥20触发，维护后储备阈值50，冷却35日,91.67270419600494,S32,91.67711148812096,0.00440729211601365,4.807638385566156e-05,0.2356200791528644,6.353495434356988,0.1284129431383111,1491.0,0.0
major_1.25,大维护价单因素,1.0,1.0,1.25,300.0,3.0,15.0,A7,S29,状态触发,堵塞损失≥10触发，维护后储备阈值50，冷却35日,120.69092462576732,S29,120.69092462576732,0.0,0.0,0.30115887418938586,9.737972196913791,0.07528971854734647,1262.0,0.005
major_1.25,大维护价单因素,1.0,1.0,1.25,300.0,3.0,15.0,A8,S29,状态触发,堵塞损失≥10触发，维护后储备阈值50，冷却35日,222.20115468085478,S29,222.20115468085478,0.0,0.0,0.6392530234349021,9.678290774804417,0.0926916883980608,557.0,0.945
major_1.25,大维护价单因素,1.0,1.0,1.25,300.0,3.0,15.0,A9,S32,状态触发,堵塞损失≥20触发，维护后储备阈值50，冷却21日,59.13035158354785,S33,59.30803573455627,0.17768415100842105,0.003004956781922113,0.10933664611147696,5.846230467580674,0.5860444231575166,3271.0,0.0
major_1.25,大维护价单因素,1.0,1.0,1.25,300.0,3.0,15.0,A10,S29,状态触发,堵塞损失≥10触发，维护后储备阈值50，冷却35日,382.39633713234105,S29,382.39633713234105,0.0,0.0,1.1792528976850805,9.540155942272301,0.0,308.0,1.0
purchase_1.30,购置价单因素,1.3,1.0,1.0,390.0,3.0,12.0,A1,S32,状态触发,堵塞损失≥20触发，维护后储备阈值50，冷却21日,98.37676507027462,S32,98.37676507027462,0.0,0.0,0.19978831463992977,6.783812223598816,0.00899047415879684,1785.0,0.0
purchase_1.30,购置价单因素,1.3,1.0,1.0,390.0,3.0,12.0,A2,S29,状态触发,堵塞损失≥10触发，维护后储备阈值50，冷却35日,236.97389305397664,S29,236.97389305397664,0.0,0.0,0.5255925057200005,9.98100168362281,0.1708175643590002,681.0,0.66
purchase_1.30,购置价单因素,1.3,1.0,1.0,390.0,3.0,12.0,A3,S32,状态触发,堵塞损失≥20触发，维护后储备阈值50，冷却21日,84.8182598970991,S32,84.8182598970991,0.0,0.0,0.17037424025450018,5.916245492837518,0.05196414327762255,2093.0,0.0
purchase_1.30,购置价单因素,1.3,1.0,1.0,390.0,3.0,12.0,A4,S32,状态触发,堵塞损失≥20触发，维护后储备阈值50，冷却21日,83.57855537934401,S32,83.57855537934401,0.0,0.0,0.1706189696529463,5.484546779493959,0.048626406351089696,2060.0,0.0
purchase_1.30,购置价单因素,1.3,1.0,1.0,390.0,3.0,12.0,A5,S29,状态触发,堵塞损失≥10触发，维护后储备阈值50，冷却35日,257.86440647352066,S32,259.04384207996355,1.179435606442894,0.004573859659704554,0.5864219829973749,9.71994436818149,0.0,604.0,0.87
purchase_1.30,购置价单因素,1.3,1.0,1.0,390.0,3.0,12.0,A6,S33,状态触发,堵塞损失≥20触发，维护后储备阈值50，冷却35日,112.49327249034782,S32,112.49707539623662,0.0038029058888042755,3.380562948002578e-05,0.2356200791528644,6.353495434356988,0.1284129431383111,1491.0,0.0
purchase_1.30,购置价单因素,1.3,1.0,1.0,390.0,3.0,12.0,A7,S29,状态触发,堵塞损失≥10触发，维护后储备阈值50，冷却35日,147.56935414717,S29,147.56935414717,0.0,0.0,0.30115887418938586,9.737972196913791,0.07528971854734647,1262.0,0.005
purchase_1.30,购置价单因素,1.3,1.0,1.0,390.0,3.0,12.0,A8,S29,状态触发,堵塞损失≥10触发，维护后储备阈值50，冷却35日,279.45585172480185,S29,279.45585172480185,0.0,0.0,0.6392530234349021,9.678290774804417,0.0926916883980608,557.0,0.945
purchase_1.30,购置价单因素,1.3,1.0,1.0,390.0,3.0,12.0,A9,S32,状态触发,堵塞损失≥20触发，维护后储备阈值50，冷却21日,67.21251646410823,S33,67.49251481372171,0.2799983496134786,0.004165866185995266,0.10933664611147696,5.846230467580674,0.5860444231575166,3271.0,0.0
purchase_1.30,购置价单因素,1.3,1.0,1.0,390.0,3.0,12.0,A10,S29,状态触发,堵塞损失≥10触发，维护后储备阈值50，冷却35日,488.5290979239983,S29,488.5290979239983,0.0,0.0,1.1792528976850805,9.540155942272301,0.0,308.0,1.0
medium_1.30,中维护价单因素,1.0,1.3,1.0,300.0,3.9000000000000004,12.0,A1,S32,状态触发,堵塞损失≥20触发，维护后储备阈值50，冷却21日,86.50124775391988,S32,86.50124775391988,0.0,0.0,0.19978831463992977,6.783812223598816,0.00899047415879684,1785.0,0.0
medium_1.30,中维护价单因素,1.0,1.3,1.0,300.0,3.9000000000000004,12.0,A2,S29,状态触发,堵塞损失≥10触发，维护后储备阈值50，冷却35日,198.65346905443712,S29,198.65346905443712,0.0,0.0,0.5255925057200005,9.98100168362281,0.1708175643590002,681.0,0.66
medium_1.30,中维护价单因素,1.0,1.3,1.0,300.0,3.9000000000000004,12.0,A3,S32,状态触发,堵塞损失≥20触发，维护后储备阈值50，冷却21日,74.80919921774785,S32,74.80919921774785,0.0,0.0,0.17037424025450018,5.916245492837518,0.05196414327762255,2093.0,0.0
medium_1.30,中维护价单因素,1.0,1.3,1.0,300.0,3.9000000000000004,12.0,A4,S36,状态触发,堵塞损失≥30触发，维护后储备阈值50，冷却21日,72.5964619206823,S32,73.15894021212341,0.56247829144111,0.007748012459004744,0.1818516757488779,4.4244512709701995,0.06546660326959604,2002.0,0.0
medium_1.30,中维护价单因素,1.0,1.3,1.0,300.0,3.9000000000000004,12.0,A5,S32,状态触发,堵塞损失≥20触发，维护后储备阈值50，冷却21日,209.2356797999646,S32,209.2356797999646,0.0,0.0,0.6160449995361742,6.262097420285212,0.0,576.0,0.92
medium_1.30,中维护价单因素,1.0,1.3,1.0,300.0,3.9000000000000004,12.0,A6,S33,状态触发,堵塞损失≥20触发，维护后储备阈值50，冷却35日,97.0056112575113,S32,97.01198426342236,0.0063730059110582715,6.569729140864311e-05,0.2356200791528644,6.353495434356988,0.1284129431383111,1491.0,0.0
medium_1.30,中维护价单因素,1.0,1.3,1.0,300.0,3.9000000000000004,12.0,A7,S29,状态触发,堵塞损失≥10触发，维护后储备阈值50，冷却35日,129.2292304473477,S29,129.2292304473477,0.0,0.0,0.30115887418938586,9.737972196913791,0.07528971854734647,1262.0,0.005
medium_1.30,中维护价单因素,1.0,1.3,1.0,300.0,3.9000000000000004,12.0,A8,S29,状态触发,堵塞损失≥10触发，维护后储备阈值50，冷却35日,230.63354131298456,S29,230.63354131298456,0.0,0.0,0.6392530234349021,9.678290774804417,0.0926916883980608,557.0,0.945
medium_1.30,中维护价单因素,1.0,1.3,1.0,300.0,3.9000000000000004,12.0,A9,S32,状态触发,堵塞损失≥20触发，维护后储备阈值50，冷却21日,62.63382573489792,S33,62.73407360319659,0.10024786829867338,0.0016005388002798926,0.10933664611147696,5.846230467580674,0.5860444231575166,3271.0,0.0
medium_1.30,中维护价单因素,1.0,1.3,1.0,300.0,3.9000000000000004,12.0,A10,S29,状态触发,堵塞损失≥10触发，维护后储备阈值50，冷却35日,390.9824774803861,S29,390.9824774803861,0.0,0.0,1.1792528976850805,9.540155942272301,0.0,308.0,1.0
major_1.30,大维护价单因素,1.0,1.0,1.3,300.0,3.0,15.600000000000001,A1,S32,状态触发,堵塞损失≥20触发，维护后储备阈值50，冷却21日,80.42818245965262,S32,80.42818245965262,0.0,0.0,0.19978831463992977,6.783812223598816,0.00899047415879684,1785.0,0.0
major_1.30,大维护价单因素,1.0,1.0,1.3,300.0,3.0,15.600000000000001,A2,S29,状态触发,堵塞损失≥10触发，维护后储备阈值50，冷却35日,190.285510770869,S29,190.285510770869,0.0,0.0,0.5255925057200005,9.98100168362281,0.1708175643590002,681.0,0.66
major_1.30,大维护价单因素,1.0,1.0,1.3,300.0,3.0,15.600000000000001,A3,S32,状态触发,堵塞损失≥20触发，维护后储备阈值50，冷却21日,69.67164918999352,S32,69.67164918999352,0.0,0.0,0.17037424025450018,5.916245492837518,0.05196414327762255,2093.0,0.0
major_1.30,大维护价单因素,1.0,1.0,1.3,300.0,3.0,15.600000000000001,A4,S32,状态触发,堵塞损失≥20触发，维护后储备阈值50，冷却21日,68.39790317344276,S32,68.39790317344276,0.0,0.0,0.1706189696529463,5.484546779493959,0.048626406351089696,2060.0,0.0
major_1.30,大维护价单因素,1.0,1.0,1.3,300.0,3.0,15.600000000000001,A5,S32,状态触发,堵塞损失≥20触发，维护后储备阈值50，冷却21日,203.5997921217079,S32,203.5997921217079,0.0,0.0,0.6160449995361742,6.262097420285212,0.0,576.0,0.92
major_1.30,大维护价单因素,1.0,1.0,1.3,300.0,3.0,15.600000000000001,A6,S33,状态触发,堵塞损失≥20触发，维护后储备阈值50，冷却35日,91.74975196188792,S32,91.75415701743634,0.004405055548417636,4.801163441016668e-05,0.2356200791528644,6.353495434356988,0.1284129431383111,1491.0,0.0
major_1.30,大维护价单因素,1.0,1.0,1.3,300.0,3.0,15.600000000000001,A7,S29,状态触发,堵塞损失≥10触发，维护后储备阈值50，冷却35日,120.73609845689573,S29,120.73609845689573,0.0,0.0,0.30115887418938586,9.737972196913791,0.07528971854734647,1262.0,0.005
major_1.30,大维护价单因素,1.0,1.0,1.3,300.0,3.0,15.600000000000001,A8,S29,状态触发,堵塞损失≥10触发，维护后储备阈值50，冷却35日,222.2567696938936,S29,222.2567696938936,0.0,0.0,0.6392530234349021,9.678290774804417,0.0926916883980608,557.0,0.945
major_1.30,大维护价单因素,1.0,1.0,1.3,300.0,3.0,15.600000000000001,A9,S32,状态触发,堵塞损失≥20触发，维护后储备阈值50，冷却21日,59.48197823744236,S33,59.661286807274045,0.17930856983168297,0.003014502461836632,0.10933664611147696,5.846230467580674,0.5860444231575166,3271.0,0.0
major_1.30,大维护价单因素,1.0,1.0,1.3,300.0,3.0,15.600000000000001,A10,S29,状态触发,堵塞损失≥10触发，维护后储备阈值50，冷却35日,382.39633713234105,S29,382.39633713234105,0.0,0.0,1.1792528976850805,9.540155942272301,0.0,308.0,1.0
purchase_1.35,购置价单因素,1.35,1.0,1.0,405.0,3.0,12.0,A1,S32,状态触发,堵塞损失≥20触发，维护后储备阈值50，冷却21日,101.37358978987356,S32,101.37358978987356,0.0,0.0,0.19978831463992977,6.783812223598816,0.00899047415879684,1785.0,0.0
purchase_1.35,购置价单因素,1.35,1.0,1.0,405.0,3.0,12.0,A2,S29,状态触发,堵塞损失≥10触发，维护后储备阈值50，冷却35日,244.85778063977665,S29,244.85778063977665,0.0,0.0,0.5255925057200005,9.98100168362281,0.1708175643590002,681.0,0.66
purchase_1.35,购置价单因素,1.35,1.0,1.0,405.0,3.0,12.0,A3,S32,状态触发,堵塞损失≥20触发，维护后储备阈值50，冷却21日,87.3738735009166,S32,87.3738735009166,0.0,0.0,0.17037424025450018,5.916245492837518,0.05196414327762255,2093.0,0.0
purchase_1.35,购置价单因素,1.35,1.0,1.0,405.0,3.0,12.0,A4,S32,状态触发,堵塞损失≥20触发，维护后储备阈值50，冷却21日,86.1378399241382,S32,86.1378399241382,0.0,0.0,0.1706189696529463,5.484546779493959,0.048626406351089696,2060.0,0.0
purchase_1.35,购置价单因素,1.35,1.0,1.0,405.0,3.0,12.0,A5,S29,状态触发,堵塞损失≥10触发，维护后储备阈值50，冷却35日,266.6607362184813,S32,268.28451707300616,1.6237808545248527,0.006089313625814231,0.5864219829973749,9.71994436818149,0.0,604.0,0.87
purchase_1.35,购置价单因素,1.35,1.0,1.0,405.0,3.0,12.0,A6,S33,状态触发,堵塞损失≥20触发，维护后储备阈值50，冷却35日,116.02757367764077,S32,116.03127398868538,0.003700311044610771,3.1891652366112035e-05,0.2356200791528644,6.353495434356988,0.1284129431383111,1491.0,0.0
purchase_1.35,购置价单因素,1.35,1.0,1.0,405.0,3.0,12.0,A7,S29,状态触发,堵塞损失≥10触发，维护后储备阈值50，冷却35日,152.0867372600108,S29,152.0867372600108,0.0,0.0,0.30115887418938586,9.737972196913791,0.07528971854734647,1262.0,0.005
purchase_1.35,购置价单因素,1.35,1.0,1.0,405.0,3.0,12.0,A8,S29,状态触发,堵塞损失≥10触发，维护后储备阈值50，冷却35日,289.04464707632536,S29,289.04464707632536,0.0,0.0,0.6392530234349021,9.678290774804417,0.0926916883980608,557.0,0.945
purchase_1.35,购置价单因素,1.35,1.0,1.0,405.0,3.0,12.0,A9,S32,状态触发,堵塞损失≥20触发，维护后储备阈值50，冷却21日,68.85256615578038,S33,69.15097055418076,0.298404398400379,0.0043339618994771055,0.10933664611147696,5.846230467580674,0.5860444231575166,3271.0,0.0
purchase_1.35,购置价单因素,1.35,1.0,1.0,405.0,3.0,12.0,A10,S29,状态触发,堵塞损失≥10触发，维护后储备阈值50，冷却35日,506.21789138927454,S29,506.21789138927454,0.0,0.0,1.1792528976850805,9.540155942272301,0.0,308.0,1.0
medium_1.35,中维护价单因素,1.0,1.35,1.0,300.0,4.050000000000001,12.0,A1,S32,状态触发,堵塞损失≥20触发，维护后储备阈值50，冷却21日,87.5188195874597,S32,87.5188195874597,0.0,0.0,0.19978831463992977,6.783812223598816,0.00899047415879684,1785.0,0.0
medium_1.35,中维护价单因素,1.0,1.35,1.0,300.0,4.050000000000001,12.0,A2,S29,状态触发,堵塞损失≥10触发，维护后储备阈值50，冷却35日,200.15061930698056,S29,200.15061930698056,0.0,0.0,0.5255925057200005,9.98100168362281,0.1708175643590002,681.0,0.66
medium_1.35,中维护价单因素,1.0,1.35,1.0,300.0,4.050000000000001,12.0,A3,S32,状态触发,堵塞损失≥20触发，维护后储备阈值50，冷却21日,75.69663604167347,S32,75.69663604167347,0.0,0.0,0.17037424025450018,5.916245492837518,0.05196414327762255,2093.0,0.0
medium_1.35,中维护价单因素,1.0,1.35,1.0,300.0,4.050000000000001,12.0,A4,S36,状态触发,堵塞损失≥30触发，维护后储备阈值50，冷却21日,73.26012961132784,S32,73.9816222290475,0.7214926177196617,0.009848366656562683,0.1818516757488779,4.4244512709701995,0.06546660326959604,2002.0,0.0
medium_1.35,中维护价单因素,1.0,1.35,1.0,300.0,4.050000000000001,12.0,A5,S32,状态触发,堵塞损失≥20触发，维护后储备阈值50，冷却21日,210.17499441300737,S32,210.17499441300737,0.0,0.0,0.6160449995361742,6.262097420285212,0.0,576.0,0.92
medium_1.35,中维护价单因素,1.0,1.35,1.0,300.0,4.050000000000001,12.0,A6,S33,状态触发,堵塞损失≥20触发，维护后储备阈值50，冷却35日,97.95863557266486,S32,97.96533433373543,0.006698761070566661,6.83835685481509e-05,0.2356200791528644,6.353495434356988,0.1284129431383111,1491.0,0.0
medium_1.35,中维护价单因素,1.0,1.35,1.0,300.0,4.050000000000001,12.0,A7,S29,状态触发,堵塞损失≥10触发，维护后储备阈值50，冷却35日,130.68992627688476,S29,130.68992627688476,0.0,0.0,0.30115887418938586,9.737972196913791,0.07528971854734647,1262.0,0.005
medium_1.35,中维护价单因素,1.0,1.35,1.0,300.0,4.050000000000001,12.0,A8,S29,状态触发,堵塞损失≥10触发，维护后储备阈值50，冷却35日,232.08528492920524,S29,232.08528492920524,0.0,0.0,0.6392530234349021,9.678290774804417,0.0926916883980608,557.0,0.945
medium_1.35,中维护价单因素,1.0,1.35,1.0,300.0,4.050000000000001,12.0,A9,S32,状态触发,堵塞损失≥20触发，维护后储备阈值50，冷却21日,63.51076030503502,S33,63.59945580856812,0.08869550353310274,0.0013965429339391976,0.10933664611147696,5.846230467580674,0.5860444231575166,3271.0,0.0
medium_1.35,中维护价单因素,1.0,1.35,1.0,300.0,4.050000000000001,12.0,A10,S29,状态触发,堵塞损失≥10触发，维护后储备阈值50，冷却35日,392.4135008717269,S29,392.4135008717269,0.0,0.0,1.1792528976850805,9.540155942272301,0.0,308.0,1.0
major_1.35,大维护价单因素,1.0,1.0,1.35,300.0,3.0,16.200000000000003,A1,S32,状态触发,堵塞损失≥20触发，维护后储备阈值50，冷却21日,80.4335767441479,S32,80.4335767441479,0.0,0.0,0.19978831463992977,6.783812223598816,0.00899047415879684,1785.0,0.0
major_1.35,大维护价单因素,1.0,1.0,1.35,300.0,3.0,16.200000000000003,A2,S29,状态触发,堵塞损失≥10触发，维护后储备阈值50，冷却35日,190.3880013094844,S29,190.3880013094844,0.0,0.0,0.5255925057200005,9.98100168362281,0.1708175643590002,681.0,0.66
major_1.35,大维护价单因素,1.0,1.0,1.35,300.0,3.0,16.200000000000003,A3,S32,状态触发,堵塞损失≥20触发，维护后储备阈值50，冷却21日,69.7028276759601,S32,69.7028276759601,0.0,0.0,0.17037424025450018,5.916245492837518,0.05196414327762255,2093.0,0.0
major_1.35,大维护价单因素,1.0,1.0,1.35,300.0,3.0,16.200000000000003,A4,S32,状态触发,堵塞损失≥20触发，维护后储备阈值50，冷却21日,68.4270790172534,S32,68.4270790172534,0.0,0.0,0.1706189696529463,5.484546779493959,0.048626406351089696,2060.0,0.0
major_1.35,大维护价单因素,1.0,1.0,1.35,300.0,3.0,16.200000000000003,A5,S32,状态触发,堵塞损失≥20触发，维护后储备阈值50，冷却21日,203.5997921217079,S32,203.5997921217079,0.0,0.0,0.6160449995361742,6.262097420285212,0.0,576.0,0.92
major_1.35,大维护价单因素,1.0,1.0,1.35,300.0,3.0,16.200000000000003,A6,S33,状态触发,堵塞损失≥20触发，维护后储备阈值50，冷却35日,91.82679972777092,S32,91.83120254675171,0.0044028189807931994,4.794699362109717e-05,0.2356200791528644,6.353495434356988,0.1284129431383111,1491.0,0.0
major_1.35,大维护价单因素,1.0,1.0,1.35,300.0,3.0,16.200000000000003,A7,S29,状态触发,堵塞损失≥10触发，维护后储备阈值50，冷却35日,120.78127228802414,S29,120.78127228802414,0.0,0.0,0.30115887418938586,9.737972196913791,0.07528971854734647,1262.0,0.005
major_1.35,大维护价单因素,1.0,1.0,1.35,300.0,3.0,16.200000000000003,A8,S29,状态触发,堵塞损失≥10触发，维护后储备阈值50，冷却35日,222.31238470693245,S29,222.31238470693245,0.0,0.0,0.6392530234349021,9.678290774804417,0.0926916883980608,557.0,0.945
major_1.35,大维护价单因素,1.0,1.0,1.35,300.0,3.0,16.200000000000003,A9,S32,状态触发,堵塞损失≥20触发，维护后储备阈值50，冷却21日,59.833604891336876,S33,60.01453787999183,0.180932988654952,0.0030239359467567153,0.10933664611147696,5.846230467580674,0.5860444231575166,3271.0,0.0
major_1.35,大维护价单因素,1.0,1.0,1.35,300.0,3.0,16.200000000000003,A10,S29,状态触发,堵塞损失≥10触发，维护后储备阈值50，冷却35日,382.39633713234105,S29,382.39633713234105,0.0,0.0,1.1792528976850805,9.540155942272301,0.0,308.0,1.0
purchase_1.40,购置价单因素,1.4,1.0,1.0,420.0,3.0,12.0,A1,S32,状态触发,堵塞损失≥20触发，维护后储备阈值50，冷却21日,104.37041450947251,S32,104.37041450947251,0.0,0.0,0.19978831463992977,6.783812223598816,0.00899047415879684,1785.0,0.0
purchase_1.40,购置价单因素,1.4,1.0,1.0,420.0,3.0,12.0,A2,S29,状态触发,堵塞损失≥10触发，维护后储备阈值50，冷却35日,252.74166822557666,S29,252.74166822557666,0.0,0.0,0.5255925057200005,9.98100168362281,0.1708175643590002,681.0,0.66
purchase_1.40,购置价单因素,1.4,1.0,1.0,420.0,3.0,12.0,A3,S32,状态触发,堵塞损失≥20触发，维护后储备阈值50，冷却21日,89.92948710473411,S32,89.92948710473411,0.0,0.0,0.17037424025450018,5.916245492837518,0.05196414327762255,2093.0,0.0
purchase_1.40,购置价单因素,1.4,1.0,1.0,420.0,3.0,12.0,A4,S32,状态触发,堵塞损失≥20触发，维护后储备阈值50，冷却21日,88.6971244689324,S32,88.6971244689324,0.0,0.0,0.1706189696529463,5.484546779493959,0.048626406351089696,2060.0,0.0
purchase_1.40,购置价单因素,1.4,1.0,1.0,420.0,3.0,12.0,A5,S29,状态触发,堵塞损失≥10触发，维护后储备阈值50，冷却35日,275.45706596344195,S32,277.5251920660488,2.0681261026068682,0.007507979856582606,0.5864219829973749,9.71994436818149,0.0,604.0,0.87
purchase_1.40,购置价单因素,1.4,1.0,1.0,420.0,3.0,12.0,A6,S33,状态触发,堵塞损失≥20触发，维护后储备阈值50，冷却35日,119.56187486493376,S32,119.56547258113416,0.003597716200403056,3.009083124923653e-05,0.2356200791528644,6.353495434356988,0.1284129431383111,1491.0,0.0
purchase_1.40,购置价单因素,1.4,1.0,1.0,420.0,3.0,12.0,A7,S29,状态触发,堵塞损失≥10触发，维护后储备阈值50，冷却35日,156.60412037285158,S29,156.60412037285158,0.0,0.0,0.30115887418938586,9.737972196913791,0.07528971854734647,1262.0,0.005
purchase_1.40,购置价单因素,1.4,1.0,1.0,420.0,3.0,12.0,A8,S29,状态触发,堵塞损失≥10触发，维护后储备阈值50，冷却35日,298.6334424278489,S29,298.6334424278489,0.0,0.0,0.6392530234349021,9.678290774804417,0.0926916883980608,557.0,0.945
purchase_1.40,购置价单因素,1.4,1.0,1.0,420.0,3.0,12.0,A9,S32,状态触发,堵塞损失≥20触发，维护后储备阈值50，冷却21日,70.49261584745254,S33,70.80942629463982,0.31681044718727946,0.004494235933489314,0.10933664611147696,5.846230467580674,0.5860444231575166,3271.0,0.0
purchase_1.40,购置价单因素,1.4,1.0,1.0,420.0,3.0,12.0,A10,S29,状态触发,堵塞损失≥10触发，维护后储备阈值50，冷却35日,523.9066848545507,S29,523.9066848545507,0.0,0.0,1.1792528976850805,9.540155942272301,0.0,308.0,1.0
medium_1.40,中维护价单因素,1.0,1.4,1.0,300.0,4.199999999999999,12.0,A1,S32,状态触发,堵塞损失≥20触发，维护后储备阈值50，冷却21日,88.53639142099952,S32,88.53639142099952,0.0,0.0,0.19978831463992977,6.783812223598816,0.00899047415879684,1785.0,0.0
medium_1.40,中维护价单因素,1.0,1.4,1.0,300.0,4.199999999999999,12.0,A2,S29,状态触发,堵塞损失≥10触发，维护后储备阈值50，冷却35日,201.64776955952397,S29,201.64776955952397,0.0,0.0,0.5255925057200005,9.98100168362281,0.1708175643590002,681.0,0.66
medium_1.40,中维护价单因素,1.0,1.4,1.0,300.0,4.199999999999999,12.0,A3,S32,状态触发,堵塞损失≥20触发，维护后储备阈值50，冷却21日,76.5840728655991,S32,76.5840728655991,0.0,0.0,0.17037424025450018,5.916245492837518,0.05196414327762255,2093.0,0.0
medium_1.40,中维护价单因素,1.0,1.4,1.0,300.0,4.199999999999999,12.0,A4,S36,状态触发,堵塞损失≥30触发，维护后储备阈值50，冷却21日,73.92379730197337,S32,74.8043042459716,0.8805069439982276,0.011911008039825395,0.1818516757488779,4.4244512709701995,0.06546660326959604,2002.0,0.0
medium_1.40,中维护价单因素,1.0,1.4,1.0,300.0,4.199999999999999,12.0,A5,S32,状态触发,堵塞损失≥20触发，维护后储备阈值50，冷却21日,211.11430902605014,S32,211.11430902605014,0.0,0.0,0.6160449995361742,6.262097420285212,0.0,576.0,0.92
medium_1.40,中维护价单因素,1.0,1.4,1.0,300.0,4.199999999999999,12.0,A6,S33,状态触发,堵塞损失≥20触发，维护后储备阈值50，冷却35日,98.9116598878184,S32,98.91868440404846,0.00702451623006084,7.1018080558225e-05,0.2356200791528644,6.353495434356988,0.1284129431383111,1491.0,0.0
medium_1.40,中维护价单因素,1.0,1.4,1.0,300.0,4.199999999999999,12.0,A7,S29,状态触发,堵塞损失≥10触发，维护后储备阈值50，冷却35日,132.15062210642182,S29,132.15062210642182,0.0,0.0,0.30115887418938586,9.737972196913791,0.07528971854734647,1262.0,0.005
medium_1.40,中维护价单因素,1.0,1.4,1.0,300.0,4.199999999999999,12.0,A8,S29,状态触发,堵塞损失≥10触发，维护后储备阈值50，冷却35日,233.5370285454259,S29,233.5370285454259,0.0,0.0,0.6392530234349021,9.678290774804417,0.0926916883980608,557.0,0.945
medium_1.40,中维护价单因素,1.0,1.4,1.0,300.0,4.199999999999999,12.0,A9,S32,状态触发,堵塞损失≥20触发，维护后储备阈值50，冷却21日,64.3876948751721,S33,64.46483801393966,0.07714313876755341,0.0011981037513007756,0.10933664611147696,5.846230467580674,0.5860444231575166,3271.0,0.0
medium_1.40,中维护价单因素,1.0,1.4,1.0,300.0,4.199999999999999,12.0,A10,S29,状态触发,堵塞损失≥10触发，维护后储备阈值50，冷却35日,393.8445242630678,S29,393.8445242630678,0.0,0.0,1.1792528976850805,9.540155942272301,0.0,308.0,1.0
major_1.40,大维护价单因素,1.0,1.0,1.4,300.0,3.0,16.799999999999997,A1,S32,状态触发,堵塞损失≥20触发，维护后储备阈值50，冷却21日,80.43897102864317,S32,80.43897102864317,0.0,0.0,0.19978831463992977,6.783812223598816,0.00899047415879684,1785.0,0.0
major_1.40,大维护价单因素,1.0,1.0,1.4,300.0,3.0,16.799999999999997,A2,S29,状态触发,堵塞损失≥10触发，维护后储备阈值50，冷却35日,190.4904918480998,S29,190.4904918480998,0.0,0.0,0.5255925057200005,9.98100168362281,0.1708175643590002,681.0,0.66
major_1.40,大维护价单因素,1.0,1.0,1.4,300.0,3.0,16.799999999999997,A3,S32,状态触发,堵塞损失≥20触发，维护后储备阈值50，冷却21日,69.73400616192667,S32,69.73400616192667,0.0,0.0,0.17037424025450018,5.916245492837518,0.05196414327762255,2093.0,0.0
major_1.40,大维护价单因素,1.0,1.0,1.4,300.0,3.0,16.799999999999997,A4,S32,状态触发,堵塞损失≥20触发，维护后储备阈值50，冷却21日,68.45625486106407,S32,68.45625486106407,0.0,0.0,0.1706189696529463,5.484546779493959,0.048626406351089696,2060.0,0.0
major_1.40,大维护价单因素,1.0,1.0,1.4,300.0,3.0,16.799999999999997,A5,S32,状态触发,堵塞损失≥20触发，维护后储备阈值50，冷却21日,203.5997921217079,S32,203.5997921217079,0.0,0.0,0.6160449995361742,6.262097420285212,0.0,576.0,0.92
major_1.40,大维护价单因素,1.0,1.0,1.4,300.0,3.0,16.799999999999997,A6,S33,状态触发,堵塞损失≥20触发，维护后储备阈值50，冷却35日,91.9038474936539,S32,91.9082480760671,0.004400582413197185,4.78824612157946e-05,0.2356200791528644,6.353495434356988,0.1284129431383111,1491.0,0.0
major_1.40,大维护价单因素,1.0,1.0,1.4,300.0,3.0,16.799999999999997,A7,S29,状态触发,堵塞损失≥10触发，维护后储备阈值50，冷却35日,120.82644611915255,S29,120.82644611915255,0.0,0.0,0.30115887418938586,9.737972196913791,0.07528971854734647,1262.0,0.005
major_1.40,大维护价单因素,1.0,1.0,1.4,300.0,3.0,16.799999999999997,A8,S29,状态触发,堵塞损失≥10触发，维护后储备阈值50，冷却35日,222.3679997199713,S29,222.3679997199713,0.0,0.0,0.6392530234349021,9.678290774804417,0.0926916883980608,557.0,0.945
major_1.40,大维护价单因素,1.0,1.0,1.4,300.0,3.0,16.799999999999997,A9,S32,状态触发,堵塞损失≥20触发，维护后储备阈值50，冷却21日,60.18523154523138,S33,60.3677889527096,0.18255740747822102,0.0030332592031489074,0.10933664611147696,5.846230467580674,0.5860444231575166,3271.0,0.0
major_1.40,大维护价单因素,1.0,1.0,1.4,300.0,3.0,16.799999999999997,A10,S29,状态触发,堵塞损失≥10触发，维护后储备阈值50，冷却35日,382.39633713234105,S29,382.39633713234105,0.0,0.0,1.1792528976850805,9.540155942272301,0.0,308.0,1.0
purchase_1.45,购置价单因素,1.45,1.0,1.0,435.0,3.0,12.0,A1,S32,状态触发,堵塞损失≥20触发，维护后储备阈值50，冷却21日,107.36723922907146,S32,107.36723922907146,0.0,0.0,0.19978831463992977,6.783812223598816,0.00899047415879684,1785.0,0.0
purchase_1.45,购置价单因素,1.45,1.0,1.0,435.0,3.0,12.0,A2,S29,状态触发,堵塞损失≥10触发，维护后储备阈值50，冷却35日,260.6255558113766,S29,260.6255558113766,0.0,0.0,0.5255925057200005,9.98100168362281,0.1708175643590002,681.0,0.66
purchase_1.45,购置价单因素,1.45,1.0,1.0,435.0,3.0,12.0,A3,S32,状态触发,堵塞损失≥20触发，维护后储备阈值50，冷却21日,92.4851007085516,S32,92.4851007085516,0.0,0.0,0.17037424025450018,5.916245492837518,0.05196414327762255,2093.0,0.0
purchase_1.45,购置价单因素,1.45,1.0,1.0,435.0,3.0,12.0,A4,S32,状态触发,堵塞损失≥20触发，维护后储备阈值50，冷却21日,91.2564090137266,S32,91.2564090137266,0.0,0.0,0.1706189696529463,5.484546779493959,0.048626406351089696,2060.0,0.0
purchase_1.45,购置价单因素,1.45,1.0,1.0,435.0,3.0,12.0,A5,S29,状态触发,堵塞损失≥10触发，维护后储备阈值50，冷却35日,284.25339570840254,S32,286.7658670590914,2.512471350688884,0.008838843752164946,0.5864219829973749,9.71994436818149,0.0,604.0,0.87
purchase_1.45,购置价单因素,1.45,1.0,1.0,435.0,3.0,12.0,A6,S33,状态触发,堵塞损失≥20触发，维护后储备阈值50，冷却35日,123.09617605222671,S32,123.09967117358292,0.0034951213562095518,2.8393419424553503e-05,0.2356200791528644,6.353495434356988,0.1284129431383111,1491.0,0.0
purchase_1.45,购置价单因素,1.45,1.0,1.0,435.0,3.0,12.0,A7,S29,状态触发,堵塞损失≥10触发，维护后储备阈值50，冷却35日,161.1215034856924,S29,161.1215034856924,0.0,0.0,0.30115887418938586,9.737972196913791,0.07528971854734647,1262.0,0.005
purchase_1.45,购置价单因素,1.45,1.0,1.0,435.0,3.0,12.0,A8,S29,状态触发,堵塞损失≥10触发，维护后储备阈值50，冷却35日,308.2222377793724,S29,308.2222377793724,0.0,0.0,0.6392530234349021,9.678290774804417,0.0926916883980608,557.0,0.945
purchase_1.45,购置价单因素,1.45,1.0,1.0,435.0,3.0,12.0,A9,S32,状态触发,堵塞损失≥20触发，维护后储备阈值50，冷却21日,72.13266553912469,S33,72.46788203509887,0.3352164959741799,0.004647221802615333,0.10933664611147696,5.846230467580674,0.5860444231575166,3271.0,0.0
purchase_1.45,购置价单因素,1.45,1.0,1.0,435.0,3.0,12.0,A10,S29,状态触发,堵塞损失≥10触发，维护后储备阈值50，冷却35日,541.595478319827,S29,541.595478319827,0.0,0.0,1.1792528976850805,9.540155942272301,0.0,308.0,1.0
medium_1.45,中维护价单因素,1.0,1.45,1.0,300.0,4.35,12.0,A1,S32,状态触发,堵塞损失≥20触发，维护后储备阈值50，冷却21日,89.55396325453934,S32,89.55396325453934,0.0,0.0,0.19978831463992977,6.783812223598816,0.00899047415879684,1785.0,0.0
medium_1.45,中维护价单因素,1.0,1.45,1.0,300.0,4.35,12.0,A2,S29,状态触发,堵塞损失≥10触发，维护后储备阈值50，冷却35日,203.1449198120674,S29,203.1449198120674,0.0,0.0,0.5255925057200005,9.98100168362281,0.1708175643590002,681.0,0.66
medium_1.45,中维护价单因素,1.0,1.45,1.0,300.0,4.35,12.0,A3,S32,状态触发,堵塞损失≥20触发，维护后储备阈值50，冷却21日,77.47150968952472,S32,77.47150968952472,0.0,0.0,0.17037424025450018,5.916245492837518,0.05196414327762255,2093.0,0.0
medium_1.45,中维护价单因素,1.0,1.45,1.0,300.0,4.35,12.0,A4,S36,状态触发,堵塞损失≥30触发，维护后储备阈值50，冷却21日,74.58746499261889,S32,75.62698626289568,1.0395212702767935,0.01393694329710312,0.1818516757488779,4.4244512709701995,0.06546660326959604,2002.0,0.0
medium_1.45,中维护价单因素,1.0,1.45,1.0,300.0,4.35,12.0,A5,S32,状态触发,堵塞损失≥20触发，维护后储备阈值50，冷却21日,212.05362363909293,S32,212.05362363909293,0.0,0.0,0.6160449995361742,6.262097420285212,0.0,576.0,0.92
medium_1.45,中维护价单因素,1.0,1.45,1.0,300.0,4.35,12.0,A6,S33,状态触发,堵塞损失≥20触发，维护后储备阈值50，冷却35日,99.86468420297196,S32,99.87203447436153,0.0073502713895692295,7.360230944735202e-05,0.2356200791528644,6.353495434356988,0.1284129431383111,1491.0,0.0
medium_1.45,中维护价单因素,1.0,1.45,1.0,300.0,4.35,12.0,A7,S29,状态触发,堵塞损失≥10触发，维护后储备阈值50，冷却35日,133.61131793595888,S29,133.61131793595888,0.0,0.0,0.30115887418938586,9.737972196913791,0.07528971854734647,1262.0,0.005
medium_1.45,中维护价单因素,1.0,1.45,1.0,300.0,4.35,12.0,A8,S29,状态触发,堵塞损失≥10触发，维护后储备阈值50，冷却35日,234.98877216164655,S29,234.98877216164655,0.0,0.0,0.6392530234349021,9.678290774804417,0.0926916883980608,557.0,0.945
medium_1.45,中维护价单因素,1.0,1.45,1.0,300.0,4.35,12.0,A9,S32,状态触发,堵塞损失≥20触发，维护后储备阈值50，冷却21日,65.26462944530921,S33,65.33022021931119,0.06559077400197566,0.0010049972635934408,0.10933664611147696,5.846230467580674,0.5860444231575166,3271.0,0.0
medium_1.45,中维护价单因素,1.0,1.45,1.0,300.0,4.35,12.0,A10,S29,状态触发,堵塞损失≥10触发，维护后储备阈值50，冷却35日,395.2755476544086,S29,395.2755476544086,0.0,0.0,1.1792528976850805,9.540155942272301,0.0,308.0,1.0
major_1.45,大维护价单因素,1.0,1.0,1.45,300.0,3.0,17.4,A1,S32,状态触发,堵塞损失≥20触发，维护后储备阈值50，冷却21日,80.44436531313845,S32,80.44436531313845,0.0,0.0,0.19978831463992977,6.783812223598816,0.00899047415879684,1785.0,0.0
major_1.45,大维护价单因素,1.0,1.0,1.45,300.0,3.0,17.4,A2,S29,状态触发,堵塞损失≥10触发，维护后储备阈值50，冷却35日,190.5929823867152,S29,190.5929823867152,0.0,0.0,0.5255925057200005,9.98100168362281,0.1708175643590002,681.0,0.66
major_1.45,大维护价单因素,1.0,1.0,1.45,300.0,3.0,17.4,A3,S32,状态触发,堵塞损失≥20触发，维护后储备阈值50，冷却21日,69.76518464789324,S32,69.76518464789324,0.0,0.0,0.17037424025450018,5.916245492837518,0.05196414327762255,2093.0,0.0
major_1.45,大维护价单因素,1.0,1.0,1.45,300.0,3.0,17.4,A4,S32,状态触发,堵塞损失≥20触发，维护后储备阈值50，冷却21日,68.48543070487472,S32,68.48543070487472,0.0,0.0,0.1706189696529463,5.484546779493959,0.048626406351089696,2060.0,0.0
major_1.45,大维护价单因素,1.0,1.0,1.45,300.0,3.0,17.4,A5,S32,状态触发,堵塞损失≥20触发，维护后储备阈值50，冷却21日,203.5997921217079,S32,203.5997921217079,0.0,0.0,0.6160449995361742,6.262097420285212,0.0,576.0,0.92
major_1.45,大维护价单因素,1.0,1.0,1.45,300.0,3.0,17.4,A6,S33,状态触发,堵塞损失≥20触发，维护后储备阈值50，冷却35日,91.9808952595369,S32,91.98529360538248,0.0043983458455869595,4.7818036921432595e-05,0.2356200791528644,6.353495434356988,0.1284129431383111,1491.0,0.0
major_1.45,大维护价单因素,1.0,1.0,1.45,300.0,3.0,17.4,A7,S29,状态触发,堵塞损失≥10触发，维护后储备阈值50，冷却35日,120.87161995028096,S29,120.87161995028096,0.0,0.0,0.30115887418938586,9.737972196913791,0.07528971854734647,1262.0,0.005
major_1.45,大维护价单因素,1.0,1.0,1.45,300.0,3.0,17.4,A8,S29,状态触发,堵塞损失≥10触发，维护后储备阈值50，冷却35日,222.4236147330101,S29,222.4236147330101,0.0,0.0,0.6392530234349021,9.678290774804417,0.0926916883980608,557.0,0.945
major_1.45,大维护价单因素,1.0,1.0,1.45,300.0,3.0,17.4,A9,S32,状态触发,堵塞损失≥20触发，维护后储备阈值50，冷却21日,60.536858199125895,S33,60.721040025427385,0.18418182630149005,0.0030424741517912058,0.10933664611147696,5.846230467580674,0.5860444231575166,3271.0,0.0
major_1.45,大维护价单因素,1.0,1.0,1.45,300.0,3.0,17.4,A10,S29,状态触发,堵塞损失≥10触发，维护后储备阈值50，冷却35日,382.39633713234105,S29,382.39633713234105,0.0,0.0,1.1792528976850805,9.540155942272301,0.0,308.0,1.0
purchase_1.50,购置价单因素,1.5,1.0,1.0,450.0,3.0,12.0,A1,S32,状态触发,堵塞损失≥20触发，维护后储备阈值50，冷却21日,110.3640639486704,S32,110.3640639486704,0.0,0.0,0.19978831463992977,6.783812223598816,0.00899047415879684,1785.0,0.0
purchase_1.50,购置价单因素,1.5,1.0,1.0,450.0,3.0,12.0,A2,S29,状态触发,堵塞损失≥10触发，维护后储备阈值50，冷却35日,268.5094433971766,S29,268.5094433971766,0.0,0.0,0.5255925057200005,9.98100168362281,0.1708175643590002,681.0,0.66
purchase_1.50,购置价单因素,1.5,1.0,1.0,450.0,3.0,12.0,A3,S32,状态触发,堵塞损失≥20触发，维护后储备阈值50，冷却21日,95.0407143123691,S32,95.0407143123691,0.0,0.0,0.17037424025450018,5.916245492837518,0.05196414327762255,2093.0,0.0
purchase_1.50,购置价单因素,1.5,1.0,1.0,450.0,3.0,12.0,A4,S32,状态触发,堵塞损失≥20触发，维护后储备阈值50，冷却21日,93.81569355852079,S32,93.81569355852079,0.0,0.0,0.1706189696529463,5.484546779493959,0.048626406351089696,2060.0,0.0
purchase_1.50,购置价单因素,1.5,1.0,1.0,450.0,3.0,12.0,A5,S29,状态触发,堵塞损失≥10触发，维护后储备阈值50，冷却35日,293.0497254533632,S32,296.006542052134,2.9568165987708426,0.010089811871335124,0.5864219829973749,9.71994436818149,0.0,604.0,0.87
purchase_1.50,购置价单因素,1.5,1.0,1.0,450.0,3.0,12.0,A6,S33,状态触发,堵塞损失≥20触发，维护后储备阈值50，冷却35日,126.63047723951969,S32,126.63386976603168,0.0033925265119876258,2.679075832250645e-05,0.2356200791528644,6.353495434356988,0.1284129431383111,1491.0,0.0
purchase_1.50,购置价单因素,1.5,1.0,1.0,450.0,3.0,12.0,A7,S29,状态触发,堵塞损失≥10触发，维护后储备阈值50，冷却35日,165.63888659853316,S29,165.63888659853316,0.0,0.0,0.30115887418938586,9.737972196913791,0.07528971854734647,1262.0,0.005
purchase_1.50,购置价单因素,1.5,1.0,1.0,450.0,3.0,12.0,A8,S29,状态触发,堵塞损失≥10触发，维护后储备阈值50，冷却35日,317.8110331308959,S29,317.8110331308959,0.0,0.0,0.6392530234349021,9.678290774804417,0.0926916883980608,557.0,0.945
purchase_1.50,购置价单因素,1.5,1.0,1.0,450.0,3.0,12.0,A9,S32,状态触发,堵塞损失≥20触发，维护后储备阈值50，冷却21日,73.77271523079685,S33,74.12633777555793,0.35362254476108035,0.004793405578943075,0.10933664611147696,5.846230467580674,0.5860444231575166,3271.0,0.0
purchase_1.50,购置价单因素,1.5,1.0,1.0,450.0,3.0,12.0,A10,S29,状态触发,堵塞损失≥10触发，维护后储备阈值50，冷却35日,559.2842717851031,S29,559.2842717851031,0.0,0.0,1.1792528976850805,9.540155942272301,0.0,308.0,1.0
medium_1.50,中维护价单因素,1.0,1.5,1.0,300.0,4.5,12.0,A1,S32,状态触发,堵塞损失≥20触发，维护后储备阈值50，冷却21日,90.57153508807916,S32,90.57153508807916,0.0,0.0,0.19978831463992977,6.783812223598816,0.00899047415879684,1785.0,0.0
medium_1.50,中维护价单因素,1.0,1.5,1.0,300.0,4.5,12.0,A2,S29,状态触发,堵塞损失≥10触发，维护后储备阈值50，冷却35日,204.6420700646108,S29,204.6420700646108,0.0,0.0,0.5255925057200005,9.98100168362281,0.1708175643590002,681.0,0.66
medium_1.50,中维护价单因素,1.0,1.5,1.0,300.0,4.5,12.0,A3,S32,状态触发,堵塞损失≥20触发，维护后储备阈值50，冷却21日,78.35894651345035,S32,78.35894651345035,0.0,0.0,0.17037424025450018,5.916245492837518,0.05196414327762255,2093.0,0.0
medium_1.50,中维护价单因素,1.0,1.5,1.0,300.0,4.5,12.0,A4,S36,状态触发,堵塞损失≥30触发，维护后储备阈值50，冷却21日,75.25113268326442,S32,76.44966827981979,1.1985355965553737,0.015927143603273942,0.1818516757488779,4.4244512709701995,0.06546660326959604,2002.0,0.0
medium_1.50,中维护价单因素,1.0,1.5,1.0,300.0,4.5,12.0,A5,S32,状态触发,堵塞损失≥20触发，维护后储备阈值50，冷却21日,212.99293825213573,S32,212.99293825213573,0.0,0.0,0.6160449995361742,6.262097420285212,0.0,576.0,0.92
medium_1.50,中维护价单因素,1.0,1.5,1.0,300.0,4.5,12.0,A6,S33,状态触发,堵塞损失≥20触发，维护后储备阈值50，冷却35日,100.8177085181255,S32,100.82538454467458,0.007676026549077619,7.613768118621329e-05,0.2356200791528644,6.353495434356988,0.1284129431383111,1491.0,0.0
medium_1.50,中维护价单因素,1.0,1.5,1.0,300.0,4.5,12.0,A7,S29,状态触发,堵塞损失≥10触发，维护后储备阈值50，冷却35日,135.07201376549597,S29,135.07201376549597,0.0,0.0,0.30115887418938586,9.737972196913791,0.07528971854734647,1262.0,0.005
medium_1.50,中维护价单因素,1.0,1.5,1.0,300.0,4.5,12.0,A8,S29,状态触发,堵塞损失≥10触发，维护后储备阈值50，冷却35日,236.4405157778672,S29,236.4405157778672,0.0,0.0,0.6392530234349021,9.678290774804417,0.0926916883980608,557.0,0.945
medium_1.50,中维护价单因素,1.0,1.5,1.0,300.0,4.5,12.0,A9,S32,状态触发,堵塞损失≥20触发，维护后储备阈值50，冷却21日,66.14156401544632,S33,66.19560242468273,0.05403840923641212,0.0008170113610224322,0.10933664611147696,5.846230467580674,0.5860444231575166,3271.0,0.0
medium_1.50,中维护价单因素,1.0,1.5,1.0,300.0,4.5,12.0,A10,S29,状态触发,堵塞损失≥10触发，维护后储备阈值50，冷却35日,396.70657104574946,S29,396.70657104574946,0.0,0.0,1.1792528976850805,9.540155942272301,0.0,308.0,1.0
major_1.50,大维护价单因素,1.0,1.0,1.5,300.0,3.0,18.0,A1,S32,状态触发,堵塞损失≥20触发，维护后储备阈值50，冷却21日,80.44975959763373,S32,80.44975959763373,0.0,0.0,0.19978831463992977,6.783812223598816,0.00899047415879684,1785.0,0.0
major_1.50,大维护价单因素,1.0,1.0,1.5,300.0,3.0,18.0,A2,S29,状态触发,堵塞损失≥10触发，维护后储备阈值50，冷却35日,190.6954729253306,S29,190.6954729253306,0.0,0.0,0.5255925057200005,9.98100168362281,0.1708175643590002,681.0,0.66
major_1.50,大维护价单因素,1.0,1.0,1.5,300.0,3.0,18.0,A3,S32,状态触发,堵塞损失≥20触发，维护后储备阈值50，冷却21日,69.79636313385981,S32,69.79636313385981,0.0,0.0,0.17037424025450018,5.916245492837518,0.05196414327762255,2093.0,0.0
major_1.50,大维护价单因素,1.0,1.0,1.5,300.0,3.0,18.0,A4,S32,状态触发,堵塞损失≥20触发，维护后储备阈值50，冷却21日,68.51460654868536,S32,68.51460654868536,0.0,0.0,0.1706189696529463,5.484546779493959,0.048626406351089696,2060.0,0.0
major_1.50,大维护价单因素,1.0,1.0,1.5,300.0,3.0,18.0,A5,S32,状态触发,堵塞损失≥20触发，维护后储备阈值50，冷却21日,203.5997921217079,S32,203.5997921217079,0.0,0.0,0.6160449995361742,6.262097420285212,0.0,576.0,0.92
major_1.50,大维护价单因素,1.0,1.0,1.5,300.0,3.0,18.0,A6,S33,状态触发,堵塞损失≥20触发，维护后储备阈值50，冷却35日,92.05794302541987,S32,92.06233913469787,0.004396109277990945,4.7753720466869996e-05,0.2356200791528644,6.353495434356988,0.1284129431383111,1491.0,0.0
major_1.50,大维护价单因素,1.0,1.0,1.5,300.0,3.0,18.0,A7,S29,状态触发,堵塞损失≥10触发，维护后储备阈值50，冷却35日,120.91679378140937,S29,120.91679378140937,0.0,0.0,0.30115887418938586,9.737972196913791,0.07528971854734647,1262.0,0.005
major_1.50,大维护价单因素,1.0,1.0,1.5,300.0,3.0,18.0,A8,S29,状态触发,堵塞损失≥10触发，维护后储备阈值50，冷却35日,222.47922974604896,S29,222.47922974604896,0.0,0.0,0.6392530234349021,9.678290774804417,0.0926916883980608,557.0,0.945
major_1.50,大维护价单因素,1.0,1.0,1.5,300.0,3.0,18.0,A9,S32,状态触发,堵塞损失≥20触发，维护后储备阈值50，冷却21日,60.8884848530204,S33,61.07429109814516,0.18580624512475907,0.003051582669092185,0.10933664611147696,5.846230467580674,0.5860444231575166,3271.0,0.0
major_1.50,大维护价单因素,1.0,1.0,1.5,300.0,3.0,18.0,A10,S29,状态触发,堵塞损失≥10触发，维护后储备阈值50，冷却35日,382.39633713234105,S29,382.39633713234105,0.0,0.0,1.1792528976850805,9.540155942272301,0.0,308.0,1.0
purchase_maintenance_0.50_0.50,购置价×维护价,0.5,0.5,0.5,150.0,1.5,6.0,A1,S32,状态触发,堵塞损失≥20触发，维护后储备阈值50，冷却21日,40.19790837634047,S32,40.19790837634047,0.0,0.0,0.19978831463992977,6.783812223598816,0.00899047415879684,1785.0,0.0
purchase_maintenance_0.50_0.50,购置价×维护价,0.5,0.5,0.5,150.0,1.5,6.0,A2,S29,状态触发,堵塞损失≥10触发，维护后储备阈值50，冷却35日,94.8352837695883,S29,94.8352837695883,0.0,0.0,0.5255925057200005,9.98100168362281,0.1708175643590002,681.0,0.66
purchase_maintenance_0.50_0.50,购置价×维护价,0.5,0.5,0.5,150.0,1.5,6.0,A3,S32,状态触发,堵塞损失≥20触发，维护后储备阈值50，冷却21日,34.74228913709704,S32,34.74228913709704,0.0,0.0,0.17037424025450018,5.916245492837518,0.05196414327762255,2093.0,0.0
purchase_maintenance_0.50_0.50,购置价×维护价,0.5,0.5,0.5,150.0,1.5,6.0,A4,S32,状态触发,堵塞损失≥20触发，维护后储备阈值50，冷却21日,34.11142405528942,S32,34.11142405528942,0.0,0.0,0.1706189696529463,5.484546779493959,0.048626406351089696,2060.0,0.0
purchase_maintenance_0.50_0.50,购置价×维护价,0.5,0.5,0.5,150.0,1.5,6.0,A5,S32,状态触发,堵塞损失≥20触发，维护后储备阈值50，冷却21日,101.79989606085395,S32,101.79989606085395,0.0,0.0,0.6160449995361742,6.262097420285212,0.0,576.0,0.92
purchase_maintenance_0.50_0.50,购置价×维护价,0.5,0.5,0.5,150.0,1.5,6.0,A6,S33,状态触发,堵塞损失≥20触发，维护后储备阈值50，冷却35日,45.643732683295006,S32,45.64594192077202,0.0022092374770110723,4.840177056377389e-05,0.2356200791528644,6.353495434356988,0.1284129431383111,1491.0,0.0
purchase_maintenance_0.50_0.50,购置价×维护价,0.5,0.5,0.5,150.0,1.5,6.0,A7,S29,状态触发,堵塞损失≥10触发，维护后储备阈值50，冷却35日,60.23252773506265,S29,60.23252773506265,0.0,0.0,0.30115887418938586,9.737972196913791,0.07528971854734647,1262.0,0.005
purchase_maintenance_0.50_0.50,购置价×维护价,0.5,0.5,0.5,150.0,1.5,6.0,A8,S29,状态触发,堵塞损失≥10触发，维护后储备阈值50，冷却35日,110.96153980783029,S29,110.96153980783029,0.0,0.0,0.6392530234349021,9.678290774804417,0.0926916883980608,557.0,0.945
purchase_maintenance_0.50_0.50,购置价×维护价,0.5,0.5,0.5,150.0,1.5,6.0,A9,S32,状态触发,堵塞损失≥20触发，维护后储备阈值50，冷却21日,28.686109157037652,S33,28.770890185483687,0.08478102844603441,0.002955473256478034,0.10933664611147696,5.846230467580674,0.5860444231575166,3271.0,0.0
purchase_maintenance_0.50_0.50,购置价×维护价,0.5,0.5,0.5,150.0,1.5,6.0,A10,S29,状态触发,堵塞损失≥10触发，维护后储备阈值50，冷却35日,191.19816856617052,S29,191.19816856617052,0.0,0.0,1.1792528976850805,9.540155942272301,0.0,308.0,1.0
purchase_maintenance_0.50_0.60,购置价×维护价,0.5,0.6,0.6,150.0,1.7999999999999998,7.199999999999999,A1,S32,状态触发,堵塞损失≥20触发，维护后储备阈值50，冷却21日,42.243840612410665,S32,42.243840612410665,0.0,0.0,0.19978831463992977,6.783812223598816,0.00899047415879684,1785.0,0.0
purchase_maintenance_0.50_0.60,购置价×维护价,0.5,0.6,0.6,150.0,1.7999999999999998,7.199999999999999,A2,S29,状态触发,堵塞损失≥10触发，维护后储备阈值50，冷却35日,98.03456535190594,S29,98.03456535190594,0.0,0.0,0.5255925057200005,9.98100168362281,0.1708175643590002,681.0,0.66
purchase_maintenance_0.50_0.60,购置价×维护价,0.5,0.6,0.6,150.0,1.7999999999999998,7.199999999999999,A3,S32,状态触发,堵塞损失≥20触发，维护后储备阈值50，冷却21日,36.579519756881446,S32,36.579519756881446,0.0,0.0,0.17037424025450018,5.916245492837518,0.05196414327762255,2093.0,0.0
purchase_maintenance_0.50_0.60,购置价×维护价,0.5,0.6,0.6,150.0,1.7999999999999998,7.199999999999999,A4,S36,状态触发,堵塞损失≥30触发，维护后储备阈值50，冷却21日,35.71312319361913,S32,35.81513977675891,0.10201658313977902,0.002856557310507257,0.1818516757488779,4.4244512709701995,0.06546660326959604,2002.0,0.0
purchase_maintenance_0.50_0.60,购置价×维护价,0.5,0.6,0.6,150.0,1.7999999999999998,7.199999999999999,A5,S32,状态触发,堵塞损失≥20触发，维护后储备阈值50，冷却21日,103.6785252869395,S32,103.6785252869395,0.0,0.0,0.6160449995361742,6.262097420285212,0.0,576.0,0.92
purchase_maintenance_0.50_0.60,购置价×维护价,0.5,0.6,0.6,150.0,1.7999999999999998,7.199999999999999,A6,S33,状态触发,堵塞损失≥20触发，维护后储备阈值50，冷却35日,47.70387684536807,S32,47.70673312002889,0.0028562746608216116,5.987510554079734e-05,0.2356200791528644,6.353495434356988,0.1284129431383111,1491.0,0.0
purchase_maintenance_0.50_0.60,购置价×维护价,0.5,0.6,0.6,150.0,1.7999999999999998,7.199999999999999,A7,S29,状态触发,堵塞损失≥10触发，维护后储备阈值50，冷却35日,63.244267056393596,S29,63.244267056393596,0.0,0.0,0.30115887418938586,9.737972196913791,0.07528971854734647,1262.0,0.005
purchase_maintenance_0.50_0.60,购置价×维护价,0.5,0.6,0.6,150.0,1.7999999999999998,7.199999999999999,A8,S29,状态触发,堵塞损失≥10触发，维护后储备阈值50，冷却35日,113.97625706634929,S29,113.97625706634929,0.0,0.0,0.6392530234349021,9.678290774804417,0.0926916883980608,557.0,0.945
purchase_maintenance_0.50_0.60,购置价×维护价,0.5,0.6,0.6,150.0,1.7999999999999998,7.199999999999999,A9,S32,状态触发,堵塞损失≥20触发，维护后储备阈值50，冷却21日,31.143231605100876,S33,31.208156741662314,0.06492513656143828,0.0020847270246291444,0.10933664611147696,5.846230467580674,0.5860444231575166,3271.0,0.0
purchase_maintenance_0.50_0.60,购置价×维护价,0.5,0.6,0.6,150.0,1.7999999999999998,7.199999999999999,A10,S29,状态触发,堵塞损失≥10触发，维护后储备阈值50，冷却35日,194.06021534885218,S29,194.06021534885218,0.0,0.0,1.1792528976850805,9.540155942272301,0.0,308.0,1.0
purchase_maintenance_0.50_0.70,购置价×维护价,0.5,0.7,0.7,150.0,2.0999999999999996,8.399999999999999,A1,S32,状态触发,堵塞损失≥20触发，维护后储备阈值50，冷却21日,44.28977284848087,S32,44.28977284848087,0.0,0.0,0.19978831463992977,6.783812223598816,0.00899047415879684,1785.0,0.0
purchase_maintenance_0.50_0.70,购置价×维护价,0.5,0.7,0.7,150.0,2.0999999999999996,8.399999999999999,A2,S29,状态触发,堵塞损失≥10触发，维护后储备阈值50，冷却35日,101.23384693422358,S29,101.23384693422358,0.0,0.0,0.5255925057200005,9.98100168362281,0.1708175643590002,681.0,0.66
purchase_maintenance_0.50_0.70,购置价×维护价,0.5,0.7,0.7,150.0,2.0999999999999996,8.399999999999999,A3,S32,状态触发,堵塞损失≥20触发，维护后储备阈值50，冷却21日,38.416750376665846,S32,38.416750376665846,0.0,0.0,0.17037424025450018,5.916245492837518,0.05196414327762255,2093.0,0.0
purchase_maintenance_0.50_0.70,购置价×维护价,0.5,0.7,0.7,150.0,2.0999999999999996,8.399999999999999,A4,S36,状态触发,堵塞损失≥30触发，维护后储备阈值50，冷却21日,37.11901849883371,S32,37.51885549822841,0.39983699939470085,0.010771755708122074,0.1818516757488779,4.4244512709701995,0.06546660326959604,2002.0,0.0
purchase_maintenance_0.50_0.70,购置价×维护价,0.5,0.7,0.7,150.0,2.0999999999999996,8.399999999999999,A5,S32,状态触发,堵塞损失≥20触发，维护后储备阈值50，冷却21日,105.55715451302507,S32,105.55715451302507,0.0,0.0,0.6160449995361742,6.262097420285212,0.0,576.0,0.92
purchase_maintenance_0.50_0.70,购置价×维护价,0.5,0.7,0.7,150.0,2.0999999999999996,8.399999999999999,A6,S33,状态触发,堵塞损失≥20触发，维护后储备阈值50，冷却35日,49.764021007441144,S32,49.76752431928576,0.00350331184461794,7.039848817872042e-05,0.2356200791528644,6.353495434356988,0.1284129431383111,1491.0,0.0
purchase_maintenance_0.50_0.70,购置价×维护价,0.5,0.7,0.7,150.0,2.0999999999999996,8.399999999999999,A7,S29,状态触发,堵塞损失≥10触发，维护后储备阈值50，冷却35日,66.25600637772455,S29,66.25600637772455,0.0,0.0,0.30115887418938586,9.737972196913791,0.07528971854734647,1262.0,0.005
purchase_maintenance_0.50_0.70,购置价×维护价,0.5,0.7,0.7,150.0,2.0999999999999996,8.399999999999999,A8,S29,状态触发,堵塞损失≥10触发，维护后储备阈值50，冷却35日,116.9909743248683,S29,116.9909743248683,0.0,0.0,0.6392530234349021,9.678290774804417,0.0926916883980608,557.0,0.945
purchase_maintenance_0.50_0.70,购置价×维护价,0.5,0.7,0.7,150.0,2.0999999999999996,8.399999999999999,A9,S32,状态触发,堵塞损失≥20触发，维护后储备阈值50，冷却21日,33.6003540531641,S33,33.64542329784094,0.0450692446768457,0.0013413324337456377,0.10933664611147696,5.846230467580674,0.5860444231575166,3271.0,0.0
purchase_maintenance_0.50_0.70,购置价×维护价,0.5,0.7,0.7,150.0,2.0999999999999996,8.399999999999999,A10,S29,状态触发,堵塞损失≥10触发，维护后储备阈值50，冷却35日,196.9222621315339,S29,196.9222621315339,0.0,0.0,1.1792528976850805,9.540155942272301,0.0,308.0,1.0
purchase_maintenance_0.50_0.80,购置价×维护价,0.5,0.8,0.8,150.0,2.4000000000000004,9.600000000000001,A1,S32,状态触发,堵塞损失≥20触发，维护后储备阈值50，冷却21日,46.33570508455107,S32,46.33570508455107,0.0,0.0,0.19978831463992977,6.783812223598816,0.00899047415879684,1785.0,0.0
purchase_maintenance_0.50_0.80,购置价×维护价,0.5,0.8,0.8,150.0,2.4000000000000004,9.600000000000001,A2,S29,状态触发,堵塞损失≥10触发，维护后储备阈值50，冷却35日,104.43312851654123,S29,104.43312851654123,0.0,0.0,0.5255925057200005,9.98100168362281,0.1708175643590002,681.0,0.66
purchase_maintenance_0.50_0.80,购置价×维护价,0.5,0.8,0.8,150.0,2.4000000000000004,9.600000000000001,A3,S32,状态触发,堵塞损失≥20触发，维护后储备阈值50，冷却21日,40.253980996450245,S32,40.253980996450245,0.0,0.0,0.17037424025450018,5.916245492837518,0.05196414327762255,2093.0,0.0
purchase_maintenance_0.50_0.80,购置价×维护价,0.5,0.8,0.8,150.0,2.4000000000000004,9.600000000000001,A4,S36,状态触发,堵塞损失≥30触发，维护后储备阈值50，冷却21日,38.52491380404828,S32,39.222571219697905,0.6976574156496227,0.018109253123787944,0.1818516757488779,4.4244512709701995,0.06546660326959604,2002.0,0.0
purchase_maintenance_0.50_0.80,购置价×维护价,0.5,0.8,0.8,150.0,2.4000000000000004,9.600000000000001,A5,S32,状态触发,堵塞损失≥20触发，维护后储备阈值50，冷却21日,107.43578373911063,S32,107.43578373911063,0.0,0.0,0.6160449995361742,6.262097420285212,0.0,576.0,0.92
purchase_maintenance_0.50_0.80,购置价×维护价,0.5,0.8,0.8,150.0,2.4000000000000004,9.600000000000001,A6,S33,状态触发,堵塞损失≥20触发，维护后储备阈值50，冷却35日,51.82416516951422,S32,51.828315518542645,0.004150349028428479,8.008520764112453e-05,0.2356200791528644,6.353495434356988,0.1284129431383111,1491.0,0.0
purchase_maintenance_0.50_0.80,购置价×维护价,0.5,0.8,0.8,150.0,2.4000000000000004,9.600000000000001,A7,S29,状态触发,堵塞损失≥10触发，维护后储备阈值50，冷却35日,69.26774569905551,S29,69.26774569905551,0.0,0.0,0.30115887418938586,9.737972196913791,0.07528971854734647,1262.0,0.005
purchase_maintenance_0.50_0.80,购置价×维护价,0.5,0.8,0.8,150.0,2.4000000000000004,9.600000000000001,A8,S29,状态触发,堵塞损失≥10触发，维护后储备阈值50，冷却35日,120.00569158338729,S29,120.00569158338729,0.0,0.0,0.6392530234349021,9.678290774804417,0.0926916883980608,557.0,0.945
purchase_maintenance_0.50_0.80,购置价×维护价,0.5,0.8,0.8,150.0,2.4000000000000004,9.600000000000001,A9,S32,状态触发,堵塞损失≥20触发，维护后储备阈值50，冷却21日,36.05747650122732,S33,36.08268985401957,0.025213352792249566,0.0006992545024994014,0.10933664611147696,5.846230467580674,0.5860444231575166,3271.0,0.0
purchase_maintenance_0.50_0.80,购置价×维护价,0.5,0.8,0.8,150.0,2.4000000000000004,9.600000000000001,A10,S29,状态触发,堵塞损失≥10触发，维护后储备阈值50，冷却35日,199.7843089142156,S29,199.7843089142156,0.0,0.0,1.1792528976850805,9.540155942272301,0.0,308.0,1.0
purchase_maintenance_0.50_0.90,购置价×维护价,0.5,0.9,0.9,150.0,2.7,10.8,A1,S36,状态触发,堵塞损失≥30触发，维护后储备阈值50，冷却21日,48.11434899724793,S32,48.38163732062128,0.26728832337335007,0.00555527257344038,0.2187577673231895,5.6319187197355145,0.00875031069292758,1637.0,0.0
purchase_maintenance_0.50_0.90,购置价×维护价,0.5,0.9,0.9,150.0,2.7,10.8,A2,S29,状态触发,堵塞损失≥10触发，维护后储备阈值50，冷却35日,107.63241009885888,S29,107.63241009885888,0.0,0.0,0.5255925057200005,9.98100168362281,0.1708175643590002,681.0,0.66
purchase_maintenance_0.50_0.90,购置价×维护价,0.5,0.9,0.9,150.0,2.7,10.8,A3,S32,状态触发,堵塞损失≥20触发，维护后储备阈值50，冷却21日,42.09121161623465,S32,42.09121161623465,0.0,0.0,0.17037424025450018,5.916245492837518,0.05196414327762255,2093.0,0.0
purchase_maintenance_0.50_0.90,购置价×维护价,0.5,0.9,0.9,150.0,2.7,10.8,A4,S36,状态触发,堵塞损失≥30触发，维护后储备阈值50，冷却21日,39.93080910926286,S32,40.926286941167405,0.9954778319045445,0.02493006913986175,0.1818516757488779,4.4244512709701995,0.06546660326959604,2002.0,0.0
purchase_maintenance_0.50_0.90,购置价×维护价,0.5,0.9,0.9,150.0,2.7,10.8,A5,S32,状态触发,堵塞损失≥20触发，维护后储备阈值50，冷却21日,109.3144129651962,S32,109.3144129651962,0.0,0.0,0.6160449995361742,6.262097420285212,0.0,576.0,0.92
purchase_maintenance_0.50_0.90,购置价×维护价,0.5,0.9,0.9,150.0,2.7,10.8,A6,S33,状态触发,堵塞损失≥20触发，维护后储备阈值50，冷却35日,53.88430933158729,S32,53.88910671779952,0.004797386212231913,8.903122767539414e-05,0.2356200791528644,6.353495434356988,0.1284129431383111,1491.0,0.0
purchase_maintenance_0.50_0.90,购置价×维护价,0.5,0.9,0.9,150.0,2.7,10.8,A7,S29,状态触发,堵塞损失≥10触发，维护后储备阈值50，冷却35日,72.27948502038646,S29,72.27948502038646,0.0,0.0,0.30115887418938586,9.737972196913791,0.07528971854734647,1262.0,0.005
purchase_maintenance_0.50_0.90,购置价×维护价,0.5,0.9,0.9,150.0,2.7,10.8,A8,S29,状态触发,堵塞损失≥10触发，维护后储备阈值50，冷却35日,123.02040884190629,S29,123.02040884190629,0.0,0.0,0.6392530234349021,9.678290774804417,0.0926916883980608,557.0,0.945
purchase_maintenance_0.50_0.90,购置价×维护价,0.5,0.9,0.9,150.0,2.7,10.8,A9,S32,状态触发,堵塞损失≥20触发，维护后储备阈值50，冷却21日,38.514598949290544,S33,38.5199564101982,0.005357460907653433,0.00013910208216648507,0.10933664611147696,5.846230467580674,0.5860444231575166,3271.0,0.0
purchase_maintenance_0.50_0.90,购置价×维护价,0.5,0.9,0.9,150.0,2.7,10.8,A10,S29,状态触发,堵塞损失≥10触发，维护后储备阈值50，冷却35日,202.64635569689727,S29,202.64635569689727,0.0,0.0,1.1792528976850805,9.540155942272301,0.0,308.0,1.0
purchase_maintenance_0.50_1.00,购置价×维护价,0.5,1.0,1.0,150.0,3.0,12.0,A1,S36,状态触发,堵塞损失≥30触发，维护后储备阈值50，冷却21日,49.8144249860001,S32,50.42756955669148,0.6131445706913823,0.012308574692244287,0.2187577673231895,5.6319187197355145,0.00875031069292758,1637.0,0.0
purchase_maintenance_0.50_1.00,购置价×维护价,0.5,1.0,1.0,150.0,3.0,12.0,A2,S29,状态触发,堵塞损失≥10触发，维护后储备阈值50，冷却35日,110.83169168117652,S29,110.83169168117652,0.0,0.0,0.5255925057200005,9.98100168362281,0.1708175643590002,681.0,0.66
purchase_maintenance_0.50_1.00,购置价×维护价,0.5,1.0,1.0,150.0,3.0,12.0,A3,S32,状态触发,堵塞损失≥20触发，维护后储备阈值50，冷却21日,43.92844223601905,S32,43.92844223601905,0.0,0.0,0.17037424025450018,5.916245492837518,0.05196414327762255,2093.0,0.0
purchase_maintenance_0.50_1.00,购置价×维护价,0.5,1.0,1.0,150.0,3.0,12.0,A4,S36,状态触发,堵塞损失≥30触发，维护后储备阈值50，冷却21日,41.33670441447744,S32,42.63000266263689,1.2932982481594522,0.03128692203402886,0.1818516757488779,4.4244512709701995,0.06546660326959604,2002.0,0.0
purchase_maintenance_0.50_1.00,购置价×维护价,0.5,1.0,1.0,150.0,3.0,12.0,A5,S32,状态触发,堵塞损失≥20触发，维护后储备阈值50，冷却21日,111.19304219128176,S32,111.19304219128176,0.0,0.0,0.6160449995361742,6.262097420285212,0.0,576.0,0.92
purchase_maintenance_0.50_1.00,购置价×维护价,0.5,1.0,1.0,150.0,3.0,12.0,A6,S33,状态触发,堵塞损失≥20触发，维护后储备阈值50，冷却35日,55.944453493660355,S32,55.94989791705639,0.005444423396035347,9.731837664036366e-05,0.2356200791528644,6.353495434356988,0.1284129431383111,1491.0,0.0
purchase_maintenance_0.50_1.00,购置价×维护价,0.5,1.0,1.0,150.0,3.0,12.0,A7,S29,状态触发,堵塞损失≥10触发，维护后储备阈值50，冷却35日,75.29122434171741,S29,75.29122434171741,0.0,0.0,0.30115887418938586,9.737972196913791,0.07528971854734647,1262.0,0.005
purchase_maintenance_0.50_1.00,购置价×维护价,0.5,1.0,1.0,150.0,3.0,12.0,A8,S29,状态触发,堵塞损失≥10触发，维护后储备阈值50，冷却35日,126.0351261004253,S29,126.0351261004253,0.0,0.0,0.6392530234349021,9.678290774804417,0.0926916883980608,557.0,0.945
purchase_maintenance_0.50_1.00,购置价×维护价,0.5,1.0,1.0,150.0,3.0,12.0,A9,S33,状态触发,堵塞损失≥20触发，维护后储备阈值50，冷却35日,40.95722296637682,S33,40.95722296637682,0.0,0.0,0.11056371603060368,5.7692147024769,0.5887517878629646,3267.0,0.005
purchase_maintenance_0.50_1.00,购置价×维护价,0.5,1.0,1.0,150.0,3.0,12.0,A10,S29,状态触发,堵塞损失≥10触发，维护后储备阈值50，冷却35日,205.50840247957896,S29,205.50840247957896,0.0,0.0,1.1792528976850805,9.540155942272301,0.0,308.0,1.0
purchase_maintenance_0.50_1.10,购置价×维护价,0.5,1.1,1.1,150.0,3.3000000000000003,13.200000000000001,A1,S36,状态触发,堵塞损失≥30触发，维护后储备阈值50，冷却21日,51.514500974752266,S32,52.47350179276168,0.9590008180094145,0.018616133319032436,0.2187577673231895,5.6319187197355145,0.00875031069292758,1637.0,0.0
purchase_maintenance_0.50_1.10,购置价×维护价,0.5,1.1,1.1,150.0,3.3000000000000003,13.200000000000001,A2,S29,状态触发,堵塞损失≥10触发，维护后储备阈值50，冷却35日,114.03097326349416,S29,114.03097326349416,0.0,0.0,0.5255925057200005,9.98100168362281,0.1708175643590002,681.0,0.66
purchase_maintenance_0.50_1.10,购置价×维护价,0.5,1.1,1.1,150.0,3.3000000000000003,13.200000000000001,A3,S32,状态触发,堵塞损失≥20触发，维护后储备阈值50，冷却21日,45.76567285580346,S32,45.76567285580346,0.0,0.0,0.17037424025450018,5.916245492837518,0.05196414327762255,2093.0,0.0
purchase_maintenance_0.50_1.10,购置价×维护价,0.5,1.1,1.1,150.0,3.3000000000000003,13.200000000000001,A4,S36,状态触发,堵塞损失≥30触发，维护后储备阈值50，冷却21日,42.742599719692016,S32,44.3337183841064,1.591118664414381,0.03722559401742085,0.1818516757488779,4.4244512709701995,0.06546660326959604,2002.0,0.0
purchase_maintenance_0.50_1.10,购置价×维护价,0.5,1.1,1.1,150.0,3.3000000000000003,13.200000000000001,A5,S32,状态触发,堵塞损失≥20触发，维护后储备阈值50，冷却21日,113.07167141736733,S32,113.07167141736733,0.0,0.0,0.6160449995361742,6.262097420285212,0.0,576.0,0.92
purchase_maintenance_0.50_1.10,购置价×维护价,0.5,1.1,1.1,150.0,3.3000000000000003,13.200000000000001,A6,S33,状态触发,堵塞损失≥20触发，维护后储备阈值50，冷却35日,58.00459765573343,S32,58.01068911631327,0.0060914605798458865,0.00010501685773254872,0.2356200791528644,6.353495434356988,0.1284129431383111,1491.0,0.0
purchase_maintenance_0.50_1.10,购置价×维护价,0.5,1.1,1.1,150.0,3.3000000000000003,13.200000000000001,A7,S29,状态触发,堵塞损失≥10触发，维护后储备阈值50，冷却35日,78.30296366304836,S29,78.30296366304836,0.0,0.0,0.30115887418938586,9.737972196913791,0.07528971854734647,1262.0,0.005
purchase_maintenance_0.50_1.10,购置价×维护价,0.5,1.1,1.1,150.0,3.3000000000000003,13.200000000000001,A8,S29,状态触发,堵塞损失≥10触发，维护后储备阈值50，冷却35日,129.0498433589443,S29,129.0498433589443,0.0,0.0,0.6392530234349021,9.678290774804417,0.0926916883980608,557.0,0.945
purchase_maintenance_0.50_1.10,购置价×维护价,0.5,1.1,1.1,150.0,3.3000000000000003,13.200000000000001,A9,S33,状态触发,堵塞损失≥20触发，维护后储备阈值50，冷却35日,43.39448952255545,S33,43.39448952255545,0.0,0.0,0.11056371603060368,5.7692147024769,0.5887517878629646,3267.0,0.005
purchase_maintenance_0.50_1.10,购置价×维护价,0.5,1.1,1.1,150.0,3.3000000000000003,13.200000000000001,A10,S29,状态触发,堵塞损失≥10触发，维护后储备阈值50，冷却35日,208.37044926226065,S29,208.37044926226065,0.0,0.0,1.1792528976850805,9.540155942272301,0.0,308.0,1.0
purchase_maintenance_0.50_1.20,购置价×维护价,0.5,1.2,1.2,150.0,3.5999999999999996,14.399999999999999,A1,S36,状态触发,堵塞损失≥30触发，维护后储备阈值50，冷却21日,53.21457696350443,S32,54.519434028831874,1.3048570653274467,0.024520669707143262,0.2187577673231895,5.6319187197355145,0.00875031069292758,1637.0,0.0
purchase_maintenance_0.50_1.20,购置价×维护价,0.5,1.2,1.2,150.0,3.5999999999999996,14.399999999999999,A2,S29,状态触发,堵塞损失≥10触发，维护后储备阈值50，冷却35日,117.2302548458118,S29,117.2302548458118,0.0,0.0,0.5255925057200005,9.98100168362281,0.1708175643590002,681.0,0.66
purchase_maintenance_0.50_1.20,购置价×维护价,0.5,1.2,1.2,150.0,3.5999999999999996,14.399999999999999,A3,S32,状态触发,堵塞损失≥20触发，维护后储备阈值50，冷却21日,47.60290347558786,S32,47.60290347558786,0.0,0.0,0.17037424025450018,5.916245492837518,0.05196414327762255,2093.0,0.0
purchase_maintenance_0.50_1.20,购置价×维护价,0.5,1.2,1.2,150.0,3.5999999999999996,14.399999999999999,A4,S36,状态触发,堵塞损失≥30触发，维护后储备阈值50，冷却21日,44.14849502490658,S32,46.03743410557588,1.888939080669303,0.04278603561919039,0.1818516757488779,4.4244512709701995,0.06546660326959604,2002.0,0.0
purchase_maintenance_0.50_1.20,购置价×维护价,0.5,1.2,1.2,150.0,3.5999999999999996,14.399999999999999,A5,S32,状态触发,堵塞损失≥20触发，维护后储备阈值50，冷却21日,114.95030064345289,S32,114.95030064345289,0.0,0.0,0.6160449995361742,6.262097420285212,0.0,576.0,0.92
purchase_maintenance_0.50_1.20,购置价×维护价,0.5,1.2,1.2,150.0,3.5999999999999996,14.399999999999999,A6,S33,状态触发,堵塞损失≥20触发，维护后储备阈值50，冷却35日,60.06474181780649,S32,60.071480315570135,0.006738497763642215,0.00011218724262699742,0.2356200791528644,6.353495434356988,0.1284129431383111,1491.0,0.0
purchase_maintenance_0.50_1.20,购置价×维护价,0.5,1.2,1.2,150.0,3.5999999999999996,14.399999999999999,A7,S29,状态触发,堵塞损失≥10触发，维护后储备阈值50，冷却35日,81.31470298437931,S29,81.31470298437931,0.0,0.0,0.30115887418938586,9.737972196913791,0.07528971854734647,1262.0,0.005
purchase_maintenance_0.50_1.20,购置价×维护价,0.5,1.2,1.2,150.0,3.5999999999999996,14.399999999999999,A8,S29,状态触发,堵塞损失≥10触发，维护后储备阈值50，冷却35日,132.0645606174633,S29,132.0645606174633,0.0,0.0,0.6392530234349021,9.678290774804417,0.0926916883980608,557.0,0.945
purchase_maintenance_0.50_1.20,购置价×维护价,0.5,1.2,1.2,150.0,3.5999999999999996,14.399999999999999,A9,S33,状态触发,堵塞损失≥20触发，维护后储备阈值50，冷却35日,45.831756078734074,S33,45.831756078734074,0.0,0.0,0.11056371603060368,5.7692147024769,0.5887517878629646,3267.0,0.005
purchase_maintenance_0.50_1.20,购置价×维护价,0.5,1.2,1.2,150.0,3.5999999999999996,14.399999999999999,A10,S29,状态触发,堵塞损失≥10触发，维护后储备阈值50，冷却35日,211.23249604494234,S29,211.23249604494234,0.0,0.0,1.1792528976850805,9.540155942272301,0.0,308.0,1.0
purchase_maintenance_0.50_1.30,购置价×维护价,0.5,1.3,1.3,150.0,3.9000000000000004,15.600000000000001,A1,S36,状态触发,堵塞损失≥30触发，维护后储备阈值50，冷却21日,54.9146529522566,S32,56.56536626490208,1.650713312645479,0.03005961476403442,0.2187577673231895,5.6319187197355145,0.00875031069292758,1637.0,0.0
purchase_maintenance_0.50_1.30,购置价×维护价,0.5,1.3,1.3,150.0,3.9000000000000004,15.600000000000001,A2,S29,状态触发,堵塞损失≥10触发，维护后储备阈值50，冷却35日,120.42953642812944,S29,120.42953642812944,0.0,0.0,0.5255925057200005,9.98100168362281,0.1708175643590002,681.0,0.66
purchase_maintenance_0.50_1.30,购置价×维护价,0.5,1.3,1.3,150.0,3.9000000000000004,15.600000000000001,A3,S32,状态触发,堵塞损失≥20触发，维护后储备阈值50，冷却21日,49.44013409537226,S32,49.44013409537226,0.0,0.0,0.17037424025450018,5.916245492837518,0.05196414327762255,2093.0,0.0
purchase_maintenance_0.50_1.30,购置价×维护价,0.5,1.3,1.3,150.0,3.9000000000000004,15.600000000000001,A4,S36,状态触发,堵塞损失≥30触发，维护后储备阈值50，冷却21日,45.55439033012116,S32,47.74114982704539,2.186759496924232,0.048003265570614344,0.1818516757488779,4.4244512709701995,0.06546660326959604,2002.0,0.0
purchase_maintenance_0.50_1.30,购置价×维护价,0.5,1.3,1.3,150.0,3.9000000000000004,15.600000000000001,A5,S32,状态触发,堵塞损失≥20触发，维护后储备阈值50，冷却21日,116.82892986953846,S32,116.82892986953846,0.0,0.0,0.6160449995361742,6.262097420285212,0.0,576.0,0.92
purchase_maintenance_0.50_1.30,购置价×维护价,0.5,1.3,1.3,150.0,3.9000000000000004,15.600000000000001,A6,S33,状态触发,堵塞损失≥20触发，维护后储备阈值50，冷却35日,62.12488597987957,S32,62.13227151482702,0.007385534947445649,0.00011888206844898849,0.2356200791528644,6.353495434356988,0.1284129431383111,1491.0,0.0
purchase_maintenance_0.50_1.30,购置价×维护价,0.5,1.3,1.3,150.0,3.9000000000000004,15.600000000000001,A7,S29,状态触发,堵塞损失≥10触发，维护后储备阈值50，冷却35日,84.32644230571026,S29,84.32644230571026,0.0,0.0,0.30115887418938586,9.737972196913791,0.07528971854734647,1262.0,0.005
purchase_maintenance_0.50_1.30,购置价×维护价,0.5,1.3,1.3,150.0,3.9000000000000004,15.600000000000001,A8,S29,状态触发,堵塞损失≥10触发，维护后储备阈值50，冷却35日,135.07927787598229,S29,135.07927787598229,0.0,0.0,0.6392530234349021,9.678290774804417,0.0926916883980608,557.0,0.945
purchase_maintenance_0.50_1.30,购置价×维护价,0.5,1.3,1.3,150.0,3.9000000000000004,15.600000000000001,A9,S33,状态触发,堵塞损失≥20触发，维护后储备阈值50，冷却35日,48.26902263491271,S33,48.26902263491271,0.0,0.0,0.11056371603060368,5.7692147024769,0.5887517878629646,3267.0,0.005
purchase_maintenance_0.50_1.30,购置价×维护价,0.5,1.3,1.3,150.0,3.9000000000000004,15.600000000000001,A10,S29,状态触发,堵塞损失≥10触发，维护后储备阈值50，冷却35日,214.09454282762402,S29,214.09454282762402,0.0,0.0,1.1792528976850805,9.540155942272301,0.0,308.0,1.0
purchase_maintenance_0.50_1.40,购置价×维护价,0.5,1.4,1.4,150.0,4.199999999999999,16.799999999999997,A1,S36,状态触发,堵塞损失≥30触发，维护后储备阈值50，冷却21日,56.61472894100876,S32,58.611298500972275,1.9965695599635183,0.03526590336666449,0.2187577673231895,5.6319187197355145,0.00875031069292758,1637.0,0.0
purchase_maintenance_0.50_1.40,购置价×维护价,0.5,1.4,1.4,150.0,4.199999999999999,16.799999999999997,A2,S29,状态触发,堵塞损失≥10触发，维护后储备阈值50，冷却35日,123.62881801044708,S29,123.62881801044708,0.0,0.0,0.5255925057200005,9.98100168362281,0.1708175643590002,681.0,0.66
purchase_maintenance_0.50_1.40,购置价×维护价,0.5,1.4,1.4,150.0,4.199999999999999,16.799999999999997,A3,S32,状态触发,堵塞损失≥20触发，维护后储备阈值50，冷却21日,51.27736471515666,S32,51.27736471515666,0.0,0.0,0.17037424025450018,5.916245492837518,0.05196414327762255,2093.0,0.0
purchase_maintenance_0.50_1.40,购置价×维护价,0.5,1.4,1.4,150.0,4.199999999999999,16.799999999999997,A4,S36,状态触发,堵塞损失≥30触发，维护后储备阈值50，冷却21日,46.96028563533574,S32,49.444865548514876,2.4845799131791395,0.05290810904500957,0.1818516757488779,4.4244512709701995,0.06546660326959604,2002.0,0.0
purchase_maintenance_0.50_1.40,购置价×维护价,0.5,1.4,1.4,150.0,4.199999999999999,16.799999999999997,A5,S32,状态触发,堵塞损失≥20触发，维护后储备阈值50，冷却21日,118.70755909562402,S32,118.70755909562402,0.0,0.0,0.6160449995361742,6.262097420285212,0.0,576.0,0.92
purchase_maintenance_0.50_1.40,购置价×维护价,0.5,1.4,1.4,150.0,4.199999999999999,16.799999999999997,A6,S33,状态触发,堵塞损失≥20触发，维护后储备阈值50，冷却35日,64.18503014195262,S32,64.19306271408388,0.008032572131256188,0.00012514712719603348,0.2356200791528644,6.353495434356988,0.1284129431383111,1491.0,0.0
purchase_maintenance_0.50_1.40,购置价×维护价,0.5,1.4,1.4,150.0,4.199999999999999,16.799999999999997,A7,S29,状态触发,堵塞损失≥10触发，维护后储备阈值50，冷却35日,87.33818162704122,S29,87.33818162704122,0.0,0.0,0.30115887418938586,9.737972196913791,0.07528971854734647,1262.0,0.005
purchase_maintenance_0.50_1.40,购置价×维护价,0.5,1.4,1.4,150.0,4.199999999999999,16.799999999999997,A8,S29,状态触发,堵塞损失≥10触发，维护后储备阈值50，冷却35日,138.09399513450128,S29,138.09399513450128,0.0,0.0,0.6392530234349021,9.678290774804417,0.0926916883980608,557.0,0.945
purchase_maintenance_0.50_1.40,购置价×维护价,0.5,1.4,1.4,150.0,4.199999999999999,16.799999999999997,A9,S33,状态触发,堵塞损失≥20触发，维护后储备阈值50，冷却35日,50.70628919109133,S33,50.70628919109133,0.0,0.0,0.11056371603060368,5.7692147024769,0.5887517878629646,3267.0,0.005
purchase_maintenance_0.50_1.40,购置价×维护价,0.5,1.4,1.4,150.0,4.199999999999999,16.799999999999997,A10,S29,状态触发,堵塞损失≥10触发，维护后储备阈值50，冷却35日,216.9565896103057,S29,216.9565896103057,0.0,0.0,1.1792528976850805,9.540155942272301,0.0,308.0,1.0
purchase_maintenance_0.50_1.50,购置价×维护价,0.5,1.5,1.5,150.0,4.5,18.0,A1,S36,状态触发,堵塞损失≥30触发，维护后储备阈值50，冷却21日,58.31480492976093,S32,60.65723073704248,2.3424258072815505,0.04016862973481533,0.2187577673231895,5.6319187197355145,0.00875031069292758,1637.0,0.0
purchase_maintenance_0.50_1.50,购置价×维护价,0.5,1.5,1.5,150.0,4.5,18.0,A2,S29,状态触发,堵塞损失≥10触发，维护后储备阈值50，冷却35日,126.82809959276473,S29,126.82809959276473,0.0,0.0,0.5255925057200005,9.98100168362281,0.1708175643590002,681.0,0.66
purchase_maintenance_0.50_1.50,购置价×维护价,0.5,1.5,1.5,150.0,4.5,18.0,A3,S32,状态触发,堵塞损失≥20触发，维护后储备阈值50，冷却21日,53.114595334941065,S32,53.114595334941065,0.0,0.0,0.17037424025450018,5.916245492837518,0.05196414327762255,2093.0,0.0
purchase_maintenance_0.50_1.50,购置价×维护价,0.5,1.5,1.5,150.0,4.5,18.0,A4,S36,状态触发,堵塞损失≥30触发，维护后储备阈值50，冷却21日,48.366180940550315,S32,51.148581269984376,2.7824003294340613,0.057527807143881615,0.1818516757488779,4.4244512709701995,0.06546660326959604,2002.0,0.0
purchase_maintenance_0.50_1.50,购置价×维护价,0.5,1.5,1.5,150.0,4.5,18.0,A5,S32,状态触发,堵塞损失≥20触发，维护后储备阈值50，冷却21日,120.58618832170959,S32,120.58618832170959,0.0,0.0,0.6160449995361742,6.262097420285212,0.0,576.0,0.92
purchase_maintenance_0.50_1.50,购置价×维护价,0.5,1.5,1.5,150.0,4.5,18.0,A6,S33,状态触发,堵塞损失≥20触发，维护后储备阈值50，冷却35日,66.24517430402571,S32,66.25385391334076,0.008679609315052517,0.00013102251456412968,0.2356200791528644,6.353495434356988,0.1284129431383111,1491.0,0.0
purchase_maintenance_0.50_1.50,购置价×维护价,0.5,1.5,1.5,150.0,4.5,18.0,A7,S29,状态触发,堵塞损失≥10触发，维护后储备阈值50，冷却35日,90.34992094837217,S29,90.34992094837217,0.0,0.0,0.30115887418938586,9.737972196913791,0.07528971854734647,1262.0,0.005
purchase_maintenance_0.50_1.50,购置价×维护价,0.5,1.5,1.5,150.0,4.5,18.0,A8,S29,状态触发,堵塞损失≥10触发，维护后储备阈值50，冷却35日,141.10871239302028,S29,141.10871239302028,0.0,0.0,0.6392530234349021,9.678290774804417,0.0926916883980608,557.0,0.945
purchase_maintenance_0.50_1.50,购置价×维护价,0.5,1.5,1.5,150.0,4.5,18.0,A9,S33,状态触发,堵塞损失≥20触发，维护后储备阈值50，冷却35日,53.143555747269964,S33,53.143555747269964,0.0,0.0,0.11056371603060368,5.7692147024769,0.5887517878629646,3267.0,0.005
purchase_maintenance_0.50_1.50,购置价×维护价,0.5,1.5,1.5,150.0,4.5,18.0,A10,S29,状态触发,堵塞损失≥10触发，维护后储备阈值50，冷却35日,219.8186363929874,S29,219.8186363929874,0.0,0.0,1.1792528976850805,9.540155942272301,0.0,308.0,1.0
purchase_maintenance_0.60_0.50,购置价×维护价,0.6,0.5,0.5,180.0,1.5,6.0,A1,S32,状态触发,堵塞损失≥20触发，维护后储备阈值50，冷却21日,46.19155781553836,S32,46.19155781553836,0.0,0.0,0.19978831463992977,6.783812223598816,0.00899047415879684,1785.0,0.0
purchase_maintenance_0.60_0.50,购置价×维护价,0.6,0.5,0.5,180.0,1.5,6.0,A2,S29,状态触发,堵塞损失≥10触发，维护后储备阈值50，冷却35日,110.60305894118831,S29,110.60305894118831,0.0,0.0,0.5255925057200005,9.98100168362281,0.1708175643590002,681.0,0.66
purchase_maintenance_0.60_0.50,购置价×维护价,0.6,0.5,0.5,180.0,1.5,6.0,A3,S32,状态触发,堵塞损失≥20触发，维护后储备阈值50，冷却21日,39.85351634473204,S32,39.85351634473204,0.0,0.0,0.17037424025450018,5.916245492837518,0.05196414327762255,2093.0,0.0
purchase_maintenance_0.60_0.50,购置价×维护价,0.6,0.5,0.5,180.0,1.5,6.0,A4,S32,状态触发,堵塞损失≥20触发，维护后储备阈值50，冷却21日,39.22999314487781,S32,39.22999314487781,0.0,0.0,0.1706189696529463,5.484546779493959,0.048626406351089696,2060.0,0.0
purchase_maintenance_0.60_0.50,购置价×维护价,0.6,0.5,0.5,180.0,1.5,6.0,A5,S29,状态触发,堵塞损失≥10触发，维护后储备阈值50，冷却35日,120.13587349179973,S32,120.28124604693917,0.14537255513944558,0.0012100678249895812,0.5864219829973749,9.71994436818149,0.0,604.0,0.87
purchase_maintenance_0.60_0.50,购置价×维护价,0.6,0.5,0.5,180.0,1.5,6.0,A6,S33,状态触发,堵塞损失≥20触发，维护后储备阈值50，冷却35日,52.71233505788094,S32,52.714339105669545,0.0020040477886027475,3.80185735730014e-05,0.2356200791528644,6.353495434356988,0.1284129431383111,1491.0,0.0
purchase_maintenance_0.60_0.50,购置价×维护价,0.6,0.5,0.5,180.0,1.5,6.0,A7,S29,状态触发,堵塞损失≥10触发，维护后储备阈值50，冷却35日,69.26729396074421,S29,69.26729396074421,0.0,0.0,0.30115887418938586,9.737972196913791,0.07528971854734647,1262.0,0.005
purchase_maintenance_0.60_0.50,购置价×维护价,0.6,0.5,0.5,180.0,1.5,6.0,A8,S29,状态触发,堵塞损失≥10触发，维护后储备阈值50，冷却35日,130.13913051087738,S29,130.13913051087738,0.0,0.0,0.6392530234349021,9.678290774804417,0.0926916883980608,557.0,0.945
purchase_maintenance_0.60_0.50,购置价×维护价,0.6,0.5,0.5,180.0,1.5,6.0,A9,S32,状态触发,堵塞损失≥20触发，维护后储备阈值50，冷却21日,31.966208540381967,S33,32.0878016664018,0.1215931260198353,0.003803801938732593,0.10933664611147696,5.846230467580674,0.5860444231575166,3271.0,0.0
purchase_maintenance_0.60_0.50,购置价×维护价,0.6,0.5,0.5,180.0,1.5,6.0,A10,S29,状态触发,堵塞损失≥10触发，维护后储备阈值50，冷却35日,226.57575549672293,S29,226.57575549672293,0.0,0.0,1.1792528976850805,9.540155942272301,0.0,308.0,1.0
purchase_maintenance_0.60_0.60,购置价×维护价,0.6,0.6,0.6,180.0,1.7999999999999998,7.199999999999999,A1,S32,状态触发,堵塞损失≥20触发，维护后储备阈值50，冷却21日,48.23749005160856,S32,48.23749005160856,0.0,0.0,0.19978831463992977,6.783812223598816,0.00899047415879684,1785.0,0.0
purchase_maintenance_0.60_0.60,购置价×维护价,0.6,0.6,0.6,180.0,1.7999999999999998,7.199999999999999,A2,S29,状态触发,堵塞损失≥10触发，维护后储备阈值50，冷却35日,113.80234052350595,S29,113.80234052350595,0.0,0.0,0.5255925057200005,9.98100168362281,0.1708175643590002,681.0,0.66
purchase_maintenance_0.60_0.60,购置价×维护价,0.6,0.6,0.6,180.0,1.7999999999999998,7.199999999999999,A3,S32,状态触发,堵塞损失≥20触发，维护后储备阈值50，冷却21日,41.69074696451645,S32,41.69074696451645,0.0,0.0,0.17037424025450018,5.916245492837518,0.05196414327762255,2093.0,0.0
purchase_maintenance_0.60_0.60,购置价×维护价,0.6,0.6,0.6,180.0,1.7999999999999998,7.199999999999999,A4,S32,状态触发,堵塞损失≥20触发，维护后储备阈值50，冷却21日,40.9337088663473,S32,40.9337088663473,0.0,0.0,0.1706189696529463,5.484546779493959,0.048626406351089696,2060.0,0.0
purchase_maintenance_0.60_0.60,购置价×维护价,0.6,0.6,0.6,180.0,1.7999999999999998,7.199999999999999,A5,S32,状态触发,堵塞损失≥20触发，维护后储备阈值50，冷却21日,122.15987527302474,S32,122.15987527302474,0.0,0.0,0.6160449995361742,6.262097420285212,0.0,576.0,0.92
purchase_maintenance_0.60_0.60,购置价×维护价,0.6,0.6,0.6,180.0,1.7999999999999998,7.199999999999999,A6,S33,状态触发,堵塞损失≥20触发，维护后储备阈值50，冷却35日,54.77247921995401,S32,54.77513030492642,0.0026510849724132868,4.840177056377389e-05,0.2356200791528644,6.353495434356988,0.1284129431383111,1491.0,0.0
purchase_maintenance_0.60_0.60,购置价×维护价,0.6,0.6,0.6,180.0,1.7999999999999998,7.199999999999999,A7,S29,状态触发,堵塞损失≥10触发，维护后储备阈值50，冷却35日,72.27903328207518,S29,72.27903328207518,0.0,0.0,0.30115887418938586,9.737972196913791,0.07528971854734647,1262.0,0.005
purchase_maintenance_0.60_0.60,购置价×维护价,0.6,0.6,0.6,180.0,1.7999999999999998,7.199999999999999,A8,S29,状态触发,堵塞损失≥10触发，维护后储备阈值50，冷却35日,133.15384776939638,S29,133.15384776939638,0.0,0.0,0.6392530234349021,9.678290774804417,0.0926916883980608,557.0,0.945
purchase_maintenance_0.60_0.60,购置价×维护价,0.6,0.6,0.6,180.0,1.7999999999999998,7.199999999999999,A9,S32,状态触发,堵塞损失≥20触发，维护后储备阈值50，冷却21日,34.42333098844519,S33,34.52506822258043,0.10173723413524272,0.0029554732564780746,0.10933664611147696,5.846230467580674,0.5860444231575166,3271.0,0.0
purchase_maintenance_0.60_0.60,购置价×维护价,0.6,0.6,0.6,180.0,1.7999999999999998,7.199999999999999,A10,S29,状态触发,堵塞损失≥10触发，维护后储备阈值50，冷却35日,229.43780227940465,S29,229.43780227940465,0.0,0.0,1.1792528976850805,9.540155942272301,0.0,308.0,1.0
purchase_maintenance_0.60_0.70,购置价×维护价,0.6,0.7,0.7,180.0,2.0999999999999996,8.399999999999999,A1,S32,状态触发,堵塞损失≥20触发，维护后储备阈值50，冷却21日,50.28342228767876,S32,50.28342228767876,0.0,0.0,0.19978831463992977,6.783812223598816,0.00899047415879684,1785.0,0.0
purchase_maintenance_0.60_0.70,购置价×维护价,0.6,0.7,0.7,180.0,2.0999999999999996,8.399999999999999,A2,S29,状态触发,堵塞损失≥10触发，维护后储备阈值50，冷却35日,117.00162210582359,S29,117.00162210582359,0.0,0.0,0.5255925057200005,9.98100168362281,0.1708175643590002,681.0,0.66
purchase_maintenance_0.60_0.70,购置价×维护价,0.6,0.7,0.7,180.0,2.0999999999999996,8.399999999999999,A3,S32,状态触发,堵塞损失≥20触发，维护后储备阈值50，冷却21日,43.52797758430086,S32,43.52797758430086,0.0,0.0,0.17037424025450018,5.916245492837518,0.05196414327762255,2093.0,0.0
purchase_maintenance_0.60_0.70,购置价×维护价,0.6,0.7,0.7,180.0,2.0999999999999996,8.399999999999999,A4,S36,状态触发,堵塞损失≥30触发，维护后储备阈值50，冷却21日,42.57456877130004,S32,42.6374245878168,0.06285581651676608,0.001476370009862269,0.1818516757488779,4.4244512709701995,0.06546660326959604,2002.0,0.0
purchase_maintenance_0.60_0.70,购置价×维护价,0.6,0.7,0.7,180.0,2.0999999999999996,8.399999999999999,A5,S32,状态触发,堵塞损失≥20触发，维护后储备阈值50，冷却21日,124.03850449911029,S32,124.03850449911029,0.0,0.0,0.6160449995361742,6.262097420285212,0.0,576.0,0.92
purchase_maintenance_0.60_0.70,购置价×维护价,0.6,0.7,0.7,180.0,2.0999999999999996,8.399999999999999,A6,S33,状态触发,堵塞损失≥20触发，维护后储备阈值50，冷却35日,56.83262338202708,S32,56.83592150418329,0.0032981221562096152,5.803219981663953e-05,0.2356200791528644,6.353495434356988,0.1284129431383111,1491.0,0.0
purchase_maintenance_0.60_0.70,购置价×维护价,0.6,0.7,0.7,180.0,2.0999999999999996,8.399999999999999,A7,S29,状态触发,堵塞损失≥10触发，维护后储备阈值50，冷却35日,75.29077260340613,S29,75.29077260340613,0.0,0.0,0.30115887418938586,9.737972196913791,0.07528971854734647,1262.0,0.005
purchase_maintenance_0.60_0.70,购置价×维护价,0.6,0.7,0.7,180.0,2.0999999999999996,8.399999999999999,A8,S29,状态触发,堵塞损失≥10触发，维护后储备阈值50，冷却35日,136.16856502791535,S29,136.16856502791535,0.0,0.0,0.6392530234349021,9.678290774804417,0.0926916883980608,557.0,0.945
purchase_maintenance_0.60_0.70,购置价×维护价,0.6,0.7,0.7,180.0,2.0999999999999996,8.399999999999999,A9,S32,状态触发,堵塞损失≥20触发，维护后储备阈值50，冷却21日,36.880453436508404,S33,36.96233477875905,0.08188134225064658,0.002220182633914996,0.10933664611147696,5.846230467580674,0.5860444231575166,3271.0,0.0
purchase_maintenance_0.60_0.70,购置价×维护价,0.6,0.7,0.7,180.0,2.0999999999999996,8.399999999999999,A10,S29,状态触发,堵塞损失≥10触发，维护后储备阈值50，冷却35日,232.2998490620863,S29,232.2998490620863,0.0,0.0,1.1792528976850805,9.540155942272301,0.0,308.0,1.0
purchase_maintenance_0.60_0.80,购置价×维护价,0.6,0.8,0.8,180.0,2.4000000000000004,9.600000000000001,A1,S32,状态触发,堵塞损失≥20触发，维护后储备阈值50，冷却21日,52.32935452374896,S32,52.32935452374896,0.0,0.0,0.19978831463992977,6.783812223598816,0.00899047415879684,1785.0,0.0
purchase_maintenance_0.60_0.80,购置价×维护价,0.6,0.8,0.8,180.0,2.4000000000000004,9.600000000000001,A2,S29,状态触发,堵塞损失≥10触发，维护后储备阈值50，冷却35日,120.20090368814124,S29,120.20090368814124,0.0,0.0,0.5255925057200005,9.98100168362281,0.1708175643590002,681.0,0.66
purchase_maintenance_0.60_0.80,购置价×维护价,0.6,0.8,0.8,180.0,2.4000000000000004,9.600000000000001,A3,S32,状态触发,堵塞损失≥20触发，维护后储备阈值50，冷却21日,45.36520820408525,S32,45.36520820408525,0.0,0.0,0.17037424025450018,5.916245492837518,0.05196414327762255,2093.0,0.0
purchase_maintenance_0.60_0.80,购置价×维护价,0.6,0.8,0.8,180.0,2.4000000000000004,9.600000000000001,A4,S36,状态触发,堵塞损失≥30触发，维护后储备阈值50，冷却21日,43.980464076514615,S32,44.341140309286295,0.3606762327716808,0.008200828261934608,0.1818516757488779,4.4244512709701995,0.06546660326959604,2002.0,0.0
purchase_maintenance_0.60_0.80,购置价×维护价,0.6,0.8,0.8,180.0,2.4000000000000004,9.600000000000001,A5,S32,状态触发,堵塞损失≥20触发，维护后储备阈值50，冷却21日,125.91713372519587,S32,125.91713372519587,0.0,0.0,0.6160449995361742,6.262097420285212,0.0,576.0,0.92
purchase_maintenance_0.60_0.80,购置价×维护价,0.6,0.8,0.8,180.0,2.4000000000000004,9.600000000000001,A6,S33,状态触发,堵塞损失≥20触发，维护后储备阈值50，冷却35日,58.89276754410015,S32,58.89671270344017,0.0039451593400201546,6.698885966032986e-05,0.2356200791528644,6.353495434356988,0.1284129431383111,1491.0,0.0
purchase_maintenance_0.60_0.80,购置价×维护价,0.6,0.8,0.8,180.0,2.4000000000000004,9.600000000000001,A7,S29,状态触发,堵塞损失≥10触发，维护后储备阈值50，冷却35日,78.30251192473709,S29,78.30251192473709,0.0,0.0,0.30115887418938586,9.737972196913791,0.07528971854734647,1262.0,0.005
purchase_maintenance_0.60_0.80,购置价×维护价,0.6,0.8,0.8,180.0,2.4000000000000004,9.600000000000001,A8,S29,状态触发,堵塞损失≥10触发，维护后储备阈值50，冷却35日,139.18328228643438,S29,139.18328228643438,0.0,0.0,0.6392530234349021,9.678290774804417,0.0926916883980608,557.0,0.945
purchase_maintenance_0.60_0.80,购置价×维护价,0.6,0.8,0.8,180.0,2.4000000000000004,9.600000000000001,A9,S32,状态触发,堵塞损失≥20触发，维护后储备阈值50，冷却21日,39.337575884571635,S33,39.399601334937685,0.06202545036605045,0.0015767481592676659,0.10933664611147696,5.846230467580674,0.5860444231575166,3271.0,0.0
purchase_maintenance_0.60_0.80,购置价×维护价,0.6,0.8,0.8,180.0,2.4000000000000004,9.600000000000001,A10,S29,状态触发,堵塞损失≥10触发，维护后储备阈值50，冷却35日,235.16189584476803,S29,235.16189584476803,0.0,0.0,1.1792528976850805,9.540155942272301,0.0,308.0,1.0
purchase_maintenance_0.60_0.90,购置价×维护价,0.6,0.9,0.9,180.0,2.7,10.8,A1,S32,状态触发,堵塞损失≥20触发，维护后储备阈值50，冷却21日,54.375286759819176,S32,54.375286759819176,0.0,0.0,0.19978831463992977,6.783812223598816,0.00899047415879684,1785.0,0.0
purchase_maintenance_0.60_0.90,购置价×维护价,0.6,0.9,0.9,180.0,2.7,10.8,A2,S29,状态触发,堵塞损失≥10触发，维护后储备阈值50，冷却35日,123.40018527045889,S29,123.40018527045889,0.0,0.0,0.5255925057200005,9.98100168362281,0.1708175643590002,681.0,0.66
purchase_maintenance_0.60_0.90,购置价×维护价,0.6,0.9,0.9,180.0,2.7,10.8,A3,S32,状态触发,堵塞损失≥20触发，维护后储备阈值50，冷却21日,47.202438823869656,S32,47.202438823869656,0.0,0.0,0.17037424025450018,5.916245492837518,0.05196414327762255,2093.0,0.0
purchase_maintenance_0.60_0.90,购置价×维护价,0.6,0.9,0.9,180.0,2.7,10.8,A4,S36,状态触发,堵塞损失≥30触发，维护后储备阈值50，冷却21日,45.3863593817292,S32,46.044856030755795,0.6584966490265955,0.014508690672635905,0.1818516757488779,4.4244512709701995,0.06546660326959604,2002.0,0.0
purchase_maintenance_0.60_0.90,购置价×维护价,0.6,0.9,0.9,180.0,2.7,10.8,A5,S32,状态触发,堵塞损失≥20触发，维护后储备阈值50，冷却21日,127.79576295128143,S32,127.79576295128143,0.0,0.0,0.6160449995361742,6.262097420285212,0.0,576.0,0.92
purchase_maintenance_0.60_0.90,购置价×维护价,0.6,0.9,0.9,180.0,2.7,10.8,A6,S33,状态触发,堵塞损失≥20触发，维护后储备阈值50，冷却35日,60.952911706173225,S32,60.95750390269705,0.0045921965238235884,7.534006818182071e-05,0.2356200791528644,6.353495434356988,0.1284129431383111,1491.0,0.0
purchase_maintenance_0.60_0.90,购置价×维护价,0.6,0.9,0.9,180.0,2.7,10.8,A7,S29,状态触发,堵塞损失≥10触发，维护后储备阈值50，冷却35日,81.31425124606804,S29,81.31425124606804,0.0,0.0,0.30115887418938586,9.737972196913791,0.07528971854734647,1262.0,0.005
purchase_maintenance_0.60_0.90,购置价×维护价,0.6,0.9,0.9,180.0,2.7,10.8,A8,S29,状态触发,堵塞损失≥10触发，维护后储备阈值50，冷却35日,142.19799954495338,S29,142.19799954495338,0.0,0.0,0.6392530234349021,9.678290774804417,0.0926916883980608,557.0,0.945
purchase_maintenance_0.60_0.90,购置价×维护价,0.6,0.9,0.9,180.0,2.7,10.8,A9,S32,状态触发,堵塞损失≥20触发，维护后储备阈值50，冷却21日,41.79469833263485,S33,41.836867891116306,0.04216955848145432,0.001008969083730095,0.10933664611147696,5.846230467580674,0.5860444231575166,3271.0,0.0
purchase_maintenance_0.60_0.90,购置价×维护价,0.6,0.9,0.9,180.0,2.7,10.8,A10,S29,状态触发,堵塞损失≥10触发，维护后储备阈值50，冷却35日,238.0239426274497,S29,238.0239426274497,0.0,0.0,1.1792528976850805,9.540155942272301,0.0,308.0,1.0
purchase_maintenance_0.60_1.00,购置价×维护价,0.6,1.0,1.0,180.0,3.0,12.0,A1,S36,状态触发,堵塞损失≥30触发，维护后储备阈值50，冷却21日,56.37715800569578,S32,56.42121899588937,0.04406099019358578,0.0007815397539041308,0.2187577673231895,5.6319187197355145,0.00875031069292758,1637.0,0.0
purchase_maintenance_0.60_1.00,购置价×维护价,0.6,1.0,1.0,180.0,3.0,12.0,A2,S29,状态触发,堵塞损失≥10触发，维护后储备阈值50，冷却35日,126.59946685277653,S29,126.59946685277653,0.0,0.0,0.5255925057200005,9.98100168362281,0.1708175643590002,681.0,0.66
purchase_maintenance_0.60_1.00,购置价×维护价,0.6,1.0,1.0,180.0,3.0,12.0,A3,S32,状态触发,堵塞损失≥20触发，维护后储备阈值50，冷却21日,49.03966944365406,S32,49.03966944365406,0.0,0.0,0.17037424025450018,5.916245492837518,0.05196414327762255,2093.0,0.0
purchase_maintenance_0.60_1.00,购置价×维护价,0.6,1.0,1.0,180.0,3.0,12.0,A4,S36,状态触发,堵塞损失≥30触发，维护后储备阈值50，冷却21日,46.79225468694377,S32,47.74857175222528,0.9563170652815103,0.020437507696083452,0.1818516757488779,4.4244512709701995,0.06546660326959604,2002.0,0.0
purchase_maintenance_0.60_1.00,购置价×维护价,0.6,1.0,1.0,180.0,3.0,12.0,A5,S32,状态触发,堵塞损失≥20触发，维护后储备阈值50，冷却21日,129.674392177367,S32,129.674392177367,0.0,0.0,0.6160449995361742,6.262097420285212,0.0,576.0,0.92
purchase_maintenance_0.60_1.00,购置价×维护价,0.6,1.0,1.0,180.0,3.0,12.0,A6,S33,状态触发,堵塞损失≥20触发，维护后储备阈值50，冷却35日,63.01305586824629,S32,63.01829510195392,0.005239233707627022,8.314520912272073e-05,0.2356200791528644,6.353495434356988,0.1284129431383111,1491.0,0.0
purchase_maintenance_0.60_1.00,购置价×维护价,0.6,1.0,1.0,180.0,3.0,12.0,A7,S29,状态触发,堵塞损失≥10触发，维护后储备阈值50，冷却35日,84.32599056739899,S29,84.32599056739899,0.0,0.0,0.30115887418938586,9.737972196913791,0.07528971854734647,1262.0,0.005
purchase_maintenance_0.60_1.00,购置价×维护价,0.6,1.0,1.0,180.0,3.0,12.0,A8,S29,状态触发,堵塞损失≥10触发，维护后储备阈值50，冷却35日,145.21271680347235,S29,145.21271680347235,0.0,0.0,0.6392530234349021,9.678290774804417,0.0926916883980608,557.0,0.945
purchase_maintenance_0.60_1.00,购置价×维护价,0.6,1.0,1.0,180.0,3.0,12.0,A9,S32,状态触发,堵塞损失≥20触发，维护后储备阈值50，冷却21日,44.251820780698075,S33,44.274134447294934,0.022313666596858184,0.0005042429035279616,0.10933664611147696,5.846230467580674,0.5860444231575166,3271.0,0.0
purchase_maintenance_0.60_1.00,购置价×维护价,0.6,1.0,1.0,180.0,3.0,12.0,A10,S29,状态触发,堵塞损失≥10触发，维护后储备阈值50，冷却35日,240.8859894101314,S29,240.8859894101314,0.0,0.0,1.1792528976850805,9.540155942272301,0.0,308.0,1.0
purchase_maintenance_0.60_1.10,购置价×维护价,0.6,1.1,1.1,180.0,3.3000000000000003,13.200000000000001,A1,S36,状态触发,堵塞损失≥30触发，维护后储备阈值50，冷却21日,58.07723399444795,S32,58.467151231959576,0.3899172375116251,0.0067137707961246965,0.2187577673231895,5.6319187197355145,0.00875031069292758,1637.0,0.0
purchase_maintenance_0.60_1.10,购置价×维护价,0.6,1.1,1.1,180.0,3.3000000000000003,13.200000000000001,A2,S29,状态触发,堵塞损失≥10触发，维护后储备阈值50，冷却35日,129.79874843509415,S29,129.79874843509415,0.0,0.0,0.5255925057200005,9.98100168362281,0.1708175643590002,681.0,0.66
purchase_maintenance_0.60_1.10,购置价×维护价,0.6,1.1,1.1,180.0,3.3000000000000003,13.200000000000001,A3,S32,状态触发,堵塞损失≥20触发，维护后储备阈值50，冷却21日,50.87690006343846,S32,50.87690006343846,0.0,0.0,0.17037424025450018,5.916245492837518,0.05196414327762255,2093.0,0.0
purchase_maintenance_0.60_1.10,购置价×维护价,0.6,1.1,1.1,180.0,3.3000000000000003,13.200000000000001,A4,S36,状态触发,堵塞损失≥30触发，维护后储备阈值50，冷却21日,48.19814999215834,S32,49.45228747369479,1.2541374815364463,0.026020448538802626,0.1818516757488779,4.4244512709701995,0.06546660326959604,2002.0,0.0
purchase_maintenance_0.60_1.10,购置价×维护价,0.6,1.1,1.1,180.0,3.3000000000000003,13.200000000000001,A5,S32,状态触发,堵塞损失≥20触发，维护后储备阈值50，冷却21日,131.55302140345256,S32,131.55302140345256,0.0,0.0,0.6160449995361742,6.262097420285212,0.0,576.0,0.92
purchase_maintenance_0.60_1.10,购置价×维护价,0.6,1.1,1.1,180.0,3.3000000000000003,13.200000000000001,A6,S33,状态触发,堵塞损失≥20触发，维护后储备阈值50，冷却35日,65.07320003031937,S32,65.0790863012108,0.005886270891423351,9.045614613513362e-05,0.2356200791528644,6.353495434356988,0.1284129431383111,1491.0,0.0
purchase_maintenance_0.60_1.10,购置价×维护价,0.6,1.1,1.1,180.0,3.3000000000000003,13.200000000000001,A7,S29,状态触发,堵塞损失≥10触发，维护后储备阈值50，冷却35日,87.33772988872994,S29,87.33772988872994,0.0,0.0,0.30115887418938586,9.737972196913791,0.07528971854734647,1262.0,0.005
purchase_maintenance_0.60_1.10,购置价×维护价,0.6,1.1,1.1,180.0,3.3000000000000003,13.200000000000001,A8,S29,状态触发,堵塞损失≥10触发，维护后储备阈值50，冷却35日,148.22743406199137,S29,148.22743406199137,0.0,0.0,0.6392530234349021,9.678290774804417,0.0926916883980608,557.0,0.945
purchase_maintenance_0.60_1.10,购置价×维护价,0.6,1.1,1.1,180.0,3.3000000000000003,13.200000000000001,A9,S32,状态触发,堵塞损失≥20触发，维护后储备阈值50，冷却21日,46.7089432287613,S33,46.71140100347356,0.002457774712262051,5.261893210096566e-05,0.10933664611147696,5.846230467580674,0.5860444231575166,3271.0,0.0
purchase_maintenance_0.60_1.10,购置价×维护价,0.6,1.1,1.1,180.0,3.3000000000000003,13.200000000000001,A10,S29,状态触发,堵塞损失≥10触发，维护后储备阈值50，冷却35日,243.7480361928131,S29,243.7480361928131,0.0,0.0,1.1792528976850805,9.540155942272301,0.0,308.0,1.0
purchase_maintenance_0.60_1.20,购置价×维护价,0.6,1.2,1.2,180.0,3.5999999999999996,14.399999999999999,A1,S36,状态触发,堵塞损失≥30触发，维护后储备阈值50，冷却21日,59.77730998320011,S32,60.51308346802977,0.7357734848296573,0.012308574692244265,0.2187577673231895,5.6319187197355145,0.00875031069292758,1637.0,0.0
purchase_maintenance_0.60_1.20,购置价×维护价,0.6,1.2,1.2,180.0,3.5999999999999996,14.399999999999999,A2,S29,状态触发,堵塞损失≥10触发，维护后储备阈值50，冷却35日,132.99803001741182,S29,132.99803001741182,0.0,0.0,0.5255925057200005,9.98100168362281,0.1708175643590002,681.0,0.66
purchase_maintenance_0.60_1.20,购置价×维护价,0.6,1.2,1.2,180.0,3.5999999999999996,14.399999999999999,A3,S32,状态触发,堵塞损失≥20触发，维护后储备阈值50，冷却21日,52.71413068322286,S32,52.71413068322286,0.0,0.0,0.17037424025450018,5.916245492837518,0.05196414327762255,2093.0,0.0
purchase_maintenance_0.60_1.20,购置价×维护价,0.6,1.2,1.2,180.0,3.5999999999999996,14.399999999999999,A4,S36,状态触发,堵塞损失≥30触发，维护后储备阈值50，冷却21日,49.60404529737292,S32,51.156003195164274,1.551957897791354,0.031286922034029094,0.1818516757488779,4.4244512709701995,0.06546660326959604,2002.0,0.0
purchase_maintenance_0.60_1.20,购置价×维护价,0.6,1.2,1.2,180.0,3.5999999999999996,14.399999999999999,A5,S32,状态触发,堵塞损失≥20触发，维护后储备阈值50，冷却21日,133.43165062953813,S32,133.43165062953813,0.0,0.0,0.6160449995361742,6.262097420285212,0.0,576.0,0.92
purchase_maintenance_0.60_1.20,购置价×维护价,0.6,1.2,1.2,180.0,3.5999999999999996,14.399999999999999,A6,S33,状态触发,堵塞损失≥20触发，维护后储备阈值50，冷却35日,67.13334419239243,S32,67.13987750046766,0.00653330807523389,9.731837664023665e-05,0.2356200791528644,6.353495434356988,0.1284129431383111,1491.0,0.0
purchase_maintenance_0.60_1.20,购置价×维护价,0.6,1.2,1.2,180.0,3.5999999999999996,14.399999999999999,A7,S29,状态触发,堵塞损失≥10触发，维护后储备阈值50，冷却35日,90.34946921006089,S29,90.34946921006089,0.0,0.0,0.30115887418938586,9.737972196913791,0.07528971854734647,1262.0,0.005
purchase_maintenance_0.60_1.20,购置价×维护价,0.6,1.2,1.2,180.0,3.5999999999999996,14.399999999999999,A8,S29,状态触发,堵塞损失≥10触发，维护后储备阈值50，冷却35日,151.24215132051035,S29,151.24215132051035,0.0,0.0,0.6392530234349021,9.678290774804417,0.0926916883980608,557.0,0.945
purchase_maintenance_0.60_1.20,购置价×维护价,0.6,1.2,1.2,180.0,3.5999999999999996,14.399999999999999,A9,S33,状态触发,堵塞损失≥20触发，维护后储备阈值50，冷却35日,49.14866755965219,S33,49.14866755965219,0.0,0.0,0.11056371603060368,5.7692147024769,0.5887517878629646,3267.0,0.005
purchase_maintenance_0.60_1.20,购置价×维护价,0.6,1.2,1.2,180.0,3.5999999999999996,14.399999999999999,A10,S29,状态触发,堵塞损失≥10触发，维护后储备阈值50，冷却35日,246.61008297549478,S29,246.61008297549478,0.0,0.0,1.1792528976850805,9.540155942272301,0.0,308.0,1.0
purchase_maintenance_0.60_1.30,购置价×维护价,0.6,1.3,1.3,180.0,3.9000000000000004,15.600000000000001,A1,S36,状态触发,堵塞损失≥30触发，维护后储备阈值50，冷却21日,61.47738597195229,S32,62.55901570409998,1.0816297321476895,0.01759394474971918,0.2187577673231895,5.6319187197355145,0.00875031069292758,1637.0,0.0
purchase_maintenance_0.60_1.30,购置价×维护价,0.6,1.3,1.3,180.0,3.9000000000000004,15.600000000000001,A2,S29,状态触发,堵塞损失≥10触发，维护后储备阈值50，冷却35日,136.19731159972946,S29,136.19731159972946,0.0,0.0,0.5255925057200005,9.98100168362281,0.1708175643590002,681.0,0.66
purchase_maintenance_0.60_1.30,购置价×维护价,0.6,1.3,1.3,180.0,3.9000000000000004,15.600000000000001,A3,S32,状态触发,堵塞损失≥20触发，维护后储备阈值50，冷却21日,54.55136130300727,S32,54.55136130300727,0.0,0.0,0.17037424025450018,5.916245492837518,0.05196414327762255,2093.0,0.0
purchase_maintenance_0.60_1.30,购置价×维护价,0.6,1.3,1.3,180.0,3.9000000000000004,15.600000000000001,A4,S36,状态触发,堵塞损失≥30触发，维护后储备阈值50，冷却21日,51.0099406025875,S32,52.859718916633774,1.8497783140462758,0.03626309484376159,0.1818516757488779,4.4244512709701995,0.06546660326959604,2002.0,0.0
purchase_maintenance_0.60_1.30,购置价×维护价,0.6,1.3,1.3,180.0,3.9000000000000004,15.600000000000001,A5,S32,状态触发,堵塞损失≥20触发，维护后储备阈值50，冷却21日,135.3102798556237,S32,135.3102798556237,0.0,0.0,0.6160449995361742,6.262097420285212,0.0,576.0,0.92
purchase_maintenance_0.60_1.30,购置价×维护价,0.6,1.3,1.3,180.0,3.9000000000000004,15.600000000000001,A6,S33,状态触发,堵塞损失≥20触发，维护后储备阈值50，冷却35日,69.1934883544655,S32,69.20066869972456,0.00718034525905864,0.00010377197955788922,0.2356200791528644,6.353495434356988,0.1284129431383111,1491.0,0.0
purchase_maintenance_0.60_1.30,购置价×维护价,0.6,1.3,1.3,180.0,3.9000000000000004,15.600000000000001,A7,S29,状态触发,堵塞损失≥10触发，维护后储备阈值50，冷却35日,93.36120853139184,S29,93.36120853139184,0.0,0.0,0.30115887418938586,9.737972196913791,0.07528971854734647,1262.0,0.005
purchase_maintenance_0.60_1.30,购置价×维护价,0.6,1.3,1.3,180.0,3.9000000000000004,15.600000000000001,A8,S29,状态触发,堵塞损失≥10触发，维护后储备阈值50，冷却35日,154.25686857902934,S29,154.25686857902934,0.0,0.0,0.6392530234349021,9.678290774804417,0.0926916883980608,557.0,0.945
purchase_maintenance_0.60_1.30,购置价×维护价,0.6,1.3,1.3,180.0,3.9000000000000004,15.600000000000001,A9,S33,状态触发,堵塞损失≥20触发，维护后储备阈值50，冷却35日,51.58593411583082,S33,51.58593411583082,0.0,0.0,0.11056371603060368,5.7692147024769,0.5887517878629646,3267.0,0.005
purchase_maintenance_0.60_1.30,购置价×维护价,0.6,1.3,1.3,180.0,3.9000000000000004,15.600000000000001,A10,S29,状态触发,堵塞损失≥10触发，维护后储备阈值50，冷却35日,249.47212975817646,S29,249.47212975817646,0.0,0.0,1.1792528976850805,9.540155942272301,0.0,308.0,1.0
purchase_maintenance_0.60_1.40,购置价×维护价,0.6,1.4,1.4,180.0,4.199999999999999,16.799999999999997,A1,S36,状态触发,堵塞损失≥30触发，维护后储备阈值50，冷却21日,63.17746196070444,S32,64.60494794017016,1.4274859794657218,0.02259486112869807,0.2187577673231895,5.6319187197355145,0.00875031069292758,1637.0,0.0
purchase_maintenance_0.60_1.40,购置价×维护价,0.6,1.4,1.4,180.0,4.199999999999999,16.799999999999997,A2,S29,状态触发,堵塞损失≥10触发，维护后储备阈值50，冷却35日,139.3965931820471,S29,139.3965931820471,0.0,0.0,0.5255925057200005,9.98100168362281,0.1708175643590002,681.0,0.66
purchase_maintenance_0.60_1.40,购置价×维护价,0.6,1.4,1.4,180.0,4.199999999999999,16.799999999999997,A3,S32,状态触发,堵塞损失≥20触发，维护后储备阈值50，冷却21日,56.38859192279167,S32,56.38859192279167,0.0,0.0,0.17037424025450018,5.916245492837518,0.05196414327762255,2093.0,0.0
purchase_maintenance_0.60_1.40,购置价×维护价,0.6,1.4,1.4,180.0,4.199999999999999,16.799999999999997,A4,S36,状态触发,堵塞损失≥30触发，维护后储备阈值50，冷却21日,52.41583590780206,S32,54.56343463810326,2.1475987303011976,0.040972326265649214,0.1818516757488779,4.4244512709701995,0.06546660326959604,2002.0,0.0
purchase_maintenance_0.60_1.40,购置价×维护价,0.6,1.4,1.4,180.0,4.199999999999999,16.799999999999997,A5,S32,状态触发,堵塞损失≥20触发，维护后储备阈值50，冷却21日,137.18890908170923,S32,137.18890908170923,0.0,0.0,0.6160449995361742,6.262097420285212,0.0,576.0,0.92
purchase_maintenance_0.60_1.40,购置价×维护价,0.6,1.4,1.4,180.0,4.199999999999999,16.799999999999997,A6,S33,状态触发,堵塞损失≥20触发，维护后储备阈值50，冷却35日,71.25363251653856,S32,71.26145989898141,0.007827382442854969,0.00010985239862737059,0.2356200791528644,6.353495434356988,0.1284129431383111,1491.0,0.0
purchase_maintenance_0.60_1.40,购置价×维护价,0.6,1.4,1.4,180.0,4.199999999999999,16.799999999999997,A7,S29,状态触发,堵塞损失≥10触发，维护后储备阈值50，冷却35日,96.3729478527228,S29,96.3729478527228,0.0,0.0,0.30115887418938586,9.737972196913791,0.07528971854734647,1262.0,0.005
purchase_maintenance_0.60_1.40,购置价×维护价,0.6,1.4,1.4,180.0,4.199999999999999,16.799999999999997,A8,S29,状态触发,堵塞损失≥10触发，维护后储备阈值50，冷却35日,157.27158583754837,S29,157.27158583754837,0.0,0.0,0.6392530234349021,9.678290774804417,0.0926916883980608,557.0,0.945
purchase_maintenance_0.60_1.40,购置价×维护价,0.6,1.4,1.4,180.0,4.199999999999999,16.799999999999997,A9,S33,状态触发,堵塞损失≥20触发，维护后储备阈值50，冷却35日,54.02320067200944,S33,54.02320067200944,0.0,0.0,0.11056371603060368,5.7692147024769,0.5887517878629646,3267.0,0.005
purchase_maintenance_0.60_1.40,购置价×维护价,0.6,1.4,1.4,180.0,4.199999999999999,16.799999999999997,A10,S29,状态触发,堵塞损失≥10触发，维护后储备阈值50，冷却35日,252.33417654085815,S29,252.33417654085815,0.0,0.0,1.1792528976850805,9.540155942272301,0.0,308.0,1.0
purchase_maintenance_0.60_1.50,购置价×维护价,0.6,1.5,1.5,180.0,4.5,18.0,A1,S36,状态触发,堵塞损失≥30触发，维护后储备阈值50，冷却21日,64.87753794945662,S32,66.65088017624038,1.773342226783754,0.02733368563038398,0.2187577673231895,5.6319187197355145,0.00875031069292758,1637.0,0.0
purchase_maintenance_0.60_1.50,购置价×维护价,0.6,1.5,1.5,180.0,4.5,18.0,A2,S29,状态触发,堵塞损失≥10触发，维护后储备阈值50，冷却35日,142.59587476436474,S29,142.59587476436474,0.0,0.0,0.5255925057200005,9.98100168362281,0.1708175643590002,681.0,0.66
purchase_maintenance_0.60_1.50,购置价×维护价,0.6,1.5,1.5,180.0,4.5,18.0,A3,S32,状态触发,堵塞损失≥20触发，维护后储备阈值50，冷却21日,58.22582254257607,S32,58.22582254257607,0.0,0.0,0.17037424025450018,5.916245492837518,0.05196414327762255,2093.0,0.0
purchase_maintenance_0.60_1.50,购置价×维护价,0.6,1.5,1.5,180.0,4.5,18.0,A4,S36,状态触发,堵塞损失≥30触发，维护后储备阈值50，冷却21日,53.82173121301665,S32,56.26715035957276,2.4454191465561124,0.045435534893472435,0.1818516757488779,4.4244512709701995,0.06546660326959604,2002.0,0.0
purchase_maintenance_0.60_1.50,购置价×维护价,0.6,1.5,1.5,180.0,4.5,18.0,A5,S32,状态触发,堵塞损失≥20触发，维护后储备阈值50，冷却21日,139.0675383077948,S32,139.0675383077948,0.0,0.0,0.6160449995361742,6.262097420285212,0.0,576.0,0.92
purchase_maintenance_0.60_1.50,购置价×维护价,0.6,1.5,1.5,180.0,4.5,18.0,A6,S33,状态触发,堵塞损失≥20触发，维护后储备阈值50，冷却35日,73.31377667861163,S32,73.32225109823828,0.008474419626651297,0.00011559109366034886,0.2356200791528644,6.353495434356988,0.1284129431383111,1491.0,0.0
purchase_maintenance_0.60_1.50,购置价×维护价,0.6,1.5,1.5,180.0,4.5,18.0,A7,S29,状态触发,堵塞损失≥10触发，维护后储备阈值50，冷却35日,99.38468717405375,S29,99.38468717405375,0.0,0.0,0.30115887418938586,9.737972196913791,0.07528971854734647,1262.0,0.005
purchase_maintenance_0.60_1.50,购置价×维护价,0.6,1.5,1.5,180.0,4.5,18.0,A8,S29,状态触发,堵塞损失≥10触发，维护后储备阈值50，冷却35日,160.28630309606734,S29,160.28630309606734,0.0,0.0,0.6392530234349021,9.678290774804417,0.0926916883980608,557.0,0.945
purchase_maintenance_0.60_1.50,购置价×维护价,0.6,1.5,1.5,180.0,4.5,18.0,A9,S33,状态触发,堵塞损失≥20触发，维护后储备阈值50，冷却35日,56.46046722818807,S33,56.46046722818807,0.0,0.0,0.11056371603060368,5.7692147024769,0.5887517878629646,3267.0,0.005
purchase_maintenance_0.60_1.50,购置价×维护价,0.6,1.5,1.5,180.0,4.5,18.0,A10,S29,状态触发,堵塞损失≥10触发，维护后储备阈值50，冷却35日,255.19622332353987,S29,255.19622332353987,0.0,0.0,1.1792528976850805,9.540155942272301,0.0,308.0,1.0
purchase_maintenance_0.70_0.50,购置价×维护价,0.7,0.5,0.5,210.0,1.5,6.0,A1,S32,状态触发,堵塞损失≥20触发，维护后储备阈值50，冷却21日,52.185207254736255,S32,52.185207254736255,0.0,0.0,0.19978831463992977,6.783812223598816,0.00899047415879684,1785.0,0.0
purchase_maintenance_0.70_0.50,购置价×维护价,0.7,0.5,0.5,210.0,1.5,6.0,A2,S29,状态触发,堵塞损失≥10触发，维护后储备阈值50，冷却35日,126.37083411278833,S29,126.37083411278833,0.0,0.0,0.5255925057200005,9.98100168362281,0.1708175643590002,681.0,0.66
purchase_maintenance_0.70_0.50,购置价×维护价,0.7,0.5,0.5,210.0,1.5,6.0,A3,S32,状态触发,堵塞损失≥20触发，维护后储备阈值50，冷却21日,44.964743552367054,S32,44.964743552367054,0.0,0.0,0.17037424025450018,5.916245492837518,0.05196414327762255,2093.0,0.0
purchase_maintenance_0.70_0.50,购置价×维护价,0.7,0.5,0.5,210.0,1.5,6.0,A4,S32,状态触发,堵塞损失≥20触发，维护后储备阈值50，冷却21日,44.3485622344662,S32,44.3485622344662,0.0,0.0,0.1706189696529463,5.484546779493959,0.048626406351089696,2060.0,0.0
purchase_maintenance_0.70_0.50,购置价×维护价,0.7,0.5,0.5,210.0,1.5,6.0,A5,S29,状态触发,堵塞损失≥10触发，维护后储备阈值50，冷却35日,137.72853298172097,S32,138.7625960330244,1.0340630513034341,0.007507979856582606,0.5864219829973749,9.71994436818149,0.0,604.0,0.87
purchase_maintenance_0.70_0.50,购置价×维护价,0.7,0.5,0.5,210.0,1.5,6.0,A6,S33,状态触发,堵塞损失≥20触发，维护后储备阈值50，冷却35日,59.78093743246688,S32,59.78273629056708,0.001798858100201528,3.009083124923653e-05,0.2356200791528644,6.353495434356988,0.1284129431383111,1491.0,0.0
purchase_maintenance_0.70_0.50,购置价×维护价,0.7,0.5,0.5,210.0,1.5,6.0,A7,S29,状态触发,堵塞损失≥10触发，维护后储备阈值50，冷却35日,78.30206018642579,S29,78.30206018642579,0.0,0.0,0.30115887418938586,9.737972196913791,0.07528971854734647,1262.0,0.005
purchase_maintenance_0.70_0.50,购置价×维护价,0.7,0.5,0.5,210.0,1.5,6.0,A8,S29,状态触发,堵塞损失≥10触发，维护后储备阈值50，冷却35日,149.31672121392444,S29,149.31672121392444,0.0,0.0,0.6392530234349021,9.678290774804417,0.0926916883980608,557.0,0.945
purchase_maintenance_0.70_0.50,购置价×维护价,0.7,0.5,0.5,210.0,1.5,6.0,A9,S32,状态触发,堵塞损失≥20触发，维护后储备阈值50，冷却21日,35.24630792372627,S33,35.40471314731991,0.15840522359363973,0.004494235933489314,0.10933664611147696,5.846230467580674,0.5860444231575166,3271.0,0.0
purchase_maintenance_0.70_0.50,购置价×维护价,0.7,0.5,0.5,210.0,1.5,6.0,A10,S29,状态触发,堵塞损失≥10触发，维护后储备阈值50，冷却35日,261.95334242727535,S29,261.95334242727535,0.0,0.0,1.1792528976850805,9.540155942272301,0.0,308.0,1.0
purchase_maintenance_0.70_0.60,购置价×维护价,0.7,0.6,0.6,210.0,1.7999999999999998,7.199999999999999,A1,S32,状态触发,堵塞损失≥20触发，维护后储备阈值50，冷却21日,54.231139490806456,S32,54.231139490806456,0.0,0.0,0.19978831463992977,6.783812223598816,0.00899047415879684,1785.0,0.0
purchase_maintenance_0.70_0.60,购置价×维护价,0.7,0.6,0.6,210.0,1.7999999999999998,7.199999999999999,A2,S29,状态触发,堵塞损失≥10触发，维护后储备阈值50，冷却35日,129.57011569510598,S29,129.57011569510598,0.0,0.0,0.5255925057200005,9.98100168362281,0.1708175643590002,681.0,0.66
purchase_maintenance_0.70_0.60,购置价×维护价,0.7,0.6,0.6,210.0,1.7999999999999998,7.199999999999999,A3,S32,状态触发,堵塞损失≥20触发，维护后储备阈值50，冷却21日,46.80197417215145,S32,46.80197417215145,0.0,0.0,0.17037424025450018,5.916245492837518,0.05196414327762255,2093.0,0.0
purchase_maintenance_0.70_0.60,购置价×维护价,0.7,0.6,0.6,210.0,1.7999999999999998,7.199999999999999,A4,S32,状态触发,堵塞损失≥20触发，维护后储备阈值50，冷却21日,46.05227795593569,S32,46.05227795593569,0.0,0.0,0.1706189696529463,5.484546779493959,0.048626406351089696,2060.0,0.0
purchase_maintenance_0.70_0.60,购置价×维护价,0.7,0.6,0.6,210.0,1.7999999999999998,7.199999999999999,A5,S32,状态触发,堵塞损失≥20触发，维护后储备阈值50，冷却21日,140.64122525910997,S32,140.64122525910997,0.0,0.0,0.6160449995361742,6.262097420285212,0.0,576.0,0.92
purchase_maintenance_0.70_0.60,购置价×维护价,0.7,0.6,0.6,210.0,1.7999999999999998,7.199999999999999,A6,S33,状态触发,堵塞损失≥20触发，维护后储备阈值50，冷却35日,61.841081594539936,S32,61.843527489823956,0.0024458952840191728,3.9551301836142616e-05,0.2356200791528644,6.353495434356988,0.1284129431383111,1491.0,0.0
purchase_maintenance_0.70_0.60,购置价×维护价,0.7,0.6,0.6,210.0,1.7999999999999998,7.199999999999999,A7,S29,状态触发,堵塞损失≥10触发，维护后储备阈值50，冷却35日,81.31379950775674,S29,81.31379950775674,0.0,0.0,0.30115887418938586,9.737972196913791,0.07528971854734647,1262.0,0.005
purchase_maintenance_0.70_0.60,购置价×维护价,0.7,0.6,0.6,210.0,1.7999999999999998,7.199999999999999,A8,S29,状态触发,堵塞损失≥10触发，维护后储备阈值50，冷却35日,152.33143847244344,S29,152.33143847244344,0.0,0.0,0.6392530234349021,9.678290774804417,0.0926916883980608,557.0,0.945
purchase_maintenance_0.70_0.60,购置价×维护价,0.7,0.6,0.6,210.0,1.7999999999999998,7.199999999999999,A9,S32,状态触发,堵塞损失≥20触发，维护后储备阈值50，冷却21日,37.703430371789494,S33,37.84197970349854,0.1385493317090436,0.0036747142194443173,0.10933664611147696,5.846230467580674,0.5860444231575166,3271.0,0.0
purchase_maintenance_0.70_0.60,购置价×维护价,0.7,0.6,0.6,210.0,1.7999999999999998,7.199999999999999,A10,S29,状态触发,堵塞损失≥10触发，维护后储备阈值50，冷却35日,264.81538920995706,S29,264.81538920995706,0.0,0.0,1.1792528976850805,9.540155942272301,0.0,308.0,1.0
purchase_maintenance_0.70_0.70,购置价×维护价,0.7,0.7,0.7,210.0,2.0999999999999996,8.399999999999999,A1,S32,状态触发,堵塞损失≥20触发，维护后储备阈值50，冷却21日,56.277071726876656,S32,56.277071726876656,0.0,0.0,0.19978831463992977,6.783812223598816,0.00899047415879684,1785.0,0.0
purchase_maintenance_0.70_0.70,购置价×维护价,0.7,0.7,0.7,210.0,2.0999999999999996,8.399999999999999,A2,S29,状态触发,堵塞损失≥10触发，维护后储备阈值50，冷却35日,132.76939727742362,S29,132.76939727742362,0.0,0.0,0.5255925057200005,9.98100168362281,0.1708175643590002,681.0,0.66
purchase_maintenance_0.70_0.70,购置价×维护价,0.7,0.7,0.7,210.0,2.0999999999999996,8.399999999999999,A3,S32,状态触发,堵塞损失≥20触发，维护后储备阈值50，冷却21日,48.63920479193586,S32,48.63920479193586,0.0,0.0,0.17037424025450018,5.916245492837518,0.05196414327762255,2093.0,0.0
purchase_maintenance_0.70_0.70,购置价×维护价,0.7,0.7,0.7,210.0,2.0999999999999996,8.399999999999999,A4,S32,状态触发,堵塞损失≥20触发，维护后储备阈值50，冷却21日,47.75599367740519,S32,47.75599367740519,0.0,0.0,0.1706189696529463,5.484546779493959,0.048626406351089696,2060.0,0.0
purchase_maintenance_0.70_0.70,购置价×维护价,0.7,0.7,0.7,210.0,2.0999999999999996,8.399999999999999,A5,S32,状态触发,堵塞损失≥20触发，维护后储备阈值50，冷却21日,142.51985448519554,S32,142.51985448519554,0.0,0.0,0.6160449995361742,6.262097420285212,0.0,576.0,0.92
purchase_maintenance_0.70_0.70,购置价×维护价,0.7,0.7,0.7,210.0,2.0999999999999996,8.399999999999999,A6,S33,状态触发,堵塞损失≥20触发，维护后储备阈值50，冷却35日,63.90122575661301,S32,63.904318689080824,0.0030929324678155012,4.840177056377389e-05,0.2356200791528644,6.353495434356988,0.1284129431383111,1491.0,0.0
purchase_maintenance_0.70_0.70,购置价×维护价,0.7,0.7,0.7,210.0,2.0999999999999996,8.399999999999999,A7,S29,状态触发,堵塞损失≥10触发，维护后储备阈值50，冷却35日,84.3255388290877,S29,84.3255388290877,0.0,0.0,0.30115887418938586,9.737972196913791,0.07528971854734647,1262.0,0.005
purchase_maintenance_0.70_0.70,购置价×维护价,0.7,0.7,0.7,210.0,2.0999999999999996,8.399999999999999,A8,S29,状态触发,堵塞损失≥10触发，维护后储备阈值50，冷却35日,155.3461557309624,S29,155.3461557309624,0.0,0.0,0.6392530234349021,9.678290774804417,0.0926916883980608,557.0,0.945
purchase_maintenance_0.70_0.70,购置价×维护价,0.7,0.7,0.7,210.0,2.0999999999999996,8.399999999999999,A9,S32,状态触发,堵塞损失≥20触发，维护后储备阈值50，冷却21日,40.16055281985271,S33,40.27924625967716,0.11869343982444747,0.002955473256478016,0.10933664611147696,5.846230467580674,0.5860444231575166,3271.0,0.0
purchase_maintenance_0.70_0.70,购置价×维护价,0.7,0.7,0.7,210.0,2.0999999999999996,8.399999999999999,A10,S29,状态触发,堵塞损失≥10触发，维护后储备阈值50，冷却35日,267.6774359926387,S29,267.6774359926387,0.0,0.0,1.1792528976850805,9.540155942272301,0.0,308.0,1.0
purchase_maintenance_0.70_0.80,购置价×维护价,0.7,0.8,0.8,210.0,2.4000000000000004,9.600000000000001,A1,S32,状态触发,堵塞损失≥20触发，维护后储备阈值50，冷却21日,58.323003962946856,S32,58.323003962946856,0.0,0.0,0.19978831463992977,6.783812223598816,0.00899047415879684,1785.0,0.0
purchase_maintenance_0.70_0.80,购置价×维护价,0.7,0.8,0.8,210.0,2.4000000000000004,9.600000000000001,A2,S29,状态触发,堵塞损失≥10触发，维护后储备阈值50，冷却35日,135.96867885974126,S29,135.96867885974126,0.0,0.0,0.5255925057200005,9.98100168362281,0.1708175643590002,681.0,0.66
purchase_maintenance_0.70_0.80,购置价×维护价,0.7,0.8,0.8,210.0,2.4000000000000004,9.600000000000001,A3,S32,状态触发,堵塞损失≥20触发，维护后储备阈值50，冷却21日,50.47643541172026,S32,50.47643541172026,0.0,0.0,0.17037424025450018,5.916245492837518,0.05196414327762255,2093.0,0.0
purchase_maintenance_0.70_0.80,购置价×维护价,0.7,0.8,0.8,210.0,2.4000000000000004,9.600000000000001,A4,S36,状态触发,堵塞损失≥30触发，维护后储备阈值50，冷却21日,49.436014348980954,S32,49.459709398874686,0.023695049893731834,0.000479307448340448,0.1818516757488779,4.4244512709701995,0.06546660326959604,2002.0,0.0
purchase_maintenance_0.70_0.80,购置价×维护价,0.7,0.8,0.8,210.0,2.4000000000000004,9.600000000000001,A5,S32,状态触发,堵塞损失≥20触发，维护后储备阈值50，冷却21日,144.3984837112811,S32,144.3984837112811,0.0,0.0,0.6160449995361742,6.262097420285212,0.0,576.0,0.92
purchase_maintenance_0.70_0.80,购置价×维护价,0.7,0.8,0.8,210.0,2.4000000000000004,9.600000000000001,A6,S33,状态触发,堵塞损失≥20触发，维护后储备阈值50，冷却35日,65.96136991868609,S32,65.96510988833771,0.003739969651618935,5.6699393239245705e-05,0.2356200791528644,6.353495434356988,0.1284129431383111,1491.0,0.0
purchase_maintenance_0.70_0.80,购置价×维护价,0.7,0.8,0.8,210.0,2.4000000000000004,9.600000000000001,A7,S29,状态触发,堵塞损失≥10触发，维护后储备阈值50，冷却35日,87.33727815041865,S29,87.33727815041865,0.0,0.0,0.30115887418938586,9.737972196913791,0.07528971854734647,1262.0,0.005
purchase_maintenance_0.70_0.80,购置价×维护价,0.7,0.8,0.8,210.0,2.4000000000000004,9.600000000000001,A8,S29,状态触发,堵塞损失≥10触发，维护后储备阈值50，冷却35日,158.36087298948144,S29,158.36087298948144,0.0,0.0,0.6392530234349021,9.678290774804417,0.0926916883980608,557.0,0.945
purchase_maintenance_0.70_0.80,购置价×维护价,0.7,0.8,0.8,210.0,2.4000000000000004,9.600000000000001,A9,S32,状态触发,堵塞损失≥20触发，维护后储备阈值50，冷却21日,42.61767526791594,S33,42.71651281585579,0.09883754793985133,0.002319167981794156,0.10933664611147696,5.846230467580674,0.5860444231575166,3271.0,0.0
purchase_maintenance_0.70_0.80,购置价×维护价,0.7,0.8,0.8,210.0,2.4000000000000004,9.600000000000001,A10,S29,状态触发,堵塞损失≥10触发，维护后储备阈值50，冷却35日,270.53948277532044,S29,270.53948277532044,0.0,0.0,1.1792528976850805,9.540155942272301,0.0,308.0,1.0
purchase_maintenance_0.70_0.90,购置价×维护价,0.7,0.9,0.9,210.0,2.7,10.8,A1,S32,状态触发,堵塞损失≥20触发，维护后储备阈值50，冷却21日,60.36893619901707,S32,60.36893619901707,0.0,0.0,0.19978831463992977,6.783812223598816,0.00899047415879684,1785.0,0.0
purchase_maintenance_0.70_0.90,购置价×维护价,0.7,0.9,0.9,210.0,2.7,10.8,A2,S29,状态触发,堵塞损失≥10触发，维护后储备阈值50，冷却35日,139.1679604420589,S29,139.1679604420589,0.0,0.0,0.5255925057200005,9.98100168362281,0.1708175643590002,681.0,0.66
purchase_maintenance_0.70_0.90,购置价×维护价,0.7,0.9,0.9,210.0,2.7,10.8,A3,S32,状态触发,堵塞损失≥20触发，维护后储备阈值50，冷却21日,52.31366603150466,S32,52.31366603150466,0.0,0.0,0.17037424025450018,5.916245492837518,0.05196414327762255,2093.0,0.0
purchase_maintenance_0.70_0.90,购置价×维护价,0.7,0.9,0.9,210.0,2.7,10.8,A4,S36,状态触发,堵塞损失≥30触发，维护后储备阈值50，冷却21日,50.84190965419554,S32,51.163425120344186,0.32151546614864657,0.006323827494589687,0.1818516757488779,4.4244512709701995,0.06546660326959604,2002.0,0.0
purchase_maintenance_0.70_0.90,购置价×维护价,0.7,0.9,0.9,210.0,2.7,10.8,A5,S32,状态触发,堵塞损失≥20触发，维护后储备阈值50，冷却21日,146.27711293736667,S32,146.27711293736667,0.0,0.0,0.6160449995361742,6.262097420285212,0.0,576.0,0.92
purchase_maintenance_0.70_0.90,购置价×维护价,0.7,0.9,0.9,210.0,2.7,10.8,A6,S33,状态触发,堵塞损失≥20触发，维护后储备阈值50，冷却35日,68.02151408075915,S32,68.02590108759458,0.0043870068354294744,6.44944014363009e-05,0.2356200791528644,6.353495434356988,0.1284129431383111,1491.0,0.0
purchase_maintenance_0.70_0.90,购置价×维护价,0.7,0.9,0.9,210.0,2.7,10.8,A7,S29,状态触发,堵塞损失≥10触发，维护后储备阈值50，冷却35日,90.3490174717496,S29,90.3490174717496,0.0,0.0,0.30115887418938586,9.737972196913791,0.07528971854734647,1262.0,0.005
purchase_maintenance_0.70_0.90,购置价×维护价,0.7,0.9,0.9,210.0,2.7,10.8,A8,S29,状态触发,堵塞损失≥10触发，维护后储备阈值50，冷却35日,161.37559024800044,S29,161.37559024800044,0.0,0.0,0.6392530234349021,9.678290774804417,0.0926916883980608,557.0,0.945
purchase_maintenance_0.70_0.90,购置价×维护价,0.7,0.9,0.9,210.0,2.7,10.8,A9,S32,状态触发,堵塞损失≥20触发，维护后储备阈值50，冷却21日,45.07479771597916,S33,45.153779372034414,0.0789816560552552,0.0017522353966606034,0.10933664611147696,5.846230467580674,0.5860444231575166,3271.0,0.0
purchase_maintenance_0.70_0.90,购置价×维护价,0.7,0.9,0.9,210.0,2.7,10.8,A10,S29,状态触发,堵塞损失≥10触发，维护后储备阈值50，冷却35日,273.4015295580021,S29,273.4015295580021,0.0,0.0,1.1792528976850805,9.540155942272301,0.0,308.0,1.0
purchase_maintenance_0.70_1.00,购置价×维护价,0.7,1.0,1.0,210.0,3.0,12.0,A1,S32,状态触发,堵塞损失≥20触发，维护后储备阈值50，冷却21日,62.414868435087264,S32,62.414868435087264,0.0,0.0,0.19978831463992977,6.783812223598816,0.00899047415879684,1785.0,0.0
purchase_maintenance_0.70_1.00,购置价×维护价,0.7,1.0,1.0,210.0,3.0,12.0,A2,S29,状态触发,堵塞损失≥10触发，维护后储备阈值50，冷却35日,142.36724202437654,S29,142.36724202437654,0.0,0.0,0.5255925057200005,9.98100168362281,0.1708175643590002,681.0,0.66
purchase_maintenance_0.70_1.00,购置价×维护价,0.7,1.0,1.0,210.0,3.0,12.0,A3,S32,状态触发,堵塞损失≥20触发，维护后储备阈值50，冷却21日,54.15089665128907,S32,54.15089665128907,0.0,0.0,0.17037424025450018,5.916245492837518,0.05196414327762255,2093.0,0.0
purchase_maintenance_0.70_1.00,购置价×维护价,0.7,1.0,1.0,210.0,3.0,12.0,A4,S36,状态触发,堵塞损失≥30触发，维护后储备阈值50，冷却21日,52.24780495941011,S32,52.86714084181367,0.6193358824035613,0.011853816306440173,0.1818516757488779,4.4244512709701995,0.06546660326959604,2002.0,0.0
purchase_maintenance_0.70_1.00,购置价×维护价,0.7,1.0,1.0,210.0,3.0,12.0,A5,S32,状态触发,堵塞损失≥20触发，维护后储备阈值50，冷却21日,148.15574216345223,S32,148.15574216345223,0.0,0.0,0.6160449995361742,6.262097420285212,0.0,576.0,0.92
purchase_maintenance_0.70_1.00,购置价×维护价,0.7,1.0,1.0,210.0,3.0,12.0,A6,S33,状态触发,堵塞损失≥20触发，维护后储备阈值50，冷却35日,70.08165824283223,S32,70.08669228685145,0.005034044019211592,7.183112023075539e-05,0.2356200791528644,6.353495434356988,0.1284129431383111,1491.0,0.0
purchase_maintenance_0.70_1.00,购置价×维护价,0.7,1.0,1.0,210.0,3.0,12.0,A7,S29,状态触发,堵塞损失≥10触发，维护后储备阈值50，冷却35日,93.36075679308057,S29,93.36075679308057,0.0,0.0,0.30115887418938586,9.737972196913791,0.07528971854734647,1262.0,0.005
purchase_maintenance_0.70_1.00,购置价×维护价,0.7,1.0,1.0,210.0,3.0,12.0,A8,S29,状态触发,堵塞损失≥10触发，维护后储备阈值50，冷却35日,164.3903075065194,S29,164.3903075065194,0.0,0.0,0.6392530234349021,9.678290774804417,0.0926916883980608,557.0,0.945
purchase_maintenance_0.70_1.00,购置价×维护价,0.7,1.0,1.0,210.0,3.0,12.0,A9,S32,状态触发,堵塞损失≥20触发，维护后储备阈值50，冷却21日,47.53192016404238,S33,47.59104592821304,0.05912576417065907,0.0012439170133797237,0.10933664611147696,5.846230467580674,0.5860444231575166,3271.0,0.0
purchase_maintenance_0.70_1.00,购置价×维护价,0.7,1.0,1.0,210.0,3.0,12.0,A10,S29,状态触发,堵塞损失≥10触发，维护后储备阈值50，冷却35日,276.2635763406838,S29,276.2635763406838,0.0,0.0,1.1792528976850805,9.540155942272301,0.0,308.0,1.0
purchase_maintenance_0.70_1.10,购置价×维护价,0.7,1.1,1.1,210.0,3.3000000000000003,13.200000000000001,A1,S32,状态触发,堵塞损失≥20触发，维护后储备阈值50，冷却21日,64.46080067115747,S32,64.46080067115747,0.0,0.0,0.19978831463992977,6.783812223598816,0.00899047415879684,1785.0,0.0
purchase_maintenance_0.70_1.10,购置价×维护价,0.7,1.1,1.1,210.0,3.3000000000000003,13.200000000000001,A2,S29,状态触发,堵塞损失≥10触发，维护后储备阈值50，冷却35日,145.56652360669418,S29,145.56652360669418,0.0,0.0,0.5255925057200005,9.98100168362281,0.1708175643590002,681.0,0.66
purchase_maintenance_0.70_1.10,购置价×维护价,0.7,1.1,1.1,210.0,3.3000000000000003,13.200000000000001,A3,S32,状态触发,堵塞损失≥20触发，维护后储备阈值50，冷却21日,55.98812727107347,S32,55.98812727107347,0.0,0.0,0.17037424025450018,5.916245492837518,0.05196414327762255,2093.0,0.0
purchase_maintenance_0.70_1.10,购置价×维护价,0.7,1.1,1.1,210.0,3.3000000000000003,13.200000000000001,A4,S36,状态触发,堵塞损失≥30触发，维护后储备阈值50，冷却21日,53.65370026462468,S32,54.57085656328318,0.9171562986584973,0.017093998999789452,0.1818516757488779,4.4244512709701995,0.06546660326959604,2002.0,0.0
purchase_maintenance_0.70_1.10,购置价×维护价,0.7,1.1,1.1,210.0,3.3000000000000003,13.200000000000001,A5,S32,状态触发,堵塞损失≥20触发，维护后储备阈值50，冷却21日,150.0343713895378,S32,150.0343713895378,0.0,0.0,0.6160449995361742,6.262097420285212,0.0,576.0,0.92
purchase_maintenance_0.70_1.10,购置价×维护价,0.7,1.1,1.1,210.0,3.3000000000000003,13.200000000000001,A6,S33,状态触发,堵塞损失≥20触发，维护后储备阈值50，冷却35日,72.14180240490529,S32,72.14748348610833,0.005681081203036342,7.874881155797206e-05,0.2356200791528644,6.353495434356988,0.1284129431383111,1491.0,0.0
purchase_maintenance_0.70_1.10,购置价×维护价,0.7,1.1,1.1,210.0,3.3000000000000003,13.200000000000001,A7,S29,状态触发,堵塞损失≥10触发，维护后储备阈值50，冷却35日,96.37249611441152,S29,96.37249611441152,0.0,0.0,0.30115887418938586,9.737972196913791,0.07528971854734647,1262.0,0.005
purchase_maintenance_0.70_1.10,购置价×维护价,0.7,1.1,1.1,210.0,3.3000000000000003,13.200000000000001,A8,S29,状态触发,堵塞损失≥10触发，维护后储备阈值50，冷却35日,167.40502476503843,S29,167.40502476503843,0.0,0.0,0.6392530234349021,9.678290774804417,0.0926916883980608,557.0,0.945
purchase_maintenance_0.70_1.10,购置价×维护价,0.7,1.1,1.1,210.0,3.3000000000000003,13.200000000000001,A9,S32,状态触发,堵塞损失≥20触发，维护后储备阈值50，冷却21日,49.98904261210561,S33,50.02831248439167,0.039269872286062935,0.0007855696015381006,0.10933664611147696,5.846230467580674,0.5860444231575166,3271.0,0.0
purchase_maintenance_0.70_1.10,购置价×维护价,0.7,1.1,1.1,210.0,3.3000000000000003,13.200000000000001,A10,S29,状态触发,堵塞损失≥10触发，维护后储备阈值50，冷却35日,279.12562312336553,S29,279.12562312336553,0.0,0.0,1.1792528976850805,9.540155942272301,0.0,308.0,1.0
purchase_maintenance_0.70_1.20,购置价×维护价,0.7,1.2,1.2,210.0,3.5999999999999996,14.399999999999999,A1,S36,状态触发,堵塞损失≥30触发，维护后储备阈值50，冷却21日,66.3400430028958,S32,66.50673290722766,0.16668990433186082,0.0025126589731722763,0.2187577673231895,5.6319187197355145,0.00875031069292758,1637.0,0.0
purchase_maintenance_0.70_1.20,购置价×维护价,0.7,1.2,1.2,210.0,3.5999999999999996,14.399999999999999,A2,S29,状态触发,堵塞损失≥10触发，维护后储备阈值50，冷却35日,148.76580518901184,S29,148.76580518901184,0.0,0.0,0.5255925057200005,9.98100168362281,0.1708175643590002,681.0,0.66
purchase_maintenance_0.70_1.20,购置价×维护价,0.7,1.2,1.2,210.0,3.5999999999999996,14.399999999999999,A3,S32,状态触发,堵塞损失≥20触发，维护后储备阈值50，冷却21日,57.82535789085787,S32,57.82535789085787,0.0,0.0,0.17037424025450018,5.916245492837518,0.05196414327762255,2093.0,0.0
purchase_maintenance_0.70_1.20,购置价×维护价,0.7,1.2,1.2,210.0,3.5999999999999996,14.399999999999999,A4,S36,状态触发,堵塞损失≥30触发，维护后储备阈值50，冷却21日,55.05959556983926,S32,56.274572284752665,1.214976714913405,0.022066575359644472,0.1818516757488779,4.4244512709701995,0.06546660326959604,2002.0,0.0
purchase_maintenance_0.70_1.20,购置价×维护价,0.7,1.2,1.2,210.0,3.5999999999999996,14.399999999999999,A5,S32,状态触发,堵塞损失≥20触发，维护后储备阈值50，冷却21日,151.91300061562333,S32,151.91300061562333,0.0,0.0,0.6160449995361742,6.262097420285212,0.0,576.0,0.92
purchase_maintenance_0.70_1.20,购置价×维护价,0.7,1.2,1.2,210.0,3.5999999999999996,14.399999999999999,A6,S33,状态触发,堵塞损失≥20触发，维护后储备阈值50，冷却35日,74.20194656697835,S32,74.20827468536521,0.006328118386861092,8.528237707549922e-05,0.2356200791528644,6.353495434356988,0.1284129431383111,1491.0,0.0
purchase_maintenance_0.70_1.20,购置价×维护价,0.7,1.2,1.2,210.0,3.5999999999999996,14.399999999999999,A7,S29,状态触发,堵塞损失≥10触发，维护后储备阈值50，冷却35日,99.38423543574245,S29,99.38423543574245,0.0,0.0,0.30115887418938586,9.737972196913791,0.07528971854734647,1262.0,0.005
purchase_maintenance_0.70_1.20,购置价×维护价,0.7,1.2,1.2,210.0,3.5999999999999996,14.399999999999999,A8,S29,状态触发,堵塞损失≥10触发，维护后储备阈值50，冷却35日,170.41974202355743,S29,170.41974202355743,0.0,0.0,0.6392530234349021,9.678290774804417,0.0926916883980608,557.0,0.945
purchase_maintenance_0.70_1.20,购置价×维护价,0.7,1.2,1.2,210.0,3.5999999999999996,14.399999999999999,A9,S32,状态触发,堵塞损失≥20触发，维护后储备阈值50，冷却21日,52.44616506016882,S33,52.4655790405703,0.019413980401473907,0.0003701696850322847,0.10933664611147696,5.846230467580674,0.5860444231575166,3271.0,0.0
purchase_maintenance_0.70_1.20,购置价×维护价,0.7,1.2,1.2,210.0,3.5999999999999996,14.399999999999999,A10,S29,状态触发,堵塞损失≥10触发，维护后储备阈值50，冷却35日,281.9876699060472,S29,281.9876699060472,0.0,0.0,1.1792528976850805,9.540155942272301,0.0,308.0,1.0
purchase_maintenance_0.70_1.30,购置价×维护价,0.7,1.3,1.3,210.0,3.9000000000000004,15.600000000000001,A1,S36,状态触发,堵塞损失≥30触发，维护后储备阈值50，冷却21日,68.04011899164797,S32,68.55266514329787,0.5125461516499001,0.007532999048881968,0.2187577673231895,5.6319187197355145,0.00875031069292758,1637.0,0.0
purchase_maintenance_0.70_1.30,购置价×维护价,0.7,1.3,1.3,210.0,3.9000000000000004,15.600000000000001,A2,S29,状态触发,堵塞损失≥10触发，维护后储备阈值50，冷却35日,151.96508677132948,S29,151.96508677132948,0.0,0.0,0.5255925057200005,9.98100168362281,0.1708175643590002,681.0,0.66
purchase_maintenance_0.70_1.30,购置价×维护价,0.7,1.3,1.3,210.0,3.9000000000000004,15.600000000000001,A3,S32,状态触发,堵塞损失≥20触发，维护后储备阈值50，冷却21日,59.66258851064227,S32,59.66258851064227,0.0,0.0,0.17037424025450018,5.916245492837518,0.05196414327762255,2093.0,0.0
purchase_maintenance_0.70_1.30,购置价×维护价,0.7,1.3,1.3,210.0,3.9000000000000004,15.600000000000001,A4,S36,状态触发,堵塞损失≥30触发，维护后储备阈值50，冷却21日,56.46549087505384,S32,57.978288006222165,1.5127971311683268,0.02679153422248336,0.1818516757488779,4.4244512709701995,0.06546660326959604,2002.0,0.0
purchase_maintenance_0.70_1.30,购置价×维护价,0.7,1.3,1.3,210.0,3.9000000000000004,15.600000000000001,A5,S32,状态触发,堵塞损失≥20触发，维护后储备阈值50，冷却21日,153.79162984170893,S32,153.79162984170893,0.0,0.0,0.6160449995361742,6.262097420285212,0.0,576.0,0.92
purchase_maintenance_0.70_1.30,购置价×维护价,0.7,1.3,1.3,210.0,3.9000000000000004,15.600000000000001,A6,S33,状态触发,堵塞损失≥20触发，维护后储备阈值50，冷却35日,76.26209072905142,S32,76.26906588462208,0.006975155570657421,9.146294710748459e-05,0.2356200791528644,6.353495434356988,0.1284129431383111,1491.0,0.0
purchase_maintenance_0.70_1.30,购置价×维护价,0.7,1.3,1.3,210.0,3.9000000000000004,15.600000000000001,A7,S29,状态触发,堵塞损失≥10触发，维护后储备阈值50，冷却35日,102.39597475707342,S29,102.39597475707342,0.0,0.0,0.30115887418938586,9.737972196913791,0.07528971854734647,1262.0,0.005
purchase_maintenance_0.70_1.30,购置价×维护价,0.7,1.3,1.3,210.0,3.9000000000000004,15.600000000000001,A8,S29,状态触发,堵塞损失≥10触发，维护后储备阈值50，冷却35日,173.4344592820764,S29,173.4344592820764,0.0,0.0,0.6392530234349021,9.678290774804417,0.0926916883980608,557.0,0.945
purchase_maintenance_0.70_1.30,购置价×维护价,0.7,1.3,1.3,210.0,3.9000000000000004,15.600000000000001,A9,S33,状态触发,堵塞损失≥20触发，维护后储备阈值50，冷却35日,54.902845596748925,S33,54.902845596748925,0.0,0.0,0.11056371603060368,5.7692147024769,0.5887517878629646,3267.0,0.005
purchase_maintenance_0.70_1.30,购置价×维护价,0.7,1.3,1.3,210.0,3.9000000000000004,15.600000000000001,A10,S29,状态触发,堵塞损失≥10触发，维护后储备阈值50，冷却35日,284.8497166887289,S29,284.8497166887289,0.0,0.0,1.1792528976850805,9.540155942272301,0.0,308.0,1.0
purchase_maintenance_0.70_1.40,购置价×维护价,0.7,1.4,1.4,210.0,4.199999999999999,16.799999999999997,A1,S36,状态触发,堵塞损失≥30触发，维护后储备阈值50，冷却21日,69.74019498040013,S32,70.59859737936806,0.8584023989679253,0.012308574692244145,0.2187577673231895,5.6319187197355145,0.00875031069292758,1637.0,0.0
purchase_maintenance_0.70_1.40,购置价×维护价,0.7,1.4,1.4,210.0,4.199999999999999,16.799999999999997,A2,S29,状态触发,堵塞损失≥10触发，维护后储备阈值50，冷却35日,155.16436835364712,S29,155.16436835364712,0.0,0.0,0.5255925057200005,9.98100168362281,0.1708175643590002,681.0,0.66
purchase_maintenance_0.70_1.40,购置价×维护价,0.7,1.4,1.4,210.0,4.199999999999999,16.799999999999997,A3,S32,状态触发,堵塞损失≥20触发，维护后储备阈值50，冷却21日,61.49981913042667,S32,61.49981913042667,0.0,0.0,0.17037424025450018,5.916245492837518,0.05196414327762255,2093.0,0.0
purchase_maintenance_0.70_1.40,购置价×维护价,0.7,1.4,1.4,210.0,4.199999999999999,16.799999999999997,A4,S36,状态触发,堵塞损失≥30触发，维护后储备阈值50，冷却21日,57.8713861802684,S32,59.68200372769165,1.8106175474232487,0.031286922034029135,0.1818516757488779,4.4244512709701995,0.06546660326959604,2002.0,0.0
purchase_maintenance_0.70_1.40,购置价×维护价,0.7,1.4,1.4,210.0,4.199999999999999,16.799999999999997,A5,S32,状态触发,堵塞损失≥20触发，维护后储备阈值50，冷却21日,155.67025906779446,S32,155.67025906779446,0.0,0.0,0.6160449995361742,6.262097420285212,0.0,576.0,0.92
purchase_maintenance_0.70_1.40,购置价×维护价,0.7,1.4,1.4,210.0,4.199999999999999,16.799999999999997,A6,S33,状态触发,堵塞损失≥20触发，维护后储备阈值50，冷却35日,78.3222348911245,S32,78.32985708387893,0.0076221927544395385,9.731837664023665e-05,0.2356200791528644,6.353495434356988,0.1284129431383111,1491.0,0.0
purchase_maintenance_0.70_1.40,购置价×维护价,0.7,1.4,1.4,210.0,4.199999999999999,16.799999999999997,A7,S29,状态触发,堵塞损失≥10触发，维护后储备阈值50，冷却35日,105.40771407840437,S29,105.40771407840437,0.0,0.0,0.30115887418938586,9.737972196913791,0.07528971854734647,1262.0,0.005
purchase_maintenance_0.70_1.40,购置价×维护价,0.7,1.4,1.4,210.0,4.199999999999999,16.799999999999997,A8,S29,状态触发,堵塞损失≥10触发，维护后储备阈值50，冷却35日,176.4491765405954,S29,176.4491765405954,0.0,0.0,0.6392530234349021,9.678290774804417,0.0926916883980608,557.0,0.945
purchase_maintenance_0.70_1.40,购置价×维护价,0.7,1.4,1.4,210.0,4.199999999999999,16.799999999999997,A9,S33,状态触发,堵塞损失≥20触发，维护后储备阈值50，冷却35日,57.340112152927546,S33,57.340112152927546,0.0,0.0,0.11056371603060368,5.7692147024769,0.5887517878629646,3267.0,0.005
purchase_maintenance_0.70_1.40,购置价×维护价,0.7,1.4,1.4,210.0,4.199999999999999,16.799999999999997,A10,S29,状态触发,堵塞损失≥10触发，维护后储备阈值50，冷却35日,287.71176347141056,S29,287.71176347141056,0.0,0.0,1.1792528976850805,9.540155942272301,0.0,308.0,1.0
purchase_maintenance_0.70_1.50,购置价×维护价,0.7,1.5,1.5,210.0,4.5,18.0,A1,S36,状态触发,堵塞损失≥30触发，维护后储备阈值50，冷却21日,71.44027096915231,S32,72.64452961543827,1.2042586462859646,0.016856860002756147,0.2187577673231895,5.6319187197355145,0.00875031069292758,1637.0,0.0
purchase_maintenance_0.70_1.50,购置价×维护价,0.7,1.5,1.5,210.0,4.5,18.0,A2,S29,状态触发,堵塞损失≥10触发，维护后储备阈值50，冷却35日,158.36364993596476,S29,158.36364993596476,0.0,0.0,0.5255925057200005,9.98100168362281,0.1708175643590002,681.0,0.66
purchase_maintenance_0.70_1.50,购置价×维护价,0.7,1.5,1.5,210.0,4.5,18.0,A3,S32,状态触发,堵塞损失≥20触发，维护后储备阈值50，冷却21日,63.33704975021108,S32,63.33704975021108,0.0,0.0,0.17037424025450018,5.916245492837518,0.05196414327762255,2093.0,0.0
purchase_maintenance_0.70_1.50,购置价×维护价,0.7,1.5,1.5,210.0,4.5,18.0,A4,S36,状态触发,堵塞损失≥30触发，维护后储备阈值50，冷却21日,59.27728148548299,S32,61.38571944916115,2.1084379636781634,0.0355690731902832,0.1818516757488779,4.4244512709701995,0.06546660326959604,2002.0,0.0
purchase_maintenance_0.70_1.50,购置价×维护价,0.7,1.5,1.5,210.0,4.5,18.0,A5,S32,状态触发,堵塞损失≥20触发，维护后储备阈值50，冷却21日,157.54888829388005,S32,157.54888829388005,0.0,0.0,0.6160449995361742,6.262097420285212,0.0,576.0,0.92
purchase_maintenance_0.70_1.50,购置价×维护价,0.7,1.5,1.5,210.0,4.5,18.0,A6,S33,状态触发,堵塞损失≥20触发，维护后储备阈值50，冷却35日,80.38237905319757,S32,80.39064828313583,0.008269229938264289,0.00010287366504531621,0.2356200791528644,6.353495434356988,0.1284129431383111,1491.0,0.0
purchase_maintenance_0.70_1.50,购置价×维护价,0.7,1.5,1.5,210.0,4.5,18.0,A7,S29,状态触发,堵塞损失≥10触发，维护后储备阈值50，冷却35日,108.41945339973532,S29,108.41945339973532,0.0,0.0,0.30115887418938586,9.737972196913791,0.07528971854734647,1262.0,0.005
purchase_maintenance_0.70_1.50,购置价×维护价,0.7,1.5,1.5,210.0,4.5,18.0,A8,S29,状态触发,堵塞损失≥10触发，维护后储备阈值50，冷却35日,179.46389379911443,S29,179.46389379911443,0.0,0.0,0.6392530234349021,9.678290774804417,0.0926916883980608,557.0,0.945
purchase_maintenance_0.70_1.50,购置价×维护价,0.7,1.5,1.5,210.0,4.5,18.0,A9,S33,状态触发,堵塞损失≥20触发，维护后储备阈值50，冷却35日,59.77737870910618,S33,59.77737870910618,0.0,0.0,0.11056371603060368,5.7692147024769,0.5887517878629646,3267.0,0.005
purchase_maintenance_0.70_1.50,购置价×维护价,0.7,1.5,1.5,210.0,4.5,18.0,A10,S29,状态触发,堵塞损失≥10触发，维护后储备阈值50，冷却35日,290.5738102540923,S29,290.5738102540923,0.0,0.0,1.1792528976850805,9.540155942272301,0.0,308.0,1.0
purchase_maintenance_0.80_0.50,购置价×维护价,0.8,0.5,0.5,240.0,1.5,6.0,A1,S32,状态触发,堵塞损失≥20触发，维护后储备阈值50，冷却21日,58.178856693934144,S32,58.178856693934144,0.0,0.0,0.19978831463992977,6.783812223598816,0.00899047415879684,1785.0,0.0
purchase_maintenance_0.80_0.50,购置价×维护价,0.8,0.5,0.5,240.0,1.5,6.0,A2,S29,状态触发,堵塞损失≥10触发，维护后储备阈值50，冷却35日,142.1386092843883,S29,142.1386092843883,0.0,0.0,0.5255925057200005,9.98100168362281,0.1708175643590002,681.0,0.66
purchase_maintenance_0.80_0.50,购置价×维护价,0.8,0.5,0.5,240.0,1.5,6.0,A3,S32,状态触发,堵塞损失≥20触发，维护后储备阈值50，冷却21日,50.07597076000206,S32,50.07597076000206,0.0,0.0,0.17037424025450018,5.916245492837518,0.05196414327762255,2093.0,0.0
purchase_maintenance_0.80_0.50,购置价×维护价,0.8,0.5,0.5,240.0,1.5,6.0,A4,S32,状态触发,堵塞损失≥20触发，维护后储备阈值50，冷却21日,49.46713132405459,S32,49.46713132405459,0.0,0.0,0.1706189696529463,5.484546779493959,0.048626406351089696,2060.0,0.0
purchase_maintenance_0.80_0.50,购置价×维护价,0.8,0.5,0.5,240.0,1.5,6.0,A5,S29,状态触发,堵塞损失≥10触发，维护后储备阈值50，冷却35日,155.3211924716422,S32,157.24394601910964,1.9227535474674369,0.012379209281556888,0.5864219829973749,9.71994436818149,0.0,604.0,0.87
purchase_maintenance_0.80_0.50,购置价×维护价,0.8,0.5,0.5,240.0,1.5,6.0,A6,S33,状态触发,堵塞损失≥20触发，维护后储备阈值50，冷却35日,66.8495398070528,S32,66.85113347546461,0.0015936684118003086,2.383963175214218e-05,0.2356200791528644,6.353495434356988,0.1284129431383111,1491.0,0.0
purchase_maintenance_0.80_0.50,购置价×维护价,0.8,0.5,0.5,240.0,1.5,6.0,A7,S29,状态触发,堵塞损失≥10触发，维护后储备阈值50，冷却35日,87.33682641210737,S29,87.33682641210737,0.0,0.0,0.30115887418938586,9.737972196913791,0.07528971854734647,1262.0,0.005
purchase_maintenance_0.80_0.50,购置价×维护价,0.8,0.5,0.5,240.0,1.5,6.0,A8,S29,状态触发,堵塞损失≥10触发，维护后储备阈值50，冷却35日,168.4943119169715,S29,168.4943119169715,0.0,0.0,0.6392530234349021,9.678290774804417,0.0926916883980608,557.0,0.945
purchase_maintenance_0.80_0.50,购置价×维护价,0.8,0.5,0.5,240.0,1.5,6.0,A9,S32,状态触发,堵塞损失≥20触发，维护后储备阈值50，冷却21日,38.52640730707058,S33,38.72162462823802,0.19521732116744062,0.005067104223123687,0.10933664611147696,5.846230467580674,0.5860444231575166,3271.0,0.0
purchase_maintenance_0.80_0.50,购置价×维护价,0.8,0.5,0.5,240.0,1.5,6.0,A10,S29,状态触发,堵塞损失≥10触发，维护后储备阈值50，冷却35日,297.33092935782776,S29,297.33092935782776,0.0,0.0,1.1792528976850805,9.540155942272301,0.0,308.0,1.0
purchase_maintenance_0.80_0.60,购置价×维护价,0.8,0.6,0.6,240.0,1.7999999999999998,7.199999999999999,A1,S32,状态触发,堵塞损失≥20触发，维护后储备阈值50，冷却21日,60.224788930004344,S32,60.224788930004344,0.0,0.0,0.19978831463992977,6.783812223598816,0.00899047415879684,1785.0,0.0
purchase_maintenance_0.80_0.60,购置价×维护价,0.8,0.6,0.6,240.0,1.7999999999999998,7.199999999999999,A2,S29,状态触发,堵塞损失≥10触发，维护后储备阈值50，冷却35日,145.33789086670595,S29,145.33789086670595,0.0,0.0,0.5255925057200005,9.98100168362281,0.1708175643590002,681.0,0.66
purchase_maintenance_0.80_0.60,购置价×维护价,0.8,0.6,0.6,240.0,1.7999999999999998,7.199999999999999,A3,S32,状态触发,堵塞损失≥20触发，维护后储备阈值50，冷却21日,51.913201379786464,S32,51.913201379786464,0.0,0.0,0.17037424025450018,5.916245492837518,0.05196414327762255,2093.0,0.0
purchase_maintenance_0.80_0.60,购置价×维护价,0.8,0.6,0.6,240.0,1.7999999999999998,7.199999999999999,A4,S32,状态触发,堵塞损失≥20触发，维护后储备阈值50，冷却21日,51.170847045524084,S32,51.170847045524084,0.0,0.0,0.1706189696529463,5.484546779493959,0.048626406351089696,2060.0,0.0
purchase_maintenance_0.80_0.60,购置价×维护价,0.8,0.6,0.6,240.0,1.7999999999999998,7.199999999999999,A5,S29,状态触发,堵塞损失≥10触发，维护后储备阈值50，冷却35日,158.23717578209664,S32,159.1225752451952,0.8853994630985653,0.005595394752986622,0.5864219829973749,9.71994436818149,0.0,604.0,0.87
purchase_maintenance_0.80_0.60,购置价×维护价,0.8,0.6,0.6,240.0,1.7999999999999998,7.199999999999999,A6,S33,状态触发,堵塞损失≥20触发，维护后储备阈值50，冷却35日,68.90968396912588,S32,68.91192467472148,0.002240705595596637,3.2516555969122674e-05,0.2356200791528644,6.353495434356988,0.1284129431383111,1491.0,0.0
purchase_maintenance_0.80_0.60,购置价×维护价,0.8,0.6,0.6,240.0,1.7999999999999998,7.199999999999999,A7,S29,状态触发,堵塞损失≥10触发，维护后储备阈值50，冷却35日,90.34856573343832,S29,90.34856573343832,0.0,0.0,0.30115887418938586,9.737972196913791,0.07528971854734647,1262.0,0.005
purchase_maintenance_0.80_0.60,购置价×维护价,0.8,0.6,0.6,240.0,1.7999999999999998,7.199999999999999,A8,S29,状态触发,堵塞损失≥10触发，维护后储备阈值50，冷却35日,171.5090291754905,S29,171.5090291754905,0.0,0.0,0.6392530234349021,9.678290774804417,0.0926916883980608,557.0,0.945
purchase_maintenance_0.80_0.60,购置价×维护价,0.8,0.6,0.6,240.0,1.7999999999999998,7.199999999999999,A9,S32,状态触发,堵塞损失≥20触发，维护后储备阈值50，冷却21日,40.9835297551338,S33,41.158891184416646,0.17536142928284448,0.0042788268929148995,0.10933664611147696,5.846230467580674,0.5860444231575166,3271.0,0.0
purchase_maintenance_0.80_0.60,购置价×维护价,0.8,0.6,0.6,240.0,1.7999999999999998,7.199999999999999,A10,S29,状态触发,堵塞损失≥10触发，维护后储备阈值50，冷却35日,300.1929761405094,S29,300.1929761405094,0.0,0.0,1.1792528976850805,9.540155942272301,0.0,308.0,1.0
purchase_maintenance_0.80_0.70,购置价×维护价,0.8,0.7,0.7,240.0,2.0999999999999996,8.399999999999999,A1,S32,状态触发,堵塞损失≥20触发，维护后储备阈值50，冷却21日,62.270721166074544,S32,62.270721166074544,0.0,0.0,0.19978831463992977,6.783812223598816,0.00899047415879684,1785.0,0.0
purchase_maintenance_0.80_0.70,购置价×维护价,0.8,0.7,0.7,240.0,2.0999999999999996,8.399999999999999,A2,S29,状态触发,堵塞损失≥10触发，维护后储备阈值50，冷却35日,148.53717244902364,S29,148.53717244902364,0.0,0.0,0.5255925057200005,9.98100168362281,0.1708175643590002,681.0,0.66
purchase_maintenance_0.80_0.70,购置价×维护价,0.8,0.7,0.7,240.0,2.0999999999999996,8.399999999999999,A3,S32,状态触发,堵塞损失≥20触发，维护后储备阈值50，冷却21日,53.750431999570864,S32,53.750431999570864,0.0,0.0,0.17037424025450018,5.916245492837518,0.05196414327762255,2093.0,0.0
purchase_maintenance_0.80_0.70,购置价×维护价,0.8,0.7,0.7,240.0,2.0999999999999996,8.399999999999999,A4,S32,状态触发,堵塞损失≥20触发，维护后储备阈值50，冷却21日,52.874562766993584,S32,52.874562766993584,0.0,0.0,0.1706189696529463,5.484546779493959,0.048626406351089696,2060.0,0.0
purchase_maintenance_0.80_0.70,购置价×维护价,0.8,0.7,0.7,240.0,2.0999999999999996,8.399999999999999,A5,S32,状态触发,堵塞损失≥20触发，维护后储备阈值50，冷却21日,161.00120447128077,S32,161.00120447128077,0.0,0.0,0.6160449995361742,6.262097420285212,0.0,576.0,0.92
purchase_maintenance_0.80_0.70,购置价×维护价,0.8,0.7,0.7,240.0,2.0999999999999996,8.399999999999999,A6,S33,状态触发,堵塞损失≥20触发，维护后储备阈值50，冷却35日,70.96982813119894,S32,70.97271587397836,0.0028877427794213872,4.0689724851565634e-05,0.2356200791528644,6.353495434356988,0.1284129431383111,1491.0,0.0
purchase_maintenance_0.80_0.70,购置价×维护价,0.8,0.7,0.7,240.0,2.0999999999999996,8.399999999999999,A7,S29,状态触发,堵塞损失≥10触发，维护后储备阈值50，冷却35日,93.36030505476928,S29,93.36030505476928,0.0,0.0,0.30115887418938586,9.737972196913791,0.07528971854734647,1262.0,0.005
purchase_maintenance_0.80_0.70,购置价×维护价,0.8,0.7,0.7,240.0,2.0999999999999996,8.399999999999999,A8,S29,状态触发,堵塞损失≥10触发，维护后储备阈值50，冷却35日,174.52374643400947,S29,174.52374643400947,0.0,0.0,0.6392530234349021,9.678290774804417,0.0926916883980608,557.0,0.945
purchase_maintenance_0.80_0.70,购置价×维护价,0.8,0.7,0.7,240.0,2.0999999999999996,8.399999999999999,A9,S32,状态触发,堵塞损失≥20触发，维护后储备阈值50，冷却21日,43.44065220319702,S33,43.596157740595274,0.15550553739825546,0.0035797238188521262,0.10933664611147696,5.846230467580674,0.5860444231575166,3271.0,0.0
purchase_maintenance_0.80_0.70,购置价×维护价,0.8,0.7,0.7,240.0,2.0999999999999996,8.399999999999999,A10,S29,状态触发,堵塞损失≥10触发，维护后储备阈值50，冷却35日,303.05502292319113,S29,303.05502292319113,0.0,0.0,1.1792528976850805,9.540155942272301,0.0,308.0,1.0
purchase_maintenance_0.80_0.80,购置价×维护价,0.8,0.8,0.8,240.0,2.4000000000000004,9.600000000000001,A1,S32,状态触发,堵塞损失≥20触发，维护后储备阈值50，冷却21日,64.31665340214475,S32,64.31665340214475,0.0,0.0,0.19978831463992977,6.783812223598816,0.00899047415879684,1785.0,0.0
purchase_maintenance_0.80_0.80,购置价×维护价,0.8,0.8,0.8,240.0,2.4000000000000004,9.600000000000001,A2,S29,状态触发,堵塞损失≥10触发，维护后储备阈值50，冷却35日,151.73645403134128,S29,151.73645403134128,0.0,0.0,0.5255925057200005,9.98100168362281,0.1708175643590002,681.0,0.66
purchase_maintenance_0.80_0.80,购置价×维护价,0.8,0.8,0.8,240.0,2.4000000000000004,9.600000000000001,A3,S32,状态触发,堵塞损失≥20触发，维护后储备阈值50，冷却21日,55.587662619355264,S32,55.587662619355264,0.0,0.0,0.17037424025450018,5.916245492837518,0.05196414327762255,2093.0,0.0
purchase_maintenance_0.80_0.80,购置价×维护价,0.8,0.8,0.8,240.0,2.4000000000000004,9.600000000000001,A4,S32,状态触发,堵塞损失≥20触发，维护后储备阈值50，冷却21日,54.57827848846308,S32,54.57827848846308,0.0,0.0,0.1706189696529463,5.484546779493959,0.048626406351089696,2060.0,0.0
purchase_maintenance_0.80_0.80,购置价×维护价,0.8,0.8,0.8,240.0,2.4000000000000004,9.600000000000001,A5,S32,状态触发,堵塞损失≥20触发，维护后储备阈值50，冷却21日,162.87983369736634,S32,162.87983369736634,0.0,0.0,0.6160449995361742,6.262097420285212,0.0,576.0,0.92
purchase_maintenance_0.80_0.80,购置价×维护价,0.8,0.8,0.8,240.0,2.4000000000000004,9.600000000000001,A6,S33,状态触发,堵塞损失≥20触发，维护后储备阈值50，冷却35日,73.02997229327202,S32,73.03350707323523,0.003534779963203505,4.8401770563579286e-05,0.2356200791528644,6.353495434356988,0.1284129431383111,1491.0,0.0
purchase_maintenance_0.80_0.80,购置价×维护价,0.8,0.8,0.8,240.0,2.4000000000000004,9.600000000000001,A7,S29,状态触发,堵塞损失≥10触发，维护后储备阈值50，冷却35日,96.37204437610023,S29,96.37204437610023,0.0,0.0,0.30115887418938586,9.737972196913791,0.07528971854734647,1262.0,0.005
purchase_maintenance_0.80_0.80,购置价×维护价,0.8,0.8,0.8,240.0,2.4000000000000004,9.600000000000001,A8,S29,状态触发,堵塞损失≥10触发，维护后储备阈值50，冷却35日,177.5384636925285,S29,177.5384636925285,0.0,0.0,0.6392530234349021,9.678290774804417,0.0926916883980608,557.0,0.945
purchase_maintenance_0.80_0.80,购置价×维护价,0.8,0.8,0.8,240.0,2.4000000000000004,9.600000000000001,A9,S32,状态触发,堵塞损失≥20触发，维护后储备阈值50，冷却21日,45.89777465126026,S33,46.0334242967739,0.1356496455136451,0.002955473256477816,0.10933664611147696,5.846230467580674,0.5860444231575166,3271.0,0.0
purchase_maintenance_0.80_0.80,购置价×维护价,0.8,0.8,0.8,240.0,2.4000000000000004,9.600000000000001,A10,S29,状态触发,堵塞损失≥10触发，维护后储备阈值50，冷却35日,305.9170697058728,S29,305.9170697058728,0.0,0.0,1.1792528976850805,9.540155942272301,0.0,308.0,1.0
purchase_maintenance_0.80_0.90,购置价×维护价,0.8,0.9,0.9,240.0,2.7,10.8,A1,S32,状态触发,堵塞损失≥20触发，维护后储备阈值50，冷却21日,66.36258563821495,S32,66.36258563821495,0.0,0.0,0.19978831463992977,6.783812223598816,0.00899047415879684,1785.0,0.0
purchase_maintenance_0.80_0.90,购置价×维护价,0.8,0.9,0.9,240.0,2.7,10.8,A2,S29,状态触发,堵塞损失≥10触发，维护后储备阈值50，冷却35日,154.93573561365892,S29,154.93573561365892,0.0,0.0,0.5255925057200005,9.98100168362281,0.1708175643590002,681.0,0.66
purchase_maintenance_0.80_0.90,购置价×维护价,0.8,0.9,0.9,240.0,2.7,10.8,A3,S32,状态触发,堵塞损失≥20触发，维护后储备阈值50，冷却21日,57.42489323913967,S32,57.42489323913967,0.0,0.0,0.17037424025450018,5.916245492837518,0.05196414327762255,2093.0,0.0
purchase_maintenance_0.80_0.90,购置价×维护价,0.8,0.9,0.9,240.0,2.7,10.8,A4,S32,状态触发,堵塞损失≥20触发，维护后储备阈值50，冷却21日,56.28199420993258,S32,56.28199420993258,0.0,0.0,0.1706189696529463,5.484546779493959,0.048626406351089696,2060.0,0.0
purchase_maintenance_0.80_0.90,购置价×维护价,0.8,0.9,0.9,240.0,2.7,10.8,A5,S32,状态触发,堵塞损失≥20触发，维护后储备阈值50，冷却21日,164.7584629234519,S32,164.7584629234519,0.0,0.0,0.6160449995361742,6.262097420285212,0.0,576.0,0.92
purchase_maintenance_0.80_0.90,购置价×维护价,0.8,0.9,0.9,240.0,2.7,10.8,A6,S33,状态触发,堵塞损失≥20触发，维护后储备阈值50，冷却35日,75.09011645534508,S32,75.0942982724921,0.004181817147014044,5.569064671115413e-05,0.2356200791528644,6.353495434356988,0.1284129431383111,1491.0,0.0
purchase_maintenance_0.80_0.90,购置价×维护价,0.8,0.9,0.9,240.0,2.7,10.8,A7,S29,状态触发,堵塞损失≥10触发，维护后储备阈值50，冷却35日,99.38378369743118,S29,99.38378369743118,0.0,0.0,0.30115887418938586,9.737972196913791,0.07528971854734647,1262.0,0.005
purchase_maintenance_0.80_0.90,购置价×维护价,0.8,0.9,0.9,240.0,2.7,10.8,A8,S29,状态触发,堵塞损失≥10触发，维护后储备阈值50，冷却35日,180.5531809510475,S29,180.5531809510475,0.0,0.0,0.6392530234349021,9.678290774804417,0.0926916883980608,557.0,0.945
purchase_maintenance_0.80_0.90,购置价×维护价,0.8,0.9,0.9,240.0,2.7,10.8,A9,S32,状态触发,堵塞损失≥20触发，维护后储备阈值50，冷却21日,48.35489709932347,S33,48.47069085295253,0.11579375362905608,0.0023946644616202922,0.10933664611147696,5.846230467580674,0.5860444231575166,3271.0,0.0
purchase_maintenance_0.80_0.90,购置价×维护价,0.8,0.9,0.9,240.0,2.7,10.8,A10,S29,状态触发,堵塞损失≥10触发，维护后储备阈值50，冷却35日,308.7791164885545,S29,308.7791164885545,0.0,0.0,1.1792528976850805,9.540155942272301,0.0,308.0,1.0
purchase_maintenance_0.80_1.00,购置价×维护价,0.8,1.0,1.0,240.0,3.0,12.0,A1,S32,状态触发,堵塞损失≥20触发，维护后储备阈值50，冷却21日,68.40851787428515,S32,68.40851787428515,0.0,0.0,0.19978831463992977,6.783812223598816,0.00899047415879684,1785.0,0.0
purchase_maintenance_0.80_1.00,购置价×维护价,0.8,1.0,1.0,240.0,3.0,12.0,A2,S29,状态触发,堵塞损失≥10触发，维护后储备阈值50，冷却35日,158.13501719597656,S29,158.13501719597656,0.0,0.0,0.5255925057200005,9.98100168362281,0.1708175643590002,681.0,0.66
purchase_maintenance_0.80_1.00,购置价×维护价,0.8,1.0,1.0,240.0,3.0,12.0,A3,S32,状态触发,堵塞损失≥20触发，维护后储备阈值50，冷却21日,59.26212385892407,S32,59.26212385892407,0.0,0.0,0.17037424025450018,5.916245492837518,0.05196414327762255,2093.0,0.0
purchase_maintenance_0.80_1.00,购置价×维护价,0.8,1.0,1.0,240.0,3.0,12.0,A4,S36,状态触发,堵塞损失≥30触发，维护后储备阈值50，冷却21日,57.70335523187645,S32,57.98570993140206,0.2823546995256123,0.004893211120757049,0.1818516757488779,4.4244512709701995,0.06546660326959604,2002.0,0.0
purchase_maintenance_0.80_1.00,购置价×维护价,0.8,1.0,1.0,240.0,3.0,12.0,A5,S32,状态触发,堵塞损失≥20触发，维护后储备阈值50，冷却21日,166.63709214953747,S32,166.63709214953747,0.0,0.0,0.6160449995361742,6.262097420285212,0.0,576.0,0.92
purchase_maintenance_0.80_1.00,购置价×维护价,0.8,1.0,1.0,240.0,3.0,12.0,A6,S33,状态触发,堵塞损失≥20触发，维护后储备阈值50，冷却35日,77.15026061741817,S32,77.15508947174898,0.004828854330810373,6.259025299676259e-05,0.2356200791528644,6.353495434356988,0.1284129431383111,1491.0,0.0
purchase_maintenance_0.80_1.00,购置价×维护价,0.8,1.0,1.0,240.0,3.0,12.0,A7,S29,状态触发,堵塞损失≥10触发，维护后储备阈值50，冷却35日,102.39552301876215,S29,102.39552301876215,0.0,0.0,0.30115887418938586,9.737972196913791,0.07528971854734647,1262.0,0.005
purchase_maintenance_0.80_1.00,购置价×维护价,0.8,1.0,1.0,240.0,3.0,12.0,A8,S29,状态触发,堵塞损失≥10触发，维护后储备阈值50，冷却35日,183.56789820956647,S29,183.56789820956647,0.0,0.0,0.6392530234349021,9.678290774804417,0.0926916883980608,557.0,0.945
purchase_maintenance_0.80_1.00,购置价×维护价,0.8,1.0,1.0,240.0,3.0,12.0,A9,S32,状态触发,堵塞损失≥20触发，维护后储备阈值50，冷却21日,50.81201954738669,S33,50.90795740913116,0.09593786174446706,0.0018880938525774702,0.10933664611147696,5.846230467580674,0.5860444231575166,3271.0,0.0
purchase_maintenance_0.80_1.00,购置价×维护价,0.8,1.0,1.0,240.0,3.0,12.0,A10,S29,状态触发,堵塞损失≥10触发，维护后储备阈值50，冷却35日,311.6411632712362,S29,311.6411632712362,0.0,0.0,1.1792528976850805,9.540155942272301,0.0,308.0,1.0
purchase_maintenance_0.80_1.10,购置价×维护价,0.8,1.1,1.1,240.0,3.3000000000000003,13.200000000000001,A1,S32,状态触发,堵塞损失≥20触发，维护后储备阈值50，冷却21日,70.45445011035535,S32,70.45445011035535,0.0,0.0,0.19978831463992977,6.783812223598816,0.00899047415879684,1785.0,0.0
purchase_maintenance_0.80_1.10,购置价×维护价,0.8,1.1,1.1,240.0,3.3000000000000003,13.200000000000001,A2,S29,状态触发,堵塞损失≥10触发，维护后储备阈值50，冷却35日,161.3342987782942,S29,161.3342987782942,0.0,0.0,0.5255925057200005,9.98100168362281,0.1708175643590002,681.0,0.66
purchase_maintenance_0.80_1.10,购置价×维护价,0.8,1.1,1.1,240.0,3.3000000000000003,13.200000000000001,A3,S32,状态触发,堵塞损失≥20触发，维护后储备阈值50，冷却21日,61.09935447870848,S32,61.09935447870848,0.0,0.0,0.17037424025450018,5.916245492837518,0.05196414327762255,2093.0,0.0
purchase_maintenance_0.80_1.10,购置价×维护价,0.8,1.1,1.1,240.0,3.3000000000000003,13.200000000000001,A4,S36,状态触发,堵塞损失≥30触发，维护后储备阈值50，冷却21日,59.10925053709102,S32,59.68942565287157,0.5801751157805484,0.00981530150541308,0.1818516757488779,4.4244512709701995,0.06546660326959604,2002.0,0.0
purchase_maintenance_0.80_1.10,购置价×维护价,0.8,1.1,1.1,240.0,3.3000000000000003,13.200000000000001,A5,S32,状态触发,堵塞损失≥20触发，维护后储备阈值50，冷却21日,168.51572137562303,S32,168.51572137562303,0.0,0.0,0.6160449995361742,6.262097420285212,0.0,576.0,0.92
purchase_maintenance_0.80_1.10,购置价×维护价,0.8,1.1,1.1,240.0,3.3000000000000003,13.200000000000001,A6,S33,状态触发,堵塞损失≥20触发，维护后储备阈值50，冷却35日,79.21040477949123,S32,79.21588067100586,0.005475891514635123,6.913096240170855e-05,0.2356200791528644,6.353495434356988,0.1284129431383111,1491.0,0.0
purchase_maintenance_0.80_1.10,购置价×维护价,0.8,1.1,1.1,240.0,3.3000000000000003,13.200000000000001,A7,S29,状态触发,堵塞损失≥10触发，维护后储备阈值50，冷却35日,105.4072623400931,S29,105.4072623400931,0.0,0.0,0.30115887418938586,9.737972196913791,0.07528971854734647,1262.0,0.005
purchase_maintenance_0.80_1.10,购置价×维护价,0.8,1.1,1.1,240.0,3.3000000000000003,13.200000000000001,A8,S29,状态触发,堵塞损失≥10触发，维护后储备阈值50，冷却35日,186.5826154680855,S29,186.5826154680855,0.0,0.0,0.6392530234349021,9.678290774804417,0.0926916883980608,557.0,0.945
purchase_maintenance_0.80_1.10,购置价×维护价,0.8,1.1,1.1,240.0,3.3000000000000003,13.200000000000001,A9,S32,状态触发,堵塞损失≥20触发，维护后储备阈值50，冷却21日,53.269141995449914,S33,53.345223965309785,0.07608196985987092,0.0014282559660219346,0.10933664611147696,5.846230467580674,0.5860444231575166,3271.0,0.0
purchase_maintenance_0.80_1.10,购置价×维护价,0.8,1.1,1.1,240.0,3.3000000000000003,13.200000000000001,A10,S29,状态触发,堵塞损失≥10触发，维护后储备阈值50，冷却35日,314.5032100539179,S29,314.5032100539179,0.0,0.0,1.1792528976850805,9.540155942272301,0.0,308.0,1.0
purchase_maintenance_0.80_1.20,购置价×维护价,0.8,1.2,1.2,240.0,3.5999999999999996,14.399999999999999,A1,S32,状态触发,堵塞损失≥20触发，维护后储备阈值50，冷却21日,72.50038234642554,S32,72.50038234642554,0.0,0.0,0.19978831463992977,6.783812223598816,0.00899047415879684,1785.0,0.0
purchase_maintenance_0.80_1.20,购置价×维护价,0.8,1.2,1.2,240.0,3.5999999999999996,14.399999999999999,A2,S29,状态触发,堵塞损失≥10触发，维护后储备阈值50，冷却35日,164.53358036061184,S29,164.53358036061184,0.0,0.0,0.5255925057200005,9.98100168362281,0.1708175643590002,681.0,0.66
purchase_maintenance_0.80_1.20,购置价×维护价,0.8,1.2,1.2,240.0,3.5999999999999996,14.399999999999999,A3,S32,状态触发,堵塞损失≥20触发，维护后储备阈值50，冷却21日,62.93658509849288,S32,62.93658509849288,0.0,0.0,0.17037424025450018,5.916245492837518,0.05196414327762255,2093.0,0.0
purchase_maintenance_0.80_1.20,购置价×维护价,0.8,1.2,1.2,240.0,3.5999999999999996,14.399999999999999,A4,S36,状态触发,堵塞损失≥30触发，维护后储备阈值50，冷却21日,60.5151458423056,S32,61.393141374341056,0.877995532035456,0.014508690672635827,0.1818516757488779,4.4244512709701995,0.06546660326959604,2002.0,0.0
purchase_maintenance_0.80_1.20,购置价×维护价,0.8,1.2,1.2,240.0,3.5999999999999996,14.399999999999999,A5,S32,状态触发,堵塞损失≥20触发，维护后储备阈值50，冷却21日,170.3943506017086,S32,170.3943506017086,0.0,0.0,0.6160449995361742,6.262097420285212,0.0,576.0,0.92
purchase_maintenance_0.80_1.20,购置价×维护价,0.8,1.2,1.2,240.0,3.5999999999999996,14.399999999999999,A6,S33,状态触发,堵塞损失≥20触发，维护后储备阈值50，冷却35日,81.27054894156429,S32,81.27667187026273,0.006122928698445662,7.534006818199558e-05,0.2356200791528644,6.353495434356988,0.1284129431383111,1491.0,0.0
purchase_maintenance_0.80_1.20,购置价×维护价,0.8,1.2,1.2,240.0,3.5999999999999996,14.399999999999999,A7,S29,状态触发,堵塞损失≥10触发，维护后储备阈值50，冷却35日,108.41900166142403,S29,108.41900166142403,0.0,0.0,0.30115887418938586,9.737972196913791,0.07528971854734647,1262.0,0.005
purchase_maintenance_0.80_1.20,购置价×维护价,0.8,1.2,1.2,240.0,3.5999999999999996,14.399999999999999,A8,S29,状态触发,堵塞损失≥10触发，维护后储备阈值50，冷却35日,189.59733272660446,S29,189.59733272660446,0.0,0.0,0.6392530234349021,9.678290774804417,0.0926916883980608,557.0,0.945
purchase_maintenance_0.80_1.20,购置价×维护价,0.8,1.2,1.2,240.0,3.5999999999999996,14.399999999999999,A9,S32,状态触发,堵塞损失≥20触发，维护后储备阈值50，冷却21日,55.72626444351314,S33,55.78249052148841,0.05622607797527479,0.0010089690837301376,0.10933664611147696,5.846230467580674,0.5860444231575166,3271.0,0.0
purchase_maintenance_0.80_1.20,购置价×维护价,0.8,1.2,1.2,240.0,3.5999999999999996,14.399999999999999,A10,S29,状态触发,堵塞损失≥10触发，维护后储备阈值50，冷却35日,317.36525683659954,S29,317.36525683659954,0.0,0.0,1.1792528976850805,9.540155942272301,0.0,308.0,1.0
purchase_maintenance_0.80_1.30,购置价×维护价,0.8,1.3,1.3,240.0,3.9000000000000004,15.600000000000001,A1,S32,状态触发,堵塞损失≥20触发，维护后储备阈值50，冷却21日,74.54631458249577,S32,74.54631458249577,0.0,0.0,0.19978831463992977,6.783812223598816,0.00899047415879684,1785.0,0.0
purchase_maintenance_0.80_1.30,购置价×维护价,0.8,1.3,1.3,240.0,3.9000000000000004,15.600000000000001,A2,S29,状态触发,堵塞损失≥10触发，维护后储备阈值50，冷却35日,167.73286194292947,S29,167.73286194292947,0.0,0.0,0.5255925057200005,9.98100168362281,0.1708175643590002,681.0,0.66
purchase_maintenance_0.80_1.30,购置价×维护价,0.8,1.3,1.3,240.0,3.9000000000000004,15.600000000000001,A3,S32,状态触发,堵塞损失≥20触发，维护后储备阈值50，冷却21日,64.77381571827728,S32,64.77381571827728,0.0,0.0,0.17037424025450018,5.916245492837518,0.05196414327762255,2093.0,0.0
purchase_maintenance_0.80_1.30,购置价×维护价,0.8,1.3,1.3,240.0,3.9000000000000004,15.600000000000001,A4,S36,状态触发,堵塞损失≥30触发，维护后储备阈值50，冷却21日,61.92104114752018,S32,63.096857095810556,1.1758159482903778,0.01898895636281573,0.1818516757488779,4.4244512709701995,0.06546660326959604,2002.0,0.0
purchase_maintenance_0.80_1.30,购置价×维护价,0.8,1.3,1.3,240.0,3.9000000000000004,15.600000000000001,A5,S32,状态触发,堵塞损失≥20触发，维护后储备阈值50，冷却21日,172.27297982779416,S32,172.27297982779416,0.0,0.0,0.6160449995361742,6.262097420285212,0.0,576.0,0.92
purchase_maintenance_0.80_1.30,购置价×维护价,0.8,1.3,1.3,240.0,3.9000000000000004,15.600000000000001,A6,S33,状态触发,堵塞损失≥20触发，维护后储备阈值50，冷却35日,83.33069310363736,S32,83.3374630695196,0.006769965882241991,8.12421645626092e-05,0.2356200791528644,6.353495434356988,0.1284129431383111,1491.0,0.0
purchase_maintenance_0.80_1.30,购置价×维护价,0.8,1.3,1.3,240.0,3.9000000000000004,15.600000000000001,A7,S29,状态触发,堵塞损失≥10触发，维护后储备阈值50，冷却35日,111.430740982755,S29,111.430740982755,0.0,0.0,0.30115887418938586,9.737972196913791,0.07528971854734647,1262.0,0.005
purchase_maintenance_0.80_1.30,购置价×维护价,0.8,1.3,1.3,240.0,3.9000000000000004,15.600000000000001,A8,S29,状态触发,堵塞损失≥10触发，维护后储备阈值50，冷却35日,192.61204998512346,S29,192.61204998512346,0.0,0.0,0.6392530234349021,9.678290774804417,0.0926916883980608,557.0,0.945
purchase_maintenance_0.80_1.30,购置价×维护价,0.8,1.3,1.3,240.0,3.9000000000000004,15.600000000000001,A9,S32,状态触发,堵塞损失≥20触发，维护后储备阈值50，冷却21日,58.18338689157636,S33,58.21975707766704,0.03637018609067866,0.0006250957194783764,0.10933664611147696,5.846230467580674,0.5860444231575166,3271.0,0.0
purchase_maintenance_0.80_1.30,购置价×维护价,0.8,1.3,1.3,240.0,3.9000000000000004,15.600000000000001,A10,S29,状态触发,堵塞损失≥10触发，维护后储备阈值50，冷却35日,320.22730361928126,S29,320.22730361928126,0.0,0.0,1.1792528976850805,9.540155942272301,0.0,308.0,1.0
purchase_maintenance_0.80_1.40,购置价×维护价,0.8,1.4,1.4,240.0,4.199999999999999,16.799999999999997,A1,S36,状态触发,堵塞损失≥30触发，维护后储备阈值50，冷却21日,76.30292800009582,S32,76.59224681856595,0.28931881847013585,0.003791713189168475,0.2187577673231895,5.6319187197355145,0.00875031069292758,1637.0,0.0
purchase_maintenance_0.80_1.40,购置价×维护价,0.8,1.4,1.4,240.0,4.199999999999999,16.799999999999997,A2,S29,状态触发,堵塞损失≥10触发，维护后储备阈值50，冷却35日,170.9321435252471,S29,170.9321435252471,0.0,0.0,0.5255925057200005,9.98100168362281,0.1708175643590002,681.0,0.66
purchase_maintenance_0.80_1.40,购置价×维护价,0.8,1.4,1.4,240.0,4.199999999999999,16.799999999999997,A3,S32,状态触发,堵塞损失≥20触发，维护后储备阈值50，冷却21日,66.61104633806168,S32,66.61104633806168,0.0,0.0,0.17037424025450018,5.916245492837518,0.05196414327762255,2093.0,0.0
purchase_maintenance_0.80_1.40,购置价×维护价,0.8,1.4,1.4,240.0,4.199999999999999,16.799999999999997,A4,S36,状态触发,堵塞损失≥30触发，维护后储备阈值50，冷却21日,63.32693645273474,S32,64.80057281728004,1.4736363645452997,0.023270292976278365,0.1818516757488779,4.4244512709701995,0.06546660326959604,2002.0,0.0
purchase_maintenance_0.80_1.40,购置价×维护价,0.8,1.4,1.4,240.0,4.199999999999999,16.799999999999997,A5,S32,状态触发,堵塞损失≥20触发，维护后储备阈值50，冷却21日,174.1516090538797,S32,174.1516090538797,0.0,0.0,0.6160449995361742,6.262097420285212,0.0,576.0,0.92
purchase_maintenance_0.80_1.40,购置价×维护价,0.8,1.4,1.4,240.0,4.199999999999999,16.799999999999997,A6,S33,状态触发,堵塞损失≥20触发，维护后储备阈值50，冷却35日,85.39083726571043,S32,85.39825426877647,0.007417003066038319,8.685947232205782e-05,0.2356200791528644,6.353495434356988,0.1284129431383111,1491.0,0.0
purchase_maintenance_0.80_1.40,购置价×维护价,0.8,1.4,1.4,240.0,4.199999999999999,16.799999999999997,A7,S29,状态触发,堵塞损失≥10触发，维护后储备阈值50，冷却35日,114.44248030408595,S29,114.44248030408595,0.0,0.0,0.30115887418938586,9.737972196913791,0.07528971854734647,1262.0,0.005
purchase_maintenance_0.80_1.40,购置价×维护价,0.8,1.4,1.4,240.0,4.199999999999999,16.799999999999997,A8,S29,状态触发,堵塞损失≥10触发，维护后储备阈值50，冷却35日,195.6267672436425,S29,195.6267672436425,0.0,0.0,0.6392530234349021,9.678290774804417,0.0926916883980608,557.0,0.945
purchase_maintenance_0.80_1.40,购置价×维护价,0.8,1.4,1.4,240.0,4.199999999999999,16.799999999999997,A9,S32,状态触发,堵塞损失≥20触发，维护后储备阈值50，冷却21日,60.64050933963957,S33,60.65702363384566,0.01651429420608963,0.00027233106030813864,0.10933664611147696,5.846230467580674,0.5860444231575166,3271.0,0.0
purchase_maintenance_0.80_1.40,购置价×维护价,0.8,1.4,1.4,240.0,4.199999999999999,16.799999999999997,A10,S29,状态触发,堵塞损失≥10触发，维护后储备阈值50，冷却35日,323.089350401963,S29,323.089350401963,0.0,0.0,1.1792528976850805,9.540155942272301,0.0,308.0,1.0
purchase_maintenance_0.80_1.50,购置价×维护价,0.8,1.5,1.5,240.0,4.5,18.0,A1,S36,状态触发,堵塞损失≥30触发，维护后储备阈值50，冷却21日,78.003003988848,S32,78.63817905463615,0.635175065788161,0.008142956467150563,0.2187577673231895,5.6319187197355145,0.00875031069292758,1637.0,0.0
purchase_maintenance_0.80_1.50,购置价×维护价,0.8,1.5,1.5,240.0,4.5,18.0,A2,S29,状态触发,堵塞损失≥10触发，维护后储备阈值50，冷却35日,174.13142510756475,S29,174.13142510756475,0.0,0.0,0.5255925057200005,9.98100168362281,0.1708175643590002,681.0,0.66
purchase_maintenance_0.80_1.50,购置价×维护价,0.8,1.5,1.5,240.0,4.5,18.0,A3,S32,状态触发,堵塞损失≥20触发，维护后储备阈值50，冷却21日,68.44827695784609,S32,68.44827695784609,0.0,0.0,0.17037424025450018,5.916245492837518,0.05196414327762255,2093.0,0.0
purchase_maintenance_0.80_1.50,购置价×维护价,0.8,1.5,1.5,240.0,4.5,18.0,A4,S36,状态触发,堵塞损失≥30触发，维护后储备阈值50，冷却21日,64.73283175794933,S32,66.50428853874953,1.7714567808002073,0.027365661793138978,0.1818516757488779,4.4244512709701995,0.06546660326959604,2002.0,0.0
purchase_maintenance_0.80_1.50,购置价×维护价,0.8,1.5,1.5,240.0,4.5,18.0,A5,S32,状态触发,堵塞损失≥20触发，维护后储备阈值50，冷却21日,176.03023827996526,S32,176.03023827996526,0.0,0.0,0.6160449995361742,6.262097420285212,0.0,576.0,0.92
purchase_maintenance_0.80_1.50,购置价×维护价,0.8,1.5,1.5,240.0,4.5,18.0,A6,S33,状态触发,堵塞损失≥20触发，维护后储备阈值50，冷却35日,87.4509814277835,S32,87.45904546803335,0.008064040249848858,9.221211835693455e-05,0.2356200791528644,6.353495434356988,0.1284129431383111,1491.0,0.0
purchase_maintenance_0.80_1.50,购置价×维护价,0.8,1.5,1.5,240.0,4.5,18.0,A7,S29,状态触发,堵塞损失≥10触发，维护后储备阈值50，冷却35日,117.4542196254169,S29,117.4542196254169,0.0,0.0,0.30115887418938586,9.737972196913791,0.07528971854734647,1262.0,0.005
purchase_maintenance_0.80_1.50,购置价×维护价,0.8,1.5,1.5,240.0,4.5,18.0,A8,S29,状态触发,堵塞损失≥10触发，维护后储备阈值50，冷却35日,198.64148450216146,S29,198.64148450216146,0.0,0.0,0.6392530234349021,9.678290774804417,0.0926916883980608,557.0,0.945
purchase_maintenance_0.80_1.50,购置价×维护价,0.8,1.5,1.5,240.0,4.5,18.0,A9,S33,状态触发,堵塞损失≥20触发，维护后储备阈值50，冷却35日,63.09429019002429,S33,63.09429019002429,0.0,0.0,0.11056371603060368,5.7692147024769,0.5887517878629646,3267.0,0.005
purchase_maintenance_0.80_1.50,购置价×维护价,0.8,1.5,1.5,240.0,4.5,18.0,A10,S29,状态触发,堵塞损失≥10触发，维护后储备阈值50，冷却35日,325.95139718464463,S29,325.95139718464463,0.0,0.0,1.1792528976850805,9.540155942272301,0.0,308.0,1.0
purchase_maintenance_0.90_0.50,购置价×维护价,0.9,0.5,0.5,270.0,1.5,6.0,A1,S32,状态触发,堵塞损失≥20触发，维护后储备阈值50，冷却21日,64.17250613313205,S32,64.17250613313205,0.0,0.0,0.19978831463992977,6.783812223598816,0.00899047415879684,1785.0,0.0
purchase_maintenance_0.90_0.50,购置价×维护价,0.9,0.5,0.5,270.0,1.5,6.0,A2,S29,状态触发,堵塞损失≥10触发，维护后储备阈值50，冷却35日,157.90638445598833,S29,157.90638445598833,0.0,0.0,0.5255925057200005,9.98100168362281,0.1708175643590002,681.0,0.66
purchase_maintenance_0.90_0.50,购置价×维护价,0.9,0.5,0.5,270.0,1.5,6.0,A3,S32,状态触发,堵塞损失≥20触发，维护后储备阈值50，冷却21日,55.18719796763706,S32,55.18719796763706,0.0,0.0,0.17037424025450018,5.916245492837518,0.05196414327762255,2093.0,0.0
purchase_maintenance_0.90_0.50,购置价×维护价,0.9,0.5,0.5,270.0,1.5,6.0,A4,S32,状态触发,堵塞损失≥20触发，维护后储备阈值50，冷却21日,54.585700413642975,S32,54.585700413642975,0.0,0.0,0.1706189696529463,5.484546779493959,0.048626406351089696,2060.0,0.0
purchase_maintenance_0.90_0.50,购置价×维护价,0.9,0.5,0.5,270.0,1.5,6.0,A5,S29,状态触发,堵塞损失≥10触发，维护后储备阈值50，冷却35日,172.91385196156347,S32,175.72529600519485,2.811444043631383,0.01625921816984524,0.5864219829973749,9.71994436818149,0.0,604.0,0.87
purchase_maintenance_0.90_0.50,购置价×维护价,0.9,0.5,0.5,270.0,1.5,6.0,A6,S33,状态触发,堵塞损失≥20触发，维护后储备阈值50，冷却35日,73.91814218163873,S32,73.91953066036213,0.0013884787233990892,1.8784004608600504e-05,0.2356200791528644,6.353495434356988,0.1284129431383111,1491.0,0.0
purchase_maintenance_0.90_0.50,购置价×维护价,0.9,0.5,0.5,270.0,1.5,6.0,A7,S29,状态触发,堵塞损失≥10触发，维护后储备阈值50，冷却35日,96.37159263778895,S29,96.37159263778895,0.0,0.0,0.30115887418938586,9.737972196913791,0.07528971854734647,1262.0,0.005
purchase_maintenance_0.90_0.50,购置价×维护价,0.9,0.5,0.5,270.0,1.5,6.0,A8,S29,状态触发,堵塞损失≥10触发，维护后储备阈值50，冷却35日,187.67190262001856,S29,187.67190262001856,0.0,0.0,0.6392530234349021,9.678290774804417,0.0926916883980608,557.0,0.945
purchase_maintenance_0.90_0.50,购置价×维护价,0.9,0.5,0.5,270.0,1.5,6.0,A9,S32,状态触发,堵塞损失≥20触发，维护后储备阈值50，冷却21日,41.806506690414885,S33,42.038536109156134,0.2320294187412486,0.005550079093177301,0.10933664611147696,5.846230467580674,0.5860444231575166,3271.0,0.0
purchase_maintenance_0.90_0.50,购置价×维护价,0.9,0.5,0.5,270.0,1.5,6.0,A10,S29,状态触发,堵塞损失≥10触发，维护后储备阈值50，冷却35日,332.70851628838017,S29,332.70851628838017,0.0,0.0,1.1792528976850805,9.540155942272301,0.0,308.0,1.0
purchase_maintenance_0.90_0.60,购置价×维护价,0.9,0.6,0.6,270.0,1.7999999999999998,7.199999999999999,A1,S32,状态触发,堵塞损失≥20触发，维护后储备阈值50，冷却21日,66.21843836920225,S32,66.21843836920225,0.0,0.0,0.19978831463992977,6.783812223598816,0.00899047415879684,1785.0,0.0
purchase_maintenance_0.90_0.60,购置价×维护价,0.9,0.6,0.6,270.0,1.7999999999999998,7.199999999999999,A2,S29,状态触发,堵塞损失≥10触发，维护后储备阈值50，冷却35日,161.10566603830597,S29,161.10566603830597,0.0,0.0,0.5255925057200005,9.98100168362281,0.1708175643590002,681.0,0.66
purchase_maintenance_0.90_0.60,购置价×维护价,0.9,0.6,0.6,270.0,1.7999999999999998,7.199999999999999,A3,S32,状态触发,堵塞损失≥20触发，维护后储备阈值50，冷却21日,57.02442858742146,S32,57.02442858742146,0.0,0.0,0.17037424025450018,5.916245492837518,0.05196414327762255,2093.0,0.0
purchase_maintenance_0.90_0.60,购置价×维护价,0.9,0.6,0.6,270.0,1.7999999999999998,7.199999999999999,A4,S32,状态触发,堵塞损失≥20触发，维护后储备阈值50，冷却21日,56.28941613511247,S32,56.28941613511247,0.0,0.0,0.1706189696529463,5.484546779493959,0.048626406351089696,2060.0,0.0
purchase_maintenance_0.90_0.60,购置价×维护价,0.9,0.6,0.6,270.0,1.7999999999999998,7.199999999999999,A5,S29,状态触发,堵塞损失≥10触发，维护后储备阈值50，冷却35日,175.8298352720179,S32,177.6039252312804,1.7740899592625112,0.010089811871335156,0.5864219829973749,9.71994436818149,0.0,604.0,0.87
purchase_maintenance_0.90_0.60,购置价×维护价,0.9,0.6,0.6,270.0,1.7999999999999998,7.199999999999999,A6,S33,状态触发,堵塞损失≥20触发，维护后储备阈值50，冷却35日,75.9782863437118,S32,75.98032185961901,0.0020355159072096285,2.6790758322730903e-05,0.2356200791528644,6.353495434356988,0.1284129431383111,1491.0,0.0
purchase_maintenance_0.90_0.60,购置价×维护价,0.9,0.6,0.6,270.0,1.7999999999999998,7.199999999999999,A7,S29,状态触发,堵塞损失≥10触发，维护后储备阈值50，冷却35日,99.3833319591199,S29,99.3833319591199,0.0,0.0,0.30115887418938586,9.737972196913791,0.07528971854734647,1262.0,0.005
purchase_maintenance_0.90_0.60,购置价×维护价,0.9,0.6,0.6,270.0,1.7999999999999998,7.199999999999999,A8,S29,状态触发,堵塞损失≥10触发，维护后储备阈值50，冷却35日,190.68661987853756,S29,190.68661987853756,0.0,0.0,0.6392530234349021,9.678290774804417,0.0926916883980608,557.0,0.945
purchase_maintenance_0.90_0.60,购置价×维护价,0.9,0.6,0.6,270.0,1.7999999999999998,7.199999999999999,A9,S32,状态触发,堵塞损失≥20触发，维护后储备阈值50，冷却21日,44.26362913847811,S33,44.475802665334754,0.21217352685664537,0.0047934055789430104,0.10933664611147696,5.846230467580674,0.5860444231575166,3271.0,0.0
purchase_maintenance_0.90_0.60,购置价×维护价,0.9,0.6,0.6,270.0,1.7999999999999998,7.199999999999999,A10,S29,状态触发,堵塞损失≥10触发，维护后储备阈值50，冷却35日,335.5705630710618,S29,335.5705630710618,0.0,0.0,1.1792528976850805,9.540155942272301,0.0,308.0,1.0
purchase_maintenance_0.90_0.70,购置价×维护价,0.9,0.7,0.7,270.0,2.0999999999999996,8.399999999999999,A1,S32,状态触发,堵塞损失≥20触发，维护后储备阈值50，冷却21日,68.26437060527245,S32,68.26437060527245,0.0,0.0,0.19978831463992977,6.783812223598816,0.00899047415879684,1785.0,0.0
purchase_maintenance_0.90_0.70,购置价×维护价,0.9,0.7,0.7,270.0,2.0999999999999996,8.399999999999999,A2,S29,状态触发,堵塞损失≥10触发，维护后储备阈值50，冷却35日,164.30494762062366,S29,164.30494762062366,0.0,0.0,0.5255925057200005,9.98100168362281,0.1708175643590002,681.0,0.66
purchase_maintenance_0.90_0.70,购置价×维护价,0.9,0.7,0.7,270.0,2.0999999999999996,8.399999999999999,A3,S32,状态触发,堵塞损失≥20触发，维护后储备阈值50，冷却21日,58.86165920720587,S32,58.86165920720587,0.0,0.0,0.17037424025450018,5.916245492837518,0.05196414327762255,2093.0,0.0
purchase_maintenance_0.90_0.70,购置价×维护价,0.9,0.7,0.7,270.0,2.0999999999999996,8.399999999999999,A4,S32,状态触发,堵塞损失≥20触发，维护后储备阈值50，冷却21日,57.99313185658196,S32,57.99313185658196,0.0,0.0,0.1706189696529463,5.484546779493959,0.048626406351089696,2060.0,0.0
purchase_maintenance_0.90_0.70,购置价×维护价,0.9,0.7,0.7,270.0,2.0999999999999996,8.399999999999999,A5,S29,状态触发,堵塞损失≥10触发，维护后储备阈值50，冷却35日,178.74581858247237,S32,179.48255445736598,0.7367358748936113,0.004121695717059167,0.5864219829973749,9.71994436818149,0.0,604.0,0.87
purchase_maintenance_0.90_0.70,购置价×维护价,0.9,0.7,0.7,270.0,2.0999999999999996,8.399999999999999,A6,S33,状态触发,堵塞损失≥20触发，维护后储备阈值50，冷却35日,78.03843050578487,S32,78.0411130588759,0.002682553091020168,3.4374769887527583e-05,0.2356200791528644,6.353495434356988,0.1284129431383111,1491.0,0.0
purchase_maintenance_0.90_0.70,购置价×维护价,0.9,0.7,0.7,270.0,2.0999999999999996,8.399999999999999,A7,S29,状态触发,堵塞损失≥10触发，维护后储备阈值50，冷却35日,102.39507128045086,S29,102.39507128045086,0.0,0.0,0.30115887418938586,9.737972196913791,0.07528971854734647,1262.0,0.005
purchase_maintenance_0.90_0.70,购置价×维护价,0.9,0.7,0.7,270.0,2.0999999999999996,8.399999999999999,A8,S29,状态触发,堵塞损失≥10触发，维护后储备阈值50，冷却35日,193.70133713705653,S29,193.70133713705653,0.0,0.0,0.6392530234349021,9.678290774804417,0.0926916883980608,557.0,0.945
purchase_maintenance_0.90_0.70,购置价×维护价,0.9,0.7,0.7,270.0,2.0999999999999996,8.399999999999999,A9,S32,状态触发,堵塞损失≥20触发，维护后储备阈值50，冷却21日,46.720751586541326,S33,46.91306922151338,0.19231763497205634,0.004116321515415359,0.10933664611147696,5.846230467580674,0.5860444231575166,3271.0,0.0
purchase_maintenance_0.90_0.70,购置价×维护价,0.9,0.7,0.7,270.0,2.0999999999999996,8.399999999999999,A10,S29,状态触发,堵塞损失≥10触发，维护后储备阈值50，冷却35日,338.43260985374354,S29,338.43260985374354,0.0,0.0,1.1792528976850805,9.540155942272301,0.0,308.0,1.0
purchase_maintenance_0.90_0.80,购置价×维护价,0.9,0.8,0.8,270.0,2.4000000000000004,9.600000000000001,A1,S32,状态触发,堵塞损失≥20触发，维护后储备阈值50，冷却21日,70.31030284134265,S32,70.31030284134265,0.0,0.0,0.19978831463992977,6.783812223598816,0.00899047415879684,1785.0,0.0
purchase_maintenance_0.90_0.80,购置价×维护价,0.9,0.8,0.8,270.0,2.4000000000000004,9.600000000000001,A2,S29,状态触发,堵塞损失≥10触发，维护后储备阈值50，冷却35日,167.5042292029413,S29,167.5042292029413,0.0,0.0,0.5255925057200005,9.98100168362281,0.1708175643590002,681.0,0.66
purchase_maintenance_0.90_0.80,购置价×维护价,0.9,0.8,0.8,270.0,2.4000000000000004,9.600000000000001,A3,S32,状态触发,堵塞损失≥20触发，维护后储备阈值50，冷却21日,60.69888982699027,S32,60.69888982699027,0.0,0.0,0.17037424025450018,5.916245492837518,0.05196414327762255,2093.0,0.0
purchase_maintenance_0.90_0.80,购置价×维护价,0.9,0.8,0.8,270.0,2.4000000000000004,9.600000000000001,A4,S32,状态触发,堵塞损失≥20触发，维护后储备阈值50，冷却21日,59.69684757805146,S32,59.69684757805146,0.0,0.0,0.1706189696529463,5.484546779493959,0.048626406351089696,2060.0,0.0
purchase_maintenance_0.90_0.80,购置价×维护价,0.9,0.8,0.8,270.0,2.4000000000000004,9.600000000000001,A5,S32,状态触发,堵塞损失≥20触发，维护后储备阈值50，冷却21日,181.36118368345154,S32,181.36118368345154,0.0,0.0,0.6160449995361742,6.262097420285212,0.0,576.0,0.92
purchase_maintenance_0.90_0.80,购置价×维护价,0.9,0.8,0.8,270.0,2.4000000000000004,9.600000000000001,A6,S33,状态触发,堵塞损失≥20触发，维护后储备阈值50，冷却35日,80.09857466785795,S32,80.10190425813275,0.0033295902748022854,4.156865822655378e-05,0.2356200791528644,6.353495434356988,0.1284129431383111,1491.0,0.0
purchase_maintenance_0.90_0.80,购置价×维护价,0.9,0.8,0.8,270.0,2.4000000000000004,9.600000000000001,A7,S29,状态触发,堵塞损失≥10触发，维护后储备阈值50，冷却35日,105.40681060178181,S29,105.40681060178181,0.0,0.0,0.30115887418938586,9.737972196913791,0.07528971854734647,1262.0,0.005
purchase_maintenance_0.90_0.80,购置价×维护价,0.9,0.8,0.8,270.0,2.4000000000000004,9.600000000000001,A8,S29,状态触发,堵塞损失≥10触发，维护后储备阈值50，冷却35日,196.71605439557555,S29,196.71605439557555,0.0,0.0,0.6392530234349021,9.678290774804417,0.0926916883980608,557.0,0.945
purchase_maintenance_0.90_0.80,购置价×维护价,0.9,0.8,0.8,270.0,2.4000000000000004,9.600000000000001,A9,S32,状态触发,堵塞损失≥20触发，维护后储备阈值50，冷却21日,49.177874034604564,S33,49.35033577769202,0.1724617430874531,0.003506897084776346,0.10933664611147696,5.846230467580674,0.5860444231575166,3271.0,0.0
purchase_maintenance_0.90_0.80,购置价×维护价,0.9,0.8,0.8,270.0,2.4000000000000004,9.600000000000001,A10,S29,状态触发,堵塞损失≥10触发，维护后储备阈值50，冷却35日,341.2946566364252,S29,341.2946566364252,0.0,0.0,1.1792528976850805,9.540155942272301,0.0,308.0,1.0
purchase_maintenance_0.90_0.90,购置价×维护价,0.9,0.9,0.9,270.0,2.7,10.8,A1,S32,状态触发,堵塞损失≥20触发，维护后储备阈值50，冷却21日,72.35623507741285,S32,72.35623507741285,0.0,0.0,0.19978831463992977,6.783812223598816,0.00899047415879684,1785.0,0.0
purchase_maintenance_0.90_0.90,购置价×维护价,0.9,0.9,0.9,270.0,2.7,10.8,A2,S29,状态触发,堵塞损失≥10触发，维护后储备阈值50，冷却35日,170.70351078525894,S29,170.70351078525894,0.0,0.0,0.5255925057200005,9.98100168362281,0.1708175643590002,681.0,0.66
purchase_maintenance_0.90_0.90,购置价×维护价,0.9,0.9,0.9,270.0,2.7,10.8,A3,S32,状态触发,堵塞损失≥20触发，维护后储备阈值50，冷却21日,62.53612044677467,S32,62.53612044677467,0.0,0.0,0.17037424025450018,5.916245492837518,0.05196414327762255,2093.0,0.0
purchase_maintenance_0.90_0.90,购置价×维护价,0.9,0.9,0.9,270.0,2.7,10.8,A4,S32,状态触发,堵塞损失≥20触发，维护后储备阈值50，冷却21日,61.400563299520954,S32,61.400563299520954,0.0,0.0,0.1706189696529463,5.484546779493959,0.048626406351089696,2060.0,0.0
purchase_maintenance_0.90_0.90,购置价×维护价,0.9,0.9,0.9,270.0,2.7,10.8,A5,S32,状态触发,堵塞损失≥20触发，维护后储备阈值50，冷却21日,183.2398129095371,S32,183.2398129095371,0.0,0.0,0.6160449995361742,6.262097420285212,0.0,576.0,0.92
purchase_maintenance_0.90_0.90,购置价×维护价,0.9,0.9,0.9,270.0,2.7,10.8,A6,S33,状态触发,堵塞损失≥20触发，维护后储备阈值50，冷却35日,82.15871882993102,S32,82.16269545738963,0.003976627458612825,4.84017705636874e-05,0.2356200791528644,6.353495434356988,0.1284129431383111,1491.0,0.0
purchase_maintenance_0.90_0.90,购置价×维护价,0.9,0.9,0.9,270.0,2.7,10.8,A7,S29,状态触发,堵塞损失≥10触发，维护后储备阈值50，冷却35日,108.41854992311276,S29,108.41854992311276,0.0,0.0,0.30115887418938586,9.737972196913791,0.07528971854734647,1262.0,0.005
purchase_maintenance_0.90_0.90,购置价×维护价,0.9,0.9,0.9,270.0,2.7,10.8,A8,S29,状态触发,堵塞损失≥10触发，维护后储备阈值50，冷却35日,199.73077165409455,S29,199.73077165409455,0.0,0.0,0.6392530234349021,9.678290774804417,0.0926916883980608,557.0,0.945
purchase_maintenance_0.90_0.90,购置价×维护价,0.9,0.9,0.9,270.0,2.7,10.8,A9,S32,状态触发,堵塞损失≥20触发，维护后储备阈值50，冷却21日,51.63499648266778,S33,51.787602333870645,0.15260585120286407,0.0029554732564780746,0.10933664611147696,5.846230467580674,0.5860444231575166,3271.0,0.0
purchase_maintenance_0.90_0.90,购置价×维护价,0.9,0.9,0.9,270.0,2.7,10.8,A10,S29,状态触发,堵塞损失≥10触发，维护后储备阈值50，冷却35日,344.1567034191069,S29,344.1567034191069,0.0,0.0,1.1792528976850805,9.540155942272301,0.0,308.0,1.0
purchase_maintenance_0.90_1.00,购置价×维护价,0.9,1.0,1.0,270.0,3.0,12.0,A1,S32,状态触发,堵塞损失≥20触发，维护后储备阈值50，冷却21日,74.40216731348305,S32,74.40216731348305,0.0,0.0,0.19978831463992977,6.783812223598816,0.00899047415879684,1785.0,0.0
purchase_maintenance_0.90_1.00,购置价×维护价,0.9,1.0,1.0,270.0,3.0,12.0,A2,S29,状态触发,堵塞损失≥10触发，维护后储备阈值50，冷却35日,173.90279236757658,S29,173.90279236757658,0.0,0.0,0.5255925057200005,9.98100168362281,0.1708175643590002,681.0,0.66
purchase_maintenance_0.90_1.00,购置价×维护价,0.9,1.0,1.0,270.0,3.0,12.0,A3,S32,状态触发,堵塞损失≥20触发，维护后储备阈值50，冷却21日,64.37335106655907,S32,64.37335106655907,0.0,0.0,0.17037424025450018,5.916245492837518,0.05196414327762255,2093.0,0.0
purchase_maintenance_0.90_1.00,购置价×维护价,0.9,1.0,1.0,270.0,3.0,12.0,A4,S32,状态触发,堵塞损失≥20触发，维护后储备阈值50，冷却21日,63.10427902099045,S32,63.10427902099045,0.0,0.0,0.1706189696529463,5.484546779493959,0.048626406351089696,2060.0,0.0
purchase_maintenance_0.90_1.00,购置价×维护价,0.9,1.0,1.0,270.0,3.0,12.0,A5,S32,状态触发,堵塞损失≥20触发，维护后储备阈值50，冷却21日,185.11844213562267,S32,185.11844213562267,0.0,0.0,0.6160449995361742,6.262097420285212,0.0,576.0,0.92
purchase_maintenance_0.90_1.00,购置价×维护价,0.9,1.0,1.0,270.0,3.0,12.0,A6,S33,状态触发,堵塞损失≥20触发，维护后储备阈值50，冷却35日,84.21886299200409,S32,84.22348665664651,0.004623664642423364,5.490058257925358e-05,0.2356200791528644,6.353495434356988,0.1284129431383111,1491.0,0.0
purchase_maintenance_0.90_1.00,购置价×维护价,0.9,1.0,1.0,270.0,3.0,12.0,A7,S29,状态触发,堵塞损失≥10触发，维护后储备阈值50，冷却35日,111.43028924444373,S29,111.43028924444373,0.0,0.0,0.30115887418938586,9.737972196913791,0.07528971854734647,1262.0,0.005
purchase_maintenance_0.90_1.00,购置价×维护价,0.9,1.0,1.0,270.0,3.0,12.0,A8,S29,状态触发,堵塞损失≥10触发，维护后储备阈值50，冷却35日,202.74548891261352,S29,202.74548891261352,0.0,0.0,0.6392530234349021,9.678290774804417,0.0926916883980608,557.0,0.945
purchase_maintenance_0.90_1.00,购置价×维护价,0.9,1.0,1.0,270.0,3.0,12.0,A9,S32,状态触发,堵塞损失≥20触发，维护后储备阈值50，冷却21日,54.092118930731,S33,54.224868890049265,0.13274995931826794,0.0024541460372122636,0.10933664611147696,5.846230467580674,0.5860444231575166,3271.0,0.0
purchase_maintenance_0.90_1.00,购置价×维护价,0.9,1.0,1.0,270.0,3.0,12.0,A10,S29,状态触发,堵塞损失≥10触发，维护后储备阈值50，冷却35日,347.01875020178863,S29,347.01875020178863,0.0,0.0,1.1792528976850805,9.540155942272301,0.0,308.0,1.0
purchase_maintenance_0.90_1.10,购置价×维护价,0.9,1.1,1.1,270.0,3.3000000000000003,13.200000000000001,A1,S32,状态触发,堵塞损失≥20触发，维护后储备阈值50，冷却21日,76.44809954955325,S32,76.44809954955325,0.0,0.0,0.19978831463992977,6.783812223598816,0.00899047415879684,1785.0,0.0
purchase_maintenance_0.90_1.10,购置价×维护价,0.9,1.1,1.1,270.0,3.3000000000000003,13.200000000000001,A2,S29,状态触发,堵塞损失≥10触发，维护后储备阈值50，冷却35日,177.10207394989422,S29,177.10207394989422,0.0,0.0,0.5255925057200005,9.98100168362281,0.1708175643590002,681.0,0.66
purchase_maintenance_0.90_1.10,购置价×维护价,0.9,1.1,1.1,270.0,3.3000000000000003,13.200000000000001,A3,S32,状态触发,堵塞损失≥20触发，维护后储备阈值50，冷却21日,66.21058168634347,S32,66.21058168634347,0.0,0.0,0.17037424025450018,5.916245492837518,0.05196414327762255,2093.0,0.0
purchase_maintenance_0.90_1.10,购置价×维护价,0.9,1.1,1.1,270.0,3.3000000000000003,13.200000000000001,A4,S36,状态触发,堵塞损失≥30触发，维护后储备阈值50，冷却21日,64.56480080955737,S32,64.80799474245994,0.24319393290257096,0.003766664341146261,0.1818516757488779,4.4244512709701995,0.06546660326959604,2002.0,0.0
purchase_maintenance_0.90_1.10,购置价×维护价,0.9,1.1,1.1,270.0,3.3000000000000003,13.200000000000001,A5,S32,状态触发,堵塞损失≥20触发，维护后储备阈值50，冷却21日,186.99707136170824,S32,186.99707136170824,0.0,0.0,0.6160449995361742,6.262097420285212,0.0,576.0,0.92
purchase_maintenance_0.90_1.10,购置价×维护价,0.9,1.1,1.1,270.0,3.3000000000000003,13.200000000000001,A6,S33,状态触发,堵塞损失≥20触发，维护后储备阈值50，冷却35日,86.27900715407716,S32,86.28427785590338,0.0052707018262196925,6.108904124044064e-05,0.2356200791528644,6.353495434356988,0.1284129431383111,1491.0,0.0
purchase_maintenance_0.90_1.10,购置价×维护价,0.9,1.1,1.1,270.0,3.3000000000000003,13.200000000000001,A7,S29,状态触发,堵塞损失≥10触发，维护后储备阈值50，冷却35日,114.44202856577468,S29,114.44202856577468,0.0,0.0,0.30115887418938586,9.737972196913791,0.07528971854734647,1262.0,0.005
purchase_maintenance_0.90_1.10,购置价×维护价,0.9,1.1,1.1,270.0,3.3000000000000003,13.200000000000001,A8,S29,状态触发,堵塞损失≥10触发，维护后储备阈值50，冷却35日,205.76020617113255,S29,205.76020617113255,0.0,0.0,0.6392530234349021,9.678290774804417,0.0926916883980608,557.0,0.945
purchase_maintenance_0.90_1.10,购置价×维护价,0.9,1.1,1.1,270.0,3.3000000000000003,13.200000000000001,A9,S32,状态触发,堵塞损失≥20触发，维护后储备阈值50，冷却21日,56.54924137879422,S33,56.6621354462279,0.11289406743367891,0.0019963851800850825,0.10933664611147696,5.846230467580674,0.5860444231575166,3271.0,0.0
purchase_maintenance_0.90_1.10,购置价×维护价,0.9,1.1,1.1,270.0,3.3000000000000003,13.200000000000001,A10,S29,状态触发,堵塞损失≥10触发，维护后储备阈值50，冷却35日,349.8807969844703,S29,349.8807969844703,0.0,0.0,1.1792528976850805,9.540155942272301,0.0,308.0,1.0
purchase_maintenance_0.90_1.20,购置价×维护价,0.9,1.2,1.2,270.0,3.5999999999999996,14.399999999999999,A1,S32,状态触发,堵塞损失≥20触发，维护后储备阈值50，冷却21日,78.49403178562343,S32,78.49403178562343,0.0,0.0,0.19978831463992977,6.783812223598816,0.00899047415879684,1785.0,0.0
purchase_maintenance_0.90_1.20,购置价×维护价,0.9,1.2,1.2,270.0,3.5999999999999996,14.399999999999999,A2,S29,状态触发,堵塞损失≥10触发，维护后储备阈值50，冷却35日,180.30135553221186,S29,180.30135553221186,0.0,0.0,0.5255925057200005,9.98100168362281,0.1708175643590002,681.0,0.66
purchase_maintenance_0.90_1.20,购置价×维护价,0.9,1.2,1.2,270.0,3.5999999999999996,14.399999999999999,A3,S32,状态触发,堵塞损失≥20触发，维护后储备阈值50，冷却21日,68.04781230612788,S32,68.04781230612788,0.0,0.0,0.17037424025450018,5.916245492837518,0.05196414327762255,2093.0,0.0
purchase_maintenance_0.90_1.20,购置价×维护价,0.9,1.2,1.2,270.0,3.5999999999999996,14.399999999999999,A4,S36,状态触发,堵塞损失≥30触发，维护后储备阈值50，冷却21日,65.97069611477193,S32,66.51171046392943,0.541014349157507,0.008200828261934393,0.1818516757488779,4.4244512709701995,0.06546660326959604,2002.0,0.0
purchase_maintenance_0.90_1.20,购置价×维护价,0.9,1.2,1.2,270.0,3.5999999999999996,14.399999999999999,A5,S32,状态触发,堵塞损失≥20触发，维护后储备阈值50，冷却21日,188.8757005877938,S32,188.8757005877938,0.0,0.0,0.6160449995361742,6.262097420285212,0.0,576.0,0.92
purchase_maintenance_0.90_1.20,购置价×维护价,0.9,1.2,1.2,270.0,3.5999999999999996,14.399999999999999,A6,S33,状态触发,堵塞损失≥20触发，维护后储备阈值50，冷却35日,88.33915131615021,S32,88.34506905516025,0.005917739010044443,6.698885966049075e-05,0.2356200791528644,6.353495434356988,0.1284129431383111,1491.0,0.0
purchase_maintenance_0.90_1.20,购置价×维护价,0.9,1.2,1.2,270.0,3.5999999999999996,14.399999999999999,A7,S29,状态触发,堵塞损失≥10触发，维护后储备阈值50，冷却35日,117.45376788710561,S29,117.45376788710561,0.0,0.0,0.30115887418938586,9.737972196913791,0.07528971854734647,1262.0,0.005
purchase_maintenance_0.90_1.20,购置价×维护价,0.9,1.2,1.2,270.0,3.5999999999999996,14.399999999999999,A8,S29,状态触发,堵塞损失≥10触发，维护后储备阈值50，冷却35日,208.77492342965155,S29,208.77492342965155,0.0,0.0,0.6392530234349021,9.678290774804417,0.0926916883980608,557.0,0.945
purchase_maintenance_0.90_1.20,购置价×维护价,0.9,1.2,1.2,270.0,3.5999999999999996,14.399999999999999,A9,S32,状态触发,堵塞损失≥20触发，维护后储备阈值50，冷却21日,59.006363826857445,S33,59.09940200240652,0.09303817554907567,0.001576748159267666,0.10933664611147696,5.846230467580674,0.5860444231575166,3271.0,0.0
purchase_maintenance_0.90_1.20,购置价×维护价,0.9,1.2,1.2,270.0,3.5999999999999996,14.399999999999999,A10,S29,状态触发,堵塞损失≥10触发，维护后储备阈值50，冷却35日,352.74284376715195,S29,352.74284376715195,0.0,0.0,1.1792528976850805,9.540155942272301,0.0,308.0,1.0
purchase_maintenance_0.90_1.30,购置价×维护价,0.9,1.3,1.3,270.0,3.9000000000000004,15.600000000000001,A1,S32,状态触发,堵塞损失≥20触发，维护后储备阈值50，冷却21日,80.53996402169366,S32,80.53996402169366,0.0,0.0,0.19978831463992977,6.783812223598816,0.00899047415879684,1785.0,0.0
purchase_maintenance_0.90_1.30,购置价×维护价,0.9,1.3,1.3,270.0,3.9000000000000004,15.600000000000001,A2,S29,状态触发,堵塞损失≥10触发，维护后储备阈值50，冷却35日,183.5006371145295,S29,183.5006371145295,0.0,0.0,0.5255925057200005,9.98100168362281,0.1708175643590002,681.0,0.66
purchase_maintenance_0.90_1.30,购置价×维护价,0.9,1.3,1.3,270.0,3.9000000000000004,15.600000000000001,A3,S32,状态触发,堵塞损失≥20触发，维护后储备阈值50，冷却21日,69.88504292591227,S32,69.88504292591227,0.0,0.0,0.17037424025450018,5.916245492837518,0.05196414327762255,2093.0,0.0
purchase_maintenance_0.90_1.30,购置价×维护价,0.9,1.3,1.3,270.0,3.9000000000000004,15.600000000000001,A4,S36,状态触发,堵塞损失≥30触发，维护后储备阈值50，冷却21日,67.37659141998651,S32,68.21542618539894,0.8388347654124289,0.01244994363374099,0.1818516757488779,4.4244512709701995,0.06546660326959604,2002.0,0.0
purchase_maintenance_0.90_1.30,购置价×维护价,0.9,1.3,1.3,270.0,3.9000000000000004,15.600000000000001,A5,S32,状态触发,堵塞损失≥20触发，维护后储备阈值50，冷却21日,190.75432981387937,S32,190.75432981387937,0.0,0.0,0.6160449995361742,6.262097420285212,0.0,576.0,0.92
purchase_maintenance_0.90_1.30,购置价×维护价,0.9,1.3,1.3,270.0,3.9000000000000004,15.600000000000001,A6,S33,状态触发,堵塞损失≥20触发，维护后储备阈值50，冷却35日,90.3992954782233,S32,90.40586025441715,0.006564776193854982,7.261977163789292e-05,0.2356200791528644,6.353495434356988,0.1284129431383111,1491.0,0.0
purchase_maintenance_0.90_1.30,购置价×维护价,0.9,1.3,1.3,270.0,3.9000000000000004,15.600000000000001,A7,S29,状态触发,堵塞损失≥10触发，维护后储备阈值50，冷却35日,120.46550720843658,S29,120.46550720843658,0.0,0.0,0.30115887418938586,9.737972196913791,0.07528971854734647,1262.0,0.005
purchase_maintenance_0.90_1.30,购置价×维护价,0.9,1.3,1.3,270.0,3.9000000000000004,15.600000000000001,A8,S29,状态触发,堵塞损失≥10触发，维护后储备阈值50，冷却35日,211.78964068817052,S29,211.78964068817052,0.0,0.0,0.6392530234349021,9.678290774804417,0.0926916883980608,557.0,0.945
purchase_maintenance_0.90_1.30,购置价×维护价,0.9,1.3,1.3,270.0,3.9000000000000004,15.600000000000001,A9,S32,状态触发,堵塞损失≥20触发，维护后储备阈值50，冷却21日,61.46348627492067,S33,61.536668558585156,0.07318228366448665,0.0011906627511682115,0.10933664611147696,5.846230467580674,0.5860444231575166,3271.0,0.0
purchase_maintenance_0.90_1.30,购置价×维护价,0.9,1.3,1.3,270.0,3.9000000000000004,15.600000000000001,A10,S29,状态触发,堵塞损失≥10触发，维护后储备阈值50，冷却35日,355.60489054983367,S29,355.60489054983367,0.0,0.0,1.1792528976850805,9.540155942272301,0.0,308.0,1.0
purchase_maintenance_0.90_1.40,购置价×维护价,0.9,1.4,1.4,270.0,4.199999999999999,16.799999999999997,A1,S32,状态触发,堵塞损失≥20触发，维护后储备阈值50，冷却21日,82.58589625776385,S32,82.58589625776385,0.0,0.0,0.19978831463992977,6.783812223598816,0.00899047415879684,1785.0,0.0
purchase_maintenance_0.90_1.40,购置价×维护价,0.9,1.4,1.4,270.0,4.199999999999999,16.799999999999997,A2,S29,状态触发,堵塞损失≥10触发，维护后储备阈值50，冷却35日,186.69991869684713,S29,186.69991869684713,0.0,0.0,0.5255925057200005,9.98100168362281,0.1708175643590002,681.0,0.66
purchase_maintenance_0.90_1.40,购置价×维护价,0.9,1.4,1.4,270.0,4.199999999999999,16.799999999999997,A3,S32,状态触发,堵塞损失≥20触发，维护后储备阈值50，冷却21日,71.72227354569668,S32,71.72227354569668,0.0,0.0,0.17037424025450018,5.916245492837518,0.05196414327762255,2093.0,0.0
purchase_maintenance_0.90_1.40,购置价×维护价,0.9,1.4,1.4,270.0,4.199999999999999,16.799999999999997,A4,S36,状态触发,堵塞损失≥30触发，维护后储备阈值50，冷却21日,68.78248672520107,S32,69.91914190686843,1.136655181667365,0.016525357482472473,0.1818516757488779,4.4244512709701995,0.06546660326959604,2002.0,0.0
purchase_maintenance_0.90_1.40,购置价×维护价,0.9,1.4,1.4,270.0,4.199999999999999,16.799999999999997,A5,S32,状态触发,堵塞损失≥20触发，维护后储备阈值50，冷却21日,192.6329590399649,S32,192.6329590399649,0.0,0.0,0.6160449995361742,6.262097420285212,0.0,576.0,0.92
purchase_maintenance_0.90_1.40,购置价×维护价,0.9,1.4,1.4,270.0,4.199999999999999,16.799999999999997,A6,S33,状态触发,堵塞损失≥20触发，维护后储备阈值50，冷却35日,92.45943964029635,S32,92.466651453674,0.0072118133776513105,7.799975216925503e-05,0.2356200791528644,6.353495434356988,0.1284129431383111,1491.0,0.0
purchase_maintenance_0.90_1.40,购置价×维护价,0.9,1.4,1.4,270.0,4.199999999999999,16.799999999999997,A7,S29,状态触发,堵塞损失≥10触发，维护后储备阈值50，冷却35日,123.47724652976753,S29,123.47724652976753,0.0,0.0,0.30115887418938586,9.737972196913791,0.07528971854734647,1262.0,0.005
purchase_maintenance_0.90_1.40,购置价×维护价,0.9,1.4,1.4,270.0,4.199999999999999,16.799999999999997,A8,S29,状态触发,堵塞损失≥10触发，维护后储备阈值50，冷却35日,214.80435794668952,S29,214.80435794668952,0.0,0.0,0.6392530234349021,9.678290774804417,0.0926916883980608,557.0,0.945
purchase_maintenance_0.90_1.40,购置价×维护价,0.9,1.4,1.4,270.0,4.199999999999999,16.799999999999997,A9,S32,状态触发,堵塞损失≥20触发，维护后储备阈值50，冷却21日,63.92060872298388,S33,63.973935114763776,0.05332639177989762,0.0008342597613705624,0.10933664611147696,5.846230467580674,0.5860444231575166,3271.0,0.0
purchase_maintenance_0.90_1.40,购置价×维护价,0.9,1.4,1.4,270.0,4.199999999999999,16.799999999999997,A10,S29,状态触发,堵塞损失≥10触发，维护后储备阈值50，冷却35日,358.4669373325154,S29,358.4669373325154,0.0,0.0,1.1792528976850805,9.540155942272301,0.0,308.0,1.0
purchase_maintenance_0.90_1.50,购置价×维护价,0.9,1.5,1.5,270.0,4.5,18.0,A1,S36,状态触发,堵塞损失≥30触发，维护后储备阈值50，冷却21日,84.56573700854368,S32,84.63182849383405,0.06609148529037157,0.0007815397539040468,0.2187577673231895,5.6319187197355145,0.00875031069292758,1637.0,0.0
purchase_maintenance_0.90_1.50,购置价×维护价,0.9,1.5,1.5,270.0,4.5,18.0,A2,S29,状态触发,堵塞损失≥10触发，维护后储备阈值50，冷却35日,189.89920027916477,S29,189.89920027916477,0.0,0.0,0.5255925057200005,9.98100168362281,0.1708175643590002,681.0,0.66
purchase_maintenance_0.90_1.50,购置价×维护价,0.9,1.5,1.5,270.0,4.5,18.0,A3,S32,状态触发,堵塞损失≥20触发，维护后储备阈值50，冷却21日,73.55950416548109,S32,73.55950416548109,0.0,0.0,0.17037424025450018,5.916245492837518,0.05196414327762255,2093.0,0.0
purchase_maintenance_0.90_1.50,购置价×维护价,0.9,1.5,1.5,270.0,4.5,18.0,A4,S36,状态触发,堵塞损失≥30触发，维护后储备阈值50，冷却21日,70.18838203041567,S32,71.62285762833793,1.4344755979222583,0.020437507696083348,0.1818516757488779,4.4244512709701995,0.06546660326959604,2002.0,0.0
purchase_maintenance_0.90_1.50,购置价×维护价,0.9,1.5,1.5,270.0,4.5,18.0,A5,S32,状态触发,堵塞损失≥20触发，维护后储备阈值50，冷却21日,194.51158826605047,S32,194.51158826605047,0.0,0.0,0.6160449995361742,6.262097420285212,0.0,576.0,0.92
purchase_maintenance_0.90_1.50,购置价×维护价,0.9,1.5,1.5,270.0,4.5,18.0,A6,S33,状态触发,堵塞损失≥20触发，维护后储备阈值50，冷却35日,94.51958380236944,S32,94.52744265293087,0.007858850561433428,8.314520912264556e-05,0.2356200791528644,6.353495434356988,0.1284129431383111,1491.0,0.0
purchase_maintenance_0.90_1.50,购置价×维护价,0.9,1.5,1.5,270.0,4.5,18.0,A7,S29,状态触发,堵塞损失≥10触发，维护后储备阈值50，冷却35日,126.48898585109848,S29,126.48898585109848,0.0,0.0,0.30115887418938586,9.737972196913791,0.07528971854734647,1262.0,0.005
purchase_maintenance_0.90_1.50,购置价×维护价,0.9,1.5,1.5,270.0,4.5,18.0,A8,S29,状态触发,堵塞损失≥10触发，维护后储备阈值50，冷却35日,217.81907520520855,S29,217.81907520520855,0.0,0.0,0.6392530234349021,9.678290774804417,0.0926916883980608,557.0,0.945
purchase_maintenance_0.90_1.50,购置价×维护价,0.9,1.5,1.5,270.0,4.5,18.0,A9,S32,状态触发,堵塞损失≥20触发，维护后储备阈值50，冷却21日,66.37773117104712,S33,66.4112016709424,0.033470499895287276,0.0005042429035279616,0.10933664611147696,5.846230467580674,0.5860444231575166,3271.0,0.0
purchase_maintenance_0.90_1.50,购置价×维护价,0.9,1.5,1.5,270.0,4.5,18.0,A10,S29,状态触发,堵塞损失≥10触发，维护后储备阈值50，冷却35日,361.32898411519704,S29,361.32898411519704,0.0,0.0,1.1792528976850805,9.540155942272301,0.0,308.0,1.0
purchase_maintenance_1.00_0.50,购置价×维护价,1.0,0.5,0.5,300.0,1.5,6.0,A1,S32,状态触发,堵塞损失≥20触发，维护后储备阈值50，冷却21日,70.16615557232994,S32,70.16615557232994,0.0,0.0,0.19978831463992977,6.783812223598816,0.00899047415879684,1785.0,0.0
purchase_maintenance_1.00_0.50,购置价×维护价,1.0,0.5,0.5,300.0,1.5,6.0,A2,S28,状态触发,堵塞损失≥10触发，维护后储备阈值50，冷却21日,173.56486454347316,S29,173.67415962758835,0.10929508411518896,0.0006297074261122336,0.5186110736420625,11.987694967236276,0.0,692.0,0.635
purchase_maintenance_1.00_0.50,购置价×维护价,1.0,0.5,0.5,300.0,1.5,6.0,A3,S32,状态触发,堵塞损失≥20触发，维护后储备阈值50，冷却21日,60.298425175272065,S32,60.298425175272065,0.0,0.0,0.17037424025450018,5.916245492837518,0.05196414327762255,2093.0,0.0
purchase_maintenance_1.00_0.50,购置价×维护价,1.0,0.5,0.5,300.0,1.5,6.0,A4,S32,状态触发,堵塞损失≥20触发，维护后储备阈值50，冷却21日,59.704269503231366,S32,59.704269503231366,0.0,0.0,0.1706189696529463,5.484546779493959,0.048626406351089696,2060.0,0.0
purchase_maintenance_1.00_0.50,购置价×维护价,1.0,0.5,0.5,300.0,1.5,6.0,A5,S29,状态触发,堵塞损失≥10触发，维护后储备阈值50，冷却35日,190.5065114514847,S32,194.20664599128008,3.7001345397953855,0.019422614542693357,0.5864219829973749,9.71994436818149,0.0,604.0,0.87
purchase_maintenance_1.00_0.50,购置价×维护价,1.0,0.5,0.5,300.0,1.5,6.0,A6,S33,状态触发,堵塞损失≥20触发，维护后储备阈值50，冷却35日,80.98674455622466,S32,80.98792784525966,0.0011832890349978697,1.4610897641111836e-05,0.2356200791528644,6.353495434356988,0.1284129431383111,1491.0,0.0
purchase_maintenance_1.00_0.50,购置价×维护价,1.0,0.5,0.5,300.0,1.5,6.0,A7,S29,状态触发,堵塞损失≥10触发，维护后储备阈值50，冷却35日,105.40635886347052,S29,105.40635886347052,0.0,0.0,0.30115887418938586,9.737972196913791,0.07528971854734647,1262.0,0.005
purchase_maintenance_1.00_0.50,购置价×维护价,1.0,0.5,0.5,300.0,1.5,6.0,A8,S29,状态触发,堵塞损失≥10触发，维护后储备阈值50，冷却35日,206.84949332306562,S29,206.84949332306562,0.0,0.0,0.6392530234349021,9.678290774804417,0.0926916883980608,557.0,0.945
purchase_maintenance_1.00_0.50,购置价×维护价,1.0,0.5,0.5,300.0,1.5,6.0,A9,S32,状态触发,堵塞损失≥20触发，维护后储备阈值50，冷却21日,45.08660607375919,S33,45.35544759007424,0.2688415163150495,0.005962780074313858,0.10933664611147696,5.846230467580674,0.5860444231575166,3271.0,0.0
purchase_maintenance_1.00_0.50,购置价×维护价,1.0,0.5,0.5,300.0,1.5,6.0,A10,S28,状态触发,堵塞损失≥10触发，维护后储备阈值50，冷却21日,368.0290952258521,S29,368.0861032189326,0.05700799308050364,0.00015490077773747473,1.1738522601275891,10.582278125050218,0.0,308.0,1.0
purchase_maintenance_1.00_0.60,购置价×维护价,1.0,0.6,0.6,300.0,1.7999999999999998,7.199999999999999,A1,S32,状态触发,堵塞损失≥20触发，维护后储备阈值50，冷却21日,72.21208780840014,S32,72.21208780840014,0.0,0.0,0.19978831463992977,6.783812223598816,0.00899047415879684,1785.0,0.0
purchase_maintenance_1.00_0.60,购置价×维护价,1.0,0.6,0.6,300.0,1.7999999999999998,7.199999999999999,A2,S29,状态触发,堵塞损失≥10触发，维护后储备阈值50，冷却35日,176.873441209906,S29,176.873441209906,0.0,0.0,0.5255925057200005,9.98100168362281,0.1708175643590002,681.0,0.66
purchase_maintenance_1.00_0.60,购置价×维护价,1.0,0.6,0.6,300.0,1.7999999999999998,7.199999999999999,A3,S32,状态触发,堵塞损失≥20触发，维护后储备阈值50，冷却21日,62.13565579505647,S32,62.13565579505647,0.0,0.0,0.17037424025450018,5.916245492837518,0.05196414327762255,2093.0,0.0
purchase_maintenance_1.00_0.60,购置价×维护价,1.0,0.6,0.6,300.0,1.7999999999999998,7.199999999999999,A4,S32,状态触发,堵塞损失≥20触发，维护后储备阈值50，冷却21日,61.40798522470086,S32,61.40798522470086,0.0,0.0,0.1706189696529463,5.484546779493959,0.048626406351089696,2060.0,0.0
purchase_maintenance_1.00_0.60,购置价×维护价,1.0,0.6,0.6,300.0,1.7999999999999998,7.199999999999999,A5,S29,状态触发,堵塞损失≥10触发，维护后储备阈值50，冷却35日,193.42249476193913,S32,196.08527521736565,2.662780455426514,0.013766653453125064,0.5864219829973749,9.71994436818149,0.0,604.0,0.87
purchase_maintenance_1.00_0.60,购置价×维护价,1.0,0.6,0.6,300.0,1.7999999999999998,7.199999999999999,A6,S33,状态触发,堵塞损失≥20触发，维护后储备阈值50，冷却35日,83.04688871829772,S32,83.04871904451655,0.00183032621882262,2.203967237148698e-05,0.2356200791528644,6.353495434356988,0.1284129431383111,1491.0,0.0
purchase_maintenance_1.00_0.60,购置价×维护价,1.0,0.6,0.6,300.0,1.7999999999999998,7.199999999999999,A7,S29,状态触发,堵塞损失≥10触发，维护后储备阈值50，冷却35日,108.41809818480147,S29,108.41809818480147,0.0,0.0,0.30115887418938586,9.737972196913791,0.07528971854734647,1262.0,0.005
purchase_maintenance_1.00_0.60,购置价×维护价,1.0,0.6,0.6,300.0,1.7999999999999998,7.199999999999999,A8,S29,状态触发,堵塞损失≥10触发，维护后储备阈值50，冷却35日,209.86421058158462,S29,209.86421058158462,0.0,0.0,0.6392530234349021,9.678290774804417,0.0926916883980608,557.0,0.945
purchase_maintenance_1.00_0.60,购置价×维护价,1.0,0.6,0.6,300.0,1.7999999999999998,7.199999999999999,A9,S32,状态触发,堵塞损失≥20触发，维护后储备阈值50，冷却21日,47.543728521822416,S33,47.79271414625286,0.24898562443044625,0.005236981452057607,0.10933664611147696,5.846230467580674,0.5860444231575166,3271.0,0.0
purchase_maintenance_1.00_0.60,购置价×维护价,1.0,0.6,0.6,300.0,1.7999999999999998,7.199999999999999,A10,S29,状态触发,堵塞损失≥10触发，维护后储备阈值50，冷却35日,370.94815000161424,S29,370.94815000161424,0.0,0.0,1.1792528976850805,9.540155942272301,0.0,308.0,1.0
purchase_maintenance_1.00_0.70,购置价×维护价,1.0,0.7,0.7,300.0,2.0999999999999996,8.399999999999999,A1,S32,状态触发,堵塞损失≥20触发，维护后储备阈值50，冷却21日,74.25802004447034,S32,74.25802004447034,0.0,0.0,0.19978831463992977,6.783812223598816,0.00899047415879684,1785.0,0.0
purchase_maintenance_1.00_0.70,购置价×维护价,1.0,0.7,0.7,300.0,2.0999999999999996,8.399999999999999,A2,S29,状态触发,堵塞损失≥10触发，维护后储备阈值50，冷却35日,180.0727227922237,S29,180.0727227922237,0.0,0.0,0.5255925057200005,9.98100168362281,0.1708175643590002,681.0,0.66
purchase_maintenance_1.00_0.70,购置价×维护价,1.0,0.7,0.7,300.0,2.0999999999999996,8.399999999999999,A3,S32,状态触发,堵塞损失≥20触发，维护后储备阈值50，冷却21日,63.97288641484087,S32,63.97288641484087,0.0,0.0,0.17037424025450018,5.916245492837518,0.05196414327762255,2093.0,0.0
purchase_maintenance_1.00_0.70,购置价×维护价,1.0,0.7,0.7,300.0,2.0999999999999996,8.399999999999999,A4,S32,状态触发,堵塞损失≥20触发，维护后储备阈值50，冷却21日,63.11170094617035,S32,63.11170094617035,0.0,0.0,0.1706189696529463,5.484546779493959,0.048626406351089696,2060.0,0.0
purchase_maintenance_1.00_0.70,购置价×维护价,1.0,0.7,0.7,300.0,2.0999999999999996,8.399999999999999,A5,S29,状态触发,堵塞损失≥10触发，维护后储备阈值50，冷却35日,196.3384780723936,S32,197.9639044434512,1.625426371057614,0.008278694971131892,0.5864219829973749,9.71994436818149,0.0,604.0,0.87
purchase_maintenance_1.00_0.70,购置价×维护价,1.0,0.7,0.7,300.0,2.0999999999999996,8.399999999999999,A6,S33,状态触发,堵塞损失≥20触发，维护后储备阈值50，冷却35日,85.1070328803708,S32,85.10951024377341,0.0024773634026189484,2.9108797695969622e-05,0.2356200791528644,6.353495434356988,0.1284129431383111,1491.0,0.0
purchase_maintenance_1.00_0.70,购置价×维护价,1.0,0.7,0.7,300.0,2.0999999999999996,8.399999999999999,A7,S29,状态触发,堵塞损失≥10触发，维护后储备阈值50，冷却35日,111.42983750613242,S29,111.42983750613242,0.0,0.0,0.30115887418938586,9.737972196913791,0.07528971854734647,1262.0,0.005
purchase_maintenance_1.00_0.70,购置价×维护价,1.0,0.7,0.7,300.0,2.0999999999999996,8.399999999999999,A8,S29,状态触发,堵塞损失≥10触发，维护后储备阈值50，冷却35日,212.8789278401036,S29,212.8789278401036,0.0,0.0,0.6392530234349021,9.678290774804417,0.0926916883980608,557.0,0.945
purchase_maintenance_1.00_0.70,购置价×维护价,1.0,0.7,0.7,300.0,2.0999999999999996,8.399999999999999,A9,S32,状态触发,堵塞损失≥20触发，维护后储备阈值50，冷却21日,50.00085096988563,S33,50.22998070243149,0.22912973254585722,0.0045825166592435955,0.10933664611147696,5.846230467580674,0.5860444231575166,3271.0,0.0
purchase_maintenance_1.00_0.70,购置价×维护价,1.0,0.7,0.7,300.0,2.0999999999999996,8.399999999999999,A10,S29,状态触发,堵塞损失≥10触发，维护后储备阈值50，冷却35日,373.81019678429595,S29,373.81019678429595,0.0,0.0,1.1792528976850805,9.540155942272301,0.0,308.0,1.0
purchase_maintenance_1.00_0.80,购置价×维护价,1.0,0.8,0.8,300.0,2.4000000000000004,9.600000000000001,A1,S32,状态触发,堵塞损失≥20触发，维护后储备阈值50，冷却21日,76.30395228054054,S32,76.30395228054054,0.0,0.0,0.19978831463992977,6.783812223598816,0.00899047415879684,1785.0,0.0
purchase_maintenance_1.00_0.80,购置价×维护价,1.0,0.8,0.8,300.0,2.4000000000000004,9.600000000000001,A2,S29,状态触发,堵塞损失≥10触发，维护后储备阈值50，冷却35日,183.27200437454132,S29,183.27200437454132,0.0,0.0,0.5255925057200005,9.98100168362281,0.1708175643590002,681.0,0.66
purchase_maintenance_1.00_0.80,购置价×维护价,1.0,0.8,0.8,300.0,2.4000000000000004,9.600000000000001,A3,S32,状态触发,堵塞损失≥20触发，维护后储备阈值50，冷却21日,65.81011703462526,S32,65.81011703462526,0.0,0.0,0.17037424025450018,5.916245492837518,0.05196414327762255,2093.0,0.0
purchase_maintenance_1.00_0.80,购置价×维护价,1.0,0.8,0.8,300.0,2.4000000000000004,9.600000000000001,A4,S32,状态触发,堵塞损失≥20触发，维护后储备阈值50，冷却21日,64.81541666763985,S32,64.81541666763985,0.0,0.0,0.1706189696529463,5.484546779493959,0.048626406351089696,2060.0,0.0
purchase_maintenance_1.00_0.80,购置价×维护价,1.0,0.8,0.8,300.0,2.4000000000000004,9.600000000000001,A5,S29,状态触发,堵塞损失≥10触发，维护后储备阈值50，冷却35日,199.25446138284804,S32,199.84253366953678,0.5880722866887425,0.00295136320967398,0.5864219829973749,9.71994436818149,0.0,604.0,0.87
purchase_maintenance_1.00_0.80,购置价×维护价,1.0,0.8,0.8,300.0,2.4000000000000004,9.600000000000001,A6,S33,状态触发,堵塞损失≥20触发，维护后储备阈值50，冷却35日,87.16717704244388,S32,87.17030144303028,0.003124400586401066,3.5843773911362494e-05,0.2356200791528644,6.353495434356988,0.1284129431383111,1491.0,0.0
purchase_maintenance_1.00_0.80,购置价×维护价,1.0,0.8,0.8,300.0,2.4000000000000004,9.600000000000001,A7,S29,状态触发,堵塞损失≥10触发，维护后储备阈值50，冷却35日,114.44157682746338,S29,114.44157682746338,0.0,0.0,0.30115887418938586,9.737972196913791,0.07528971854734647,1262.0,0.005
purchase_maintenance_1.00_0.80,购置价×维护价,1.0,0.8,0.8,300.0,2.4000000000000004,9.600000000000001,A8,S29,状态触发,堵塞损失≥10触发，维护后储备阈值50，冷却35日,215.8936450986226,S29,215.8936450986226,0.0,0.0,0.6392530234349021,9.678290774804417,0.0926916883980608,557.0,0.945
purchase_maintenance_1.00_0.80,购置价×维护价,1.0,0.8,0.8,300.0,2.4000000000000004,9.600000000000001,A9,S32,状态触发,堵塞损失≥20触发，维护后储备阈值50，冷却21日,52.45797341794887,S33,52.667247258610125,0.20927384066125398,0.003989361902982882,0.10933664611147696,5.846230467580674,0.5860444231575166,3271.0,0.0
purchase_maintenance_1.00_0.80,购置价×维护价,1.0,0.8,0.8,300.0,2.4000000000000004,9.600000000000001,A10,S29,状态触发,堵塞损失≥10触发，维护后储备阈值50，冷却35日,376.6722435669776,S29,376.6722435669776,0.0,0.0,1.1792528976850805,9.540155942272301,0.0,308.0,1.0
purchase_maintenance_1.00_0.90,购置价×维护价,1.0,0.9,0.9,300.0,2.7,10.8,A1,S32,状态触发,堵塞损失≥20触发，维护后储备阈值50，冷却21日,78.34988451661074,S32,78.34988451661074,0.0,0.0,0.19978831463992977,6.783812223598816,0.00899047415879684,1785.0,0.0
purchase_maintenance_1.00_0.90,购置价×维护价,1.0,0.9,0.9,300.0,2.7,10.8,A2,S29,状态触发,堵塞损失≥10触发，维护后储备阈值50，冷却35日,186.47128595685896,S29,186.47128595685896,0.0,0.0,0.5255925057200005,9.98100168362281,0.1708175643590002,681.0,0.66
purchase_maintenance_1.00_0.90,购置价×维护价,1.0,0.9,0.9,300.0,2.7,10.8,A3,S32,状态触发,堵塞损失≥20触发，维护后储备阈值50，冷却21日,67.64734765440969,S32,67.64734765440969,0.0,0.0,0.17037424025450018,5.916245492837518,0.05196414327762255,2093.0,0.0
purchase_maintenance_1.00_0.90,购置价×维护价,1.0,0.9,0.9,300.0,2.7,10.8,A4,S32,状态触发,堵塞损失≥20触发，维护后储备阈值50，冷却21日,66.51913238910934,S32,66.51913238910934,0.0,0.0,0.1706189696529463,5.484546779493959,0.048626406351089696,2060.0,0.0
purchase_maintenance_1.00_0.90,购置价×维护价,1.0,0.9,0.9,300.0,2.7,10.8,A5,S32,状态触发,堵塞损失≥20触发，维护后储备阈值50，冷却21日,201.72116289562234,S32,201.72116289562234,0.0,0.0,0.6160449995361742,6.262097420285212,0.0,576.0,0.92
purchase_maintenance_1.00_0.90,购置价×维护价,1.0,0.9,0.9,300.0,2.7,10.8,A6,S33,状态触发,堵塞损失≥20触发，维护后储备阈值50，冷却35日,89.22732120451695,S32,89.23109264228717,0.0037714377702116053,4.226774623847705e-05,0.2356200791528644,6.353495434356988,0.1284129431383111,1491.0,0.0
purchase_maintenance_1.00_0.90,购置价×维护价,1.0,0.9,0.9,300.0,2.7,10.8,A7,S29,状态触发,堵塞损失≥10触发，维护后储备阈值50，冷却35日,117.45331614879434,S29,117.45331614879434,0.0,0.0,0.30115887418938586,9.737972196913791,0.07528971854734647,1262.0,0.005
purchase_maintenance_1.00_0.90,购置价×维护价,1.0,0.9,0.9,300.0,2.7,10.8,A8,S29,状态触发,堵塞损失≥10触发，维护后储备阈值50，冷却35日,218.9083623571416,S29,218.9083623571416,0.0,0.0,0.6392530234349021,9.678290774804417,0.0926916883980608,557.0,0.945
purchase_maintenance_1.00_0.90,购置价×维护价,1.0,0.9,0.9,300.0,2.7,10.8,A9,S32,状态触发,堵塞损失≥20触发，维护后储备阈值50，冷却21日,54.91509586601209,S33,55.10451381478875,0.18941794877666496,0.0034492874097648446,0.10933664611147696,5.846230467580674,0.5860444231575166,3271.0,0.0
purchase_maintenance_1.00_0.90,购置价×维护价,1.0,0.9,0.9,300.0,2.7,10.8,A10,S29,状态触发,堵塞损失≥10触发，维护后储备阈值50，冷却35日,379.53429034965933,S29,379.53429034965933,0.0,0.0,1.1792528976850805,9.540155942272301,0.0,308.0,1.0
purchase_maintenance_1.00_1.00,购置价×维护价,1.0,1.0,1.0,300.0,3.0,12.0,A1,S32,状态触发,堵塞损失≥20触发，维护后储备阈值50，冷却21日,80.39581675268094,S32,80.39581675268094,0.0,0.0,0.19978831463992977,6.783812223598816,0.00899047415879684,1785.0,0.0
purchase_maintenance_1.00_1.00,购置价×维护价,1.0,1.0,1.0,300.0,3.0,12.0,A2,S29,状态触发,堵塞损失≥10触发，维护后储备阈值50，冷却35日,189.6705675391766,S29,189.6705675391766,0.0,0.0,0.5255925057200005,9.98100168362281,0.1708175643590002,681.0,0.66
purchase_maintenance_1.00_1.00,购置价×维护价,1.0,1.0,1.0,300.0,3.0,12.0,A3,S32,状态触发,堵塞损失≥20触发，维护后储备阈值50，冷却21日,69.48457827419408,S32,69.48457827419408,0.0,0.0,0.17037424025450018,5.916245492837518,0.05196414327762255,2093.0,0.0
purchase_maintenance_1.00_1.00,购置价×维护价,1.0,1.0,1.0,300.0,3.0,12.0,A4,S32,状态触发,堵塞损失≥20触发，维护后储备阈值50，冷却21日,68.22284811057884,S32,68.22284811057884,0.0,0.0,0.1706189696529463,5.484546779493959,0.048626406351089696,2060.0,0.0
purchase_maintenance_1.00_1.00,购置价×维护价,1.0,1.0,1.0,300.0,3.0,12.0,A5,S32,状态触发,堵塞损失≥20触发，维护后储备阈值50，冷却21日,203.5997921217079,S32,203.5997921217079,0.0,0.0,0.6160449995361742,6.262097420285212,0.0,576.0,0.92
purchase_maintenance_1.00_1.00,购置价×维护价,1.0,1.0,1.0,300.0,3.0,12.0,A6,S33,状态触发,堵塞损失≥20触发，维护后储备阈值50，冷却35日,91.28746536659001,S32,91.29188384154403,0.004418474954022145,4.840177056377389e-05,0.2356200791528644,6.353495434356988,0.1284129431383111,1491.0,0.0
purchase_maintenance_1.00_1.00,购置价×维护价,1.0,1.0,1.0,300.0,3.0,12.0,A7,S29,状态触发,堵塞损失≥10触发，维护后储备阈值50，冷却35日,120.4650554701253,S29,120.4650554701253,0.0,0.0,0.30115887418938586,9.737972196913791,0.07528971854734647,1262.0,0.005
purchase_maintenance_1.00_1.00,购置价×维护价,1.0,1.0,1.0,300.0,3.0,12.0,A8,S29,状态触发,堵塞损失≥10触发，维护后储备阈值50，冷却35日,221.92307961566058,S29,221.92307961566058,0.0,0.0,0.6392530234349021,9.678290774804417,0.0926916883980608,557.0,0.945
purchase_maintenance_1.00_1.00,购置价×维护价,1.0,1.0,1.0,300.0,3.0,12.0,A9,S32,状态触发,堵塞损失≥20触发，维护后储备阈值50，冷却21日,57.372218314075305,S33,57.54178037096737,0.16956205689206882,0.002955473256478034,0.10933664611147696,5.846230467580674,0.5860444231575166,3271.0,0.0
purchase_maintenance_1.00_1.00,购置价×维护价,1.0,1.0,1.0,300.0,3.0,12.0,A10,S29,状态触发,堵塞损失≥10触发，维护后储备阈值50，冷却35日,382.39633713234105,S29,382.39633713234105,0.0,0.0,1.1792528976850805,9.540155942272301,0.0,308.0,1.0
purchase_maintenance_1.00_1.10,购置价×维护价,1.0,1.1,1.1,300.0,3.3000000000000003,13.200000000000001,A1,S32,状态触发,堵塞损失≥20触发，维护后储备阈值50，冷却21日,82.44174898875114,S32,82.44174898875114,0.0,0.0,0.19978831463992977,6.783812223598816,0.00899047415879684,1785.0,0.0
purchase_maintenance_1.00_1.10,购置价×维护价,1.0,1.1,1.1,300.0,3.3000000000000003,13.200000000000001,A2,S29,状态触发,堵塞损失≥10触发，维护后储备阈值50，冷却35日,192.86984912149424,S29,192.86984912149424,0.0,0.0,0.5255925057200005,9.98100168362281,0.1708175643590002,681.0,0.66
purchase_maintenance_1.00_1.10,购置价×维护价,1.0,1.1,1.1,300.0,3.3000000000000003,13.200000000000001,A3,S32,状态触发,堵塞损失≥20触发，维护后储备阈值50，冷却21日,71.32180889397848,S32,71.32180889397848,0.0,0.0,0.17037424025450018,5.916245492837518,0.05196414327762255,2093.0,0.0
purchase_maintenance_1.00_1.10,购置价×维护价,1.0,1.1,1.1,300.0,3.3000000000000003,13.200000000000001,A4,S32,状态触发,堵塞损失≥20触发，维护后储备阈值50，冷却21日,69.92656383204833,S32,69.92656383204833,0.0,0.0,0.1706189696529463,5.484546779493959,0.048626406351089696,2060.0,0.0
purchase_maintenance_1.00_1.10,购置价×维护价,1.0,1.1,1.1,300.0,3.3000000000000003,13.200000000000001,A5,S32,状态触发,堵塞损失≥20触发，维护后储备阈值50，冷却21日,205.47842134779347,S32,205.47842134779347,0.0,0.0,0.6160449995361742,6.262097420285212,0.0,576.0,0.92
purchase_maintenance_1.00_1.10,购置价×维护价,1.0,1.1,1.1,300.0,3.3000000000000003,13.200000000000001,A6,S33,状态触发,堵塞损失≥20触发，维护后储备阈值50，冷却35日,93.3476095286631,S32,93.35267504080092,0.005065512137818473,5.4265043994116086e-05,0.2356200791528644,6.353495434356988,0.1284129431383111,1491.0,0.0
purchase_maintenance_1.00_1.10,购置价×维护价,1.0,1.1,1.1,300.0,3.3000000000000003,13.200000000000001,A7,S29,状态触发,堵塞损失≥10触发，维护后储备阈值50，冷却35日,123.47679479145623,S29,123.47679479145623,0.0,0.0,0.30115887418938586,9.737972196913791,0.07528971854734647,1262.0,0.005
purchase_maintenance_1.00_1.10,购置价×维护价,1.0,1.1,1.1,300.0,3.3000000000000003,13.200000000000001,A8,S29,状态触发,堵塞损失≥10触发，维护后储备阈值50，冷却35日,224.9377968741796,S29,224.9377968741796,0.0,0.0,0.6392530234349021,9.678290774804417,0.0926916883980608,557.0,0.945
purchase_maintenance_1.00_1.10,购置价×维护价,1.0,1.1,1.1,300.0,3.3000000000000003,13.200000000000001,A9,S32,状态触发,堵塞损失≥20触发，维护后储备阈值50，冷却21日,59.82934076213853,S33,59.97904692714601,0.1497061650074798,0.0025022198657120675,0.10933664611147696,5.846230467580674,0.5860444231575166,3271.0,0.0
purchase_maintenance_1.00_1.10,购置价×维护价,1.0,1.1,1.1,300.0,3.3000000000000003,13.200000000000001,A10,S29,状态触发,堵塞损失≥10触发，维护后储备阈值50，冷却35日,385.2583839150227,S29,385.2583839150227,0.0,0.0,1.1792528976850805,9.540155942272301,0.0,308.0,1.0
purchase_maintenance_1.00_1.20,购置价×维护价,1.0,1.2,1.2,300.0,3.5999999999999996,14.399999999999999,A1,S32,状态触发,堵塞损失≥20触发，维护后储备阈值50，冷却21日,84.48768122482133,S32,84.48768122482133,0.0,0.0,0.19978831463992977,6.783812223598816,0.00899047415879684,1785.0,0.0
purchase_maintenance_1.00_1.20,购置价×维护价,1.0,1.2,1.2,300.0,3.5999999999999996,14.399999999999999,A2,S29,状态触发,堵塞损失≥10触发，维护后储备阈值50，冷却35日,196.06913070381188,S29,196.06913070381188,0.0,0.0,0.5255925057200005,9.98100168362281,0.1708175643590002,681.0,0.66
purchase_maintenance_1.00_1.20,购置价×维护价,1.0,1.2,1.2,300.0,3.5999999999999996,14.399999999999999,A3,S32,状态触发,堵塞损失≥20触发，维护后储备阈值50，冷却21日,73.15903951376289,S32,73.15903951376289,0.0,0.0,0.17037424025450018,5.916245492837518,0.05196414327762255,2093.0,0.0
purchase_maintenance_1.00_1.20,购置价×维护价,1.0,1.2,1.2,300.0,3.5999999999999996,14.399999999999999,A4,S36,状态触发,堵塞损失≥30触发，维护后储备阈值50，冷却21日,71.42624638723827,S32,71.63027955351782,0.20403316627955803,0.002856557310507257,0.1818516757488779,4.4244512709701995,0.06546660326959604,2002.0,0.0
purchase_maintenance_1.00_1.20,购置价×维护价,1.0,1.2,1.2,300.0,3.5999999999999996,14.399999999999999,A5,S32,状态触发,堵塞损失≥20触发，维护后储备阈值50，冷却21日,207.357050573879,S32,207.357050573879,0.0,0.0,0.6160449995361742,6.262097420285212,0.0,576.0,0.92
purchase_maintenance_1.00_1.20,购置价×维护价,1.0,1.2,1.2,300.0,3.5999999999999996,14.399999999999999,A6,S33,状态触发,堵塞损失≥20触发，维护后储备阈值50，冷却35日,95.40775369073614,S32,95.41346624005779,0.005712549321643223,5.987510554079734e-05,0.2356200791528644,6.353495434356988,0.1284129431383111,1491.0,0.0
purchase_maintenance_1.00_1.20,购置价×维护价,1.0,1.2,1.2,300.0,3.5999999999999996,14.399999999999999,A7,S29,状态触发,堵塞损失≥10触发，维护后储备阈值50，冷却35日,126.48853411278719,S29,126.48853411278719,0.0,0.0,0.30115887418938586,9.737972196913791,0.07528971854734647,1262.0,0.005
purchase_maintenance_1.00_1.20,购置价×维护价,1.0,1.2,1.2,300.0,3.5999999999999996,14.399999999999999,A8,S29,状态触发,堵塞损失≥10触发，维护后储备阈值50，冷却35日,227.95251413269858,S29,227.95251413269858,0.0,0.0,0.6392530234349021,9.678290774804417,0.0926916883980608,557.0,0.945
purchase_maintenance_1.00_1.20,购置价×维护价,1.0,1.2,1.2,300.0,3.5999999999999996,14.399999999999999,A9,S32,状态触发,堵塞损失≥20触发，维护后储备阈值50，冷却21日,62.28646321020175,S33,62.41631348332463,0.12985027312287656,0.0020847270246291444,0.10933664611147696,5.846230467580674,0.5860444231575166,3271.0,0.0
purchase_maintenance_1.00_1.20,购置价×维护价,1.0,1.2,1.2,300.0,3.5999999999999996,14.399999999999999,A10,S29,状态触发,堵塞损失≥10触发，维护后储备阈值50，冷却35日,388.12043069770436,S29,388.12043069770436,0.0,0.0,1.1792528976850805,9.540155942272301,0.0,308.0,1.0
purchase_maintenance_1.00_1.30,购置价×维护价,1.0,1.3,1.3,300.0,3.9000000000000004,15.600000000000001,A1,S32,状态触发,堵塞损失≥20触发，维护后储备阈值50，冷却21日,86.53361346089156,S32,86.53361346089156,0.0,0.0,0.19978831463992977,6.783812223598816,0.00899047415879684,1785.0,0.0
purchase_maintenance_1.00_1.30,购置价×维护价,1.0,1.3,1.3,300.0,3.9000000000000004,15.600000000000001,A2,S29,状态触发,堵塞损失≥10触发，维护后储备阈值50，冷却35日,199.26841228612952,S29,199.26841228612952,0.0,0.0,0.5255925057200005,9.98100168362281,0.1708175643590002,681.0,0.66
purchase_maintenance_1.00_1.30,购置价×维护价,1.0,1.3,1.3,300.0,3.9000000000000004,15.600000000000001,A3,S32,状态触发,堵塞损失≥20触发，维护后储备阈值50，冷却21日,74.99627013354728,S32,74.99627013354728,0.0,0.0,0.17037424025450018,5.916245492837518,0.05196414327762255,2093.0,0.0
purchase_maintenance_1.00_1.30,购置价×维护价,1.0,1.3,1.3,300.0,3.9000000000000004,15.600000000000001,A4,S36,状态触发,堵塞损失≥30触发，维护后储备阈值50，冷却21日,72.83214169245285,S32,73.33399527498733,0.5018535825344799,0.006890550941830726,0.1818516757488779,4.4244512709701995,0.06546660326959604,2002.0,0.0
purchase_maintenance_1.00_1.30,购置价×维护价,1.0,1.3,1.3,300.0,3.9000000000000004,15.600000000000001,A5,S32,状态触发,堵塞损失≥20触发，维护后储备阈值50，冷却21日,209.2356797999646,S32,209.2356797999646,0.0,0.0,0.6160449995361742,6.262097420285212,0.0,576.0,0.92
purchase_maintenance_1.00_1.30,购置价×维护价,1.0,1.3,1.3,300.0,3.9000000000000004,15.600000000000001,A6,S33,状态触发,堵塞损失≥20触发，维护后储备阈值50，冷却35日,97.46789785280922,S32,97.47425743931467,0.006359586505453763,6.524801135095443e-05,0.2356200791528644,6.353495434356988,0.1284129431383111,1491.0,0.0
purchase_maintenance_1.00_1.30,购置价×维护价,1.0,1.3,1.3,300.0,3.9000000000000004,15.600000000000001,A7,S29,状态触发,堵塞损失≥10触发，维护后储备阈值50，冷却35日,129.50027343411816,S29,129.50027343411816,0.0,0.0,0.30115887418938586,9.737972196913791,0.07528971854734647,1262.0,0.005
purchase_maintenance_1.00_1.30,购置价×维护价,1.0,1.3,1.3,300.0,3.9000000000000004,15.600000000000001,A8,S29,状态触发,堵塞损失≥10触发，维护后储备阈值50，冷却35日,230.96723139121758,S29,230.96723139121758,0.0,0.0,0.6392530234349021,9.678290774804417,0.0926916883980608,557.0,0.945
purchase_maintenance_1.00_1.30,购置价×维护价,1.0,1.3,1.3,300.0,3.9000000000000004,15.600000000000001,A9,S32,状态触发,堵塞损失≥20触发，维护后储备阈值50，冷却21日,64.74358565826498,S33,64.85358003950327,0.10999438123829464,0.001698923223358005,0.10933664611147696,5.846230467580674,0.5860444231575166,3271.0,0.0
purchase_maintenance_1.00_1.30,购置价×维护价,1.0,1.3,1.3,300.0,3.9000000000000004,15.600000000000001,A10,S29,状态触发,堵塞损失≥10触发，维护后储备阈值50，冷却35日,390.9824774803861,S29,390.9824774803861,0.0,0.0,1.1792528976850805,9.540155942272301,0.0,308.0,1.0
purchase_maintenance_1.00_1.40,购置价×维护价,1.0,1.4,1.4,300.0,4.199999999999999,16.799999999999997,A1,S32,状态触发,堵塞损失≥20触发，维护后储备阈值50，冷却21日,88.57954569696174,S32,88.57954569696174,0.0,0.0,0.19978831463992977,6.783812223598816,0.00899047415879684,1785.0,0.0
purchase_maintenance_1.00_1.40,购置价×维护价,1.0,1.4,1.4,300.0,4.199999999999999,16.799999999999997,A2,S29,状态触发,堵塞损失≥10触发，维护后储备阈值50，冷却35日,202.46769386844716,S29,202.46769386844716,0.0,0.0,0.5255925057200005,9.98100168362281,0.1708175643590002,681.0,0.66
purchase_maintenance_1.00_1.40,购置价×维护价,1.0,1.4,1.4,300.0,4.199999999999999,16.799999999999997,A3,S32,状态触发,堵塞损失≥20触发，维护后储备阈值50，冷却21日,76.83350075333169,S32,76.83350075333169,0.0,0.0,0.17037424025450018,5.916245492837518,0.05196414327762255,2093.0,0.0
purchase_maintenance_1.00_1.40,购置价×维护价,1.0,1.4,1.4,300.0,4.199999999999999,16.799999999999997,A4,S36,状态触发,堵塞损失≥30触发，维护后储备阈值50，冷却21日,74.23803699766742,S32,75.03771099645682,0.7996739987894017,0.010771755708122074,0.1818516757488779,4.4244512709701995,0.06546660326959604,2002.0,0.0
purchase_maintenance_1.00_1.40,购置价×维护价,1.0,1.4,1.4,300.0,4.199999999999999,16.799999999999997,A5,S32,状态触发,堵塞损失≥20触发，维护后储备阈值50，冷却21日,211.11430902605014,S32,211.11430902605014,0.0,0.0,0.6160449995361742,6.262097420285212,0.0,576.0,0.92
purchase_maintenance_1.00_1.40,购置价×维护价,1.0,1.4,1.4,300.0,4.199999999999999,16.799999999999997,A6,S33,状态触发,堵塞损失≥20触发，维护后储备阈值50，冷却35日,99.52804201488229,S32,99.53504863857152,0.00700662368923588,7.039848817872042e-05,0.2356200791528644,6.353495434356988,0.1284129431383111,1491.0,0.0
purchase_maintenance_1.00_1.40,购置价×维护价,1.0,1.4,1.4,300.0,4.199999999999999,16.799999999999997,A7,S29,状态触发,堵塞损失≥10触发，维护后储备阈值50，冷却35日,132.5120127554491,S29,132.5120127554491,0.0,0.0,0.30115887418938586,9.737972196913791,0.07528971854734647,1262.0,0.005
purchase_maintenance_1.00_1.40,购置价×维护价,1.0,1.4,1.4,300.0,4.199999999999999,16.799999999999997,A8,S29,状态触发,堵塞损失≥10触发，维护后储备阈值50，冷却35日,233.9819486497366,S29,233.9819486497366,0.0,0.0,0.6392530234349021,9.678290774804417,0.0926916883980608,557.0,0.945
purchase_maintenance_1.00_1.40,购置价×维护价,1.0,1.4,1.4,300.0,4.199999999999999,16.799999999999997,A9,S32,状态触发,堵塞损失≥20触发，维护后储备阈值50，冷却21日,67.2007081063282,S33,67.29084659568188,0.0901384893536914,0.0013413324337456377,0.10933664611147696,5.846230467580674,0.5860444231575166,3271.0,0.0
purchase_maintenance_1.00_1.40,购置价×维护价,1.0,1.4,1.4,300.0,4.199999999999999,16.799999999999997,A10,S29,状态触发,堵塞损失≥10触发，维护后储备阈值50，冷却35日,393.8445242630678,S29,393.8445242630678,0.0,0.0,1.1792528976850805,9.540155942272301,0.0,308.0,1.0
purchase_maintenance_1.00_1.50,购置价×维护价,1.0,1.5,1.5,300.0,4.5,18.0,A1,S32,状态触发,堵塞损失≥20触发，维护后储备阈值50，冷却21日,90.62547793303195,S32,90.62547793303195,0.0,0.0,0.19978831463992977,6.783812223598816,0.00899047415879684,1785.0,0.0
purchase_maintenance_1.00_1.50,购置价×维护价,1.0,1.5,1.5,300.0,4.5,18.0,A2,S29,状态触发,堵塞损失≥10触发，维护后储备阈值50，冷却35日,205.6669754507648,S29,205.6669754507648,0.0,0.0,0.5255925057200005,9.98100168362281,0.1708175643590002,681.0,0.66
purchase_maintenance_1.00_1.50,购置价×维护价,1.0,1.5,1.5,300.0,4.5,18.0,A3,S32,状态触发,堵塞损失≥20触发，维护后储备阈值50，冷却21日,78.67073137311608,S32,78.67073137311608,0.0,0.0,0.17037424025450018,5.916245492837518,0.05196414327762255,2093.0,0.0
purchase_maintenance_1.00_1.50,购置价×维护价,1.0,1.5,1.5,300.0,4.5,18.0,A4,S36,状态触发,堵塞损失≥30触发，维护后储备阈值50，冷却21日,75.64393230288199,S32,76.74142671792632,1.0974944150443235,0.014508690672635875,0.1818516757488779,4.4244512709701995,0.06546660326959604,2002.0,0.0
purchase_maintenance_1.00_1.50,购置价×维护价,1.0,1.5,1.5,300.0,4.5,18.0,A5,S32,状态触发,堵塞损失≥20触发，维护后储备阈值50，冷却21日,212.99293825213573,S32,212.99293825213573,0.0,0.0,0.6160449995361742,6.262097420285212,0.0,576.0,0.92
purchase_maintenance_1.00_1.50,购置价×维护价,1.0,1.5,1.5,300.0,4.5,18.0,A6,S33,状态触发,堵塞损失≥20触发，维护后储备阈值50，冷却35日,101.58818617695536,S32,101.59583983782841,0.0076536608730464195,7.534006818189067e-05,0.2356200791528644,6.353495434356988,0.1284129431383111,1491.0,0.0
purchase_maintenance_1.00_1.50,购置价×维护价,1.0,1.5,1.5,300.0,4.5,18.0,A7,S29,状态触发,堵塞损失≥10触发，维护后储备阈值50，冷却35日,135.52375207678006,S29,135.52375207678006,0.0,0.0,0.30115887418938586,9.737972196913791,0.07528971854734647,1262.0,0.005
purchase_maintenance_1.00_1.50,购置价×维护价,1.0,1.5,1.5,300.0,4.5,18.0,A8,S29,状态触发,堵塞损失≥10触发，维护后储备阈值50，冷却35日,236.99666590825558,S29,236.99666590825558,0.0,0.0,0.6392530234349021,9.678290774804417,0.0926916883980608,557.0,0.945
purchase_maintenance_1.00_1.50,购置价×维护价,1.0,1.5,1.5,300.0,4.5,18.0,A9,S32,状态触发,堵塞损失≥20触发，维护后储备阈值50，冷却21日,69.65783055439142,S33,69.72811315186051,0.07028259746908816,0.001008969083730061,0.10933664611147696,5.846230467580674,0.5860444231575166,3271.0,0.0
purchase_maintenance_1.00_1.50,购置价×维护价,1.0,1.5,1.5,300.0,4.5,18.0,A10,S29,状态触发,堵塞损失≥10触发，维护后储备阈值50，冷却35日,396.70657104574946,S29,396.70657104574946,0.0,0.0,1.1792528976850805,9.540155942272301,0.0,308.0,1.0
purchase_maintenance_1.10_0.50,购置价×维护价,1.1,0.5,0.5,330.0,1.5,6.0,A1,S32,状态触发,堵塞损失≥20触发，维护后储备阈值50，冷却21日,76.15980501152784,S32,76.15980501152784,0.0,0.0,0.19978831463992977,6.783812223598816,0.00899047415879684,1785.0,0.0
purchase_maintenance_1.10_0.50,购置价×维护价,1.1,0.5,0.5,330.0,1.5,6.0,A2,S28,状态触发,堵塞损失≥10触发，维护后储备阈值50，冷却21日,189.12319675273505,S29,189.44193479918835,0.31873804645329074,0.0016853461231940668,0.5186110736420625,11.987694967236276,0.0,692.0,0.635
purchase_maintenance_1.10_0.50,购置价×维护价,1.1,0.5,0.5,330.0,1.5,6.0,A3,S32,状态触发,堵塞损失≥20触发，维护后储备阈值50，冷却21日,65.40965238290707,S32,65.40965238290707,0.0,0.0,0.17037424025450018,5.916245492837518,0.05196414327762255,2093.0,0.0
purchase_maintenance_1.10_0.50,购置价×维护价,1.1,0.5,0.5,330.0,1.5,6.0,A4,S32,状态触发,堵塞损失≥20触发，维护后储备阈值50，冷却21日,64.82283859281975,S32,64.82283859281975,0.0,0.0,0.1706189696529463,5.484546779493959,0.048626406351089696,2060.0,0.0
purchase_maintenance_1.10_0.50,购置价×维护价,1.1,0.5,0.5,330.0,1.5,6.0,A5,S29,状态触发,堵塞损失≥10触发，维护后储备阈值50，冷却35日,208.09917094140596,S32,212.68799597736532,4.58882503595936,0.022051145207356092,0.5864219829973749,9.71994436818149,0.0,604.0,0.87
purchase_maintenance_1.10_0.50,购置价×维护价,1.1,0.5,0.5,330.0,1.5,6.0,A6,S33,状态触发,堵塞损失≥20触发，维护后储备阈值50，冷却35日,88.0553469308106,S32,88.0563250301572,0.0009780993465966503,1.1107779149007168e-05,0.2356200791528644,6.353495434356988,0.1284129431383111,1491.0,0.0
purchase_maintenance_1.10_0.50,购置价×维护价,1.1,0.5,0.5,330.0,1.5,6.0,A7,S29,状态触发,堵塞损失≥10触发，维护后储备阈值50，冷却35日,114.4411250891521,S29,114.4411250891521,0.0,0.0,0.30115887418938586,9.737972196913791,0.07528971854734647,1262.0,0.005
purchase_maintenance_1.10_0.50,购置价×维护价,1.1,0.5,0.5,330.0,1.5,6.0,A8,S29,状态触发,堵塞损失≥10触发，维护后储备阈值50，冷却35日,226.02708402611268,S29,226.02708402611268,0.0,0.0,0.6392530234349021,9.678290774804417,0.0926916883980608,557.0,0.945
purchase_maintenance_1.10_0.50,购置价×维护价,1.1,0.5,0.5,330.0,1.5,6.0,A9,S32,状态触发,堵塞损失≥20触发，维护后储备阈值50，冷却21日,48.3667054571035,S33,48.67235907099235,0.3056536138888504,0.006319504522794818,0.10933664611147696,5.846230467580674,0.5860444231575166,3271.0,0.0
purchase_maintenance_1.10_0.50,购置价×维护价,1.1,0.5,0.5,330.0,1.5,6.0,A10,S28,状态触发,堵塞损失≥10触发，维护后储备阈值50，冷却21日,403.24466302967977,S29,403.46369014948505,0.21902711980527556,0.0005431618565256861,1.1738522601275891,10.582278125050218,0.0,308.0,1.0
purchase_maintenance_1.10_0.60,购置价×维护价,1.1,0.6,0.6,330.0,1.7999999999999998,7.199999999999999,A1,S32,状态触发,堵塞损失≥20触发，维护后储备阈值50，冷却21日,78.20573724759802,S32,78.20573724759802,0.0,0.0,0.19978831463992977,6.783812223598816,0.00899047415879684,1785.0,0.0
purchase_maintenance_1.10_0.60,购置价×维护价,1.1,0.6,0.6,330.0,1.7999999999999998,7.199999999999999,A2,S29,状态触发,堵塞损失≥10触发，维护后储备阈值50，冷却35日,192.641216381506,S29,192.641216381506,0.0,0.0,0.5255925057200005,9.98100168362281,0.1708175643590002,681.0,0.66
purchase_maintenance_1.10_0.60,购置价×维护价,1.1,0.6,0.6,330.0,1.7999999999999998,7.199999999999999,A3,S32,状态触发,堵塞损失≥20触发，维护后储备阈值50，冷却21日,67.24688300269146,S32,67.24688300269146,0.0,0.0,0.17037424025450018,5.916245492837518,0.05196414327762255,2093.0,0.0
purchase_maintenance_1.10_0.60,购置价×维护价,1.1,0.6,0.6,330.0,1.7999999999999998,7.199999999999999,A4,S32,状态触发,堵塞损失≥20触发，维护后储备阈值50，冷却21日,66.52655431428926,S32,66.52655431428926,0.0,0.0,0.1706189696529463,5.484546779493959,0.048626406351089696,2060.0,0.0
purchase_maintenance_1.10_0.60,购置价×维护价,1.1,0.6,0.6,330.0,1.7999999999999998,7.199999999999999,A5,S29,状态触发,堵塞损失≥10触发，维护后储备阈值50，冷却35日,211.0151542518604,S32,214.56662520345088,3.5514709515904883,0.016830407105982423,0.5864219829973749,9.71994436818149,0.0,604.0,0.87
purchase_maintenance_1.10_0.60,购置价×维护价,1.1,0.6,0.6,330.0,1.7999999999999998,7.199999999999999,A6,S33,状态触发,堵塞损失≥20触发，维护后储备阈值50，冷却35日,90.11549109288366,S32,90.11711622941407,0.0016251365304071896,1.803393080033412e-05,0.2356200791528644,6.353495434356988,0.1284129431383111,1491.0,0.0
purchase_maintenance_1.10_0.60,购置价×维护价,1.1,0.6,0.6,330.0,1.7999999999999998,7.199999999999999,A7,S29,状态触发,堵塞损失≥10触发，维护后储备阈值50，冷却35日,117.45286441048304,S29,117.45286441048304,0.0,0.0,0.30115887418938586,9.737972196913791,0.07528971854734647,1262.0,0.005
purchase_maintenance_1.10_0.60,购置价×维护价,1.1,0.6,0.6,330.0,1.7999999999999998,7.199999999999999,A8,S29,状态触发,堵塞损失≥10触发，维护后储备阈值50，冷却35日,229.04180128463167,S29,229.04180128463167,0.0,0.0,0.6392530234349021,9.678290774804417,0.0926916883980608,557.0,0.945
purchase_maintenance_1.10_0.60,购置价×维护价,1.1,0.6,0.6,330.0,1.7999999999999998,7.199999999999999,A9,S32,状态触发,堵塞损失≥20触发，维护后储备阈值50，冷却21日,50.82382790516672,S33,51.10962562717097,0.28579772200424713,0.005623301781548672,0.10933664611147696,5.846230467580674,0.5860444231575166,3271.0,0.0
purchase_maintenance_1.10_0.60,购置价×维护价,1.1,0.6,0.6,330.0,1.7999999999999998,7.199999999999999,A10,S29,状态触发,堵塞损失≥10触发，维护后储备阈值50，冷却35日,406.3257369321667,S29,406.3257369321667,0.0,0.0,1.1792528976850805,9.540155942272301,0.0,308.0,1.0
purchase_maintenance_1.10_0.70,购置价×维护价,1.1,0.7,0.7,330.0,2.0999999999999996,8.399999999999999,A1,S32,状态触发,堵塞损失≥20触发，维护后储备阈值50，冷却21日,80.25166948366824,S32,80.25166948366824,0.0,0.0,0.19978831463992977,6.783812223598816,0.00899047415879684,1785.0,0.0
purchase_maintenance_1.10_0.70,购置价×维护价,1.1,0.7,0.7,330.0,2.0999999999999996,8.399999999999999,A2,S29,状态触发,堵塞损失≥10触发，维护后储备阈值50，冷却35日,195.84049796382365,S29,195.84049796382365,0.0,0.0,0.5255925057200005,9.98100168362281,0.1708175643590002,681.0,0.66
purchase_maintenance_1.10_0.70,购置价×维护价,1.1,0.7,0.7,330.0,2.0999999999999996,8.399999999999999,A3,S32,状态触发,堵塞损失≥20触发，维护后储备阈值50，冷却21日,69.08411362247588,S32,69.08411362247588,0.0,0.0,0.17037424025450018,5.916245492837518,0.05196414327762255,2093.0,0.0
purchase_maintenance_1.10_0.70,购置价×维护价,1.1,0.7,0.7,330.0,2.0999999999999996,8.399999999999999,A4,S32,状态触发,堵塞损失≥20触发，维护后储备阈值50，冷却21日,68.23027003575874,S32,68.23027003575874,0.0,0.0,0.1706189696529463,5.484546779493959,0.048626406351089696,2060.0,0.0
purchase_maintenance_1.10_0.70,购置价×维护价,1.1,0.7,0.7,330.0,2.0999999999999996,8.399999999999999,A5,S29,状态触发,堵塞损失≥10触发，维护后储备阈值50，冷却35日,213.93113756231486,S32,216.44525442953645,2.5141168672215883,0.011751991299019127,0.5864219829973749,9.71994436818149,0.0,604.0,0.87
purchase_maintenance_1.10_0.70,购置价×维护价,1.1,0.7,0.7,330.0,2.0999999999999996,8.399999999999999,A6,S33,状态触发,堵塞损失≥20触发，维护后储备阈值50，冷却35日,92.17563525495673,S32,92.17790742867095,0.002272173714217729,2.4650480660457863e-05,0.2356200791528644,6.353495434356988,0.1284129431383111,1491.0,0.0
purchase_maintenance_1.10_0.70,购置价×维护价,1.1,0.7,0.7,330.0,2.0999999999999996,8.399999999999999,A7,S29,状态触发,堵塞损失≥10触发，维护后储备阈值50，冷却35日,120.464603731814,S29,120.464603731814,0.0,0.0,0.30115887418938586,9.737972196913791,0.07528971854734647,1262.0,0.005
purchase_maintenance_1.10_0.70,购置价×维护价,1.1,0.7,0.7,330.0,2.0999999999999996,8.399999999999999,A8,S29,状态触发,堵塞损失≥10触发，维护后储备阈值50，冷却35日,232.05651854315064,S29,232.05651854315064,0.0,0.0,0.6392530234349021,9.678290774804417,0.0926916883980608,557.0,0.945
purchase_maintenance_1.10_0.70,购置价×维护价,1.1,0.7,0.7,330.0,2.0999999999999996,8.399999999999999,A9,S32,状态触发,堵塞损失≥20触发，维护后储备阈值50，冷却21日,53.28095035322994,S33,53.5468921833496,0.2659418301196581,0.004991311685632057,0.10933664611147696,5.846230467580674,0.5860444231575166,3271.0,0.0
purchase_maintenance_1.10_0.70,购置价×维护价,1.1,0.7,0.7,330.0,2.0999999999999996,8.399999999999999,A10,S29,状态触发,堵塞损失≥10触发，维护后储备阈值50，冷却35日,409.1877837148484,S29,409.1877837148484,0.0,0.0,1.1792528976850805,9.540155942272301,0.0,308.0,1.0
purchase_maintenance_1.10_0.80,购置价×维护价,1.1,0.8,0.8,330.0,2.4000000000000004,9.600000000000001,A1,S32,状态触发,堵塞损失≥20触发，维护后储备阈值50，冷却21日,82.29760171973842,S32,82.29760171973842,0.0,0.0,0.19978831463992977,6.783812223598816,0.00899047415879684,1785.0,0.0
purchase_maintenance_1.10_0.80,购置价×维护价,1.1,0.8,0.8,330.0,2.4000000000000004,9.600000000000001,A2,S29,状态触发,堵塞损失≥10触发，维护后储备阈值50，冷却35日,199.03977954614132,S29,199.03977954614132,0.0,0.0,0.5255925057200005,9.98100168362281,0.1708175643590002,681.0,0.66
purchase_maintenance_1.10_0.80,购置价×维护价,1.1,0.8,0.8,330.0,2.4000000000000004,9.600000000000001,A3,S32,状态触发,堵塞损失≥20触发，维护后储备阈值50，冷却21日,70.92134424226028,S32,70.92134424226028,0.0,0.0,0.17037424025450018,5.916245492837518,0.05196414327762255,2093.0,0.0
purchase_maintenance_1.10_0.80,购置价×维护价,1.1,0.8,0.8,330.0,2.4000000000000004,9.600000000000001,A4,S32,状态触发,堵塞损失≥20触发，维护后储备阈值50，冷却21日,69.93398575722824,S32,69.93398575722824,0.0,0.0,0.1706189696529463,5.484546779493959,0.048626406351089696,2060.0,0.0
purchase_maintenance_1.10_0.80,购置价×维护价,1.1,0.8,0.8,330.0,2.4000000000000004,9.600000000000001,A5,S29,状态触发,堵塞损失≥10触发，维护后储备阈值50，冷却35日,216.8471208727693,S32,218.323883655622,1.4767627828527168,0.006810156283878806,0.5864219829973749,9.71994436818149,0.0,604.0,0.87
purchase_maintenance_1.10_0.80,购置价×维护价,1.1,0.8,0.8,330.0,2.4000000000000004,9.600000000000001,A6,S33,状态触发,堵塞损失≥20触发，维护后储备阈值50，冷却35日,94.23577941702982,S32,94.23869862792782,0.0029192108979998466,3.0977733893208525e-05,0.2356200791528644,6.353495434356988,0.1284129431383111,1491.0,0.0
purchase_maintenance_1.10_0.80,购置价×维护价,1.1,0.8,0.8,330.0,2.4000000000000004,9.600000000000001,A7,S29,状态触发,堵塞损失≥10触发，维护后储备阈值50，冷却35日,123.47634305314496,S29,123.47634305314496,0.0,0.0,0.30115887418938586,9.737972196913791,0.07528971854734647,1262.0,0.005
purchase_maintenance_1.10_0.80,购置价×维护价,1.1,0.8,0.8,330.0,2.4000000000000004,9.600000000000001,A8,S29,状态触发,堵塞损失≥10触发，维护后储备阈值50，冷却35日,235.07123580166967,S29,235.07123580166967,0.0,0.0,0.6392530234349021,9.678290774804417,0.0926916883980608,557.0,0.945
purchase_maintenance_1.10_0.80,购置价×维护价,1.1,0.8,0.8,330.0,2.4000000000000004,9.600000000000001,A9,S32,状态触发,堵塞损失≥20触发，维护后储备阈值50，冷却21日,55.73807280129318,S33,55.98415873952823,0.24608593823505487,0.00441504210438624,0.10933664611147696,5.846230467580674,0.5860444231575166,3271.0,0.0
purchase_maintenance_1.10_0.80,购置价×维护价,1.1,0.8,0.8,330.0,2.4000000000000004,9.600000000000001,A10,S29,状态触发,堵塞损失≥10触发，维护后储备阈值50，冷却35日,412.0498304975301,S29,412.0498304975301,0.0,0.0,1.1792528976850805,9.540155942272301,0.0,308.0,1.0
purchase_maintenance_1.10_0.90,购置价×维护价,1.1,0.9,0.9,330.0,2.7,10.8,A1,S32,状态触发,堵塞损失≥20触发，维护后储备阈值50，冷却21日,84.34353395580864,S32,84.34353395580864,0.0,0.0,0.19978831463992977,6.783812223598816,0.00899047415879684,1785.0,0.0
purchase_maintenance_1.10_0.90,购置价×维护价,1.1,0.9,0.9,330.0,2.7,10.8,A2,S29,状态触发,堵塞损失≥10触发，维护后储备阈值50，冷却35日,202.23906112845896,S29,202.23906112845896,0.0,0.0,0.5255925057200005,9.98100168362281,0.1708175643590002,681.0,0.66
purchase_maintenance_1.10_0.90,购置价×维护价,1.1,0.9,0.9,330.0,2.7,10.8,A3,S32,状态触发,堵塞损失≥20触发，维护后储备阈值50，冷却21日,72.75857486204468,S32,72.75857486204468,0.0,0.0,0.17037424025450018,5.916245492837518,0.05196414327762255,2093.0,0.0
purchase_maintenance_1.10_0.90,购置价×维护价,1.1,0.9,0.9,330.0,2.7,10.8,A4,S32,状态触发,堵塞损失≥20触发，维护后储备阈值50，冷却21日,71.63770147869774,S32,71.63770147869774,0.0,0.0,0.1706189696529463,5.484546779493959,0.048626406351089696,2060.0,0.0
purchase_maintenance_1.10_0.90,购置价×维护价,1.1,0.9,0.9,330.0,2.7,10.8,A5,S29,状态触发,堵塞损失≥10触发，维护后储备阈值50，冷却35日,219.76310418322373,S32,220.20251288170758,0.43940869848384523,0.001999465288392977,0.5864219829973749,9.71994436818149,0.0,604.0,0.87
purchase_maintenance_1.10_0.90,购置价×维护价,1.1,0.9,0.9,330.0,2.7,10.8,A6,S33,状态触发,堵塞损失≥20触发，维护后储备阈值50，冷却35日,96.29592357910289,S32,96.29948982718469,0.003566248081796175,3.703425803758617e-05,0.2356200791528644,6.353495434356988,0.1284129431383111,1491.0,0.0
purchase_maintenance_1.10_0.90,购置价×维护价,1.1,0.9,0.9,330.0,2.7,10.8,A7,S29,状态触发,堵塞损失≥10触发，维护后储备阈值50，冷却35日,126.48808237447592,S29,126.48808237447592,0.0,0.0,0.30115887418938586,9.737972196913791,0.07528971854734647,1262.0,0.005
purchase_maintenance_1.10_0.90,购置价×维护价,1.1,0.9,0.9,330.0,2.7,10.8,A8,S29,状态触发,堵塞损失≥10触发，维护后储备阈值50，冷却35日,238.08595306018867,S29,238.08595306018867,0.0,0.0,0.6392530234349021,9.678290774804417,0.0926916883980608,557.0,0.945
purchase_maintenance_1.10_0.90,购置价×维护价,1.1,0.9,0.9,330.0,2.7,10.8,A9,S32,状态触发,堵塞损失≥20触发，维护后储备阈值50，冷却21日,58.195195249356395,S33,58.42142529570686,0.22623004635046584,0.0038874351289846015,0.10933664611147696,5.846230467580674,0.5860444231575166,3271.0,0.0
purchase_maintenance_1.10_0.90,购置价×维护价,1.1,0.9,0.9,330.0,2.7,10.8,A10,S29,状态触发,堵塞损失≥10触发，维护后储备阈值50，冷却35日,414.9118772802118,S29,414.9118772802118,0.0,0.0,1.1792528976850805,9.540155942272301,0.0,308.0,1.0
purchase_maintenance_1.10_1.00,购置价×维护价,1.1,1.0,1.0,330.0,3.0,12.0,A1,S32,状态触发,堵塞损失≥20触发，维护后储备阈值50，冷却21日,86.38946619187882,S32,86.38946619187882,0.0,0.0,0.19978831463992977,6.783812223598816,0.00899047415879684,1785.0,0.0
purchase_maintenance_1.10_1.00,购置价×维护价,1.1,1.0,1.0,330.0,3.0,12.0,A2,S29,状态触发,堵塞损失≥10触发，维护后储备阈值50，冷却35日,205.4383427107766,S29,205.4383427107766,0.0,0.0,0.5255925057200005,9.98100168362281,0.1708175643590002,681.0,0.66
purchase_maintenance_1.10_1.00,购置价×维护价,1.1,1.0,1.0,330.0,3.0,12.0,A3,S32,状态触发,堵塞损失≥20触发，维护后储备阈值50，冷却21日,74.59580548182907,S32,74.59580548182907,0.0,0.0,0.17037424025450018,5.916245492837518,0.05196414327762255,2093.0,0.0
purchase_maintenance_1.10_1.00,购置价×维护价,1.1,1.0,1.0,330.0,3.0,12.0,A4,S32,状态触发,堵塞损失≥20触发，维护后储备阈值50，冷却21日,73.34141720016723,S32,73.34141720016723,0.0,0.0,0.1706189696529463,5.484546779493959,0.048626406351089696,2060.0,0.0
purchase_maintenance_1.10_1.00,购置价×维护价,1.1,1.0,1.0,330.0,3.0,12.0,A5,S32,状态触发,堵塞损失≥20触发，维护后储备阈值50，冷却21日,222.08114210779314,S32,222.08114210779314,0.0,0.0,0.6160449995361742,6.262097420285212,0.0,576.0,0.92
purchase_maintenance_1.10_1.00,购置价×维护价,1.1,1.0,1.0,330.0,3.0,12.0,A6,S33,状态触发,堵塞损失≥20触发，维护后储备阈值50，冷却35日,98.35606774117595,S32,98.36028102644157,0.004213285265620925,4.283706498625167e-05,0.2356200791528644,6.353495434356988,0.1284129431383111,1491.0,0.0
purchase_maintenance_1.10_1.00,购置价×维护价,1.1,1.0,1.0,330.0,3.0,12.0,A7,S29,状态触发,堵塞损失≥10触发，维护后储备阈值50，冷却35日,129.49982169580684,S29,129.49982169580684,0.0,0.0,0.30115887418938586,9.737972196913791,0.07528971854734647,1262.0,0.005
purchase_maintenance_1.10_1.00,购置价×维护价,1.1,1.0,1.0,330.0,3.0,12.0,A8,S29,状态触发,堵塞损失≥10触发，维护后储备阈值50，冷却35日,241.10067031870764,S29,241.10067031870764,0.0,0.0,0.6392530234349021,9.678290774804417,0.0926916883980608,557.0,0.945
purchase_maintenance_1.10_1.00,购置价×维护价,1.1,1.0,1.0,330.0,3.0,12.0,A9,S32,状态触发,堵塞损失≥20触发，维护后储备阈值50，冷却21日,60.65231769741961,S33,60.85869185188548,0.2063741544658697,0.0034025765593233,0.10933664611147696,5.846230467580674,0.5860444231575166,3271.0,0.0
purchase_maintenance_1.10_1.00,购置价×维护价,1.1,1.0,1.0,330.0,3.0,12.0,A10,S29,状态触发,堵塞损失≥10触发，维护后储备阈值50，冷却35日,417.77392406289346,S29,417.77392406289346,0.0,0.0,1.1792528976850805,9.540155942272301,0.0,308.0,1.0
purchase_maintenance_1.10_1.10,购置价×维护价,1.1,1.1,1.1,330.0,3.3000000000000003,13.200000000000001,A1,S32,状态触发,堵塞损失≥20触发，维护后储备阈值50，冷却21日,88.43539842794904,S32,88.43539842794904,0.0,0.0,0.19978831463992977,6.783812223598816,0.00899047415879684,1785.0,0.0
purchase_maintenance_1.10_1.10,购置价×维护价,1.1,1.1,1.1,330.0,3.3000000000000003,13.200000000000001,A2,S29,状态触发,堵塞损失≥10触发，维护后储备阈值50，冷却35日,208.63762429309423,S29,208.63762429309423,0.0,0.0,0.5255925057200005,9.98100168362281,0.1708175643590002,681.0,0.66
purchase_maintenance_1.10_1.10,购置价×维护价,1.1,1.1,1.1,330.0,3.3000000000000003,13.200000000000001,A3,S32,状态触发,堵塞损失≥20触发，维护后储备阈值50，冷却21日,76.43303610161348,S32,76.43303610161348,0.0,0.0,0.17037424025450018,5.916245492837518,0.05196414327762255,2093.0,0.0
purchase_maintenance_1.10_1.10,购置价×维护价,1.1,1.1,1.1,330.0,3.3000000000000003,13.200000000000001,A4,S32,状态触发,堵塞损失≥20触发，维护后储备阈值50，冷却21日,75.04513292163672,S32,75.04513292163672,0.0,0.0,0.1706189696529463,5.484546779493959,0.048626406351089696,2060.0,0.0
purchase_maintenance_1.10_1.10,购置价×维护价,1.1,1.1,1.1,330.0,3.3000000000000003,13.200000000000001,A5,S32,状态触发,堵塞损失≥20触发，维护后储备阈值50，冷却21日,223.9597713338787,S32,223.9597713338787,0.0,0.0,0.6160449995361742,6.262097420285212,0.0,576.0,0.92
purchase_maintenance_1.10_1.10,购置价×维护价,1.1,1.1,1.1,330.0,3.3000000000000003,13.200000000000001,A6,S33,状态触发,堵塞损失≥20触发，维护后储备阈值50，冷却35日,100.41621190324904,S32,100.42107222569845,0.004860322449417254,4.8401770563703116e-05,0.2356200791528644,6.353495434356988,0.1284129431383111,1491.0,0.0
purchase_maintenance_1.10_1.10,购置价×维护价,1.1,1.1,1.1,330.0,3.3000000000000003,13.200000000000001,A7,S29,状态触发,堵塞损失≥10触发，维护后储备阈值50，冷却35日,132.5115610171378,S29,132.5115610171378,0.0,0.0,0.30115887418938586,9.737972196913791,0.07528971854734647,1262.0,0.005
purchase_maintenance_1.10_1.10,购置价×维护价,1.1,1.1,1.1,330.0,3.3000000000000003,13.200000000000001,A8,S29,状态触发,堵塞损失≥10触发，维护后储备阈值50，冷却35日,244.11538757722667,S29,244.11538757722667,0.0,0.0,0.6392530234349021,9.678290774804417,0.0926916883980608,557.0,0.945
purchase_maintenance_1.10_1.10,购置价×维护价,1.1,1.1,1.1,330.0,3.3000000000000003,13.200000000000001,A9,S32,状态触发,堵塞损失≥20触发，维护后储备阈值50，冷却21日,63.109440145482836,S33,63.295958408064116,0.18651826258128068,0.0029554732564781123,0.10933664611147696,5.846230467580674,0.5860444231575166,3271.0,0.0
purchase_maintenance_1.10_1.10,购置价×维护价,1.1,1.1,1.1,330.0,3.3000000000000003,13.200000000000001,A10,S29,状态触发,堵塞损失≥10触发，维护后储备阈值50，冷却35日,420.6359708455752,S29,420.6359708455752,0.0,0.0,1.1792528976850805,9.540155942272301,0.0,308.0,1.0
purchase_maintenance_1.10_1.20,购置价×维护价,1.1,1.2,1.2,330.0,3.5999999999999996,14.399999999999999,A1,S32,状态触发,堵塞损失≥20触发，维护后储备阈值50，冷却21日,90.48133066401923,S32,90.48133066401923,0.0,0.0,0.19978831463992977,6.783812223598816,0.00899047415879684,1785.0,0.0
purchase_maintenance_1.10_1.20,购置价×维护价,1.1,1.2,1.2,330.0,3.5999999999999996,14.399999999999999,A2,S29,状态触发,堵塞损失≥10触发，维护后储备阈值50，冷却35日,211.83690587541187,S29,211.83690587541187,0.0,0.0,0.5255925057200005,9.98100168362281,0.1708175643590002,681.0,0.66
purchase_maintenance_1.10_1.20,购置价×维护价,1.1,1.2,1.2,330.0,3.5999999999999996,14.399999999999999,A3,S32,状态触发,堵塞损失≥20触发，维护后储备阈值50，冷却21日,78.27026672139789,S32,78.27026672139789,0.0,0.0,0.17037424025450018,5.916245492837518,0.05196414327762255,2093.0,0.0
purchase_maintenance_1.10_1.20,购置价×维护价,1.1,1.2,1.2,330.0,3.5999999999999996,14.399999999999999,A4,S32,状态触发,堵塞损失≥20触发，维护后储备阈值50，冷却21日,76.74884864310621,S32,76.74884864310621,0.0,0.0,0.1706189696529463,5.484546779493959,0.048626406351089696,2060.0,0.0
purchase_maintenance_1.10_1.20,购置价×维护价,1.1,1.2,1.2,330.0,3.5999999999999996,14.399999999999999,A5,S32,状态触发,堵塞损失≥20触发，维护后储备阈值50，冷却21日,225.83840055996427,S32,225.83840055996427,0.0,0.0,0.6160449995361742,6.262097420285212,0.0,576.0,0.92
purchase_maintenance_1.10_1.20,购置价×维护价,1.1,1.2,1.2,330.0,3.5999999999999996,14.399999999999999,A6,S33,状态触发,堵塞损失≥20触发，维护后储备阈值50，冷却35日,102.47635606532208,S32,102.48186342495532,0.005507359633242004,5.3742734858091724e-05,0.2356200791528644,6.353495434356988,0.1284129431383111,1491.0,0.0
purchase_maintenance_1.10_1.20,购置价×维护价,1.1,1.2,1.2,330.0,3.5999999999999996,14.399999999999999,A7,S29,状态触发,堵塞损失≥10触发，维护后储备阈值50，冷却35日,135.52330033846877,S29,135.52330033846877,0.0,0.0,0.30115887418938586,9.737972196913791,0.07528971854734647,1262.0,0.005
purchase_maintenance_1.10_1.20,购置价×维护价,1.1,1.2,1.2,330.0,3.5999999999999996,14.399999999999999,A8,S29,状态触发,堵塞损失≥10触发，维护后储备阈值50，冷却35日,247.13010483574567,S29,247.13010483574567,0.0,0.0,0.6392530234349021,9.678290774804417,0.0926916883980608,557.0,0.945
purchase_maintenance_1.10_1.20,购置价×维护价,1.1,1.2,1.2,330.0,3.5999999999999996,14.399999999999999,A9,S32,状态触发,堵塞损失≥20触发，维护后储备阈值50，冷却21日,65.56656259354605,S33,65.73322496424274,0.16666237069668455,0.002541880557775187,0.10933664611147696,5.846230467580674,0.5860444231575166,3271.0,0.0
purchase_maintenance_1.10_1.20,购置价×维护价,1.1,1.2,1.2,330.0,3.5999999999999996,14.399999999999999,A10,S29,状态触发,堵塞损失≥10触发，维护后储备阈值50，冷却35日,423.4980176282569,S29,423.4980176282569,0.0,0.0,1.1792528976850805,9.540155942272301,0.0,308.0,1.0
purchase_maintenance_1.10_1.30,购置价×维护价,1.1,1.3,1.3,330.0,3.9000000000000004,15.600000000000001,A1,S32,状态触发,堵塞损失≥20触发，维护后储备阈值50，冷却21日,92.52726290008944,S32,92.52726290008944,0.0,0.0,0.19978831463992977,6.783812223598816,0.00899047415879684,1785.0,0.0
purchase_maintenance_1.10_1.30,购置价×维护价,1.1,1.3,1.3,330.0,3.9000000000000004,15.600000000000001,A2,S29,状态触发,堵塞损失≥10触发，维护后储备阈值50，冷却35日,215.0361874577295,S29,215.0361874577295,0.0,0.0,0.5255925057200005,9.98100168362281,0.1708175643590002,681.0,0.66
purchase_maintenance_1.10_1.30,购置价×维护价,1.1,1.3,1.3,330.0,3.9000000000000004,15.600000000000001,A3,S32,状态触发,堵塞损失≥20触发，维护后储备阈值50，冷却21日,80.1074973411823,S32,80.1074973411823,0.0,0.0,0.17037424025450018,5.916245492837518,0.05196414327762255,2093.0,0.0
purchase_maintenance_1.10_1.30,购置价×维护价,1.1,1.3,1.3,330.0,3.9000000000000004,15.600000000000001,A4,S36,状态触发,堵塞损失≥30触发，维护后储备阈值50，冷却21日,78.28769196491919,S32,78.45256436457572,0.1648723996565309,0.002105981100201682,0.1818516757488779,4.4244512709701995,0.06546660326959604,2002.0,0.0
purchase_maintenance_1.10_1.30,购置价×维护价,1.1,1.3,1.3,330.0,3.9000000000000004,15.600000000000001,A5,S32,状态触发,堵塞损失≥20触发，维护后储备阈值50，冷却21日,227.71702978604984,S32,227.71702978604984,0.0,0.0,0.6160449995361742,6.262097420285212,0.0,576.0,0.92
purchase_maintenance_1.10_1.30,购置价×维护价,1.1,1.3,1.3,330.0,3.9000000000000004,15.600000000000001,A6,S33,状态触发,堵塞损失≥20触发，维护后储备阈值50，冷却35日,104.53650022739515,S32,104.54265462421219,0.006154396817038332,5.8873185955631336e-05,0.2356200791528644,6.353495434356988,0.1284129431383111,1491.0,0.0
purchase_maintenance_1.10_1.30,购置价×维护价,1.1,1.3,1.3,330.0,3.9000000000000004,15.600000000000001,A7,S29,状态触发,堵塞损失≥10触发，维护后储备阈值50，冷却35日,138.5350396597997,S29,138.5350396597997,0.0,0.0,0.30115887418938586,9.737972196913791,0.07528971854734647,1262.0,0.005
purchase_maintenance_1.10_1.30,购置价×维护价,1.1,1.3,1.3,330.0,3.9000000000000004,15.600000000000001,A8,S29,状态触发,堵塞损失≥10触发，维护后储备阈值50，冷却35日,250.14482209426464,S29,250.14482209426464,0.0,0.0,0.6392530234349021,9.678290774804417,0.0926916883980608,557.0,0.945
purchase_maintenance_1.10_1.30,购置价×维护价,1.1,1.3,1.3,330.0,3.9000000000000004,15.600000000000001,A9,S32,状态触发,堵塞损失≥20触发，维护后储备阈值50，冷却21日,68.02368504160928,S33,68.17049152042138,0.14680647881209552,0.0021581670960974216,0.10933664611147696,5.846230467580674,0.5860444231575166,3271.0,0.0
purchase_maintenance_1.10_1.30,购置价×维护价,1.1,1.3,1.3,330.0,3.9000000000000004,15.600000000000001,A10,S29,状态触发,堵塞损失≥10触发，维护后储备阈值50，冷却35日,426.36006441093855,S29,426.36006441093855,0.0,0.0,1.1792528976850805,9.540155942272301,0.0,308.0,1.0
purchase_maintenance_1.10_1.40,购置价×维护价,1.1,1.4,1.4,330.0,4.199999999999999,16.799999999999997,A1,S32,状态触发,堵塞损失≥20触发，维护后储备阈值50，冷却21日,94.57319513615963,S32,94.57319513615963,0.0,0.0,0.19978831463992977,6.783812223598816,0.00899047415879684,1785.0,0.0
purchase_maintenance_1.10_1.40,购置价×维护价,1.1,1.4,1.4,330.0,4.199999999999999,16.799999999999997,A2,S29,状态触发,堵塞损失≥10触发，维护后储备阈值50，冷却35日,218.23546904004715,S29,218.23546904004715,0.0,0.0,0.5255925057200005,9.98100168362281,0.1708175643590002,681.0,0.66
purchase_maintenance_1.10_1.40,购置价×维护价,1.1,1.4,1.4,330.0,4.199999999999999,16.799999999999997,A3,S32,状态触发,堵塞损失≥20触发，维护后储备阈值50，冷却21日,81.9447279609667,S32,81.9447279609667,0.0,0.0,0.17037424025450018,5.916245492837518,0.05196414327762255,2093.0,0.0
purchase_maintenance_1.10_1.40,购置价×维护价,1.1,1.4,1.4,330.0,4.199999999999999,16.799999999999997,A4,S36,状态触发,堵塞损失≥30触发，维护后储备阈值50，冷却21日,79.69358727013375,S32,80.15628008604521,0.46269281591146694,0.0058058977109801575,0.1818516757488779,4.4244512709701995,0.06546660326959604,2002.0,0.0
purchase_maintenance_1.10_1.40,购置价×维护价,1.1,1.4,1.4,330.0,4.199999999999999,16.799999999999997,A5,S32,状态触发,堵塞损失≥20触发，维护后储备阈值50，冷却21日,229.59565901213537,S32,229.59565901213537,0.0,0.0,0.6160449995361742,6.262097420285212,0.0,576.0,0.92
purchase_maintenance_1.10_1.40,购置价×维护价,1.1,1.4,1.4,330.0,4.199999999999999,16.799999999999997,A6,S33,状态触发,堵塞损失≥20触发，维护后储备阈值50，冷却35日,106.59664438946822,S32,106.60344582346906,0.006801434000834661,6.380532933086067e-05,0.2356200791528644,6.353495434356988,0.1284129431383111,1491.0,0.0
purchase_maintenance_1.10_1.40,购置价×维护价,1.1,1.4,1.4,330.0,4.199999999999999,16.799999999999997,A7,S29,状态触发,堵塞损失≥10触发，维护后储备阈值50，冷却35日,141.54677898113067,S29,141.54677898113067,0.0,0.0,0.30115887418938586,9.737972196913791,0.07528971854734647,1262.0,0.005
purchase_maintenance_1.10_1.40,购置价×维护价,1.1,1.4,1.4,330.0,4.199999999999999,16.799999999999997,A8,S29,状态触发,堵塞损失≥10触发，维护后储备阈值50，冷却35日,253.15953935278364,S29,253.15953935278364,0.0,0.0,0.6392530234349021,9.678290774804417,0.0926916883980608,557.0,0.945
purchase_maintenance_1.10_1.40,购置价×维护价,1.1,1.4,1.4,330.0,4.199999999999999,16.799999999999997,A9,S32,状态触发,堵塞损失≥20触发，维护后储备阈值50，冷却21日,70.48080748967249,S33,70.60775807659999,0.1269505869275065,0.001801207895441727,0.10933664611147696,5.846230467580674,0.5860444231575166,3271.0,0.0
purchase_maintenance_1.10_1.40,购置价×维护价,1.1,1.4,1.4,330.0,4.199999999999999,16.799999999999997,A10,S29,状态触发,堵塞损失≥10触发，维护后储备阈值50，冷却35日,429.2221111936202,S29,429.2221111936202,0.0,0.0,1.1792528976850805,9.540155942272301,0.0,308.0,1.0
purchase_maintenance_1.10_1.50,购置价×维护价,1.1,1.5,1.5,330.0,4.5,18.0,A1,S32,状态触发,堵塞损失≥20触发，维护后储备阈值50，冷却21日,96.61912737222984,S32,96.61912737222984,0.0,0.0,0.19978831463992977,6.783812223598816,0.00899047415879684,1785.0,0.0
purchase_maintenance_1.10_1.50,购置价×维护价,1.1,1.5,1.5,330.0,4.5,18.0,A2,S29,状态触发,堵塞损失≥10触发，维护后储备阈值50，冷却35日,221.4347506223648,S29,221.4347506223648,0.0,0.0,0.5255925057200005,9.98100168362281,0.1708175643590002,681.0,0.66
purchase_maintenance_1.10_1.50,购置价×维护价,1.1,1.5,1.5,330.0,4.5,18.0,A3,S32,状态触发,堵塞损失≥20触发，维护后储备阈值50，冷却21日,83.7819585807511,S32,83.7819585807511,0.0,0.0,0.17037424025450018,5.916245492837518,0.05196414327762255,2093.0,0.0
purchase_maintenance_1.10_1.50,购置价×维护价,1.1,1.5,1.5,330.0,4.5,18.0,A4,S36,状态触发,堵塞损失≥30触发，维护后储备阈值50，冷却21日,81.09948257534833,S32,81.85999580751471,0.7605132321663746,0.009377534948632908,0.1818516757488779,4.4244512709701995,0.06546660326959604,2002.0,0.0
purchase_maintenance_1.10_1.50,购置价×维护价,1.1,1.5,1.5,330.0,4.5,18.0,A5,S32,状态触发,堵塞损失≥20触发，维护后储备阈值50，冷却21日,231.47428823822094,S32,231.47428823822094,0.0,0.0,0.6160449995361742,6.262097420285212,0.0,576.0,0.92
purchase_maintenance_1.10_1.50,购置价×维护价,1.1,1.5,1.5,330.0,4.5,18.0,A6,S33,状态触发,堵塞损失≥20触发，维护后储备阈值50，冷却35日,108.6567885515413,S32,108.66423702272594,0.0074484711846452,6.855044478985334e-05,0.2356200791528644,6.353495434356988,0.1284129431383111,1491.0,0.0
purchase_maintenance_1.10_1.50,购置价×维护价,1.1,1.5,1.5,330.0,4.5,18.0,A7,S29,状态触发,堵塞损失≥10触发，维护后储备阈值50，冷却35日,144.55851830246164,S29,144.55851830246164,0.0,0.0,0.30115887418938586,9.737972196913791,0.07528971854734647,1262.0,0.005
purchase_maintenance_1.10_1.50,购置价×维护价,1.1,1.5,1.5,330.0,4.5,18.0,A8,S29,状态触发,堵塞损失≥10触发，维护后储备阈值50，冷却35日,256.17425661130267,S29,256.17425661130267,0.0,0.0,0.6392530234349021,9.678290774804417,0.0926916883980608,557.0,0.945
purchase_maintenance_1.10_1.50,购置价×维护价,1.1,1.5,1.5,330.0,4.5,18.0,A9,S32,状态触发,堵塞损失≥20触发，维护后储备阈值50，冷却21日,72.93792993773573,S33,73.04502463277862,0.10709469504288904,0.001468299074765511,0.10933664611147696,5.846230467580674,0.5860444231575166,3271.0,0.0
purchase_maintenance_1.10_1.50,购置价×维护价,1.1,1.5,1.5,330.0,4.5,18.0,A10,S29,状态触发,堵塞损失≥10触发，维护后储备阈值50，冷却35日,432.0841579763019,S29,432.0841579763019,0.0,0.0,1.1792528976850805,9.540155942272301,0.0,308.0,1.0
purchase_maintenance_1.20_0.50,购置价×维护价,1.2,0.5,0.5,360.0,1.5,6.0,A1,S32,状态触发,堵塞损失≥20触发，维护后储备阈值50，冷却21日,82.15345445072573,S32,82.15345445072573,0.0,0.0,0.19978831463992977,6.783812223598816,0.00899047415879684,1785.0,0.0
purchase_maintenance_1.20_0.50,购置价×维护价,1.2,0.5,0.5,360.0,1.5,6.0,A2,S28,状态触发,堵塞损失≥10触发，维护后储备阈值50，冷却21日,204.68152896199692,S29,205.20970997078837,0.5281810087914494,0.002580501579551501,0.5186110736420625,11.987694967236276,0.0,692.0,0.635
purchase_maintenance_1.20_0.50,购置价×维护价,1.2,0.5,0.5,360.0,1.5,6.0,A3,S32,状态触发,堵塞损失≥20触发，维护后储备阈值50，冷却21日,70.52087959054208,S32,70.52087959054208,0.0,0.0,0.17037424025450018,5.916245492837518,0.05196414327762255,2093.0,0.0
purchase_maintenance_1.20_0.50,购置价×维护价,1.2,0.5,0.5,360.0,1.5,6.0,A4,S32,状态触发,堵塞损失≥20触发，维护后储备阈值50，冷却21日,69.94140768240814,S32,69.94140768240814,0.0,0.0,0.1706189696529463,5.484546779493959,0.048626406351089696,2060.0,0.0
purchase_maintenance_1.20_0.50,购置价×维护价,1.2,0.5,0.5,360.0,1.5,6.0,A5,S29,状态触发,堵塞损失≥10触发，维护后储备阈值50，冷却35日,225.69183043132722,S32,231.16934596345052,5.477515532123306,0.02426988837679699,0.5864219829973749,9.71994436818149,0.0,604.0,0.87
purchase_maintenance_1.20_0.50,购置价×维护价,1.2,0.5,0.5,360.0,1.5,6.0,A6,S33,状态触发,堵塞损失≥20触发，维护后储备阈值50，冷却35日,95.12394930539654,S32,95.12472221505472,0.00077290965818122,8.125289833160572e-06,0.2356200791528644,6.353495434356988,0.1284129431383111,1491.0,0.0
purchase_maintenance_1.20_0.50,购置价×维护价,1.2,0.5,0.5,360.0,1.5,6.0,A7,S29,状态触发,堵塞损失≥10触发，维护后储备阈值50，冷却35日,123.47589131483367,S29,123.47589131483367,0.0,0.0,0.30115887418938586,9.737972196913791,0.07528971854734647,1262.0,0.005
purchase_maintenance_1.20_0.50,购置价×维护价,1.2,0.5,0.5,360.0,1.5,6.0,A8,S29,状态触发,堵塞损失≥10触发，维护后储备阈值50，冷却35日,245.20467472915976,S29,245.20467472915976,0.0,0.0,0.6392530234349021,9.678290774804417,0.0926916883980608,557.0,0.945
purchase_maintenance_1.20_0.50,购置价×维护价,1.2,0.5,0.5,360.0,1.5,6.0,A9,S32,状态触发,堵塞损失≥20触发，维护后储备阈值50，冷却21日,51.646804840447814,S33,51.98927055191046,0.34246571146264415,0.006630917682528891,0.10933664611147696,5.846230467580674,0.5860444231575166,3271.0,0.0
purchase_maintenance_1.20_0.50,购置价×维护价,1.2,0.5,0.5,360.0,1.5,6.0,A10,S28,状态触发,堵塞损失≥10触发，维护后储备阈值50，冷却21日,438.4602308335074,S29,438.84127708003746,0.3810462465300475,0.0008690554347555839,1.1738522601275891,10.582278125050218,0.0,308.0,1.0
purchase_maintenance_1.20_0.60,购置价×维护价,1.2,0.6,0.6,360.0,1.7999999999999998,7.199999999999999,A1,S32,状态触发,堵塞损失≥20触发，维护后储备阈值50，冷却21日,84.19938668679592,S32,84.19938668679592,0.0,0.0,0.19978831463992977,6.783812223598816,0.00899047415879684,1785.0,0.0
purchase_maintenance_1.20_0.60,购置价×维护价,1.2,0.6,0.6,360.0,1.7999999999999998,7.199999999999999,A2,S28,状态触发,堵塞损失≥10触发，维护后储备阈值50，冷却21日,208.2778374521678,S29,208.40899155310603,0.13115410093823243,0.0006297074261122609,0.5186110736420625,11.987694967236276,0.0,692.0,0.635
purchase_maintenance_1.20_0.60,购置价×维护价,1.2,0.6,0.6,360.0,1.7999999999999998,7.199999999999999,A3,S32,状态触发,堵塞损失≥20触发，维护后储备阈值50，冷却21日,72.35811021032647,S32,72.35811021032647,0.0,0.0,0.17037424025450018,5.916245492837518,0.05196414327762255,2093.0,0.0
purchase_maintenance_1.20_0.60,购置价×维护价,1.2,0.6,0.6,360.0,1.7999999999999998,7.199999999999999,A4,S32,状态触发,堵塞损失≥20触发，维护后储备阈值50，冷却21日,71.64512340387763,S32,71.64512340387763,0.0,0.0,0.1706189696529463,5.484546779493959,0.048626406351089696,2060.0,0.0
purchase_maintenance_1.20_0.60,购置价×维护价,1.2,0.6,0.6,360.0,1.7999999999999998,7.199999999999999,A5,S29,状态触发,堵塞损失≥10触发，维护后储备阈值50，冷却35日,228.60781374178165,S32,233.0479751895361,4.440161447754434,0.019422614542693232,0.5864219829973749,9.71994436818149,0.0,604.0,0.87
purchase_maintenance_1.20_0.60,购置价×维护价,1.2,0.6,0.6,360.0,1.7999999999999998,7.199999999999999,A6,S33,状态触发,堵塞损失≥20触发，维护后储备阈值50，冷却35日,97.1840934674696,S32,97.18551341431159,0.0014199468419917594,1.4610897641053345e-05,0.2356200791528644,6.353495434356988,0.1284129431383111,1491.0,0.0
purchase_maintenance_1.20_0.60,购置价×维护价,1.2,0.6,0.6,360.0,1.7999999999999998,7.199999999999999,A7,S29,状态触发,堵塞损失≥10触发，维护后储备阈值50，冷却35日,126.48763063616462,S29,126.48763063616462,0.0,0.0,0.30115887418938586,9.737972196913791,0.07528971854734647,1262.0,0.005
purchase_maintenance_1.20_0.60,购置价×维护价,1.2,0.6,0.6,360.0,1.7999999999999998,7.199999999999999,A8,S29,状态触发,堵塞损失≥10触发，维护后储备阈值50，冷却35日,248.21939198767876,S29,248.21939198767876,0.0,0.0,0.6392530234349021,9.678290774804417,0.0926916883980608,557.0,0.945
purchase_maintenance_1.20_0.60,购置价×维护价,1.2,0.6,0.6,360.0,1.7999999999999998,7.199999999999999,A9,S32,状态触发,堵塞损失≥20触发，维护后储备阈值50，冷却21日,54.103927288511045,S33,54.42653710808909,0.322609819578048,0.005962780074313646,0.10933664611147696,5.846230467580674,0.5860444231575166,3271.0,0.0
purchase_maintenance_1.20_0.60,购置价×维护价,1.2,0.6,0.6,360.0,1.7999999999999998,7.199999999999999,A10,S28,状态触发,堵塞损失≥10触发，维护后储备阈值50，冷却21日,441.63491427102247,S29,441.7033238627191,0.06840959169664984,0.0001549007777375777,1.1738522601275891,10.582278125050218,0.0,308.0,1.0
purchase_maintenance_1.20_0.70,购置价×维护价,1.2,0.7,0.7,360.0,2.0999999999999996,8.399999999999999,A1,S32,状态触发,堵塞损失≥20触发，维护后储备阈值50，冷却21日,86.24531892286613,S32,86.24531892286613,0.0,0.0,0.19978831463992977,6.783812223598816,0.00899047415879684,1785.0,0.0
purchase_maintenance_1.20_0.70,购置价×维护价,1.2,0.7,0.7,360.0,2.0999999999999996,8.399999999999999,A2,S29,状态触发,堵塞损失≥10触发，维护后储备阈值50，冷却35日,211.60827313542367,S29,211.60827313542367,0.0,0.0,0.5255925057200005,9.98100168362281,0.1708175643590002,681.0,0.66
purchase_maintenance_1.20_0.70,购置价×维护价,1.2,0.7,0.7,360.0,2.0999999999999996,8.399999999999999,A3,S32,状态触发,堵塞损失≥20触发，维护后储备阈值50，冷却21日,74.1953408301109,S32,74.1953408301109,0.0,0.0,0.17037424025450018,5.916245492837518,0.05196414327762255,2093.0,0.0
purchase_maintenance_1.20_0.70,购置价×维护价,1.2,0.7,0.7,360.0,2.0999999999999996,8.399999999999999,A4,S32,状态触发,堵塞损失≥20触发，维护后储备阈值50，冷却21日,73.34883912534713,S32,73.34883912534713,0.0,0.0,0.1706189696529463,5.484546779493959,0.048626406351089696,2060.0,0.0
purchase_maintenance_1.20_0.70,购置价×维护价,1.2,0.7,0.7,360.0,2.0999999999999996,8.399999999999999,A5,S29,状态触发,堵塞损失≥10触发，维护后储备阈值50，冷却35日,231.52379705223612,S32,234.92660441562165,3.4028073633855342,0.01469744106960114,0.5864219829973749,9.71994436818149,0.0,604.0,0.87
purchase_maintenance_1.20_0.70,购置价×维护价,1.2,0.7,0.7,360.0,2.0999999999999996,8.399999999999999,A6,S33,状态触发,堵塞损失≥20触发，维护后储备阈值50，冷却35日,99.24423762954267,S32,99.24630461356847,0.0020669840258022987,2.0827244736544848e-05,0.2356200791528644,6.353495434356988,0.1284129431383111,1491.0,0.0
purchase_maintenance_1.20_0.70,购置价×维护价,1.2,0.7,0.7,360.0,2.0999999999999996,8.399999999999999,A7,S29,状态触发,堵塞损失≥10触发，维护后储备阈值50，冷却35日,129.49936995749556,S29,129.49936995749556,0.0,0.0,0.30115887418938586,9.737972196913791,0.07528971854734647,1262.0,0.005
purchase_maintenance_1.20_0.70,购置价×维护价,1.2,0.7,0.7,360.0,2.0999999999999996,8.399999999999999,A8,S29,状态触发,堵塞损失≥10触发，维护后储备阈值50，冷却35日,251.23410924619773,S29,251.23410924619773,0.0,0.0,0.6392530234349021,9.678290774804417,0.0926916883980608,557.0,0.945
purchase_maintenance_1.20_0.70,购置价×维护价,1.2,0.7,0.7,360.0,2.0999999999999996,8.399999999999999,A9,S32,状态触发,堵塞损失≥20触发，维护后储备阈值50，冷却21日,56.56104973657426,S33,56.863803664267714,0.3027539276934519,0.005352692870862351,0.10933664611147696,5.846230467580674,0.5860444231575166,3271.0,0.0
purchase_maintenance_1.20_0.70,购置价×维护价,1.2,0.7,0.7,360.0,2.0999999999999996,8.399999999999999,A10,S29,状态触发,堵塞损失≥10触发，维护后储备阈值50，冷却35日,444.56537064540083,S29,444.56537064540083,0.0,0.0,1.1792528976850805,9.540155942272301,0.0,308.0,1.0
purchase_maintenance_1.20_0.80,购置价×维护价,1.2,0.8,0.8,360.0,2.4000000000000004,9.600000000000001,A1,S32,状态触发,堵塞损失≥20触发，维护后储备阈值50，冷却21日,88.29125115893632,S32,88.29125115893632,0.0,0.0,0.19978831463992977,6.783812223598816,0.00899047415879684,1785.0,0.0
purchase_maintenance_1.20_0.80,购置价×维护价,1.2,0.8,0.8,360.0,2.4000000000000004,9.600000000000001,A2,S29,状态触发,堵塞损失≥10触发，维护后储备阈值50，冷却35日,214.80755471774134,S29,214.80755471774134,0.0,0.0,0.5255925057200005,9.98100168362281,0.1708175643590002,681.0,0.66
purchase_maintenance_1.20_0.80,购置价×维护价,1.2,0.8,0.8,360.0,2.4000000000000004,9.600000000000001,A3,S32,状态触发,堵塞损失≥20触发，维护后储备阈值50，冷却21日,76.03257144989529,S32,76.03257144989529,0.0,0.0,0.17037424025450018,5.916245492837518,0.05196414327762255,2093.0,0.0
purchase_maintenance_1.20_0.80,购置价×维护价,1.2,0.8,0.8,360.0,2.4000000000000004,9.600000000000001,A4,S32,状态触发,堵塞损失≥20触发，维护后储备阈值50，冷却21日,75.05255484681662,S32,75.05255484681662,0.0,0.0,0.1706189696529463,5.484546779493959,0.048626406351089696,2060.0,0.0
purchase_maintenance_1.20_0.80,购置价×维护价,1.2,0.8,0.8,360.0,2.4000000000000004,9.600000000000001,A5,S29,状态触发,堵塞损失≥10触发，维护后储备阈值50，冷却35日,234.43978036269056,S32,236.80523364170722,2.3654532790166627,0.010089811871335074,0.5864219829973749,9.71994436818149,0.0,604.0,0.87
purchase_maintenance_1.20_0.80,购置价×维护价,1.2,0.8,0.8,360.0,2.4000000000000004,9.600000000000001,A6,S33,状态触发,堵塞损失≥20触发，维护后储备阈值50，冷却35日,101.30438179161575,S32,101.30709581282534,0.0027140212095844163,2.6790758322450338e-05,0.2356200791528644,6.353495434356988,0.1284129431383111,1491.0,0.0
purchase_maintenance_1.20_0.80,购置价×维护价,1.2,0.8,0.8,360.0,2.4000000000000004,9.600000000000001,A7,S29,状态触发,堵塞损失≥10触发，维护后储备阈值50，冷却35日,132.51110927882652,S29,132.51110927882652,0.0,0.0,0.30115887418938586,9.737972196913791,0.07528971854734647,1262.0,0.005
purchase_maintenance_1.20_0.80,购置价×维护价,1.2,0.8,0.8,360.0,2.4000000000000004,9.600000000000001,A8,S29,状态触发,堵塞损失≥10触发，维护后储备阈值50，冷却35日,254.24882650471676,S29,254.24882650471676,0.0,0.0,0.6392530234349021,9.678290774804417,0.0926916883980608,557.0,0.945
purchase_maintenance_1.20_0.80,购置价×维护价,1.2,0.8,0.8,360.0,2.4000000000000004,9.600000000000001,A9,S32,状态触发,堵塞损失≥20触发，维护后储备阈值50，冷却21日,59.018172184637486,S33,59.30107022044635,0.28289803580886286,0.00479340557894305,0.10933664611147696,5.846230467580674,0.5860444231575166,3271.0,0.0
purchase_maintenance_1.20_0.80,购置价×维护价,1.2,0.8,0.8,360.0,2.4000000000000004,9.600000000000001,A10,S29,状态触发,堵塞损失≥10触发，维护后储备阈值50，冷却35日,447.4274174280825,S29,447.4274174280825,0.0,0.0,1.1792528976850805,9.540155942272301,0.0,308.0,1.0
purchase_maintenance_1.20_0.90,购置价×维护价,1.2,0.9,0.9,360.0,2.7,10.8,A1,S32,状态触发,堵塞损失≥20触发，维护后储备阈值50，冷却21日,90.33718339500653,S32,90.33718339500653,0.0,0.0,0.19978831463992977,6.783812223598816,0.00899047415879684,1785.0,0.0
purchase_maintenance_1.20_0.90,购置价×维护价,1.2,0.9,0.9,360.0,2.7,10.8,A2,S29,状态触发,堵塞损失≥10触发，维护后储备阈值50，冷却35日,218.00683630005898,S29,218.00683630005898,0.0,0.0,0.5255925057200005,9.98100168362281,0.1708175643590002,681.0,0.66
purchase_maintenance_1.20_0.90,购置价×维护价,1.2,0.9,0.9,360.0,2.7,10.8,A3,S32,状态触发,堵塞损失≥20触发，维护后储备阈值50，冷却21日,77.8698020696797,S32,77.8698020696797,0.0,0.0,0.17037424025450018,5.916245492837518,0.05196414327762255,2093.0,0.0
purchase_maintenance_1.20_0.90,购置价×维护价,1.2,0.9,0.9,360.0,2.7,10.8,A4,S32,状态触发,堵塞损失≥20触发，维护后储备阈值50，冷却21日,76.75627056828613,S32,76.75627056828613,0.0,0.0,0.1706189696529463,5.484546779493959,0.048626406351089696,2060.0,0.0
purchase_maintenance_1.20_0.90,购置价×维护价,1.2,0.9,0.9,360.0,2.7,10.8,A5,S29,状态触发,堵塞损失≥10触发，维护后储备阈值50，冷却35日,237.35576367314502,S32,238.68386286779278,1.3280991946477627,0.005595394752986261,0.5864219829973749,9.71994436818149,0.0,604.0,0.87
purchase_maintenance_1.20_0.90,购置价×维护价,1.2,0.9,0.9,360.0,2.7,10.8,A6,S33,状态触发,堵塞损失≥20触发，维护后储备阈值50，冷却35日,103.36452595368883,S32,103.3678870120822,0.0033610583933807447,3.251655596898519e-05,0.2356200791528644,6.353495434356988,0.1284129431383111,1491.0,0.0
purchase_maintenance_1.20_0.90,购置价×维护价,1.2,0.9,0.9,360.0,2.7,10.8,A7,S29,状态触发,堵塞损失≥10触发，维护后储备阈值50，冷却35日,135.5228486001575,S29,135.5228486001575,0.0,0.0,0.30115887418938586,9.737972196913791,0.07528971854734647,1262.0,0.005
purchase_maintenance_1.20_0.90,购置价×维护价,1.2,0.9,0.9,360.0,2.7,10.8,A8,S29,状态触发,堵塞损失≥10触发，维护后储备阈值50，冷却35日,257.26354376323576,S29,257.26354376323576,0.0,0.0,0.6392530234349021,9.678290774804417,0.0926916883980608,557.0,0.945
purchase_maintenance_1.20_0.90,购置价×维护价,1.2,0.9,0.9,360.0,2.7,10.8,A9,S32,状态触发,堵塞损失≥20触发，维护后储备阈值50，冷却21日,61.47529463270071,S33,61.73833677662497,0.2630421439242596,0.004278826892914783,0.10933664611147696,5.846230467580674,0.5860444231575166,3271.0,0.0
purchase_maintenance_1.20_0.90,购置价×维护价,1.2,0.9,0.9,360.0,2.7,10.8,A10,S29,状态触发,堵塞损失≥10触发，维护后储备阈值50，冷却35日,450.2894642107642,S29,450.2894642107642,0.0,0.0,1.1792528976850805,9.540155942272301,0.0,308.0,1.0
purchase_maintenance_1.20_1.00,购置价×维护价,1.2,1.0,1.0,360.0,3.0,12.0,A1,S32,状态触发,堵塞损失≥20触发，维护后储备阈值50，冷却21日,92.38311563107672,S32,92.38311563107672,0.0,0.0,0.19978831463992977,6.783812223598816,0.00899047415879684,1785.0,0.0
purchase_maintenance_1.20_1.00,购置价×维护价,1.2,1.0,1.0,360.0,3.0,12.0,A2,S29,状态触发,堵塞损失≥10触发，维护后储备阈值50，冷却35日,221.20611788237662,S29,221.20611788237662,0.0,0.0,0.5255925057200005,9.98100168362281,0.1708175643590002,681.0,0.66
purchase_maintenance_1.20_1.00,购置价×维护价,1.2,1.0,1.0,360.0,3.0,12.0,A3,S32,状态触发,堵塞损失≥20触发，维护后储备阈值50，冷却21日,79.70703268946409,S32,79.70703268946409,0.0,0.0,0.17037424025450018,5.916245492837518,0.05196414327762255,2093.0,0.0
purchase_maintenance_1.20_1.00,购置价×维护价,1.2,1.0,1.0,360.0,3.0,12.0,A4,S32,状态触发,堵塞损失≥20触发，维护后储备阈值50，冷却21日,78.45998628975562,S32,78.45998628975562,0.0,0.0,0.1706189696529463,5.484546779493959,0.048626406351089696,2060.0,0.0
purchase_maintenance_1.20_1.00,购置价×维护价,1.2,1.0,1.0,360.0,3.0,12.0,A5,S29,状态触发,堵塞损失≥10触发，维护后储备阈值50，冷却35日,240.27174698359946,S32,240.56249209387835,0.29074511027889116,0.0012100678249895812,0.5864219829973749,9.71994436818149,0.0,604.0,0.87
purchase_maintenance_1.20_1.00,购置价×维护价,1.2,1.0,1.0,360.0,3.0,12.0,A6,S33,状态触发,堵塞损失≥20触发，维护后储备阈值50，冷却35日,105.42467011576188,S32,105.42867821133909,0.004008095577205495,3.80185735730014e-05,0.2356200791528644,6.353495434356988,0.1284129431383111,1491.0,0.0
purchase_maintenance_1.20_1.00,购置价×维护价,1.2,1.0,1.0,360.0,3.0,12.0,A7,S29,状态触发,堵塞损失≥10触发，维护后储备阈值50，冷却35日,138.53458792148842,S29,138.53458792148842,0.0,0.0,0.30115887418938586,9.737972196913791,0.07528971854734647,1262.0,0.005
purchase_maintenance_1.20_1.00,购置价×维护价,1.2,1.0,1.0,360.0,3.0,12.0,A8,S29,状态触发,堵塞损失≥10触发，维护后储备阈值50，冷却35日,260.27826102175476,S29,260.27826102175476,0.0,0.0,0.6392530234349021,9.678290774804417,0.0926916883980608,557.0,0.945
purchase_maintenance_1.20_1.00,购置价×维护价,1.2,1.0,1.0,360.0,3.0,12.0,A9,S32,状态触发,堵塞损失≥20触发，维护后储备阈值50，冷却21日,63.93241708076393,S33,64.1756033328036,0.2431862520396706,0.003803801938732593,0.10933664611147696,5.846230467580674,0.5860444231575166,3271.0,0.0
purchase_maintenance_1.20_1.00,购置价×维护价,1.2,1.0,1.0,360.0,3.0,12.0,A10,S29,状态触发,堵塞损失≥10触发，维护后储备阈值50，冷却35日,453.15151099344587,S29,453.15151099344587,0.0,0.0,1.1792528976850805,9.540155942272301,0.0,308.0,1.0
purchase_maintenance_1.20_1.10,购置价×维护价,1.2,1.1,1.1,360.0,3.3000000000000003,13.200000000000001,A1,S32,状态触发,堵塞损失≥20触发，维护后储备阈值50，冷却21日,94.42904786714693,S32,94.42904786714693,0.0,0.0,0.19978831463992977,6.783812223598816,0.00899047415879684,1785.0,0.0
purchase_maintenance_1.20_1.10,购置价×维护价,1.2,1.1,1.1,360.0,3.3000000000000003,13.200000000000001,A2,S29,状态触发,堵塞损失≥10触发，维护后储备阈值50，冷却35日,224.40539946469426,S29,224.40539946469426,0.0,0.0,0.5255925057200005,9.98100168362281,0.1708175643590002,681.0,0.66
purchase_maintenance_1.20_1.10,购置价×维护价,1.2,1.1,1.1,360.0,3.3000000000000003,13.200000000000001,A3,S32,状态触发,堵塞损失≥20触发，维护后储备阈值50，冷却21日,81.54426330924849,S32,81.54426330924849,0.0,0.0,0.17037424025450018,5.916245492837518,0.05196414327762255,2093.0,0.0
purchase_maintenance_1.20_1.10,购置价×维护价,1.2,1.1,1.1,360.0,3.3000000000000003,13.200000000000001,A4,S32,状态触发,堵塞损失≥20触发，维护后储备阈值50，冷却21日,80.16370201122511,S32,80.16370201122511,0.0,0.0,0.1706189696529463,5.484546779493959,0.048626406351089696,2060.0,0.0
purchase_maintenance_1.20_1.10,购置价×维护价,1.2,1.1,1.1,360.0,3.3000000000000003,13.200000000000001,A5,S32,状态触发,堵塞损失≥20触发，维护后储备阈值50，冷却21日,242.4411213199639,S32,242.4411213199639,0.0,0.0,0.6160449995361742,6.262097420285212,0.0,576.0,0.92
purchase_maintenance_1.20_1.10,购置价×维护价,1.2,1.1,1.1,360.0,3.3000000000000003,13.200000000000001,A6,S33,状态触发,堵塞损失≥20触发，维护后储备阈值50，冷却35日,107.48481427783497,S32,107.48946941059597,0.004655132761001823,4.330967860230823e-05,0.2356200791528644,6.353495434356988,0.1284129431383111,1491.0,0.0
purchase_maintenance_1.20_1.10,购置价×维护价,1.2,1.1,1.1,360.0,3.3000000000000003,13.200000000000001,A7,S29,状态触发,堵塞损失≥10触发，维护后储备阈值50，冷却35日,141.5463272428194,S29,141.5463272428194,0.0,0.0,0.30115887418938586,9.737972196913791,0.07528971854734647,1262.0,0.005
purchase_maintenance_1.20_1.10,购置价×维护价,1.2,1.1,1.1,360.0,3.3000000000000003,13.200000000000001,A8,S29,状态触发,堵塞损失≥10触发，维护后储备阈值50，冷却35日,263.2929782802737,S29,263.2929782802737,0.0,0.0,0.6392530234349021,9.678290774804417,0.0926916883980608,557.0,0.945
purchase_maintenance_1.20_1.10,购置价×维护价,1.2,1.1,1.1,360.0,3.3000000000000003,13.200000000000001,A9,S32,状态触发,堵塞损失≥20触发，维护后储备阈值50，冷却21日,66.38953952882716,S33,66.61286988898223,0.22333036015507446,0.0033639389840639227,0.10933664611147696,5.846230467580674,0.5860444231575166,3271.0,0.0
purchase_maintenance_1.20_1.10,购置价×维护价,1.2,1.1,1.1,360.0,3.3000000000000003,13.200000000000001,A10,S29,状态触发,堵塞损失≥10触发，维护后储备阈值50，冷却35日,456.0135577761276,S29,456.0135577761276,0.0,0.0,1.1792528976850805,9.540155942272301,0.0,308.0,1.0
purchase_maintenance_1.20_1.20,购置价×维护价,1.2,1.2,1.2,360.0,3.5999999999999996,14.399999999999999,A1,S32,状态触发,堵塞损失≥20触发，维护后储备阈值50，冷却21日,96.47498010321712,S32,96.47498010321712,0.0,0.0,0.19978831463992977,6.783812223598816,0.00899047415879684,1785.0,0.0
purchase_maintenance_1.20_1.20,购置价×维护价,1.2,1.2,1.2,360.0,3.5999999999999996,14.399999999999999,A2,S29,状态触发,堵塞损失≥10触发，维护后储备阈值50，冷却35日,227.6046810470119,S29,227.6046810470119,0.0,0.0,0.5255925057200005,9.98100168362281,0.1708175643590002,681.0,0.66
purchase_maintenance_1.20_1.20,购置价×维护价,1.2,1.2,1.2,360.0,3.5999999999999996,14.399999999999999,A3,S32,状态触发,堵塞损失≥20触发，维护后储备阈值50，冷却21日,83.3814939290329,S32,83.3814939290329,0.0,0.0,0.17037424025450018,5.916245492837518,0.05196414327762255,2093.0,0.0
purchase_maintenance_1.20_1.20,购置价×维护价,1.2,1.2,1.2,360.0,3.5999999999999996,14.399999999999999,A4,S32,状态触发,堵塞损失≥20触发，维护后储备阈值50，冷却21日,81.8674177326946,S32,81.8674177326946,0.0,0.0,0.1706189696529463,5.484546779493959,0.048626406351089696,2060.0,0.0
purchase_maintenance_1.20_1.20,购置价×维护价,1.2,1.2,1.2,360.0,3.5999999999999996,14.399999999999999,A5,S32,状态触发,堵塞损失≥20触发，维护后储备阈值50，冷却21日,244.31975054604948,S32,244.31975054604948,0.0,0.0,0.6160449995361742,6.262097420285212,0.0,576.0,0.92
purchase_maintenance_1.20_1.20,购置价×维护价,1.2,1.2,1.2,360.0,3.5999999999999996,14.399999999999999,A6,S33,状态触发,堵塞损失≥20触发，维护后储备阈值50，冷却35日,109.54495843990802,S32,109.55026060985284,0.0053021699448265736,4.840177056377389e-05,0.2356200791528644,6.353495434356988,0.1284129431383111,1491.0,0.0
purchase_maintenance_1.20_1.20,购置价×维护价,1.2,1.2,1.2,360.0,3.5999999999999996,14.399999999999999,A7,S29,状态触发,堵塞损失≥10触发，维护后储备阈值50，冷却35日,144.55806656415035,S29,144.55806656415035,0.0,0.0,0.30115887418938586,9.737972196913791,0.07528971854734647,1262.0,0.005
purchase_maintenance_1.20_1.20,购置价×维护价,1.2,1.2,1.2,360.0,3.5999999999999996,14.399999999999999,A8,S29,状态触发,堵塞损失≥10触发，维护后储备阈值50，冷却35日,266.30769553879276,S29,266.30769553879276,0.0,0.0,0.6392530234349021,9.678290774804417,0.0926916883980608,557.0,0.945
purchase_maintenance_1.20_1.20,购置价×维护价,1.2,1.2,1.2,360.0,3.5999999999999996,14.399999999999999,A9,S32,状态触发,堵塞损失≥20触发，维护后储备阈值50，冷却21日,68.84666197689037,S33,69.05013644516086,0.20347446827048543,0.0029554732564780746,0.10933664611147696,5.846230467580674,0.5860444231575166,3271.0,0.0
purchase_maintenance_1.20_1.20,购置价×维护价,1.2,1.2,1.2,360.0,3.5999999999999996,14.399999999999999,A10,S29,状态触发,堵塞损失≥10触发，维护后储备阈值50，冷却35日,458.8756045588093,S29,458.8756045588093,0.0,0.0,1.1792528976850805,9.540155942272301,0.0,308.0,1.0
purchase_maintenance_1.20_1.30,购置价×维护价,1.2,1.3,1.3,360.0,3.9000000000000004,15.600000000000001,A1,S32,状态触发,堵塞损失≥20触发，维护后储备阈值50，冷却21日,98.52091233928734,S32,98.52091233928734,0.0,0.0,0.19978831463992977,6.783812223598816,0.00899047415879684,1785.0,0.0
purchase_maintenance_1.20_1.30,购置价×维护价,1.2,1.3,1.3,360.0,3.9000000000000004,15.600000000000001,A2,S29,状态触发,堵塞损失≥10触发，维护后储备阈值50，冷却35日,230.80396262932953,S29,230.80396262932953,0.0,0.0,0.5255925057200005,9.98100168362281,0.1708175643590002,681.0,0.66
purchase_maintenance_1.20_1.30,购置价×维护价,1.2,1.3,1.3,360.0,3.9000000000000004,15.600000000000001,A3,S32,状态触发,堵塞损失≥20触发，维护后储备阈值50，冷却21日,85.2187245488173,S32,85.2187245488173,0.0,0.0,0.17037424025450018,5.916245492837518,0.05196414327762255,2093.0,0.0
purchase_maintenance_1.20_1.30,购置价×维护价,1.2,1.3,1.3,360.0,3.9000000000000004,15.600000000000001,A4,S32,状态触发,堵塞损失≥20触发，维护后储备阈值50，冷却21日,83.57113345416411,S32,83.57113345416411,0.0,0.0,0.1706189696529463,5.484546779493959,0.048626406351089696,2060.0,0.0
purchase_maintenance_1.20_1.30,购置价×维护价,1.2,1.3,1.3,360.0,3.9000000000000004,15.600000000000001,A5,S32,状态触发,堵塞损失≥20触发，维护后储备阈值50，冷却21日,246.19837977213504,S32,246.19837977213504,0.0,0.0,0.6160449995361742,6.262097420285212,0.0,576.0,0.92
purchase_maintenance_1.20_1.30,购置价×维护价,1.2,1.3,1.3,360.0,3.9000000000000004,15.600000000000001,A6,S33,状态触发,堵塞损失≥20触发，维护后储备阈值50，冷却35日,111.60510260198109,S32,111.61105180910971,0.005949207128622902,5.330587034035215e-05,0.2356200791528644,6.353495434356988,0.1284129431383111,1491.0,0.0
purchase_maintenance_1.20_1.30,购置价×维护价,1.2,1.3,1.3,360.0,3.9000000000000004,15.600000000000001,A7,S29,状态触发,堵塞损失≥10触发，维护后储备阈值50，冷却35日,147.56980588548132,S29,147.56980588548132,0.0,0.0,0.30115887418938586,9.737972196913791,0.07528971854734647,1262.0,0.005
purchase_maintenance_1.20_1.30,购置价×维护价,1.2,1.3,1.3,360.0,3.9000000000000004,15.600000000000001,A8,S29,状态触发,堵塞损失≥10触发，维护后储备阈值50，冷却35日,269.32241279731176,S29,269.32241279731176,0.0,0.0,0.6392530234349021,9.678290774804417,0.0926916883980608,557.0,0.945
purchase_maintenance_1.20_1.30,购置价×维护价,1.2,1.3,1.3,360.0,3.9000000000000004,15.600000000000001,A9,S32,状态触发,堵塞损失≥20触发，维护后储备阈值50，冷却21日,71.3037844249536,S33,71.48740300133949,0.1836185763858822,0.0025751589185162896,0.10933664611147696,5.846230467580674,0.5860444231575166,3271.0,0.0
purchase_maintenance_1.20_1.30,购置价×维护价,1.2,1.3,1.3,360.0,3.9000000000000004,15.600000000000001,A10,S29,状态触发,堵塞损失≥10触发，维护后储备阈值50，冷却35日,461.73765134149096,S29,461.73765134149096,0.0,0.0,1.1792528976850805,9.540155942272301,0.0,308.0,1.0
purchase_maintenance_1.20_1.40,购置价×维护价,1.2,1.4,1.4,360.0,4.199999999999999,16.799999999999997,A1,S32,状态触发,堵塞损失≥20触发，维护后储备阈值50，冷却21日,100.56684457535752,S32,100.56684457535752,0.0,0.0,0.19978831463992977,6.783812223598816,0.00899047415879684,1785.0,0.0
purchase_maintenance_1.20_1.40,购置价×维护价,1.2,1.4,1.4,360.0,4.199999999999999,16.799999999999997,A2,S29,状态触发,堵塞损失≥10触发，维护后储备阈值50，冷却35日,234.00324421164717,S29,234.00324421164717,0.0,0.0,0.5255925057200005,9.98100168362281,0.1708175643590002,681.0,0.66
purchase_maintenance_1.20_1.40,购置价×维护价,1.2,1.4,1.4,360.0,4.199999999999999,16.799999999999997,A3,S32,状态触发,堵塞损失≥20触发，维护后储备阈值50，冷却21日,87.05595516860171,S32,87.05595516860171,0.0,0.0,0.17037424025450018,5.916245492837518,0.05196414327762255,2093.0,0.0
purchase_maintenance_1.20_1.40,购置价×维护价,1.2,1.4,1.4,360.0,4.199999999999999,16.799999999999997,A4,S36,状态触发,堵塞损失≥30触发，维护后储备阈值50，冷却21日,85.14913754260007,S32,85.2748491756336,0.12571163303353217,0.001476370009862269,0.1818516757488779,4.4244512709701995,0.06546660326959604,2002.0,0.0
purchase_maintenance_1.20_1.40,购置价×维护价,1.2,1.4,1.4,360.0,4.199999999999999,16.799999999999997,A5,S32,状态触发,堵塞损失≥20触发，维护后储备阈值50，冷却21日,248.07700899822058,S32,248.07700899822058,0.0,0.0,0.6160449995361742,6.262097420285212,0.0,576.0,0.92
purchase_maintenance_1.20_1.40,购置价×维护价,1.2,1.4,1.4,360.0,4.199999999999999,16.799999999999997,A6,S33,状态触发,堵塞损失≥20触发，维护后储备阈值50，冷却35日,113.66524676405416,S32,113.67184300836658,0.0065962443124192305,5.803219981663953e-05,0.2356200791528644,6.353495434356988,0.1284129431383111,1491.0,0.0
purchase_maintenance_1.20_1.40,购置价×维护价,1.2,1.4,1.4,360.0,4.199999999999999,16.799999999999997,A7,S29,状态触发,堵塞损失≥10触发，维护后储备阈值50，冷却35日,150.58154520681225,S29,150.58154520681225,0.0,0.0,0.30115887418938586,9.737972196913791,0.07528971854734647,1262.0,0.005
purchase_maintenance_1.20_1.40,购置价×维护价,1.2,1.4,1.4,360.0,4.199999999999999,16.799999999999997,A8,S29,状态触发,堵塞损失≥10触发，维护后储备阈值50，冷却35日,272.3371300558307,S29,272.3371300558307,0.0,0.0,0.6392530234349021,9.678290774804417,0.0926916883980608,557.0,0.945
purchase_maintenance_1.20_1.40,购置价×维护价,1.2,1.4,1.4,360.0,4.199999999999999,16.799999999999997,A9,S32,状态触发,堵塞损失≥20触发，维护后储备阈值50，冷却21日,73.76090687301681,S33,73.9246695575181,0.16376268450129317,0.002220182633914996,0.10933664611147696,5.846230467580674,0.5860444231575166,3271.0,0.0
purchase_maintenance_1.20_1.40,购置价×维护价,1.2,1.4,1.4,360.0,4.199999999999999,16.799999999999997,A10,S29,状态触发,堵塞损失≥10触发，维护后储备阈值50，冷却35日,464.5996981241726,S29,464.5996981241726,0.0,0.0,1.1792528976850805,9.540155942272301,0.0,308.0,1.0
purchase_maintenance_1.20_1.50,购置价×维护价,1.2,1.5,1.5,360.0,4.5,18.0,A1,S32,状态触发,堵塞损失≥20触发，维护后储备阈值50，冷却21日,102.61277681142774,S32,102.61277681142774,0.0,0.0,0.19978831463992977,6.783812223598816,0.00899047415879684,1785.0,0.0
purchase_maintenance_1.20_1.50,购置价×维护价,1.2,1.5,1.5,360.0,4.5,18.0,A2,S29,状态触发,堵塞损失≥10触发，维护后储备阈值50，冷却35日,237.2025257939648,S29,237.2025257939648,0.0,0.0,0.5255925057200005,9.98100168362281,0.1708175643590002,681.0,0.66
purchase_maintenance_1.20_1.50,购置价×维护价,1.2,1.5,1.5,360.0,4.5,18.0,A3,S32,状态触发,堵塞损失≥20触发，维护后储备阈值50，冷却21日,88.8931857883861,S32,88.8931857883861,0.0,0.0,0.17037424025450018,5.916245492837518,0.05196414327762255,2093.0,0.0
purchase_maintenance_1.20_1.50,购置价×维护价,1.2,1.5,1.5,360.0,4.5,18.0,A4,S36,状态触发,堵塞损失≥30触发，维护后储备阈值50，冷却21日,86.55503284781467,S32,86.97856489710308,0.42353204928841137,0.0048932111207569675,0.1818516757488779,4.4244512709701995,0.06546660326959604,2002.0,0.0
purchase_maintenance_1.20_1.50,购置价×维护价,1.2,1.5,1.5,360.0,4.5,18.0,A5,S32,状态触发,堵塞损失≥20触发，维护后储备阈值50，冷却21日,249.95563822430614,S32,249.95563822430614,0.0,0.0,0.6160449995361742,6.262097420285212,0.0,576.0,0.92
purchase_maintenance_1.20_1.50,购置价×维护价,1.2,1.5,1.5,360.0,4.5,18.0,A6,S33,状态触发,堵塞损失≥20触发，维护后储备阈值50，冷却35日,115.72539092612723,S32,115.73263420762346,0.00724328149622977,6.25902529968854e-05,0.2356200791528644,6.353495434356988,0.1284129431383111,1491.0,0.0
purchase_maintenance_1.20_1.50,购置价×维护价,1.2,1.5,1.5,360.0,4.5,18.0,A7,S29,状态触发,堵塞损失≥10触发，维护后储备阈值50，冷却35日,153.59328452814322,S29,153.59328452814322,0.0,0.0,0.30115887418938586,9.737972196913791,0.07528971854734647,1262.0,0.005
purchase_maintenance_1.20_1.50,购置价×维护价,1.2,1.5,1.5,360.0,4.5,18.0,A8,S29,状态触发,堵塞损失≥10触发，维护后储备阈值50，冷却35日,275.35184731434975,S29,275.35184731434975,0.0,0.0,0.6392530234349021,9.678290774804417,0.0926916883980608,557.0,0.945
purchase_maintenance_1.20_1.50,购置价×维护价,1.2,1.5,1.5,360.0,4.5,18.0,A9,S32,状态触发,堵塞损失≥20触发，维护后储备阈值50，冷却21日,76.21802932108004,S33,76.36193611369674,0.14390679261670414,0.0018880938525775166,0.10933664611147696,5.846230467580674,0.5860444231575166,3271.0,0.0
purchase_maintenance_1.20_1.50,购置价×维护价,1.2,1.5,1.5,360.0,4.5,18.0,A10,S29,状态触发,堵塞损失≥10触发，维护后储备阈值50，冷却35日,467.46174490685434,S29,467.46174490685434,0.0,0.0,1.1792528976850805,9.540155942272301,0.0,308.0,1.0
purchase_maintenance_1.30_0.50,购置价×维护价,1.3,0.5,0.5,390.0,1.5,6.0,A1,S32,状态触发,堵塞损失≥20触发，维护后储备阈值50，冷却21日,88.14710388992363,S32,88.14710388992363,0.0,0.0,0.19978831463992977,6.783812223598816,0.00899047415879684,1785.0,0.0
purchase_maintenance_1.30_0.50,购置价×维护价,1.3,0.5,0.5,390.0,1.5,6.0,A2,S28,状态触发,堵塞损失≥10触发，维护后储备阈值50，冷却21日,220.23986117125878,S29,220.9774851423884,0.737623971129608,0.003349184689850629,0.5186110736420625,11.987694967236276,0.0,692.0,0.635
purchase_maintenance_1.30_0.50,购置价×维护价,1.3,0.5,0.5,390.0,1.5,6.0,A3,S32,状态触发,堵塞损失≥20触发，维护后储备阈值50，冷却21日,75.63210679817708,S32,75.63210679817708,0.0,0.0,0.17037424025450018,5.916245492837518,0.05196414327762255,2093.0,0.0
purchase_maintenance_1.30_0.50,购置价×维护价,1.3,0.5,0.5,390.0,1.5,6.0,A4,S32,状态触发,堵塞损失≥20触发，维护后储备阈值50，冷却21日,75.05997677199653,S32,75.05997677199653,0.0,0.0,0.1706189696529463,5.484546779493959,0.048626406351089696,2060.0,0.0
purchase_maintenance_1.30_0.50,购置价×维护价,1.3,0.5,0.5,390.0,1.5,6.0,A5,S29,状态触发,堵塞损失≥10触发，维护后储备阈值50，冷却35日,243.28448992124845,S32,249.65069594953576,6.3662060282873085,0.026167743082791916,0.5864219829973749,9.71994436818149,0.0,604.0,0.87
purchase_maintenance_1.30_0.50,购置价×维护价,1.3,0.5,0.5,390.0,1.5,6.0,A6,S33,状态触发,堵塞损失≥20触发，维护后储备阈值50，冷却35日,102.19255167998246,S32,102.19311939995225,0.0005677199697942115,5.555394796012485e-06,0.2356200791528644,6.353495434356988,0.1284129431383111,1491.0,0.0
purchase_maintenance_1.30_0.50,购置价×维护价,1.3,0.5,0.5,390.0,1.5,6.0,A7,S29,状态触发,堵塞损失≥10触发，维护后储备阈值50，冷却35日,132.51065754051527,S29,132.51065754051527,0.0,0.0,0.30115887418938586,9.737972196913791,0.07528971854734647,1262.0,0.005
purchase_maintenance_1.30_0.50,购置价×维护价,1.3,0.5,0.5,390.0,1.5,6.0,A8,S29,状态触发,堵塞损失≥10触发，维护后储备阈值50，冷却35日,264.3822654322068,S29,264.3822654322068,0.0,0.0,0.6392530234349021,9.678290774804417,0.0926916883980608,557.0,0.945
purchase_maintenance_1.30_0.50,购置价×维护价,1.3,0.5,0.5,390.0,1.5,6.0,A9,S32,状态触发,堵塞损失≥20触发，维护后储备阈值50，冷却21日,54.92690422379212,S33,55.306182032828566,0.37927780903644503,0.006905137189074588,0.10933664611147696,5.846230467580674,0.5860444231575166,3271.0,0.0
purchase_maintenance_1.30_0.50,购置价×维护价,1.3,0.5,0.5,390.0,1.5,6.0,A10,S28,状态触发,堵塞损失≥10触发，维护后储备阈值50，冷却21日,473.6757986373351,S29,474.21886401058987,0.5430653732547626,0.0011464917034331216,1.1738522601275891,10.582278125050218,0.0,308.0,1.0
purchase_maintenance_1.30_0.60,购置价×维护价,1.3,0.6,0.6,390.0,1.7999999999999998,7.199999999999999,A1,S32,状态触发,堵塞损失≥20触发，维护后储备阈值50，冷却21日,90.19303612599381,S32,90.19303612599381,0.0,0.0,0.19978831463992977,6.783812223598816,0.00899047415879684,1785.0,0.0
purchase_maintenance_1.30_0.60,购置价×维护价,1.3,0.6,0.6,390.0,1.7999999999999998,7.199999999999999,A2,S28,状态触发,堵塞损失≥10触发，维护后储备阈值50，冷却21日,223.83616966142966,S29,224.17676672470606,0.34059706327639105,0.0015216355059665813,0.5186110736420625,11.987694967236276,0.0,692.0,0.635
purchase_maintenance_1.30_0.60,购置价×维护价,1.3,0.6,0.6,390.0,1.7999999999999998,7.199999999999999,A3,S32,状态触发,堵塞损失≥20触发，维护后储备阈值50，冷却21日,77.46933741796148,S32,77.46933741796148,0.0,0.0,0.17037424025450018,5.916245492837518,0.05196414327762255,2093.0,0.0
purchase_maintenance_1.30_0.60,购置价×维护价,1.3,0.6,0.6,390.0,1.7999999999999998,7.199999999999999,A4,S32,状态触发,堵塞损失≥20触发，维护后储备阈值50，冷却21日,76.76369249346602,S32,76.76369249346602,0.0,0.0,0.1706189696529463,5.484546779493959,0.048626406351089696,2060.0,0.0
purchase_maintenance_1.30_0.60,购置价×维护价,1.3,0.6,0.6,390.0,1.7999999999999998,7.199999999999999,A5,S29,状态触发,堵塞损失≥10触发，维护后储备阈值50，冷却35日,246.2004732317029,S32,251.52932517562132,5.328851943918437,0.021644361093097395,0.5864219829973749,9.71994436818149,0.0,604.0,0.87
purchase_maintenance_1.30_0.60,购置价×维护价,1.3,0.6,0.6,390.0,1.7999999999999998,7.199999999999999,A6,S33,状态触发,堵塞损失≥20触发，维护后储备阈值50，冷却35日,104.25269584205553,S32,104.25391059920914,0.0012147571536047508,1.1652045482307017e-05,0.2356200791528644,6.353495434356988,0.1284129431383111,1491.0,0.0
purchase_maintenance_1.30_0.60,购置价×维护价,1.3,0.6,0.6,390.0,1.7999999999999998,7.199999999999999,A7,S29,状态触发,堵塞损失≥10触发，维护后储备阈值50，冷却35日,135.52239686184623,S29,135.52239686184623,0.0,0.0,0.30115887418938586,9.737972196913791,0.07528971854734647,1262.0,0.005
purchase_maintenance_1.30_0.60,购置价×维护价,1.3,0.6,0.6,390.0,1.7999999999999998,7.199999999999999,A8,S29,状态触发,堵塞损失≥10触发，维护后储备阈值50，冷却35日,267.3969826907258,S29,267.3969826907258,0.0,0.0,0.6392530234349021,9.678290774804417,0.0926916883980608,557.0,0.945
purchase_maintenance_1.30_0.60,购置价×维护价,1.3,0.6,0.6,390.0,1.7999999999999998,7.199999999999999,A9,S32,状态触发,堵塞损失≥20触发，维护后储备阈值50，冷却21日,57.38402667185535,S33,57.7434485890072,0.3594219171518489,0.006263448872404269,0.10933664611147696,5.846230467580674,0.5860444231575166,3271.0,0.0
purchase_maintenance_1.30_0.60,购置价×维护价,1.3,0.6,0.6,390.0,1.7999999999999998,7.199999999999999,A10,S28,状态触发,堵塞损失≥10触发，维护后储备阈值50，冷却21日,476.85048207485016,S29,477.0809107932715,0.23042871842136492,0.0004832305451778804,1.1738522601275891,10.582278125050218,0.0,308.0,1.0
purchase_maintenance_1.30_0.70,购置价×维护价,1.3,0.7,0.7,390.0,2.0999999999999996,8.399999999999999,A1,S32,状态触发,堵塞损失≥20触发，维护后储备阈值50，冷却21日,92.23896836206403,S32,92.23896836206403,0.0,0.0,0.19978831463992977,6.783812223598816,0.00899047415879684,1785.0,0.0
purchase_maintenance_1.30_0.70,购置价×维护价,1.3,0.7,0.7,390.0,2.0999999999999996,8.399999999999999,A2,S29,状态触发,堵塞损失≥10触发，维护后储备阈值50，冷却35日,227.3760483070237,S29,227.3760483070237,0.0,0.0,0.5255925057200005,9.98100168362281,0.1708175643590002,681.0,0.66
purchase_maintenance_1.30_0.70,购置价×维护价,1.3,0.7,0.7,390.0,2.0999999999999996,8.399999999999999,A3,S32,状态触发,堵塞损失≥20触发，维护后储备阈值50，冷却21日,79.30656803774589,S32,79.30656803774589,0.0,0.0,0.17037424025450018,5.916245492837518,0.05196414327762255,2093.0,0.0
purchase_maintenance_1.30_0.70,购置价×维护价,1.3,0.7,0.7,390.0,2.0999999999999996,8.399999999999999,A4,S32,状态触发,堵塞损失≥20触发，维护后储备阈值50，冷却21日,78.46740821493552,S32,78.46740821493552,0.0,0.0,0.1706189696529463,5.484546779493959,0.048626406351089696,2060.0,0.0
purchase_maintenance_1.30_0.70,购置价×维护价,1.3,0.7,0.7,390.0,2.0999999999999996,8.399999999999999,A5,S29,状态触发,堵塞损失≥10触发，维护后储备阈值50，冷却35日,249.11645654215735,S32,253.4079544017069,4.291497859549537,0.017226874206214063,0.5864219829973749,9.71994436818149,0.0,604.0,0.87
purchase_maintenance_1.30_0.70,购置价×维护价,1.3,0.7,0.7,390.0,2.0999999999999996,8.399999999999999,A6,S33,状态触发,堵塞损失≥20触发，维护后储备阈值50，冷却35日,106.31284000412859,S32,106.314701798466,0.00186179433741529,1.751241277481618e-05,0.2356200791528644,6.353495434356988,0.1284129431383111,1491.0,0.0
purchase_maintenance_1.30_0.70,购置价×维护价,1.3,0.7,0.7,390.0,2.0999999999999996,8.399999999999999,A7,S29,状态触发,堵塞损失≥10触发，维护后储备阈值50，冷却35日,138.53413618317714,S29,138.53413618317714,0.0,0.0,0.30115887418938586,9.737972196913791,0.07528971854734647,1262.0,0.005
purchase_maintenance_1.30_0.70,购置价×维护价,1.3,0.7,0.7,390.0,2.0999999999999996,8.399999999999999,A8,S29,状态触发,堵塞损失≥10触发，维护后储备阈值50，冷却35日,270.41169994924485,S29,270.41169994924485,0.0,0.0,0.6392530234349021,9.678290774804417,0.0926916883980608,557.0,0.945
purchase_maintenance_1.30_0.70,购置价×维护价,1.3,0.7,0.7,390.0,2.0999999999999996,8.399999999999999,A9,S32,状态触发,堵塞损失≥20触发，维护后储备阈值50，冷却21日,59.84114911991857,S33,60.18071514518582,0.33956602526725277,0.00567445696249549,0.10933664611147696,5.846230467580674,0.5860444231575166,3271.0,0.0
purchase_maintenance_1.30_0.70,购置价×维护价,1.3,0.7,0.7,390.0,2.0999999999999996,8.399999999999999,A10,S29,状态触发,堵塞损失≥10触发，维护后储备阈值50，冷却35日,479.94295757595324,S29,479.94295757595324,0.0,0.0,1.1792528976850805,9.540155942272301,0.0,308.0,1.0
purchase_maintenance_1.30_0.80,购置价×维护价,1.3,0.8,0.8,390.0,2.4000000000000004,9.600000000000001,A1,S32,状态触发,堵塞损失≥20触发，维护后储备阈值50，冷却21日,94.28490059813421,S32,94.28490059813421,0.0,0.0,0.19978831463992977,6.783812223598816,0.00899047415879684,1785.0,0.0
purchase_maintenance_1.30_0.80,购置价×维护价,1.3,0.8,0.8,390.0,2.4000000000000004,9.600000000000001,A2,S29,状态触发,堵塞损失≥10触发，维护后储备阈值50，冷却35日,230.57532988934136,S29,230.57532988934136,0.0,0.0,0.5255925057200005,9.98100168362281,0.1708175643590002,681.0,0.66
purchase_maintenance_1.30_0.80,购置价×维护价,1.3,0.8,0.8,390.0,2.4000000000000004,9.600000000000001,A3,S32,状态触发,堵塞损失≥20触发，维护后储备阈值50，冷却21日,81.1437986575303,S32,81.1437986575303,0.0,0.0,0.17037424025450018,5.916245492837518,0.05196414327762255,2093.0,0.0
purchase_maintenance_1.30_0.80,购置价×维护价,1.3,0.8,0.8,390.0,2.4000000000000004,9.600000000000001,A4,S32,状态触发,堵塞损失≥20触发，维护后储备阈值50，冷却21日,80.17112393640501,S32,80.17112393640501,0.0,0.0,0.1706189696529463,5.484546779493959,0.048626406351089696,2060.0,0.0
purchase_maintenance_1.30_0.80,购置价×维护价,1.3,0.8,0.8,390.0,2.4000000000000004,9.600000000000001,A5,S29,状态触发,堵塞损失≥10触发，维护后储备阈值50，冷却35日,252.0324398526118,S32,255.28658362779245,3.2541437751806654,0.012911606843482863,0.5864219829973749,9.71994436818149,0.0,604.0,0.87
purchase_maintenance_1.30_0.80,购置价×维护价,1.3,0.8,0.8,390.0,2.4000000000000004,9.600000000000001,A6,S33,状态触发,堵塞损失≥20触发，维护后储备阈值50，冷却35日,108.37298416620168,S32,108.37549299772287,0.0025088315211974077,2.3149971743417563e-05,0.2356200791528644,6.353495434356988,0.1284129431383111,1491.0,0.0
purchase_maintenance_1.30_0.80,购置价×维护价,1.3,0.8,0.8,390.0,2.4000000000000004,9.600000000000001,A7,S29,状态触发,堵塞损失≥10触发，维护后储备阈值50，冷却35日,141.5458755045081,S29,141.5458755045081,0.0,0.0,0.30115887418938586,9.737972196913791,0.07528971854734647,1262.0,0.005
purchase_maintenance_1.30_0.80,购置价×维护价,1.3,0.8,0.8,390.0,2.4000000000000004,9.600000000000001,A8,S29,状态触发,堵塞损失≥10触发，维护后储备阈值50，冷却35日,273.4264172077638,S29,273.4264172077638,0.0,0.0,0.6392530234349021,9.678290774804417,0.0926916883980608,557.0,0.945
purchase_maintenance_1.30_0.80,购置价×维护价,1.3,0.8,0.8,390.0,2.4000000000000004,9.600000000000001,A9,S32,状态触发,堵塞损失≥20触发，维护后储备阈值50，冷却21日,62.29827156798179,S33,62.61798170136446,0.31971013338266374,0.005131926220999345,0.10933664611147696,5.846230467580674,0.5860444231575166,3271.0,0.0
purchase_maintenance_1.30_0.80,购置价×维护价,1.3,0.8,0.8,390.0,2.4000000000000004,9.600000000000001,A10,S29,状态触发,堵塞损失≥10触发，维护后储备阈值50，冷却35日,482.8050043586349,S29,482.8050043586349,0.0,0.0,1.1792528976850805,9.540155942272301,0.0,308.0,1.0
purchase_maintenance_1.30_0.90,购置价×维护价,1.3,0.9,0.9,390.0,2.7,10.8,A1,S32,状态触发,堵塞损失≥20触发，维护后储备阈值50，冷却21日,96.33083283420443,S32,96.33083283420443,0.0,0.0,0.19978831463992977,6.783812223598816,0.00899047415879684,1785.0,0.0
purchase_maintenance_1.30_0.90,购置价×维护价,1.3,0.9,0.9,390.0,2.7,10.8,A2,S29,状态触发,堵塞损失≥10触发，维护后储备阈值50，冷却35日,233.774611471659,S29,233.774611471659,0.0,0.0,0.5255925057200005,9.98100168362281,0.1708175643590002,681.0,0.66
purchase_maintenance_1.30_0.90,购置价×维护价,1.3,0.9,0.9,390.0,2.7,10.8,A3,S32,状态触发,堵塞损失≥20触发，维护后储备阈值50，冷却21日,82.9810292773147,S32,82.9810292773147,0.0,0.0,0.17037424025450018,5.916245492837518,0.05196414327762255,2093.0,0.0
purchase_maintenance_1.30_0.90,购置价×维护价,1.3,0.9,0.9,390.0,2.7,10.8,A4,S32,状态触发,堵塞损失≥20触发，维护后储备阈值50，冷却21日,81.87483965787452,S32,81.87483965787452,0.0,0.0,0.1706189696529463,5.484546779493959,0.048626406351089696,2060.0,0.0
purchase_maintenance_1.30_0.90,购置价×维护价,1.3,0.9,0.9,390.0,2.7,10.8,A5,S29,状态触发,堵塞损失≥10触发，维护后储备阈值50，冷却35日,254.94842316306625,S32,257.165212853878,2.2167896908117655,0.008695051584586173,0.5864219829973749,9.71994436818149,0.0,604.0,0.87
purchase_maintenance_1.30_0.90,购置价×维护价,1.3,0.9,0.9,390.0,2.7,10.8,A6,S33,状态触发,堵塞损失≥20触发，维护后储备阈值50，冷却35日,110.43312832827473,S32,110.43628419697976,0.003155868705022158,2.857719194226743e-05,0.2356200791528644,6.353495434356988,0.1284129431383111,1491.0,0.0
purchase_maintenance_1.30_0.90,购置价×维护价,1.3,0.9,0.9,390.0,2.7,10.8,A7,S29,状态触发,堵塞损失≥10触发，维护后储备阈值50，冷却35日,144.55761482583907,S29,144.55761482583907,0.0,0.0,0.30115887418938586,9.737972196913791,0.07528971854734647,1262.0,0.005
purchase_maintenance_1.30_0.90,购置价×维护价,1.3,0.9,0.9,390.0,2.7,10.8,A8,S29,状态触发,堵塞损失≥10触发，维护后储备阈值50，冷却35日,276.4411344662828,S29,276.4411344662828,0.0,0.0,0.6392530234349021,9.678290774804417,0.0926916883980608,557.0,0.945
purchase_maintenance_1.30_0.90,购置价×维护价,1.3,0.9,0.9,390.0,2.7,10.8,A9,S32,状态触发,堵塞损失≥20触发，维护后储备阈值50，冷却21日,64.75539401604502,S33,65.05524825754308,0.2998542414980676,0.004630567785963438,0.10933664611147696,5.846230467580674,0.5860444231575166,3271.0,0.0
purchase_maintenance_1.30_0.90,购置价×维护价,1.3,0.9,0.9,390.0,2.7,10.8,A10,S29,状态触发,堵塞损失≥10触发，维护后储备阈值50，冷却35日,485.6670511413166,S29,485.6670511413166,0.0,0.0,1.1792528976850805,9.540155942272301,0.0,308.0,1.0
purchase_maintenance_1.30_1.00,购置价×维护价,1.3,1.0,1.0,390.0,3.0,12.0,A1,S32,状态触发,堵塞损失≥20触发，维护后储备阈值50，冷却21日,98.37676507027462,S32,98.37676507027462,0.0,0.0,0.19978831463992977,6.783812223598816,0.00899047415879684,1785.0,0.0
purchase_maintenance_1.30_1.00,购置价×维护价,1.3,1.0,1.0,390.0,3.0,12.0,A2,S29,状态触发,堵塞损失≥10触发，维护后储备阈值50，冷却35日,236.97389305397664,S29,236.97389305397664,0.0,0.0,0.5255925057200005,9.98100168362281,0.1708175643590002,681.0,0.66
purchase_maintenance_1.30_1.00,购置价×维护价,1.3,1.0,1.0,390.0,3.0,12.0,A3,S32,状态触发,堵塞损失≥20触发，维护后储备阈值50，冷却21日,84.8182598970991,S32,84.8182598970991,0.0,0.0,0.17037424025450018,5.916245492837518,0.05196414327762255,2093.0,0.0
purchase_maintenance_1.30_1.00,购置价×维护价,1.3,1.0,1.0,390.0,3.0,12.0,A4,S32,状态触发,堵塞损失≥20触发，维护后储备阈值50，冷却21日,83.57855537934401,S32,83.57855537934401,0.0,0.0,0.1706189696529463,5.484546779493959,0.048626406351089696,2060.0,0.0
purchase_maintenance_1.30_1.00,购置价×维护价,1.3,1.0,1.0,390.0,3.0,12.0,A5,S29,状态触发,堵塞损失≥10触发，维护后储备阈值50，冷却35日,257.86440647352066,S32,259.04384207996355,1.179435606442894,0.004573859659704554,0.5864219829973749,9.71994436818149,0.0,604.0,0.87
purchase_maintenance_1.30_1.00,购置价×维护价,1.3,1.0,1.0,390.0,3.0,12.0,A6,S33,状态触发,堵塞损失≥20触发，维护后储备阈值50，冷却35日,112.49327249034782,S32,112.49707539623662,0.0038029058888042755,3.380562948002578e-05,0.2356200791528644,6.353495434356988,0.1284129431383111,1491.0,0.0
purchase_maintenance_1.30_1.00,购置价×维护价,1.3,1.0,1.0,390.0,3.0,12.0,A7,S29,状态触发,堵塞损失≥10触发，维护后储备阈值50，冷却35日,147.56935414717,S29,147.56935414717,0.0,0.0,0.30115887418938586,9.737972196913791,0.07528971854734647,1262.0,0.005
purchase_maintenance_1.30_1.00,购置价×维护价,1.3,1.0,1.0,390.0,3.0,12.0,A8,S29,状态触发,堵塞损失≥10触发，维护后储备阈值50，冷却35日,279.45585172480185,S29,279.45585172480185,0.0,0.0,0.6392530234349021,9.678290774804417,0.0926916883980608,557.0,0.945
purchase_maintenance_1.30_1.00,购置价×维护价,1.3,1.0,1.0,390.0,3.0,12.0,A9,S32,状态触发,堵塞损失≥20触发，维护后储备阈值50，冷却21日,67.21251646410823,S33,67.49251481372171,0.2799983496134786,0.004165866185995266,0.10933664611147696,5.846230467580674,0.5860444231575166,3271.0,0.0
purchase_maintenance_1.30_1.00,购置价×维护价,1.3,1.0,1.0,390.0,3.0,12.0,A10,S29,状态触发,堵塞损失≥10触发，维护后储备阈值50，冷却35日,488.5290979239983,S29,488.5290979239983,0.0,0.0,1.1792528976850805,9.540155942272301,0.0,308.0,1.0
purchase_maintenance_1.30_1.10,购置价×维护价,1.3,1.1,1.1,390.0,3.3000000000000003,13.200000000000001,A1,S32,状态触发,堵塞损失≥20触发，维护后储备阈值50，冷却21日,100.42269730634483,S32,100.42269730634483,0.0,0.0,0.19978831463992977,6.783812223598816,0.00899047415879684,1785.0,0.0
purchase_maintenance_1.30_1.10,购置价×维护价,1.3,1.1,1.1,390.0,3.3000000000000003,13.200000000000001,A2,S29,状态触发,堵塞损失≥10触发，维护后储备阈值50，冷却35日,240.17317463629428,S29,240.17317463629428,0.0,0.0,0.5255925057200005,9.98100168362281,0.1708175643590002,681.0,0.66
purchase_maintenance_1.30_1.10,购置价×维护价,1.3,1.1,1.1,390.0,3.3000000000000003,13.200000000000001,A3,S32,状态触发,堵塞损失≥20触发，维护后储备阈值50，冷却21日,86.65549051688349,S32,86.65549051688349,0.0,0.0,0.17037424025450018,5.916245492837518,0.05196414327762255,2093.0,0.0
purchase_maintenance_1.30_1.10,购置价×维护价,1.3,1.1,1.1,390.0,3.3000000000000003,13.200000000000001,A4,S32,状态触发,堵塞损失≥20触发，维护后储备阈值50，冷却21日,85.2822711008135,S32,85.2822711008135,0.0,0.0,0.1706189696529463,5.484546779493959,0.048626406351089696,2060.0,0.0
purchase_maintenance_1.30_1.10,购置价×维护价,1.3,1.1,1.1,390.0,3.3000000000000003,13.200000000000001,A5,S29,状态触发,堵塞损失≥10触发，维护后储备阈值50，冷却35日,260.7803897839751,S32,260.92247130604915,0.14208152207402236,0.0005448320795582814,0.5864219829973749,9.71994436818149,0.0,604.0,0.87
purchase_maintenance_1.30_1.10,购置价×维护价,1.3,1.1,1.1,390.0,3.3000000000000003,13.200000000000001,A6,S33,状态触发,堵塞损失≥20触发，维护后储备阈值50，冷却35日,114.55341665242088,S32,114.55786659549351,0.004449943072629026,3.8846009160347326e-05,0.2356200791528644,6.353495434356988,0.1284129431383111,1491.0,0.0
purchase_maintenance_1.30_1.10,购置价×维护价,1.3,1.1,1.1,390.0,3.3000000000000003,13.200000000000001,A7,S29,状态触发,堵塞损失≥10触发，维护后储备阈值50，冷却35日,150.58109346850097,S29,150.58109346850097,0.0,0.0,0.30115887418938586,9.737972196913791,0.07528971854734647,1262.0,0.005
purchase_maintenance_1.30_1.10,购置价×维护价,1.3,1.1,1.1,390.0,3.3000000000000003,13.200000000000001,A8,S29,状态触发,堵塞损失≥10触发，维护后储备阈值50，冷却35日,282.4705689833208,S29,282.4705689833208,0.0,0.0,0.6392530234349021,9.678290774804417,0.0926916883980608,557.0,0.945
purchase_maintenance_1.30_1.10,购置价×维护价,1.3,1.1,1.1,390.0,3.3000000000000003,13.200000000000001,A9,S32,状态触发,堵塞损失≥20触发，维护后储备阈值50，冷却21日,69.66963891217146,S33,69.92978136990034,0.26014245772887534,0.003733942959813845,0.10933664611147696,5.846230467580674,0.5860444231575166,3271.0,0.0
purchase_maintenance_1.30_1.10,购置价×维护价,1.3,1.1,1.1,390.0,3.3000000000000003,13.200000000000001,A10,S29,状态触发,堵塞损失≥10触发，维护后储备阈值50，冷却35日,491.39114470668,S29,491.39114470668,0.0,0.0,1.1792528976850805,9.540155942272301,0.0,308.0,1.0
purchase_maintenance_1.30_1.20,购置价×维护价,1.3,1.2,1.2,390.0,3.5999999999999996,14.399999999999999,A1,S32,状态触发,堵塞损失≥20触发，维护后储备阈值50，冷却21日,102.46862954241502,S32,102.46862954241502,0.0,0.0,0.19978831463992977,6.783812223598816,0.00899047415879684,1785.0,0.0
purchase_maintenance_1.30_1.20,购置价×维护价,1.3,1.2,1.2,390.0,3.5999999999999996,14.399999999999999,A2,S29,状态触发,堵塞损失≥10触发，维护后储备阈值50，冷却35日,243.37245621861192,S29,243.37245621861192,0.0,0.0,0.5255925057200005,9.98100168362281,0.1708175643590002,681.0,0.66
purchase_maintenance_1.30_1.20,购置价×维护价,1.3,1.2,1.2,390.0,3.5999999999999996,14.399999999999999,A3,S32,状态触发,堵塞损失≥20触发，维护后储备阈值50，冷却21日,88.4927211366679,S32,88.4927211366679,0.0,0.0,0.17037424025450018,5.916245492837518,0.05196414327762255,2093.0,0.0
purchase_maintenance_1.30_1.20,购置价×维护价,1.3,1.2,1.2,390.0,3.5999999999999996,14.399999999999999,A4,S32,状态触发,堵塞损失≥20触发，维护后储备阈值50，冷却21日,86.985986822283,S32,86.985986822283,0.0,0.0,0.1706189696529463,5.484546779493959,0.048626406351089696,2060.0,0.0
purchase_maintenance_1.30_1.20,购置价×维护价,1.3,1.2,1.2,390.0,3.5999999999999996,14.399999999999999,A5,S32,状态触发,堵塞损失≥20触发，维护后储备阈值50，冷却21日,262.8011005321347,S32,262.8011005321347,0.0,0.0,0.6160449995361742,6.262097420285212,0.0,576.0,0.92
purchase_maintenance_1.30_1.20,购置价×维护价,1.3,1.2,1.2,390.0,3.5999999999999996,14.399999999999999,A6,S33,状态触发,堵塞损失≥20触发，维护后储备阈值50，冷却35日,116.61356081449394,S32,116.61865779475038,0.005096980256439565,4.370829791011801e-05,0.2356200791528644,6.353495434356988,0.1284129431383111,1491.0,0.0
purchase_maintenance_1.30_1.20,购置价×维护价,1.3,1.2,1.2,390.0,3.5999999999999996,14.399999999999999,A7,S29,状态触发,堵塞损失≥10触发，维护后储备阈值50，冷却35日,153.59283278983193,S29,153.59283278983193,0.0,0.0,0.30115887418938586,9.737972196913791,0.07528971854734647,1262.0,0.005
purchase_maintenance_1.30_1.20,购置价×维护价,1.3,1.2,1.2,390.0,3.5999999999999996,14.399999999999999,A8,S29,状态触发,堵塞损失≥10触发，维护后储备阈值50，冷却35日,285.4852862418398,S29,285.4852862418398,0.0,0.0,0.6392530234349021,9.678290774804417,0.0926916883980608,557.0,0.945
purchase_maintenance_1.30_1.20,购置价×维护价,1.3,1.2,1.2,390.0,3.5999999999999996,14.399999999999999,A9,S32,状态触发,堵塞损失≥20触发，维护后储备阈值50，冷却21日,72.12676136023467,S33,72.36704792607895,0.24028656584428632,0.0033314481520136914,0.10933664611147696,5.846230467580674,0.5860444231575166,3271.0,0.0
purchase_maintenance_1.30_1.20,购置价×维护价,1.3,1.2,1.2,390.0,3.5999999999999996,14.399999999999999,A10,S29,状态触发,堵塞损失≥10触发，维护后储备阈值50，冷却35日,494.2531914893617,S29,494.2531914893617,0.0,0.0,1.1792528976850805,9.540155942272301,0.0,308.0,1.0
purchase_maintenance_1.30_1.30,购置价×维护价,1.3,1.3,1.3,390.0,3.9000000000000004,15.600000000000001,A1,S32,状态触发,堵塞损失≥20触发，维护后储备阈值50，冷却21日,104.51456177848523,S32,104.51456177848523,0.0,0.0,0.19978831463992977,6.783812223598816,0.00899047415879684,1785.0,0.0
purchase_maintenance_1.30_1.30,购置价×维护价,1.3,1.3,1.3,390.0,3.9000000000000004,15.600000000000001,A2,S29,状态触发,堵塞损失≥10触发，维护后储备阈值50，冷却35日,246.57173780092955,S29,246.57173780092955,0.0,0.0,0.5255925057200005,9.98100168362281,0.1708175643590002,681.0,0.66
purchase_maintenance_1.30_1.30,购置价×维护价,1.3,1.3,1.3,390.0,3.9000000000000004,15.600000000000001,A3,S32,状态触发,堵塞损失≥20触发，维护后储备阈值50，冷却21日,90.3299517564523,S32,90.3299517564523,0.0,0.0,0.17037424025450018,5.916245492837518,0.05196414327762255,2093.0,0.0
purchase_maintenance_1.30_1.30,购置价×维护价,1.3,1.3,1.3,390.0,3.9000000000000004,15.600000000000001,A4,S32,状态触发,堵塞损失≥20触发，维护后储备阈值50，冷却21日,88.6897025437525,S32,88.6897025437525,0.0,0.0,0.1706189696529463,5.484546779493959,0.048626406351089696,2060.0,0.0
purchase_maintenance_1.30_1.30,购置价×维护价,1.3,1.3,1.3,390.0,3.9000000000000004,15.600000000000001,A5,S32,状态触发,堵塞损失≥20触发，维护后储备阈值50，冷却21日,264.6797297582203,S32,264.6797297582203,0.0,0.0,0.6160449995361742,6.262097420285212,0.0,576.0,0.92
purchase_maintenance_1.30_1.30,购置价×维护价,1.3,1.3,1.3,390.0,3.9000000000000004,15.600000000000001,A6,S33,状态触发,堵塞损失≥20触发，维护后储备阈值50，冷却35日,118.67370497656701,S32,118.67944899400726,0.005744017440250104,4.840177056395351e-05,0.2356200791528644,6.353495434356988,0.1284129431383111,1491.0,0.0
purchase_maintenance_1.30_1.30,购置价×维护价,1.3,1.3,1.3,390.0,3.9000000000000004,15.600000000000001,A7,S29,状态触发,堵塞损失≥10触发，维护后储备阈值50，冷却35日,156.60457211116287,S29,156.60457211116287,0.0,0.0,0.30115887418938586,9.737972196913791,0.07528971854734647,1262.0,0.005
purchase_maintenance_1.30_1.30,购置价×维护价,1.3,1.3,1.3,390.0,3.9000000000000004,15.600000000000001,A8,S29,状态触发,堵塞损失≥10触发，维护后储备阈值50，冷却35日,288.50000350035884,S29,288.50000350035884,0.0,0.0,0.6392530234349021,9.678290774804417,0.0926916883980608,557.0,0.945
purchase_maintenance_1.30_1.30,购置价×维护价,1.3,1.3,1.3,390.0,3.9000000000000004,15.600000000000001,A9,S32,状态触发,堵塞损失≥20触发，维护后储备阈值50，冷却21日,74.58388380829791,S33,74.8043144822576,0.22043067395968308,0.0029554732564779475,0.10933664611147696,5.846230467580674,0.5860444231575166,3271.0,0.0
purchase_maintenance_1.30_1.30,购置价×维护价,1.3,1.3,1.3,390.0,3.9000000000000004,15.600000000000001,A10,S29,状态触发,堵塞损失≥10触发，维护后储备阈值50，冷却35日,497.11523827204337,S29,497.11523827204337,0.0,0.0,1.1792528976850805,9.540155942272301,0.0,308.0,1.0
purchase_maintenance_1.30_1.40,购置价×维护价,1.3,1.4,1.4,390.0,4.199999999999999,16.799999999999997,A1,S32,状态触发,堵塞损失≥20触发，维护后储备阈值50，冷却21日,106.56049401455542,S32,106.56049401455542,0.0,0.0,0.19978831463992977,6.783812223598816,0.00899047415879684,1785.0,0.0
purchase_maintenance_1.30_1.40,购置价×维护价,1.3,1.4,1.4,390.0,4.199999999999999,16.799999999999997,A2,S29,状态触发,堵塞损失≥10触发，维护后储备阈值50，冷却35日,249.7710193832472,S29,249.7710193832472,0.0,0.0,0.5255925057200005,9.98100168362281,0.1708175643590002,681.0,0.66
purchase_maintenance_1.30_1.40,购置价×维护价,1.3,1.4,1.4,390.0,4.199999999999999,16.799999999999997,A3,S32,状态触发,堵塞损失≥20触发，维护后储备阈值50，冷却21日,92.16718237623671,S32,92.16718237623671,0.0,0.0,0.17037424025450018,5.916245492837518,0.05196414327762255,2093.0,0.0
purchase_maintenance_1.30_1.40,购置价×维护价,1.3,1.4,1.4,390.0,4.199999999999999,16.799999999999997,A4,S32,状态触发,堵塞损失≥20触发，维护后储备阈值50，冷却21日,90.393418265222,S32,90.393418265222,0.0,0.0,0.1706189696529463,5.484546779493959,0.048626406351089696,2060.0,0.0
purchase_maintenance_1.30_1.40,购置价×维护价,1.3,1.4,1.4,390.0,4.199999999999999,16.799999999999997,A5,S32,状态触发,堵塞损失≥20触发，维护后储备阈值50，冷却21日,266.5583589843058,S32,266.5583589843058,0.0,0.0,0.6160449995361742,6.262097420285212,0.0,576.0,0.92
purchase_maintenance_1.30_1.40,购置价×维护价,1.3,1.4,1.4,390.0,4.199999999999999,16.799999999999997,A6,S33,状态触发,堵塞损失≥20触发，维护后储备阈值50，冷却35日,120.73384913864008,S32,120.74024019326411,0.006391054624032222,5.2935068910900864e-05,0.2356200791528644,6.353495434356988,0.1284129431383111,1491.0,0.0
purchase_maintenance_1.30_1.40,购置价×维护价,1.3,1.4,1.4,390.0,4.199999999999999,16.799999999999997,A7,S29,状态触发,堵塞损失≥10触发，维护后储备阈值50，冷却35日,159.61631143249383,S29,159.61631143249383,0.0,0.0,0.30115887418938586,9.737972196913791,0.07528971854734647,1262.0,0.005
purchase_maintenance_1.30_1.40,购置价×维护价,1.3,1.4,1.4,390.0,4.199999999999999,16.799999999999997,A8,S29,状态触发,堵塞损失≥10触发，维护后储备阈值50，冷却35日,291.5147207588778,S29,291.5147207588778,0.0,0.0,0.6392530234349021,9.678290774804417,0.0926916883980608,557.0,0.945
purchase_maintenance_1.30_1.40,购置价×维护价,1.3,1.4,1.4,390.0,4.199999999999999,16.799999999999997,A9,S32,状态触发,堵塞损失≥20触发，维护后储备阈值50，冷却21日,77.04100625636113,S33,77.24158103843621,0.20057478207507984,0.002603480819132198,0.10933664611147696,5.846230467580674,0.5860444231575166,3271.0,0.0
purchase_maintenance_1.30_1.40,购置价×维护价,1.3,1.4,1.4,390.0,4.199999999999999,16.799999999999997,A10,S29,状态触发,堵塞损失≥10触发，维护后储备阈值50，冷却35日,499.97728505472503,S29,499.97728505472503,0.0,0.0,1.1792528976850805,9.540155942272301,0.0,308.0,1.0
purchase_maintenance_1.30_1.50,购置价×维护价,1.3,1.5,1.5,390.0,4.5,18.0,A1,S32,状态触发,堵塞损失≥20触发，维护后储备阈值50，冷却21日,108.60642625062563,S32,108.60642625062563,0.0,0.0,0.19978831463992977,6.783812223598816,0.00899047415879684,1785.0,0.0
purchase_maintenance_1.30_1.50,购置价×维护价,1.3,1.5,1.5,390.0,4.5,18.0,A2,S29,状态触发,堵塞损失≥10触发，维护后储备阈值50，冷却35日,252.97030096556483,S29,252.97030096556483,0.0,0.0,0.5255925057200005,9.98100168362281,0.1708175643590002,681.0,0.66
purchase_maintenance_1.30_1.50,购置价×维护价,1.3,1.5,1.5,390.0,4.5,18.0,A3,S32,状态触发,堵塞损失≥20触发，维护后储备阈值50，冷却21日,94.00441299602112,S32,94.00441299602112,0.0,0.0,0.17037424025450018,5.916245492837518,0.05196414327762255,2093.0,0.0
purchase_maintenance_1.30_1.50,购置价×维护价,1.3,1.5,1.5,390.0,4.5,18.0,A4,S36,状态触发,堵塞损失≥30触发，维护后储备阈值50，冷却21日,92.010583120281,S32,92.09713398669147,0.0865508664104766,0.0009406620790277226,0.1818516757488779,4.4244512709701995,0.06546660326959604,2002.0,0.0
purchase_maintenance_1.30_1.50,购置价×维护价,1.3,1.5,1.5,390.0,4.5,18.0,A5,S32,状态触发,堵塞损失≥20触发，维护后储备阈值50，冷却21日,268.4369882103914,S32,268.4369882103914,0.0,0.0,0.6160449995361742,6.262097420285212,0.0,576.0,0.92
purchase_maintenance_1.30_1.50,购置价×维护价,1.3,1.5,1.5,390.0,4.5,18.0,A6,S33,状态触发,堵塞损失≥20触发，维护后储备阈值50，冷却35日,122.79399330071315,S32,122.801031392521,0.007038091807842761,5.731625479926375e-05,0.2356200791528644,6.353495434356988,0.1284129431383111,1491.0,0.0
purchase_maintenance_1.30_1.50,购置价×维护价,1.3,1.5,1.5,390.0,4.5,18.0,A7,S29,状态触发,堵塞损失≥10触发，维护后储备阈值50，冷却35日,162.6280507538248,S29,162.6280507538248,0.0,0.0,0.30115887418938586,9.737972196913791,0.07528971854734647,1262.0,0.005
purchase_maintenance_1.30_1.50,购置价×维护价,1.3,1.5,1.5,390.0,4.5,18.0,A8,S29,状态触发,堵塞损失≥10触发，维护后储备阈值50，冷却35日,294.5294380173968,S29,294.5294380173968,0.0,0.0,0.6392530234349021,9.678290774804417,0.0926916883980608,557.0,0.945
purchase_maintenance_1.30_1.50,购置价×维护价,1.3,1.5,1.5,390.0,4.5,18.0,A9,S32,状态触发,堵塞损失≥20触发，维护后储备阈值50，冷却21日,79.49812870442435,S33,79.67884759461485,0.18071889019050502,0.0022732470956948123,0.10933664611147696,5.846230467580674,0.5860444231575166,3271.0,0.0
purchase_maintenance_1.30_1.50,购置价×维护价,1.3,1.5,1.5,390.0,4.5,18.0,A10,S29,状态触发,堵塞损失≥10触发，维护后储备阈值50，冷却35日,502.83933183740675,S29,502.83933183740675,0.0,0.0,1.1792528976850805,9.540155942272301,0.0,308.0,1.0
purchase_maintenance_1.40_0.50,购置价×维护价,1.4,0.5,0.5,420.0,1.5,6.0,A1,S32,状态触发,堵塞损失≥20触发，维护后储备阈值50，冷却21日,94.14075332912152,S32,94.14075332912152,0.0,0.0,0.19978831463992977,6.783812223598816,0.00899047415879684,1785.0,0.0
purchase_maintenance_1.40_0.50,购置价×维护价,1.4,0.5,0.5,420.0,1.5,6.0,A2,S28,状态触发,堵塞损失≥10触发，维护后储备阈值50，冷却21日,235.79819338052067,S29,236.7452603139884,0.9470669334677382,0.004016429981460476,0.5186110736420625,11.987694967236276,0.0,692.0,0.635
purchase_maintenance_1.40_0.50,购置价×维护价,1.4,0.5,0.5,420.0,1.5,6.0,A3,S32,状态触发,堵塞损失≥20触发，维护后储备阈值50，冷却21日,80.74333400581209,S32,80.74333400581209,0.0,0.0,0.17037424025450018,5.916245492837518,0.05196414327762255,2093.0,0.0
purchase_maintenance_1.40_0.50,购置价×维护价,1.4,0.5,0.5,420.0,1.5,6.0,A4,S32,状态触发,堵塞损失≥20触发，维护后储备阈值50，冷却21日,80.17854586158492,S32,80.17854586158492,0.0,0.0,0.1706189696529463,5.484546779493959,0.048626406351089696,2060.0,0.0
purchase_maintenance_1.40_0.50,购置价×维护价,1.4,0.5,0.5,420.0,1.5,6.0,A5,S29,状态触发,堵塞损失≥10触发，维护后储备阈值50，冷却35日,260.8771494111697,S32,268.13204593562097,7.254896524451283,0.027809628174895483,0.5864219829973749,9.71994436818149,0.0,604.0,0.87
purchase_maintenance_1.40_0.50,购置价×维护价,1.4,0.5,0.5,420.0,1.5,6.0,A6,S33,状态触发,堵塞损失≥20触发，维护后储备阈值50，冷却35日,109.2611540545684,S32,109.26151658484979,0.00036253028139299204,3.3180162202197976e-06,0.2356200791528644,6.353495434356988,0.1284129431383111,1491.0,0.0
purchase_maintenance_1.40_0.50,购置价×维护价,1.4,0.5,0.5,420.0,1.5,6.0,A7,S29,状态触发,堵塞损失≥10触发，维护后储备阈值50，冷却35日,141.54542376619682,S29,141.54542376619682,0.0,0.0,0.30115887418938586,9.737972196913791,0.07528971854734647,1262.0,0.005
purchase_maintenance_1.40_0.50,购置价×维护价,1.4,0.5,0.5,420.0,1.5,6.0,A8,S29,状态触发,堵塞损失≥10触发，维护后储备阈值50，冷却35日,283.5598561352539,S29,283.5598561352539,0.0,0.0,0.6392530234349021,9.678290774804417,0.0926916883980608,557.0,0.945
purchase_maintenance_1.40_0.50,购置价×维护价,1.4,0.5,0.5,420.0,1.5,6.0,A9,S32,状态触发,堵塞损失≥20触发，维护后储备阈值50，冷却21日,58.20700360713643,S33,58.623093513746674,0.4160899066102459,0.007148450887776527,0.10933664611147696,5.846230467580674,0.5860444231575166,3271.0,0.0
purchase_maintenance_1.40_0.50,购置价×维护价,1.4,0.5,0.5,420.0,1.5,6.0,A10,S28,状态触发,堵塞损失≥10触发，维护后储备阈值50，冷却21日,508.8913664411628,S29,509.5964509411423,0.7050844999794776,0.001385530481506014,1.1738522601275891,10.582278125050218,0.0,308.0,1.0
purchase_maintenance_1.40_0.60,购置价×维护价,1.4,0.6,0.6,420.0,1.7999999999999998,7.199999999999999,A1,S32,状态触发,堵塞损失≥20触发，维护后储备阈值50，冷却21日,96.18668556519171,S32,96.18668556519171,0.0,0.0,0.19978831463992977,6.783812223598816,0.00899047415879684,1785.0,0.0
purchase_maintenance_1.40_0.60,购置价×维护价,1.4,0.6,0.6,420.0,1.7999999999999998,7.199999999999999,A2,S28,状态触发,堵塞损失≥10触发，维护后储备阈值50，冷却21日,239.39450187069156,S29,239.94454189630608,0.5500400256145213,0.0022976301515547095,0.5186110736420625,11.987694967236276,0.0,692.0,0.635
purchase_maintenance_1.40_0.60,购置价×维护价,1.4,0.6,0.6,420.0,1.7999999999999998,7.199999999999999,A3,S32,状态触发,堵塞损失≥20触发，维护后储备阈值50，冷却21日,82.5805646255965,S32,82.5805646255965,0.0,0.0,0.17037424025450018,5.916245492837518,0.05196414327762255,2093.0,0.0
purchase_maintenance_1.40_0.60,购置价×维护价,1.4,0.6,0.6,420.0,1.7999999999999998,7.199999999999999,A4,S32,状态触发,堵塞损失≥20触发，维护后储备阈值50，冷却21日,81.88226158305442,S32,81.88226158305442,0.0,0.0,0.1706189696529463,5.484546779493959,0.048626406351089696,2060.0,0.0
purchase_maintenance_1.40_0.60,购置价×维护价,1.4,0.6,0.6,420.0,1.7999999999999998,7.199999999999999,A5,S29,状态触发,堵塞损失≥10触发，维护后储备阈值50，冷却35日,263.79313272162415,S32,270.01067516170656,6.217542440082411,0.023569766111552513,0.5864219829973749,9.71994436818149,0.0,604.0,0.87
purchase_maintenance_1.40_0.60,购置价×维护价,1.4,0.6,0.6,420.0,1.7999999999999998,7.199999999999999,A6,S33,状态触发,堵塞损失≥20触发，维护后储备阈值50，冷却35日,111.32129821664147,S32,111.32230778410666,0.0010095674651893205,9.068951596527463e-06,0.2356200791528644,6.353495434356988,0.1284129431383111,1491.0,0.0
purchase_maintenance_1.40_0.60,购置价×维护价,1.4,0.6,0.6,420.0,1.7999999999999998,7.199999999999999,A7,S29,状态触发,堵塞损失≥10触发，维护后储备阈值50，冷却35日,144.55716308752778,S29,144.55716308752778,0.0,0.0,0.30115887418938586,9.737972196913791,0.07528971854734647,1262.0,0.005
purchase_maintenance_1.40_0.60,购置价×维护价,1.4,0.6,0.6,420.0,1.7999999999999998,7.199999999999999,A8,S29,状态触发,堵塞损失≥10触发，维护后储备阈值50，冷却35日,286.5745733937729,S29,286.5745733937729,0.0,0.0,0.6392530234349021,9.678290774804417,0.0926916883980608,557.0,0.945
purchase_maintenance_1.40_0.60,购置价×维护价,1.4,0.6,0.6,420.0,1.7999999999999998,7.199999999999999,A9,S32,状态触发,堵塞损失≥20触发，维护后储备阈值50，冷却21日,60.66412605519966,S33,61.06036006992531,0.3962340147256498,0.006531603444927361,0.10933664611147696,5.846230467580674,0.5860444231575166,3271.0,0.0
purchase_maintenance_1.40_0.60,购置价×维护价,1.4,0.6,0.6,420.0,1.7999999999999998,7.199999999999999,A10,S28,状态触发,堵塞损失≥10触发，维护后储备阈值50，冷却21日,512.0660498786779,S29,512.4584977238239,0.39244784514608,0.0007664008290318435,1.1738522601275891,10.582278125050218,0.0,308.0,1.0
purchase_maintenance_1.40_0.70,购置价×维护价,1.4,0.7,0.7,420.0,2.0999999999999996,8.399999999999999,A1,S32,状态触发,堵塞损失≥20触发，维护后储备阈值50，冷却21日,98.23261780126192,S32,98.23261780126192,0.0,0.0,0.19978831463992977,6.783812223598816,0.00899047415879684,1785.0,0.0
purchase_maintenance_1.40_0.70,购置价×维护价,1.4,0.7,0.7,420.0,2.0999999999999996,8.399999999999999,A2,S28,状态触发,堵塞损失≥10触发，维护后储备阈值50，冷却21日,242.99081036086244,S29,243.14382347862372,0.1530131177612759,0.0006297074261122803,0.5186110736420625,11.987694967236276,0.0,692.0,0.635
purchase_maintenance_1.40_0.70,购置价×维护价,1.4,0.7,0.7,420.0,2.0999999999999996,8.399999999999999,A3,S32,状态触发,堵塞损失≥20触发，维护后储备阈值50，冷却21日,84.4177952453809,S32,84.4177952453809,0.0,0.0,0.17037424025450018,5.916245492837518,0.05196414327762255,2093.0,0.0
purchase_maintenance_1.40_0.70,购置价×维护价,1.4,0.7,0.7,420.0,2.0999999999999996,8.399999999999999,A4,S32,状态触发,堵塞损失≥20触发，维护后储备阈值50，冷却21日,83.58597730452391,S32,83.58597730452391,0.0,0.0,0.1706189696529463,5.484546779493959,0.048626406351089696,2060.0,0.0
purchase_maintenance_1.40_0.70,购置价×维护价,1.4,0.7,0.7,420.0,2.0999999999999996,8.399999999999999,A5,S29,状态触发,堵塞损失≥10触发，维护后储备阈值50，冷却35日,266.7091160320786,S32,271.8893043877921,5.180188355713483,0.01942261454269314,0.5864219829973749,9.71994436818149,0.0,604.0,0.87
purchase_maintenance_1.40_0.70,购置价×维护价,1.4,0.7,0.7,420.0,2.0999999999999996,8.399999999999999,A6,S33,状态触发,堵塞损失≥20触发，维护后储备阈值50，冷却35日,113.38144237871452,S32,113.38309898336354,0.0016566046490140707,1.461089764126224e-05,0.2356200791528644,6.353495434356988,0.1284129431383111,1491.0,0.0
purchase_maintenance_1.40_0.70,购置价×维护价,1.4,0.7,0.7,420.0,2.0999999999999996,8.399999999999999,A7,S29,状态触发,堵塞损失≥10触发，维护后储备阈值50，冷却35日,147.56890240885872,S29,147.56890240885872,0.0,0.0,0.30115887418938586,9.737972196913791,0.07528971854734647,1262.0,0.005
purchase_maintenance_1.40_0.70,购置价×维护价,1.4,0.7,0.7,420.0,2.0999999999999996,8.399999999999999,A8,S29,状态触发,堵塞损失≥10触发，维护后储备阈值50，冷却35日,289.5892906522919,S29,289.5892906522919,0.0,0.0,0.6392530234349021,9.678290774804417,0.0926916883980608,557.0,0.945
purchase_maintenance_1.40_0.70,购置价×维护价,1.4,0.7,0.7,420.0,2.0999999999999996,8.399999999999999,A9,S32,状态触发,堵塞损失≥20触发，维护后储备阈值50，冷却21日,63.121248503262876,S33,63.49762662610393,0.37637812284105365,0.00596278007431361,0.10933664611147696,5.846230467580674,0.5860444231575166,3271.0,0.0
purchase_maintenance_1.40_0.70,购置价×维护价,1.4,0.7,0.7,420.0,2.0999999999999996,8.399999999999999,A10,S28,状态触发,堵塞损失≥10触发，维护后储备阈值50，冷却21日,515.2407333161929,S29,515.3205445065056,0.0798111903127392,0.00015490077773754095,1.1738522601275891,10.582278125050218,0.0,308.0,1.0
purchase_maintenance_1.40_0.80,购置价×维护价,1.4,0.8,0.8,420.0,2.4000000000000004,9.600000000000001,A1,S32,状态触发,堵塞损失≥20触发，维护后储备阈值50，冷却21日,100.27855003733211,S32,100.27855003733211,0.0,0.0,0.19978831463992977,6.783812223598816,0.00899047415879684,1785.0,0.0
purchase_maintenance_1.40_0.80,购置价×维护价,1.4,0.8,0.8,420.0,2.4000000000000004,9.600000000000001,A2,S29,状态触发,堵塞损失≥10触发，维护后储备阈值50，冷却35日,246.34310506094138,S29,246.34310506094138,0.0,0.0,0.5255925057200005,9.98100168362281,0.1708175643590002,681.0,0.66
purchase_maintenance_1.40_0.80,购置价×维护价,1.4,0.8,0.8,420.0,2.4000000000000004,9.600000000000001,A3,S32,状态触发,堵塞损失≥20触发，维护后储备阈值50，冷却21日,86.25502586516531,S32,86.25502586516531,0.0,0.0,0.17037424025450018,5.916245492837518,0.05196414327762255,2093.0,0.0
purchase_maintenance_1.40_0.80,购置价×维护价,1.4,0.8,0.8,420.0,2.4000000000000004,9.600000000000001,A4,S32,状态触发,堵塞损失≥20触发，维护后储备阈值50，冷却21日,85.2896930259934,S32,85.2896930259934,0.0,0.0,0.1706189696529463,5.484546779493959,0.048626406351089696,2060.0,0.0
purchase_maintenance_1.40_0.80,购置价×维护价,1.4,0.8,0.8,420.0,2.4000000000000004,9.600000000000001,A5,S29,状态触发,堵塞损失≥10触发，维护后储备阈值50，冷却35日,269.6250993425331,S32,273.7679336138777,4.142834271344611,0.015365165488846177,0.5864219829973749,9.71994436818149,0.0,604.0,0.87
purchase_maintenance_1.40_0.80,购置价×维护价,1.4,0.8,0.8,420.0,2.4000000000000004,9.600000000000001,A6,S33,状态触发,堵塞损失≥20触发，维护后储备阈值50，冷却35日,115.44158654078761,S32,115.44389018262041,0.0023036418327961883,1.9955043081309954e-05,0.2356200791528644,6.353495434356988,0.1284129431383111,1491.0,0.0
purchase_maintenance_1.40_0.80,购置价×维护价,1.4,0.8,0.8,420.0,2.4000000000000004,9.600000000000001,A7,S29,状态触发,堵塞损失≥10触发，维护后储备阈值50，冷却35日,150.58064173018968,S29,150.58064173018968,0.0,0.0,0.30115887418938586,9.737972196913791,0.07528971854734647,1262.0,0.005
purchase_maintenance_1.40_0.80,购置价×维护价,1.4,0.8,0.8,420.0,2.4000000000000004,9.600000000000001,A8,S29,状态触发,堵塞损失≥10触发，维护后储备阈值50，冷却35日,292.6040079108109,S29,292.6040079108109,0.0,0.0,0.6392530234349021,9.678290774804417,0.0926916883980608,557.0,0.945
purchase_maintenance_1.40_0.80,购置价×维护价,1.4,0.8,0.8,420.0,2.4000000000000004,9.600000000000001,A9,S32,状态触发,堵塞损失≥20触发，维护后储备阈值50，冷却21日,65.5783709513261,S33,65.93489318228256,0.35652223095647173,0.0054365826077181975,0.10933664611147696,5.846230467580674,0.5860444231575166,3271.0,0.0
purchase_maintenance_1.40_0.80,购置价×维护价,1.4,0.8,0.8,420.0,2.4000000000000004,9.600000000000001,A10,S29,状态触发,堵塞损失≥10触发，维护后储备阈值50，冷却35日,518.1825912891874,S29,518.1825912891874,0.0,0.0,1.1792528976850805,9.540155942272301,0.0,308.0,1.0
purchase_maintenance_1.40_0.90,购置价×维护价,1.4,0.9,0.9,420.0,2.7,10.8,A1,S32,状态触发,堵塞损失≥20触发，维护后储备阈值50，冷却21日,102.32448227340232,S32,102.32448227340232,0.0,0.0,0.19978831463992977,6.783812223598816,0.00899047415879684,1785.0,0.0
purchase_maintenance_1.40_0.90,购置价×维护价,1.4,0.9,0.9,420.0,2.7,10.8,A2,S29,状态触发,堵塞损失≥10触发，维护后储备阈值50，冷却35日,249.54238664325902,S29,249.54238664325902,0.0,0.0,0.5255925057200005,9.98100168362281,0.1708175643590002,681.0,0.66
purchase_maintenance_1.40_0.90,购置价×维护价,1.4,0.9,0.9,420.0,2.7,10.8,A3,S32,状态触发,堵塞损失≥20触发，维护后储备阈值50，冷却21日,88.09225648494971,S32,88.09225648494971,0.0,0.0,0.17037424025450018,5.916245492837518,0.05196414327762255,2093.0,0.0
purchase_maintenance_1.40_0.90,购置价×维护价,1.4,0.9,0.9,420.0,2.7,10.8,A4,S32,状态触发,堵塞损失≥20触发，维护后储备阈值50，冷却21日,86.99340874746291,S32,86.99340874746291,0.0,0.0,0.1706189696529463,5.484546779493959,0.048626406351089696,2060.0,0.0
purchase_maintenance_1.40_0.90,购置价×维护价,1.4,0.9,0.9,420.0,2.7,10.8,A5,S29,状态触发,堵塞损失≥10触发，维护后储备阈值50，冷却35日,272.5410826529875,S32,275.6465628399632,3.10548018697574,0.011394539702954757,0.5864219829973749,9.71994436818149,0.0,604.0,0.87
purchase_maintenance_1.40_0.90,购置价×维护价,1.4,0.9,0.9,420.0,2.7,10.8,A6,S33,状态触发,堵塞损失≥20触发，维护后储备阈值50，冷却35日,117.50173070286067,S32,117.50468138187728,0.0029506790166067276,2.5111791962183337e-05,0.2356200791528644,6.353495434356988,0.1284129431383111,1491.0,0.0
purchase_maintenance_1.40_0.90,购置价×维护价,1.4,0.9,0.9,420.0,2.7,10.8,A7,S29,状态触发,堵塞损失≥10触发，维护后储备阈值50，冷却35日,153.59238105152062,S29,153.59238105152062,0.0,0.0,0.30115887418938586,9.737972196913791,0.07528971854734647,1262.0,0.005
purchase_maintenance_1.40_0.90,购置价×维护价,1.4,0.9,0.9,420.0,2.7,10.8,A8,S29,状态触发,堵塞损失≥10触发，维护后储备阈值50，冷却35日,295.6187251693299,S29,295.6187251693299,0.0,0.0,0.6392530234349021,9.678290774804417,0.0926916883980608,557.0,0.945
purchase_maintenance_1.40_0.90,购置价×维护价,1.4,0.9,0.9,420.0,2.7,10.8,A9,S32,状态触发,堵塞损失≥20触发，维护后储备阈值50，冷却21日,68.03549339938932,S33,68.37215973846119,0.3366663390718685,0.004948392702843107,0.10933664611147696,5.846230467580674,0.5860444231575166,3271.0,0.0
purchase_maintenance_1.40_0.90,购置价×维护价,1.4,0.9,0.9,420.0,2.7,10.8,A10,S29,状态触发,堵塞损失≥10触发，维护后储备阈值50，冷却35日,521.044638071869,S29,521.044638071869,0.0,0.0,1.1792528976850805,9.540155942272301,0.0,308.0,1.0
purchase_maintenance_1.40_1.00,购置价×维护价,1.4,1.0,1.0,420.0,3.0,12.0,A1,S32,状态触发,堵塞损失≥20触发，维护后储备阈值50，冷却21日,104.37041450947251,S32,104.37041450947251,0.0,0.0,0.19978831463992977,6.783812223598816,0.00899047415879684,1785.0,0.0
purchase_maintenance_1.40_1.00,购置价×维护价,1.4,1.0,1.0,420.0,3.0,12.0,A2,S29,状态触发,堵塞损失≥10触发，维护后储备阈值50，冷却35日,252.74166822557666,S29,252.74166822557666,0.0,0.0,0.5255925057200005,9.98100168362281,0.1708175643590002,681.0,0.66
purchase_maintenance_1.40_1.00,购置价×维护价,1.4,1.0,1.0,420.0,3.0,12.0,A3,S32,状态触发,堵塞损失≥20触发，维护后储备阈值50，冷却21日,89.92948710473411,S32,89.92948710473411,0.0,0.0,0.17037424025450018,5.916245492837518,0.05196414327762255,2093.0,0.0
purchase_maintenance_1.40_1.00,购置价×维护价,1.4,1.0,1.0,420.0,3.0,12.0,A4,S32,状态触发,堵塞损失≥20触发，维护后储备阈值50，冷却21日,88.6971244689324,S32,88.6971244689324,0.0,0.0,0.1706189696529463,5.484546779493959,0.048626406351089696,2060.0,0.0
purchase_maintenance_1.40_1.00,购置价×维护价,1.4,1.0,1.0,420.0,3.0,12.0,A5,S29,状态触发,堵塞损失≥10触发，维护后储备阈值50，冷却35日,275.45706596344195,S32,277.5251920660488,2.0681261026068682,0.007507979856582606,0.5864219829973749,9.71994436818149,0.0,604.0,0.87
purchase_maintenance_1.40_1.00,购置价×维护价,1.4,1.0,1.0,420.0,3.0,12.0,A6,S33,状态触发,堵塞损失≥20触发，维护后储备阈值50，冷却35日,119.56187486493376,S32,119.56547258113416,0.003597716200403056,3.009083124923653e-05,0.2356200791528644,6.353495434356988,0.1284129431383111,1491.0,0.0
purchase_maintenance_1.40_1.00,购置价×维护价,1.4,1.0,1.0,420.0,3.0,12.0,A7,S29,状态触发,堵塞损失≥10触发，维护后储备阈值50，冷却35日,156.60412037285158,S29,156.60412037285158,0.0,0.0,0.30115887418938586,9.737972196913791,0.07528971854734647,1262.0,0.005
purchase_maintenance_1.40_1.00,购置价×维护价,1.4,1.0,1.0,420.0,3.0,12.0,A8,S29,状态触发,堵塞损失≥10触发，维护后储备阈值50，冷却35日,298.6334424278489,S29,298.6334424278489,0.0,0.0,0.6392530234349021,9.678290774804417,0.0926916883980608,557.0,0.945
purchase_maintenance_1.40_1.00,购置价×维护价,1.4,1.0,1.0,420.0,3.0,12.0,A9,S32,状态触发,堵塞损失≥20触发，维护后储备阈值50，冷却21日,70.49261584745254,S33,70.80942629463982,0.31681044718727946,0.004494235933489314,0.10933664611147696,5.846230467580674,0.5860444231575166,3271.0,0.0
purchase_maintenance_1.40_1.00,购置价×维护价,1.4,1.0,1.0,420.0,3.0,12.0,A10,S29,状态触发,堵塞损失≥10触发，维护后储备阈值50，冷却35日,523.9066848545507,S29,523.9066848545507,0.0,0.0,1.1792528976850805,9.540155942272301,0.0,308.0,1.0
purchase_maintenance_1.40_1.10,购置价×维护价,1.4,1.1,1.1,420.0,3.3000000000000003,13.200000000000001,A1,S32,状态触发,堵塞损失≥20触发，维护后储备阈值50，冷却21日,106.41634674554273,S32,106.41634674554273,0.0,0.0,0.19978831463992977,6.783812223598816,0.00899047415879684,1785.0,0.0
purchase_maintenance_1.40_1.10,购置价×维护价,1.4,1.1,1.1,420.0,3.3000000000000003,13.200000000000001,A2,S29,状态触发,堵塞损失≥10触发，维护后储备阈值50，冷却35日,255.9409498078943,S29,255.9409498078943,0.0,0.0,0.5255925057200005,9.98100168362281,0.1708175643590002,681.0,0.66
purchase_maintenance_1.40_1.10,购置价×维护价,1.4,1.1,1.1,420.0,3.3000000000000003,13.200000000000001,A3,S32,状态触发,堵塞损失≥20触发，维护后储备阈值50，冷却21日,91.7667177245185,S32,91.7667177245185,0.0,0.0,0.17037424025450018,5.916245492837518,0.05196414327762255,2093.0,0.0
purchase_maintenance_1.40_1.10,购置价×维护价,1.4,1.1,1.1,420.0,3.3000000000000003,13.200000000000001,A4,S32,状态触发,堵塞损失≥20触发，维护后储备阈值50，冷却21日,90.4008401904019,S32,90.4008401904019,0.0,0.0,0.1706189696529463,5.484546779493959,0.048626406351089696,2060.0,0.0
purchase_maintenance_1.40_1.10,购置价×维护价,1.4,1.1,1.1,420.0,3.3000000000000003,13.200000000000001,A5,S29,状态触发,堵塞损失≥10触发，维护后储备阈值50，冷却35日,278.3730492738964,S32,279.40382129213435,1.0307720182379398,0.0037028441543697863,0.5864219829973749,9.71994436818149,0.0,604.0,0.87
purchase_maintenance_1.40_1.10,购置价×维护价,1.4,1.1,1.1,420.0,3.3000000000000003,13.200000000000001,A6,S33,状态触发,堵塞损失≥20触发，维护后储备阈值50，冷却35日,121.62201902700681,S32,121.62626378039104,0.004244753384227806,3.4901191562074265e-05,0.2356200791528644,6.353495434356988,0.1284129431383111,1491.0,0.0
purchase_maintenance_1.40_1.10,购置价×维护价,1.4,1.1,1.1,420.0,3.3000000000000003,13.200000000000001,A7,S29,状态触发,堵塞损失≥10触发，维护后储备阈值50，冷却35日,159.61585969418255,S29,159.61585969418255,0.0,0.0,0.30115887418938586,9.737972196913791,0.07528971854734647,1262.0,0.005
purchase_maintenance_1.40_1.10,购置价×维护价,1.4,1.1,1.1,420.0,3.3000000000000003,13.200000000000001,A8,S29,状态触发,堵塞损失≥10触发，维护后储备阈值50，冷却35日,301.6481596863679,S29,301.6481596863679,0.0,0.0,0.6392530234349021,9.678290774804417,0.0926916883980608,557.0,0.945
purchase_maintenance_1.40_1.10,购置价×维护价,1.4,1.1,1.1,420.0,3.3000000000000003,13.200000000000001,A9,S32,状态触发,堵塞损失≥20触发，维护后储备阈值50，冷却21日,72.94973829551577,S33,73.24669285081845,0.2969545553026762,0.004070673346348798,0.10933664611147696,5.846230467580674,0.5860444231575166,3271.0,0.0
purchase_maintenance_1.40_1.10,购置价×维护价,1.4,1.1,1.1,420.0,3.3000000000000003,13.200000000000001,A10,S29,状态触发,堵塞损失≥10触发，维护后储备阈值50，冷却35日,526.7687316372325,S29,526.7687316372325,0.0,0.0,1.1792528976850805,9.540155942272301,0.0,308.0,1.0
purchase_maintenance_1.40_1.20,购置价×维护价,1.4,1.2,1.2,420.0,3.5999999999999996,14.399999999999999,A1,S32,状态触发,堵塞损失≥20触发，维护后储备阈值50，冷却21日,108.46227898161291,S32,108.46227898161291,0.0,0.0,0.19978831463992977,6.783812223598816,0.00899047415879684,1785.0,0.0
purchase_maintenance_1.40_1.20,购置价×维护价,1.4,1.2,1.2,420.0,3.5999999999999996,14.399999999999999,A2,S29,状态触发,堵塞损失≥10触发，维护后储备阈值50，冷却35日,259.14023139021197,S29,259.14023139021197,0.0,0.0,0.5255925057200005,9.98100168362281,0.1708175643590002,681.0,0.66
purchase_maintenance_1.40_1.20,购置价×维护价,1.4,1.2,1.2,420.0,3.5999999999999996,14.399999999999999,A3,S32,状态触发,堵塞损失≥20触发，维护后储备阈值50，冷却21日,93.6039483443029,S32,93.6039483443029,0.0,0.0,0.17037424025450018,5.916245492837518,0.05196414327762255,2093.0,0.0
purchase_maintenance_1.40_1.20,购置价×维护价,1.4,1.2,1.2,420.0,3.5999999999999996,14.399999999999999,A4,S32,状态触发,堵塞损失≥20触发，维护后储备阈值50，冷却21日,92.10455591187139,S32,92.10455591187139,0.0,0.0,0.1706189696529463,5.484546779493959,0.048626406351089696,2060.0,0.0
purchase_maintenance_1.40_1.20,购置价×维护价,1.4,1.2,1.2,420.0,3.5999999999999996,14.399999999999999,A5,S32,状态触发,堵塞损失≥20触发，维护后储备阈值50，冷却21日,281.28245051821995,S32,281.28245051821995,0.0,0.0,0.6160449995361742,6.262097420285212,0.0,576.0,0.92
purchase_maintenance_1.40_1.20,购置价×维护价,1.4,1.2,1.2,420.0,3.5999999999999996,14.399999999999999,A6,S33,状态触发,堵塞损失≥20触发，维护后储备阈值50，冷却35日,123.68216318907987,S32,123.68705497964791,0.0048917905680383456,3.9551301836142616e-05,0.2356200791528644,6.353495434356988,0.1284129431383111,1491.0,0.0
purchase_maintenance_1.40_1.20,购置价×维护价,1.4,1.2,1.2,420.0,3.5999999999999996,14.399999999999999,A7,S29,状态触发,堵塞损失≥10触发，维护后储备阈值50，冷却35日,162.62759901551348,S29,162.62759901551348,0.0,0.0,0.30115887418938586,9.737972196913791,0.07528971854734647,1262.0,0.005
purchase_maintenance_1.40_1.20,购置价×维护价,1.4,1.2,1.2,420.0,3.5999999999999996,14.399999999999999,A8,S29,状态触发,堵塞损失≥10触发，维护后储备阈值50，冷却35日,304.6628769448869,S29,304.6628769448869,0.0,0.0,0.6392530234349021,9.678290774804417,0.0926916883980608,557.0,0.945
purchase_maintenance_1.40_1.20,购置价×维护价,1.4,1.2,1.2,420.0,3.5999999999999996,14.399999999999999,A9,S32,状态触发,堵塞损失≥20触发，维护后储备阈值50，冷却21日,75.40686074357899,S33,75.68395940699708,0.2770986634180872,0.0036747142194443173,0.10933664611147696,5.846230467580674,0.5860444231575166,3271.0,0.0
purchase_maintenance_1.40_1.20,购置价×维护价,1.4,1.2,1.2,420.0,3.5999999999999996,14.399999999999999,A10,S29,状态触发,堵塞损失≥10触发，维护后储备阈值50，冷却35日,529.6307784199141,S29,529.6307784199141,0.0,0.0,1.1792528976850805,9.540155942272301,0.0,308.0,1.0
purchase_maintenance_1.40_1.30,购置价×维护价,1.4,1.3,1.3,420.0,3.9000000000000004,15.600000000000001,A1,S32,状态触发,堵塞损失≥20触发，维护后储备阈值50，冷却21日,110.50821121768313,S32,110.50821121768313,0.0,0.0,0.19978831463992977,6.783812223598816,0.00899047415879684,1785.0,0.0
purchase_maintenance_1.40_1.30,购置价×维护价,1.4,1.3,1.3,420.0,3.9000000000000004,15.600000000000001,A2,S29,状态触发,堵塞损失≥10触发，维护后储备阈值50，冷却35日,262.33951297252963,S29,262.33951297252963,0.0,0.0,0.5255925057200005,9.98100168362281,0.1708175643590002,681.0,0.66
purchase_maintenance_1.40_1.30,购置价×维护价,1.4,1.3,1.3,420.0,3.9000000000000004,15.600000000000001,A3,S32,状态触发,堵塞损失≥20触发，维护后储备阈值50，冷却21日,95.44117896408731,S32,95.44117896408731,0.0,0.0,0.17037424025450018,5.916245492837518,0.05196414327762255,2093.0,0.0
purchase_maintenance_1.40_1.30,购置价×维护价,1.4,1.3,1.3,420.0,3.9000000000000004,15.600000000000001,A4,S32,状态触发,堵塞损失≥20触发，维护后储备阈值50，冷却21日,93.8082716333409,S32,93.8082716333409,0.0,0.0,0.1706189696529463,5.484546779493959,0.048626406351089696,2060.0,0.0
purchase_maintenance_1.40_1.30,购置价×维护价,1.4,1.3,1.3,420.0,3.9000000000000004,15.600000000000001,A5,S32,状态触发,堵塞损失≥20触发，维护后储备阈值50，冷却21日,283.1610797443055,S32,283.1610797443055,0.0,0.0,0.6160449995361742,6.262097420285212,0.0,576.0,0.92
purchase_maintenance_1.40_1.30,购置价×维护价,1.4,1.3,1.3,420.0,3.9000000000000004,15.600000000000001,A6,S33,状态触发,堵塞损失≥20触发，维护后储备阈值50，冷却35日,125.74230735115295,S32,125.74784617890478,0.005538827751834674,4.404903861328649e-05,0.2356200791528644,6.353495434356988,0.1284129431383111,1491.0,0.0
purchase_maintenance_1.40_1.30,购置价×维护价,1.4,1.3,1.3,420.0,3.9000000000000004,15.600000000000001,A7,S29,状态触发,堵塞损失≥10触发，维护后储备阈值50，冷却35日,165.63933833684445,S29,165.63933833684445,0.0,0.0,0.30115887418938586,9.737972196913791,0.07528971854734647,1262.0,0.005
purchase_maintenance_1.40_1.30,购置价×维护价,1.4,1.3,1.3,420.0,3.9000000000000004,15.600000000000001,A8,S29,状态触发,堵塞损失≥10触发，维护后储备阈值50，冷却35日,307.6775942034059,S29,307.6775942034059,0.0,0.0,0.6392530234349021,9.678290774804417,0.0926916883980608,557.0,0.945
purchase_maintenance_1.40_1.30,购置价×维护价,1.4,1.3,1.3,420.0,3.9000000000000004,15.600000000000001,A9,S32,状态触发,堵塞损失≥20触发，维护后储备阈值50，冷却21日,77.8639831916422,S33,78.1212259631757,0.25724277153349817,0.0033037453388476304,0.10933664611147696,5.846230467580674,0.5860444231575166,3271.0,0.0
purchase_maintenance_1.40_1.30,购置价×维护价,1.4,1.3,1.3,420.0,3.9000000000000004,15.600000000000001,A10,S29,状态触发,堵塞损失≥10触发，维护后储备阈值50，冷却35日,532.4928252025958,S29,532.4928252025958,0.0,0.0,1.1792528976850805,9.540155942272301,0.0,308.0,1.0
purchase_maintenance_1.40_1.40,购置价×维护价,1.4,1.4,1.4,420.0,4.199999999999999,16.799999999999997,A1,S32,状态触发,堵塞损失≥20触发，维护后储备阈值50，冷却21日,112.55414345375331,S32,112.55414345375331,0.0,0.0,0.19978831463992977,6.783812223598816,0.00899047415879684,1785.0,0.0
purchase_maintenance_1.40_1.40,购置价×维护价,1.4,1.4,1.4,420.0,4.199999999999999,16.799999999999997,A2,S29,状态触发,堵塞损失≥10触发，维护后储备阈值50，冷却35日,265.53879455484724,S29,265.53879455484724,0.0,0.0,0.5255925057200005,9.98100168362281,0.1708175643590002,681.0,0.66
purchase_maintenance_1.40_1.40,购置价×维护价,1.4,1.4,1.4,420.0,4.199999999999999,16.799999999999997,A3,S32,状态触发,堵塞损失≥20触发，维护后储备阈值50，冷却21日,97.27840958387172,S32,97.27840958387172,0.0,0.0,0.17037424025450018,5.916245492837518,0.05196414327762255,2093.0,0.0
purchase_maintenance_1.40_1.40,购置价×维护价,1.4,1.4,1.4,420.0,4.199999999999999,16.799999999999997,A4,S32,状态触发,堵塞损失≥20触发，维护后储备阈值50，冷却21日,95.51198735481039,S32,95.51198735481039,0.0,0.0,0.1706189696529463,5.484546779493959,0.048626406351089696,2060.0,0.0
purchase_maintenance_1.40_1.40,购置价×维护价,1.4,1.4,1.4,420.0,4.199999999999999,16.799999999999997,A5,S32,状态触发,堵塞损失≥20触发，维护后储备阈值50，冷却21日,285.0397089703911,S32,285.0397089703911,0.0,0.0,0.6160449995361742,6.262097420285212,0.0,576.0,0.92
purchase_maintenance_1.40_1.40,购置价×维护价,1.4,1.4,1.4,420.0,4.199999999999999,16.799999999999997,A6,S33,状态触发,堵塞损失≥20触发，维护后储备阈值50，冷却35日,127.80245151322602,S32,127.80863737816165,0.0061858649356310025,4.840177056377389e-05,0.2356200791528644,6.353495434356988,0.1284129431383111,1491.0,0.0
purchase_maintenance_1.40_1.40,购置价×维护价,1.4,1.4,1.4,420.0,4.199999999999999,16.799999999999997,A7,S29,状态触发,堵塞损失≥10触发，维护后储备阈值50，冷却35日,168.6510776581754,S29,168.6510776581754,0.0,0.0,0.30115887418938586,9.737972196913791,0.07528971854734647,1262.0,0.005
purchase_maintenance_1.40_1.40,购置价×维护价,1.4,1.4,1.4,420.0,4.199999999999999,16.799999999999997,A8,S29,状态触发,堵塞损失≥10触发，维护后储备阈值50，冷却35日,310.6923114619248,S29,310.6923114619248,0.0,0.0,0.6392530234349021,9.678290774804417,0.0926916883980608,557.0,0.945
purchase_maintenance_1.40_1.40,购置价×维护价,1.4,1.4,1.4,420.0,4.199999999999999,16.799999999999997,A9,S32,状态触发,堵塞损失≥20触发，维护后储备阈值50，冷却21日,80.32110563970542,S33,80.55849251935432,0.23738687964889493,0.002955473256478016,0.10933664611147696,5.846230467580674,0.5860444231575166,3271.0,0.0
purchase_maintenance_1.40_1.40,购置价×维护价,1.4,1.4,1.4,420.0,4.199999999999999,16.799999999999997,A10,S29,状态触发,堵塞损失≥10触发，维护后储备阈值50，冷却35日,535.3548719852774,S29,535.3548719852774,0.0,0.0,1.1792528976850805,9.540155942272301,0.0,308.0,1.0
purchase_maintenance_1.40_1.50,购置价×维护价,1.4,1.5,1.5,420.0,4.5,18.0,A1,S32,状态触发,堵塞损失≥20触发，维护后储备阈值50，冷却21日,114.60007568982353,S32,114.60007568982353,0.0,0.0,0.19978831463992977,6.783812223598816,0.00899047415879684,1785.0,0.0
purchase_maintenance_1.40_1.50,购置价×维护价,1.4,1.5,1.5,420.0,4.5,18.0,A2,S29,状态触发,堵塞损失≥10触发，维护后储备阈值50，冷却35日,268.7380761371649,S29,268.7380761371649,0.0,0.0,0.5255925057200005,9.98100168362281,0.1708175643590002,681.0,0.66
purchase_maintenance_1.40_1.50,购置价×维护价,1.4,1.5,1.5,420.0,4.5,18.0,A3,S32,状态触发,堵塞损失≥20触发，维护后储备阈值50，冷却21日,99.11564020365613,S32,99.11564020365613,0.0,0.0,0.17037424025450018,5.916245492837518,0.05196414327762255,2093.0,0.0
purchase_maintenance_1.40_1.50,购置价×维护价,1.4,1.5,1.5,420.0,4.5,18.0,A4,S32,状态触发,堵塞损失≥20触发，维护后储备阈值50，冷却21日,97.21570307627987,S32,97.21570307627987,0.0,0.0,0.1706189696529463,5.484546779493959,0.048626406351089696,2060.0,0.0
purchase_maintenance_1.40_1.50,购置价×维护价,1.4,1.5,1.5,420.0,4.5,18.0,A5,S32,状态触发,堵塞损失≥20触发，维护后储备阈值50，冷却21日,286.9183381964766,S32,286.9183381964766,0.0,0.0,0.6160449995361742,6.262097420285212,0.0,576.0,0.92
purchase_maintenance_1.40_1.50,购置价×维护价,1.4,1.5,1.5,420.0,4.5,18.0,A6,S33,状态触发,堵塞损失≥20触发，维护后储备阈值50，冷却35日,129.8625956752991,S32,129.86942857741855,0.006832902119441542,5.2616398770637034e-05,0.2356200791528644,6.353495434356988,0.1284129431383111,1491.0,0.0
purchase_maintenance_1.40_1.50,购置价×维护价,1.4,1.5,1.5,420.0,4.5,18.0,A7,S29,状态触发,堵塞损失≥10触发，维护后储备阈值50，冷却35日,171.66281697950635,S29,171.66281697950635,0.0,0.0,0.30115887418938586,9.737972196913791,0.07528971854734647,1262.0,0.005
purchase_maintenance_1.40_1.50,购置价×维护价,1.4,1.5,1.5,420.0,4.5,18.0,A8,S29,状态触发,堵塞损失≥10触发，维护后储备阈值50，冷却35日,313.7070287204439,S29,313.7070287204439,0.0,0.0,0.6392530234349021,9.678290774804417,0.0926916883980608,557.0,0.945
purchase_maintenance_1.40_1.50,购置价×维护价,1.4,1.5,1.5,420.0,4.5,18.0,A9,S32,状态触发,堵塞损失≥20触发，维护后储备阈值50，冷却21日,82.77822808776865,S33,82.99575907553296,0.2175309877643059,0.0026278768317396298,0.10933664611147696,5.846230467580674,0.5860444231575166,3271.0,0.0
purchase_maintenance_1.40_1.50,购置价×维护价,1.4,1.5,1.5,420.0,4.5,18.0,A10,S29,状态触发,堵塞损失≥10触发，维护后储备阈值50，冷却35日,538.2169187679592,S29,538.2169187679592,0.0,0.0,1.1792528976850805,9.540155942272301,0.0,308.0,1.0
purchase_maintenance_1.50_0.50,购置价×维护价,1.5,0.5,0.5,450.0,1.5,6.0,A1,S32,状态触发,堵塞损失≥20触发，维护后储备阈值50，冷却21日,100.13440276831942,S32,100.13440276831942,0.0,0.0,0.19978831463992977,6.783812223598816,0.00899047415879684,1785.0,0.0
purchase_maintenance_1.50_0.50,购置价×维护价,1.5,0.5,0.5,450.0,1.5,6.0,A2,S28,状态触发,堵塞损失≥10触发，维护后储备阈值50，冷却21日,251.35652558978254,S29,252.5130354855884,1.1565098958058684,0.004601073686438956,0.5186110736420625,11.987694967236276,0.0,692.0,0.635
purchase_maintenance_1.50_0.50,购置价×维护价,1.5,0.5,0.5,450.0,1.5,6.0,A3,S32,状态触发,堵塞损失≥20触发，维护后储备阈值50，冷却21日,85.8545612134471,S32,85.8545612134471,0.0,0.0,0.17037424025450018,5.916245492837518,0.05196414327762255,2093.0,0.0
purchase_maintenance_1.50_0.50,购置价×维护价,1.5,0.5,0.5,450.0,1.5,6.0,A4,S32,状态触发,堵塞损失≥20触发，维护后储备阈值50，冷却21日,85.29711495117331,S32,85.29711495117331,0.0,0.0,0.1706189696529463,5.484546779493959,0.048626406351089696,2060.0,0.0
purchase_maintenance_1.50_0.50,购置价×维护价,1.5,0.5,0.5,450.0,1.5,6.0,A5,S29,状态触发,堵塞损失≥10触发，维护后储备阈值50，冷却35日,278.4698089010909,S32,286.61339592170617,8.143587020615257,0.029244057202293554,0.5864219829973749,9.71994436818149,0.0,604.0,0.87
purchase_maintenance_1.50_0.50,购置价×维护价,1.5,0.5,0.5,450.0,1.5,6.0,A6,S33,状态触发,堵塞损失≥20触发，维护后储备阈值50，冷却35日,116.32975642915433,S32,116.32991376974731,0.00015734059297756176,1.3525395204741387e-06,0.2356200791528644,6.353495434356988,0.1284129431383111,1491.0,0.0
purchase_maintenance_1.50_0.50,购置价×维护价,1.5,0.5,0.5,450.0,1.5,6.0,A7,S29,状态触发,堵塞损失≥10触发，维护后储备阈值50，冷却35日,150.5801899918784,S29,150.5801899918784,0.0,0.0,0.30115887418938586,9.737972196913791,0.07528971854734647,1262.0,0.005
purchase_maintenance_1.50_0.50,购置价×维护价,1.5,0.5,0.5,450.0,1.5,6.0,A8,S29,状态触发,堵塞损失≥10触发，维护后储备阈值50，冷却35日,302.7374468383009,S29,302.7374468383009,0.0,0.0,0.6392530234349021,9.678290774804417,0.0926916883980608,557.0,0.945
purchase_maintenance_1.50_0.50,购置价×维护价,1.5,0.5,0.5,450.0,1.5,6.0,A9,S32,状态触发,堵塞损失≥20触发，维护后储备阈值50，冷却21日,61.487102990480736,S33,61.9400049946648,0.452902004184061,0.007365804894957859,0.10933664611147696,5.846230467580674,0.5860444231575166,3271.0,0.0
purchase_maintenance_1.50_0.50,购置价×维护价,1.5,0.5,0.5,450.0,1.5,6.0,A10,S28,状态触发,堵塞损失≥10触发，维护后储备阈值50，冷却21日,544.1069342449905,S29,544.9740378716946,0.867103626704079,0.001593627230476823,1.1738522601275891,10.582278125050218,0.0,308.0,1.0
purchase_maintenance_1.50_0.60,购置价×维护价,1.5,0.6,0.6,450.0,1.7999999999999998,7.199999999999999,A1,S32,状态触发,堵塞损失≥20触发，维护后储备阈值50，冷却21日,102.1803350043896,S32,102.1803350043896,0.0,0.0,0.19978831463992977,6.783812223598816,0.00899047415879684,1785.0,0.0
purchase_maintenance_1.50_0.60,购置价×维护价,1.5,0.6,0.6,450.0,1.7999999999999998,7.199999999999999,A2,S28,状态触发,堵塞损失≥10触发，维护后储备阈值50，冷却21日,254.95283407995342,S29,255.71231706790604,0.759482987952623,0.002978915651961133,0.5186110736420625,11.987694967236276,0.0,692.0,0.635
purchase_maintenance_1.50_0.60,购置价×维护价,1.5,0.6,0.6,450.0,1.7999999999999998,7.199999999999999,A3,S32,状态触发,堵塞损失≥20触发，维护后储备阈值50，冷却21日,87.69179183323149,S32,87.69179183323149,0.0,0.0,0.17037424025450018,5.916245492837518,0.05196414327762255,2093.0,0.0
purchase_maintenance_1.50_0.60,购置价×维护价,1.5,0.6,0.6,450.0,1.7999999999999998,7.199999999999999,A4,S32,状态触发,堵塞损失≥20触发，维护后储备阈值50，冷却21日,87.0008306726428,S32,87.0008306726428,0.0,0.0,0.1706189696529463,5.484546779493959,0.048626406351089696,2060.0,0.0
purchase_maintenance_1.50_0.60,购置价×维护价,1.5,0.6,0.6,450.0,1.7999999999999998,7.199999999999999,A5,S29,状态触发,堵塞损失≥10触发，维护后储备阈值50，冷却35日,281.3857922115454,S32,288.49202514779176,7.106232936246386,0.025254412742004868,0.5864219829973749,9.71994436818149,0.0,604.0,0.87
purchase_maintenance_1.50_0.60,购置价×维护价,1.5,0.6,0.6,450.0,1.7999999999999998,7.199999999999999,A6,S33,状态触发,堵塞损失≥20触发，维护后储备阈值50，冷却35日,118.3899005912274,S32,118.39070496900418,0.0008043777767738902,6.794310771078509e-06,0.2356200791528644,6.353495434356988,0.1284129431383111,1491.0,0.0
purchase_maintenance_1.50_0.60,购置价×维护价,1.5,0.6,0.6,450.0,1.7999999999999998,7.199999999999999,A7,S29,状态触发,堵塞损失≥10触发，维护后储备阈值50，冷却35日,153.59192931320936,S29,153.59192931320936,0.0,0.0,0.30115887418938586,9.737972196913791,0.07528971854734647,1262.0,0.005
purchase_maintenance_1.50_0.60,购置价×维护价,1.5,0.6,0.6,450.0,1.7999999999999998,7.199999999999999,A8,S29,状态触发,堵塞损失≥10触发，维护后储备阈值50，冷却35日,305.7521640968199,S29,305.7521640968199,0.0,0.0,0.6392530234349021,9.678290774804417,0.0926916883980608,557.0,0.945
purchase_maintenance_1.50_0.60,购置价×维护价,1.5,0.6,0.6,450.0,1.7999999999999998,7.199999999999999,A9,S32,状态触发,堵塞损失≥20触发，维护后储备阈值50，冷却21日,63.94422543854397,S33,64.37727155084342,0.43304611229945067,0.006772247366036924,0.10933664611147696,5.846230467580674,0.5860444231575166,3271.0,0.0
purchase_maintenance_1.50_0.60,购置价×维护价,1.5,0.6,0.6,450.0,1.7999999999999998,7.199999999999999,A10,S28,状态触发,堵塞损失≥10触发，维护后储备阈值50，冷却21日,547.2816176825055,S29,547.8360846543764,0.5544669718708519,0.0010131291714470024,1.1738522601275891,10.582278125050218,0.0,308.0,1.0
purchase_maintenance_1.50_0.70,购置价×维护价,1.5,0.7,0.7,450.0,2.0999999999999996,8.399999999999999,A1,S32,状态触发,堵塞损失≥20触发，维护后储备阈值50，冷却21日,104.22626724045982,S32,104.22626724045982,0.0,0.0,0.19978831463992977,6.783812223598816,0.00899047415879684,1785.0,0.0
purchase_maintenance_1.50_0.70,购置价×维护价,1.5,0.7,0.7,450.0,2.0999999999999996,8.399999999999999,A2,S28,状态触发,堵塞损失≥10触发，维护后储备阈值50，冷却21日,258.5491425701243,S29,258.9115986502237,0.36245608009943453,0.0014018846726638376,0.5186110736420625,11.987694967236276,0.0,692.0,0.635
purchase_maintenance_1.50_0.70,购置价×维护价,1.5,0.7,0.7,450.0,2.0999999999999996,8.399999999999999,A3,S32,状态触发,堵塞损失≥20触发，维护后储备阈值50，冷却21日,89.5290224530159,S32,89.5290224530159,0.0,0.0,0.17037424025450018,5.916245492837518,0.05196414327762255,2093.0,0.0
purchase_maintenance_1.50_0.70,购置价×维护价,1.5,0.7,0.7,450.0,2.0999999999999996,8.399999999999999,A4,S32,状态触发,堵塞损失≥20触发，维护后储备阈值50，冷却21日,88.7045463941123,S32,88.7045463941123,0.0,0.0,0.1706189696529463,5.484546779493959,0.048626406351089696,2060.0,0.0
purchase_maintenance_1.50_0.70,购置价×维护价,1.5,0.7,0.7,450.0,2.0999999999999996,8.399999999999999,A5,S29,状态触发,堵塞损失≥10触发，维护后储备阈值50，冷却35日,284.30177552199984,S32,290.3706543738773,6.068878851877457,0.021346609041517698,0.5864219829973749,9.71994436818149,0.0,604.0,0.87
purchase_maintenance_1.50_0.70,购置价×维护价,1.5,0.7,0.7,450.0,2.0999999999999996,8.399999999999999,A6,S33,状态触发,堵塞损失≥20触发，维护后储备阈值50，冷却35日,120.45004475330046,S32,120.45149616826106,0.0014514149605986404,1.2049932929218527e-05,0.2356200791528644,6.353495434356988,0.1284129431383111,1491.0,0.0
purchase_maintenance_1.50_0.70,购置价×维护价,1.5,0.7,0.7,450.0,2.0999999999999996,8.399999999999999,A7,S29,状态触发,堵塞损失≥10触发，维护后储备阈值50，冷却35日,156.6036686345403,S29,156.6036686345403,0.0,0.0,0.30115887418938586,9.737972196913791,0.07528971854734647,1262.0,0.005
purchase_maintenance_1.50_0.70,购置价×维护价,1.5,0.7,0.7,450.0,2.0999999999999996,8.399999999999999,A8,S29,状态触发,堵塞损失≥10触发，维护后储备阈值50，冷却35日,308.7668813553389,S29,308.7668813553389,0.0,0.0,0.6392530234349021,9.678290774804417,0.0926916883980608,557.0,0.945
purchase_maintenance_1.50_0.70,购置价×维护价,1.5,0.7,0.7,450.0,2.0999999999999996,8.399999999999999,A9,S32,状态触发,堵塞损失≥20触发，维护后储备阈值50，冷却21日,66.40134788660718,S33,66.81453810702205,0.41319022041486164,0.006222617967340992,0.10933664611147696,5.846230467580674,0.5860444231575166,3271.0,0.0
purchase_maintenance_1.50_0.70,购置价×维护价,1.5,0.7,0.7,450.0,2.0999999999999996,8.399999999999999,A10,S28,状态触发,堵塞损失≥10触发，维护后储备阈值50，冷却21日,550.4563011200206,S29,550.698131437058,0.24183031703739744,0.00043932700297070294,1.1738522601275891,10.582278125050218,0.0,308.0,1.0
purchase_maintenance_1.50_0.80,购置价×维护价,1.5,0.8,0.8,450.0,2.4000000000000004,9.600000000000001,A1,S32,状态触发,堵塞损失≥20触发，维护后储备阈值50，冷却21日,106.27219947653,S32,106.27219947653,0.0,0.0,0.19978831463992977,6.783812223598816,0.00899047415879684,1785.0,0.0
purchase_maintenance_1.50_0.80,购置价×维护价,1.5,0.8,0.8,450.0,2.4000000000000004,9.600000000000001,A2,S29,状态触发,堵塞损失≥10触发，维护后储备阈值50，冷却35日,262.1108802325413,S29,262.1108802325413,0.0,0.0,0.5255925057200005,9.98100168362281,0.1708175643590002,681.0,0.66
purchase_maintenance_1.50_0.80,购置价×维护价,1.5,0.8,0.8,450.0,2.4000000000000004,9.600000000000001,A3,S32,状态触发,堵塞损失≥20触发，维护后储备阈值50，冷却21日,91.36625307280029,S32,91.36625307280029,0.0,0.0,0.17037424025450018,5.916245492837518,0.05196414327762255,2093.0,0.0
purchase_maintenance_1.50_0.80,购置价×维护价,1.5,0.8,0.8,450.0,2.4000000000000004,9.600000000000001,A4,S32,状态触发,堵塞损失≥20触发，维护后储备阈值50，冷却21日,90.40826211558179,S32,90.40826211558179,0.0,0.0,0.1706189696529463,5.484546779493959,0.048626406351089696,2060.0,0.0
purchase_maintenance_1.50_0.80,购置价×维护价,1.5,0.8,0.8,450.0,2.4000000000000004,9.600000000000001,A5,S29,状态触发,堵塞损失≥10触发，维护后储备阈值50，冷却35日,287.2177588324543,S32,292.2492835999629,5.031524767508586,0.017518153431604754,0.5864219829973749,9.71994436818149,0.0,604.0,0.87
purchase_maintenance_1.50_0.80,购置价×维护价,1.5,0.8,0.8,450.0,2.4000000000000004,9.600000000000001,A6,S33,状态触发,堵塞损失≥20触发，维护后储备阈值50，冷却35日,122.51018891537355,S32,122.51228736751793,0.002098452144380758,1.712879690219323e-05,0.2356200791528644,6.353495434356988,0.1284129431383111,1491.0,0.0
purchase_maintenance_1.50_0.80,购置价×维护价,1.5,0.8,0.8,450.0,2.4000000000000004,9.600000000000001,A7,S29,状态触发,堵塞损失≥10触发，维护后储备阈值50，冷却35日,159.61540795587126,S29,159.61540795587126,0.0,0.0,0.30115887418938586,9.737972196913791,0.07528971854734647,1262.0,0.005
purchase_maintenance_1.50_0.80,购置价×维护价,1.5,0.8,0.8,450.0,2.4000000000000004,9.600000000000001,A8,S29,状态触发,堵塞损失≥10触发，维护后储备阈值50，冷却35日,311.7815986138579,S29,311.7815986138579,0.0,0.0,0.6392530234349021,9.678290774804417,0.0926916883980608,557.0,0.945
purchase_maintenance_1.50_0.80,购置价×维护价,1.5,0.8,0.8,450.0,2.4000000000000004,9.600000000000001,A9,S32,状态触发,堵塞损失≥20触发，维护后储备阈值50，冷却21日,68.8584703346704,S33,69.25180466320069,0.3933343285302868,0.005712214149088382,0.10933664611147696,5.846230467580674,0.5860444231575166,3271.0,0.0
purchase_maintenance_1.50_0.80,购置价×维护价,1.5,0.8,0.8,450.0,2.4000000000000004,9.600000000000001,A10,S29,状态触发,堵塞损失≥10触发，维护后储备阈值50，冷却35日,553.5601782197397,S29,553.5601782197397,0.0,0.0,1.1792528976850805,9.540155942272301,0.0,308.0,1.0
purchase_maintenance_1.50_0.90,购置价×维护价,1.5,0.9,0.9,450.0,2.7,10.8,A1,S32,状态触发,堵塞损失≥20触发，维护后储备阈值50，冷却21日,108.31813171260022,S32,108.31813171260022,0.0,0.0,0.19978831463992977,6.783812223598816,0.00899047415879684,1785.0,0.0
purchase_maintenance_1.50_0.90,购置价×维护价,1.5,0.9,0.9,450.0,2.7,10.8,A2,S29,状态触发,堵塞损失≥10触发，维护后储备阈值50，冷却35日,265.310161814859,S29,265.310161814859,0.0,0.0,0.5255925057200005,9.98100168362281,0.1708175643590002,681.0,0.66
purchase_maintenance_1.50_0.90,购置价×维护价,1.5,0.9,0.9,450.0,2.7,10.8,A3,S32,状态触发,堵塞损失≥20触发，维护后储备阈值50，冷却21日,93.20348369258471,S32,93.20348369258471,0.0,0.0,0.17037424025450018,5.916245492837518,0.05196414327762255,2093.0,0.0
purchase_maintenance_1.50_0.90,购置价×维护价,1.5,0.9,0.9,450.0,2.7,10.8,A4,S32,状态触发,堵塞损失≥20触发，维护后储备阈值50，冷却21日,92.1119778370513,S32,92.1119778370513,0.0,0.0,0.1706189696529463,5.484546779493959,0.048626406351089696,2060.0,0.0
purchase_maintenance_1.50_0.90,购置价×维护价,1.5,0.9,0.9,450.0,2.7,10.8,A5,S29,状态触发,堵塞损失≥10触发，维护后储备阈值50，冷却35日,290.1337421429087,S32,294.12791282604843,3.994170683139714,0.013766653453124868,0.5864219829973749,9.71994436818149,0.0,604.0,0.87
purchase_maintenance_1.50_0.90,购置价×维护价,1.5,0.9,0.9,450.0,2.7,10.8,A6,S33,状态触发,堵塞损失≥20触发，维护后储备阈值50，冷却35日,124.5703330774466,S32,124.5730785667748,0.0027454893281912973,2.2039672371144737e-05,0.2356200791528644,6.353495434356988,0.1284129431383111,1491.0,0.0
purchase_maintenance_1.50_0.90,购置价×维护价,1.5,0.9,0.9,450.0,2.7,10.8,A7,S29,状态触发,堵塞损失≥10触发，维护后储备阈值50，冷却35日,162.6271472772022,S29,162.6271472772022,0.0,0.0,0.30115887418938586,9.737972196913791,0.07528971854734647,1262.0,0.005
purchase_maintenance_1.50_0.90,购置价×维护价,1.5,0.9,0.9,450.0,2.7,10.8,A8,S29,状态触发,堵塞损失≥10触发，维护后储备阈值50，冷却35日,314.7963158723769,S29,314.7963158723769,0.0,0.0,0.6392530234349021,9.678290774804417,0.0926916883980608,557.0,0.945
purchase_maintenance_1.50_0.90,购置价×维护价,1.5,0.9,0.9,450.0,2.7,10.8,A9,S32,状态触发,堵塞损失≥20触发，维护后储备阈值50，冷却21日,71.31559278273363,S33,71.68907121937931,0.3734784366456836,0.005236981452057806,0.10933664611147696,5.846230467580674,0.5860444231575166,3271.0,0.0
purchase_maintenance_1.50_0.90,购置价×维护价,1.5,0.9,0.9,450.0,2.7,10.8,A10,S29,状态触发,堵塞损失≥10触发，维护后储备阈值50，冷却35日,556.4222250024213,S29,556.4222250024213,0.0,0.0,1.1792528976850805,9.540155942272301,0.0,308.0,1.0
purchase_maintenance_1.50_1.00,购置价×维护价,1.5,1.0,1.0,450.0,3.0,12.0,A1,S32,状态触发,堵塞损失≥20触发，维护后储备阈值50，冷却21日,110.3640639486704,S32,110.3640639486704,0.0,0.0,0.19978831463992977,6.783812223598816,0.00899047415879684,1785.0,0.0
purchase_maintenance_1.50_1.00,购置价×维护价,1.5,1.0,1.0,450.0,3.0,12.0,A2,S29,状态触发,堵塞损失≥10触发，维护后储备阈值50，冷却35日,268.5094433971766,S29,268.5094433971766,0.0,0.0,0.5255925057200005,9.98100168362281,0.1708175643590002,681.0,0.66
purchase_maintenance_1.50_1.00,购置价×维护价,1.5,1.0,1.0,450.0,3.0,12.0,A3,S32,状态触发,堵塞损失≥20触发，维护后储备阈值50，冷却21日,95.0407143123691,S32,95.0407143123691,0.0,0.0,0.17037424025450018,5.916245492837518,0.05196414327762255,2093.0,0.0
purchase_maintenance_1.50_1.00,购置价×维护价,1.5,1.0,1.0,450.0,3.0,12.0,A4,S32,状态触发,堵塞损失≥20触发，维护后储备阈值50，冷却21日,93.81569355852079,S32,93.81569355852079,0.0,0.0,0.1706189696529463,5.484546779493959,0.048626406351089696,2060.0,0.0
purchase_maintenance_1.50_1.00,购置价×维护价,1.5,1.0,1.0,450.0,3.0,12.0,A5,S29,状态触发,堵塞损失≥10触发，维护后储备阈值50，冷却35日,293.0497254533632,S32,296.006542052134,2.9568165987708426,0.010089811871335124,0.5864219829973749,9.71994436818149,0.0,604.0,0.87
purchase_maintenance_1.50_1.00,购置价×维护价,1.5,1.0,1.0,450.0,3.0,12.0,A6,S33,状态触发,堵塞损失≥20触发，维护后储备阈值50，冷却35日,126.63047723951969,S32,126.63386976603168,0.0033925265119876258,2.679075832250645e-05,0.2356200791528644,6.353495434356988,0.1284129431383111,1491.0,0.0
purchase_maintenance_1.50_1.00,购置价×维护价,1.5,1.0,1.0,450.0,3.0,12.0,A7,S29,状态触发,堵塞损失≥10触发，维护后储备阈值50，冷却35日,165.63888659853316,S29,165.63888659853316,0.0,0.0,0.30115887418938586,9.737972196913791,0.07528971854734647,1262.0,0.005
purchase_maintenance_1.50_1.00,购置价×维护价,1.5,1.0,1.0,450.0,3.0,12.0,A8,S29,状态触发,堵塞损失≥10触发，维护后储备阈值50，冷却35日,317.8110331308959,S29,317.8110331308959,0.0,0.0,0.6392530234349021,9.678290774804417,0.0926916883980608,557.0,0.945
purchase_maintenance_1.50_1.00,购置价×维护价,1.5,1.0,1.0,450.0,3.0,12.0,A9,S32,状态触发,堵塞损失≥20触发，维护后储备阈值50，冷却21日,73.77271523079685,S33,74.12633777555793,0.35362254476108035,0.004793405578943075,0.10933664611147696,5.846230467580674,0.5860444231575166,3271.0,0.0
purchase_maintenance_1.50_1.00,购置价×维护价,1.5,1.0,1.0,450.0,3.0,12.0,A10,S29,状态触发,堵塞损失≥10触发，维护后储备阈值50，冷却35日,559.2842717851031,S29,559.2842717851031,0.0,0.0,1.1792528976850805,9.540155942272301,0.0,308.0,1.0
purchase_maintenance_1.50_1.10,购置价×维护价,1.5,1.1,1.1,450.0,3.3000000000000003,13.200000000000001,A1,S32,状态触发,堵塞损失≥20触发，维护后储备阈值50，冷却21日,112.40999618474062,S32,112.40999618474062,0.0,0.0,0.19978831463992977,6.783812223598816,0.00899047415879684,1785.0,0.0
purchase_maintenance_1.50_1.10,购置价×维护价,1.5,1.1,1.1,450.0,3.3000000000000003,13.200000000000001,A2,S29,状态触发,堵塞损失≥10触发，维护后储备阈值50，冷却35日,271.70872497949426,S29,271.70872497949426,0.0,0.0,0.5255925057200005,9.98100168362281,0.1708175643590002,681.0,0.66
purchase_maintenance_1.50_1.10,购置价×维护价,1.5,1.1,1.1,450.0,3.3000000000000003,13.200000000000001,A3,S32,状态触发,堵塞损失≥20触发，维护后储备阈值50，冷却21日,96.87794493215351,S32,96.87794493215351,0.0,0.0,0.17037424025450018,5.916245492837518,0.05196414327762255,2093.0,0.0
purchase_maintenance_1.50_1.10,购置价×维护价,1.5,1.1,1.1,450.0,3.3000000000000003,13.200000000000001,A4,S32,状态触发,堵塞损失≥20触发，维护后储备阈值50，冷却21日,95.51940927999028,S32,95.51940927999028,0.0,0.0,0.1706189696529463,5.484546779493959,0.048626406351089696,2060.0,0.0
purchase_maintenance_1.50_1.10,购置价×维护价,1.5,1.1,1.1,450.0,3.3000000000000003,13.200000000000001,A5,S29,状态触发,堵塞损失≥10触发，维护后储备阈值50，冷却35日,295.96570876381764,S32,297.88517127821956,1.9194625144019142,0.006485421984928857,0.5864219829973749,9.71994436818149,0.0,604.0,0.87
purchase_maintenance_1.50_1.10,购置价×维护价,1.5,1.1,1.1,450.0,3.3000000000000003,13.200000000000001,A6,S33,状态触发,堵塞损失≥20触发，维护后储备阈值50，冷却35日,128.69062140159275,S32,128.69466096528856,0.004039563695812376,3.1389728729388045e-05,0.2356200791528644,6.353495434356988,0.1284129431383111,1491.0,0.0
purchase_maintenance_1.50_1.10,购置价×维护价,1.5,1.1,1.1,450.0,3.3000000000000003,13.200000000000001,A7,S29,状态触发,堵塞损失≥10触发，维护后储备阈值50，冷却35日,168.65062591986413,S29,168.65062591986413,0.0,0.0,0.30115887418938586,9.737972196913791,0.07528971854734647,1262.0,0.005
purchase_maintenance_1.50_1.10,购置价×维护价,1.5,1.1,1.1,450.0,3.3000000000000003,13.200000000000001,A8,S29,状态触发,堵塞损失≥10触发，维护后储备阈值50，冷却35日,320.8257503894149,S29,320.8257503894149,0.0,0.0,0.6392530234349021,9.678290774804417,0.0926916883980608,557.0,0.945
purchase_maintenance_1.50_1.10,购置价×维护价,1.5,1.1,1.1,450.0,3.3000000000000003,13.200000000000001,A9,S32,状态触发,堵塞损失≥20触发，维护后储备阈值50，冷却21日,76.22983767886008,S33,76.56360433173657,0.3337666528764913,0.004378425338941144,0.10933664611147696,5.846230467580674,0.5860444231575166,3271.0,0.0
purchase_maintenance_1.50_1.10,购置价×维护价,1.5,1.1,1.1,450.0,3.3000000000000003,13.200000000000001,A10,S29,状态触发,堵塞损失≥10触发，维护后储备阈值50，冷却35日,562.1463185677848,S29,562.1463185677848,0.0,0.0,1.1792528976850805,9.540155942272301,0.0,308.0,1.0
purchase_maintenance_1.50_1.20,购置价×维护价,1.5,1.2,1.2,450.0,3.5999999999999996,14.399999999999999,A1,S32,状态触发,堵塞损失≥20触发，维护后储备阈值50，冷却21日,114.4559284208108,S32,114.4559284208108,0.0,0.0,0.19978831463992977,6.783812223598816,0.00899047415879684,1785.0,0.0
purchase_maintenance_1.50_1.20,购置价×维护价,1.5,1.2,1.2,450.0,3.5999999999999996,14.399999999999999,A2,S29,状态触发,堵塞损失≥10触发，维护后储备阈值50，冷却35日,274.90800656181193,S29,274.90800656181193,0.0,0.0,0.5255925057200005,9.98100168362281,0.1708175643590002,681.0,0.66
purchase_maintenance_1.50_1.20,购置价×维护价,1.5,1.2,1.2,450.0,3.5999999999999996,14.399999999999999,A3,S32,状态触发,堵塞损失≥20触发，维护后储备阈值50，冷却21日,98.71517555193792,S32,98.71517555193792,0.0,0.0,0.17037424025450018,5.916245492837518,0.05196414327762255,2093.0,0.0
purchase_maintenance_1.50_1.20,购置价×维护价,1.5,1.2,1.2,450.0,3.5999999999999996,14.399999999999999,A4,S32,状态触发,堵塞损失≥20触发，维护后储备阈值50，冷却21日,97.22312500145978,S32,97.22312500145978,0.0,0.0,0.1706189696529463,5.484546779493959,0.048626406351089696,2060.0,0.0
purchase_maintenance_1.50_1.20,购置价×维护价,1.5,1.2,1.2,450.0,3.5999999999999996,14.399999999999999,A5,S29,状态触发,堵塞损失≥10触发，维护后储备阈值50，冷却35日,298.88169207427205,S32,299.76380050430515,0.8821084300330995,0.002951363209673932,0.5864219829973749,9.71994436818149,0.0,604.0,0.87
purchase_maintenance_1.50_1.20,购置价×维护价,1.5,1.2,1.2,450.0,3.5999999999999996,14.399999999999999,A6,S33,状态触发,堵塞损失≥20触发，维护后储备阈值50，冷却35日,130.7507655636658,S32,130.75545216454543,0.004686600879637126,3.584377391163422e-05,0.2356200791528644,6.353495434356988,0.1284129431383111,1491.0,0.0
purchase_maintenance_1.50_1.20,购置价×维护价,1.5,1.2,1.2,450.0,3.5999999999999996,14.399999999999999,A7,S29,状态触发,堵塞损失≥10触发，维护后储备阈值50，冷却35日,171.66236524119506,S29,171.66236524119506,0.0,0.0,0.30115887418938586,9.737972196913791,0.07528971854734647,1262.0,0.005
purchase_maintenance_1.50_1.20,购置价×维护价,1.5,1.2,1.2,450.0,3.5999999999999996,14.399999999999999,A8,S29,状态触发,堵塞损失≥10触发，维护后储备阈值50，冷却35日,323.8404676479339,S29,323.8404676479339,0.0,0.0,0.6392530234349021,9.678290774804417,0.0926916883980608,557.0,0.945
purchase_maintenance_1.50_1.20,购置价×维护价,1.5,1.2,1.2,450.0,3.5999999999999996,14.399999999999999,A9,S32,状态触发,堵塞损失≥20触发，维护后储备阈值50，冷却21日,78.68696012692328,S33,79.00087088791518,0.3139107609919023,0.003989361902983155,0.10933664611147696,5.846230467580674,0.5860444231575166,3271.0,0.0
purchase_maintenance_1.50_1.20,购置价×维护价,1.5,1.2,1.2,450.0,3.5999999999999996,14.399999999999999,A10,S29,状态触发,堵塞损失≥10触发，维护后储备阈值50，冷却35日,565.0083653504664,S29,565.0083653504664,0.0,0.0,1.1792528976850805,9.540155942272301,0.0,308.0,1.0
purchase_maintenance_1.50_1.30,购置价×维护价,1.5,1.3,1.3,450.0,3.9000000000000004,15.600000000000001,A1,S32,状态触发,堵塞损失≥20触发，维护后储备阈值50，冷却21日,116.50186065688102,S32,116.50186065688102,0.0,0.0,0.19978831463992977,6.783812223598816,0.00899047415879684,1785.0,0.0
purchase_maintenance_1.50_1.30,购置价×维护价,1.5,1.3,1.3,450.0,3.9000000000000004,15.600000000000001,A2,S29,状态触发,堵塞损失≥10触发，维护后储备阈值50，冷却35日,278.1072881441296,S29,278.1072881441296,0.0,0.0,0.5255925057200005,9.98100168362281,0.1708175643590002,681.0,0.66
purchase_maintenance_1.50_1.30,购置价×维护价,1.5,1.3,1.3,450.0,3.9000000000000004,15.600000000000001,A3,S32,状态触发,堵塞损失≥20触发，维护后储备阈值50，冷却21日,100.55240617172231,S32,100.55240617172231,0.0,0.0,0.17037424025450018,5.916245492837518,0.05196414327762255,2093.0,0.0
purchase_maintenance_1.50_1.30,购置价×维护价,1.5,1.3,1.3,450.0,3.9000000000000004,15.600000000000001,A4,S32,状态触发,堵塞损失≥20触发，维护后储备阈值50，冷却21日,98.92684072292928,S32,98.92684072292928,0.0,0.0,0.1706189696529463,5.484546779493959,0.048626406351089696,2060.0,0.0
purchase_maintenance_1.50_1.30,购置价×维护价,1.5,1.3,1.3,450.0,3.9000000000000004,15.600000000000001,A5,S32,状态触发,堵塞损失≥20触发，维护后储备阈值50，冷却21日,301.6424297303907,S32,301.6424297303907,0.0,0.0,0.6160449995361742,6.262097420285212,0.0,576.0,0.92
purchase_maintenance_1.50_1.30,购置价×维护价,1.5,1.3,1.3,450.0,3.9000000000000004,15.600000000000001,A6,S33,状态触发,堵塞损失≥20触发，维护后储备阈值50，冷却35日,132.8109097257389,S32,132.8162433638023,0.005333638063405033,4.0159638047952986e-05,0.2356200791528644,6.353495434356988,0.1284129431383111,1491.0,0.0
purchase_maintenance_1.50_1.30,购置价×维护价,1.5,1.3,1.3,450.0,3.9000000000000004,15.600000000000001,A7,S29,状态触发,堵塞损失≥10触发，维护后储备阈值50，冷却35日,174.67410456252603,S29,174.67410456252603,0.0,0.0,0.30115887418938586,9.737972196913791,0.07528971854734647,1262.0,0.005
purchase_maintenance_1.50_1.30,购置价×维护价,1.5,1.3,1.3,450.0,3.9000000000000004,15.600000000000001,A8,S29,状态触发,堵塞损失≥10触发，维护后储备阈值50，冷却35日,326.8551849064529,S29,326.8551849064529,0.0,0.0,0.6392530234349021,9.678290774804417,0.0926916883980608,557.0,0.945
purchase_maintenance_1.50_1.30,购置价×维护价,1.5,1.3,1.3,450.0,3.9000000000000004,15.600000000000001,A9,S32,状态触发,堵塞损失≥20触发，维护后储备阈值50，冷却21日,81.14408257498653,S33,81.43813744409383,0.29405486910729906,0.0036238609122921355,0.10933664611147696,5.846230467580674,0.5860444231575166,3271.0,0.0
purchase_maintenance_1.50_1.30,购置价×维护价,1.5,1.3,1.3,450.0,3.9000000000000004,15.600000000000001,A10,S29,状态触发,堵塞损失≥10触发，维护后储备阈值50，冷却35日,567.8704121331482,S29,567.8704121331482,0.0,0.0,1.1792528976850805,9.540155942272301,0.0,308.0,1.0
purchase_maintenance_1.50_1.40,购置价×维护价,1.5,1.4,1.4,450.0,4.199999999999999,16.799999999999997,A1,S32,状态触发,堵塞损失≥20触发，维护后储备阈值50，冷却21日,118.54779289295121,S32,118.54779289295121,0.0,0.0,0.19978831463992977,6.783812223598816,0.00899047415879684,1785.0,0.0
purchase_maintenance_1.50_1.40,购置价×维护价,1.5,1.4,1.4,450.0,4.199999999999999,16.799999999999997,A2,S29,状态触发,堵塞损失≥10触发，维护后储备阈值50，冷却35日,281.3065697264472,S29,281.3065697264472,0.0,0.0,0.5255925057200005,9.98100168362281,0.1708175643590002,681.0,0.66
purchase_maintenance_1.50_1.40,购置价×维护价,1.5,1.4,1.4,450.0,4.199999999999999,16.799999999999997,A3,S32,状态触发,堵塞损失≥20触发，维护后储备阈值50，冷却21日,102.38963679150672,S32,102.38963679150672,0.0,0.0,0.17037424025450018,5.916245492837518,0.05196414327762255,2093.0,0.0
purchase_maintenance_1.50_1.40,购置价×维护价,1.5,1.4,1.4,450.0,4.199999999999999,16.799999999999997,A4,S32,状态触发,堵塞损失≥20触发，维护后储备阈值50，冷却21日,100.63055644439878,S32,100.63055644439878,0.0,0.0,0.1706189696529463,5.484546779493959,0.048626406351089696,2060.0,0.0
purchase_maintenance_1.50_1.40,购置价×维护价,1.5,1.4,1.4,450.0,4.199999999999999,16.799999999999997,A5,S32,状态触发,堵塞损失≥20触发，维护后储备阈值50，冷却21日,303.5210589564763,S32,303.5210589564763,0.0,0.0,0.6160449995361742,6.262097420285212,0.0,576.0,0.92
purchase_maintenance_1.50_1.40,购置价×维护价,1.5,1.4,1.4,450.0,4.199999999999999,16.799999999999997,A6,S33,状态触发,堵塞损失≥20触发，维护后储备阈值50，冷却35日,134.87105388781194,S32,134.8770345630592,0.005980675247258205,4.434365325144588e-05,0.2356200791528644,6.353495434356988,0.1284129431383111,1491.0,0.0
purchase_maintenance_1.50_1.40,购置价×维护价,1.5,1.4,1.4,450.0,4.199999999999999,16.799999999999997,A7,S29,状态触发,堵塞损失≥10触发，维护后储备阈值50，冷却35日,177.68584388385696,S29,177.68584388385696,0.0,0.0,0.30115887418938586,9.737972196913791,0.07528971854734647,1262.0,0.005
purchase_maintenance_1.50_1.40,购置价×维护价,1.5,1.4,1.4,450.0,4.199999999999999,16.799999999999997,A8,S29,状态触发,堵塞损失≥10触发，维护后储备阈值50，冷却35日,329.86990216497185,S29,329.86990216497185,0.0,0.0,0.6392530234349021,9.678290774804417,0.0926916883980608,557.0,0.945
purchase_maintenance_1.50_1.40,购置价×维护价,1.5,1.4,1.4,450.0,4.199999999999999,16.799999999999997,A9,S32,状态触发,堵塞损失≥20触发，维护后储备阈值50，冷却21日,83.60120502304974,S33,83.87540400027244,0.2741989772226958,0.0032798447958626463,0.10933664611147696,5.846230467580674,0.5860444231575166,3271.0,0.0
purchase_maintenance_1.50_1.40,购置价×维护价,1.5,1.4,1.4,450.0,4.199999999999999,16.799999999999997,A10,S29,状态触发,堵塞损失≥10触发，维护后储备阈值50，冷却35日,570.7324589158299,S29,570.7324589158299,0.0,0.0,1.1792528976850805,9.540155942272301,0.0,308.0,1.0
purchase_maintenance_1.50_1.50,购置价×维护价,1.5,1.5,1.5,450.0,4.5,18.0,A1,S32,状态触发,堵塞损失≥20触发，维护后储备阈值50，冷却21日,120.59372512902142,S32,120.59372512902142,0.0,0.0,0.19978831463992977,6.783812223598816,0.00899047415879684,1785.0,0.0
purchase_maintenance_1.50_1.50,购置价×维护价,1.5,1.5,1.5,450.0,4.5,18.0,A2,S29,状态触发,堵塞损失≥10触发，维护后储备阈值50，冷却35日,284.5058513087649,S29,284.5058513087649,0.0,0.0,0.5255925057200005,9.98100168362281,0.1708175643590002,681.0,0.66
purchase_maintenance_1.50_1.50,购置价×维护价,1.5,1.5,1.5,450.0,4.5,18.0,A3,S32,状态触发,堵塞损失≥20触发，维护后储备阈值50，冷却21日,104.22686741129111,S32,104.22686741129111,0.0,0.0,0.17037424025450018,5.916245492837518,0.05196414327762255,2093.0,0.0
purchase_maintenance_1.50_1.50,购置价×维护价,1.5,1.5,1.5,450.0,4.5,18.0,A4,S32,状态触发,堵塞损失≥20触发，维护后储备阈值50，冷却21日,102.33427216586826,S32,102.33427216586826,0.0,0.0,0.1706189696529463,5.484546779493959,0.048626406351089696,2060.0,0.0
purchase_maintenance_1.50_1.50,购置价×维护价,1.5,1.5,1.5,450.0,4.5,18.0,A5,S32,状态触发,堵塞损失≥20触发，维护后储备阈值50，冷却21日,305.3996881825618,S32,305.3996881825618,0.0,0.0,0.6160449995361742,6.262097420285212,0.0,576.0,0.92
purchase_maintenance_1.50_1.50,购置价×维护价,1.5,1.5,1.5,450.0,4.5,18.0,A6,S33,状态触发,堵塞损失≥20触发，维护后储备阈值50，冷却35日,136.93119804988504,S32,136.93782576231607,0.0066277124310261115,4.840177056372199e-05,0.2356200791528644,6.353495434356988,0.1284129431383111,1491.0,0.0
purchase_maintenance_1.50_1.50,购置价×维护价,1.5,1.5,1.5,450.0,4.5,18.0,A7,S29,状态触发,堵塞损失≥10触发，维护后储备阈值50，冷却35日,180.69758320518793,S29,180.69758320518793,0.0,0.0,0.30115887418938586,9.737972196913791,0.07528971854734647,1262.0,0.005
purchase_maintenance_1.50_1.50,购置价×维护价,1.5,1.5,1.5,450.0,4.5,18.0,A8,S29,状态触发,堵塞损失≥10触发，维护后储备阈值50，冷却35日,332.8846194234909,S29,332.8846194234909,0.0,0.0,0.6392530234349021,9.678290774804417,0.0926916883980608,557.0,0.945
purchase_maintenance_1.50_1.50,购置价×维护价,1.5,1.5,1.5,450.0,4.5,18.0,A9,S32,状态触发,堵塞损失≥20触发，维护后储备阈值50，冷却21日,86.05832747111296,S33,86.31267055645107,0.2543430853381068,0.002955473256478075,0.10933664611147696,5.846230467580674,0.5860444231575166,3271.0,0.0
purchase_maintenance_1.50_1.50,购置价×维护价,1.5,1.5,1.5,450.0,4.5,18.0,A10,S29,状态触发,堵塞损失≥10触发，维护后储备阈值50，冷却35日,573.5945056985115,S29,573.5945056985115,0.0,0.0,1.1792528976850805,9.540155942272301,0.0,308.0,1.0
medium_major_0.50_0.50,中维护价×大维护价,1.0,0.5,0.5,300.0,1.5,6.0,A1,S32,状态触发,堵塞损失≥20触发，维护后储备阈值50，冷却21日,70.16615557232994,S32,70.16615557232994,0.0,0.0,0.19978831463992977,6.783812223598816,0.00899047415879684,1785.0,0.0
medium_major_0.50_0.50,中维护价×大维护价,1.0,0.5,0.5,300.0,1.5,6.0,A2,S28,状态触发,堵塞损失≥10触发，维护后储备阈值50，冷却21日,173.56486454347316,S29,173.67415962758835,0.10929508411518896,0.0006297074261122336,0.5186110736420625,11.987694967236276,0.0,692.0,0.635
medium_major_0.50_0.50,中维护价×大维护价,1.0,0.5,0.5,300.0,1.5,6.0,A3,S32,状态触发,堵塞损失≥20触发，维护后储备阈值50，冷却21日,60.298425175272065,S32,60.298425175272065,0.0,0.0,0.17037424025450018,5.916245492837518,0.05196414327762255,2093.0,0.0
medium_major_0.50_0.50,中维护价×大维护价,1.0,0.5,0.5,300.0,1.5,6.0,A4,S32,状态触发,堵塞损失≥20触发，维护后储备阈值50，冷却21日,59.704269503231366,S32,59.704269503231366,0.0,0.0,0.1706189696529463,5.484546779493959,0.048626406351089696,2060.0,0.0
medium_major_0.50_0.50,中维护价×大维护价,1.0,0.5,0.5,300.0,1.5,6.0,A5,S29,状态触发,堵塞损失≥10触发，维护后储备阈值50，冷却35日,190.5065114514847,S32,194.20664599128008,3.7001345397953855,0.019422614542693357,0.5864219829973749,9.71994436818149,0.0,604.0,0.87
medium_major_0.50_0.50,中维护价×大维护价,1.0,0.5,0.5,300.0,1.5,6.0,A6,S33,状态触发,堵塞损失≥20触发，维护后储备阈值50，冷却35日,80.98674455622466,S32,80.98792784525966,0.0011832890349978697,1.4610897641111836e-05,0.2356200791528644,6.353495434356988,0.1284129431383111,1491.0,0.0
medium_major_0.50_0.50,中维护价×大维护价,1.0,0.5,0.5,300.0,1.5,6.0,A7,S29,状态触发,堵塞损失≥10触发，维护后储备阈值50，冷却35日,105.40635886347052,S29,105.40635886347052,0.0,0.0,0.30115887418938586,9.737972196913791,0.07528971854734647,1262.0,0.005
medium_major_0.50_0.50,中维护价×大维护价,1.0,0.5,0.5,300.0,1.5,6.0,A8,S29,状态触发,堵塞损失≥10触发，维护后储备阈值50，冷却35日,206.84949332306562,S29,206.84949332306562,0.0,0.0,0.6392530234349021,9.678290774804417,0.0926916883980608,557.0,0.945
medium_major_0.50_0.50,中维护价×大维护价,1.0,0.5,0.5,300.0,1.5,6.0,A9,S32,状态触发,堵塞损失≥20触发，维护后储备阈值50，冷却21日,45.08660607375919,S33,45.35544759007424,0.2688415163150495,0.005962780074313858,0.10933664611147696,5.846230467580674,0.5860444231575166,3271.0,0.0
medium_major_0.50_0.50,中维护价×大维护价,1.0,0.5,0.5,300.0,1.5,6.0,A10,S28,状态触发,堵塞损失≥10触发，维护后储备阈值50，冷却21日,368.0290952258521,S29,368.0861032189326,0.05700799308050364,0.00015490077773747473,1.1738522601275891,10.582278125050218,0.0,308.0,1.0
medium_major_0.50_0.60,中维护价×大维护价,1.0,0.5,0.6,300.0,1.5,7.199999999999999,A1,S32,状态触发,堵塞损失≥20触发，维护后储备阈值50，冷却21日,70.17694414132049,S32,70.17694414132049,0.0,0.0,0.19978831463992977,6.783812223598816,0.00899047415879684,1785.0,0.0
medium_major_0.50_0.60,中维护价×大维护价,1.0,0.5,0.6,300.0,1.5,7.199999999999999,A2,S28,状态触发,堵塞损失≥10触发，维护后储备阈值50，冷却21日,173.56486454347316,S29,173.87914070481918,0.3142761613460152,0.0018107130275050443,0.5186110736420625,11.987694967236276,0.0,692.0,0.635
medium_major_0.50_0.60,中维护价×大维护价,1.0,0.5,0.6,300.0,1.5,7.199999999999999,A3,S32,状态触发,堵塞损失≥20触发，维护后储备阈值50，冷却21日,60.360782147205214,S32,60.360782147205214,0.0,0.0,0.17037424025450018,5.916245492837518,0.05196414327762255,2093.0,0.0
medium_major_0.50_0.60,中维护价×大维护价,1.0,0.5,0.6,300.0,1.5,7.199999999999999,A4,S32,状态触发,堵塞损失≥20触发，维护后储备阈值50，冷却21日,59.76262119085267,S32,59.76262119085267,0.0,0.0,0.1706189696529463,5.484546779493959,0.048626406351089696,2060.0,0.0
medium_major_0.50_0.60,中维护价×大维护价,1.0,0.5,0.6,300.0,1.5,7.199999999999999,A5,S29,状态触发,堵塞损失≥10触发，维护后储备阈值50，冷却35日,190.5065114514847,S32,194.20664599128008,3.7001345397953855,0.019422614542693357,0.5864219829973749,9.71994436818149,0.0,604.0,0.87
medium_major_0.50_0.60,中维护价×大维护价,1.0,0.5,0.6,300.0,1.5,7.199999999999999,A6,S33,状态触发,堵塞损失≥20触发，维护后储备阈值50，冷却35日,81.14084008799064,S32,81.14201890389043,0.0011788158997916298,1.4528021875461234e-05,0.2356200791528644,6.353495434356988,0.1284129431383111,1491.0,0.0
medium_major_0.50_0.60,中维护价×大维护价,1.0,0.5,0.6,300.0,1.5,7.199999999999999,A7,S29,状态触发,堵塞损失≥10触发，维护后储备阈值50，冷却35日,105.49670652572733,S29,105.49670652572733,0.0,0.0,0.30115887418938586,9.737972196913791,0.07528971854734647,1262.0,0.005
medium_major_0.50_0.60,中维护价×大维护价,1.0,0.5,0.6,300.0,1.5,7.199999999999999,A8,S29,状态触发,堵塞损失≥10触发，维护后储备阈值50，冷却35日,206.96072334914328,S29,206.96072334914328,0.0,0.0,0.6392530234349021,9.678290774804417,0.0926916883980608,557.0,0.945
medium_major_0.50_0.60,中维护价×大维护价,1.0,0.5,0.6,300.0,1.5,7.199999999999999,A9,S32,状态触发,堵塞损失≥20触发，维护后储备阈值50，冷却21日,45.78985938154821,S33,46.0619497355098,0.27209035396158754,0.005942153080103821,0.10933664611147696,5.846230467580674,0.5860444231575166,3271.0,0.0
medium_major_0.50_0.60,中维护价×大维护价,1.0,0.5,0.6,300.0,1.5,7.199999999999999,A10,S28,状态触发,堵塞损失≥10触发，维护后储备阈值50，冷却21日,368.0290952258521,S29,368.0861032189326,0.05700799308050364,0.00015490077773747473,1.1738522601275891,10.582278125050218,0.0,308.0,1.0
medium_major_0.50_0.70,中维护价×大维护价,1.0,0.5,0.7,300.0,1.5,8.399999999999999,A1,S32,状态触发,堵塞损失≥20触发，维护后储备阈值50，冷却21日,70.18773271031105,S32,70.18773271031105,0.0,0.0,0.19978831463992977,6.783812223598816,0.00899047415879684,1785.0,0.0
medium_major_0.50_0.70,中维护价×大维护价,1.0,0.5,0.7,300.0,1.5,8.399999999999999,A2,S28,状态触发,堵塞损失≥10触发，维护后储备阈值50，冷却21日,173.56486454347316,S29,174.08412178204998,0.519257238576813,0.0029917186288976913,0.5186110736420625,11.987694967236276,0.0,692.0,0.635
medium_major_0.50_0.70,中维护价×大维护价,1.0,0.5,0.7,300.0,1.5,8.399999999999999,A3,S32,状态触发,堵塞损失≥20触发，维护后储备阈值50，冷却21日,60.42313911913836,S32,60.42313911913836,0.0,0.0,0.17037424025450018,5.916245492837518,0.05196414327762255,2093.0,0.0
medium_major_0.50_0.70,中维护价×大维护价,1.0,0.5,0.7,300.0,1.5,8.399999999999999,A4,S32,状态触发,堵塞损失≥20触发，维护后储备阈值50，冷却21日,59.82097287847398,S32,59.82097287847398,0.0,0.0,0.1706189696529463,5.484546779493959,0.048626406351089696,2060.0,0.0
medium_major_0.50_0.70,中维护价×大维护价,1.0,0.5,0.7,300.0,1.5,8.399999999999999,A5,S29,状态触发,堵塞损失≥10触发，维护后储备阈值50，冷却35日,190.5065114514847,S32,194.20664599128008,3.7001345397953855,0.019422614542693357,0.5864219829973749,9.71994436818149,0.0,604.0,0.87
medium_major_0.50_0.70,中维护价×大维护价,1.0,0.5,0.7,300.0,1.5,8.399999999999999,A6,S33,状态触发,堵塞损失≥20触发，维护后储备阈值50，冷却35日,81.29493561975661,S32,81.2961099625212,0.0011743427645853899,1.4445460293838975e-05,0.2356200791528644,6.353495434356988,0.1284129431383111,1491.0,0.0
medium_major_0.50_0.70,中维护价×大维护价,1.0,0.5,0.7,300.0,1.5,8.399999999999999,A7,S29,状态触发,堵塞损失≥10触发，维护后储备阈值50，冷却35日,105.58705418798415,S29,105.58705418798415,0.0,0.0,0.30115887418938586,9.737972196913791,0.07528971854734647,1262.0,0.005
medium_major_0.50_0.70,中维护价×大维护价,1.0,0.5,0.7,300.0,1.5,8.399999999999999,A8,S29,状态触发,堵塞损失≥10触发，维护后储备阈值50，冷却35日,207.07195337522094,S29,207.07195337522094,0.0,0.0,0.6392530234349021,9.678290774804417,0.0926916883980608,557.0,0.945
medium_major_0.50_0.70,中维护价×大维护价,1.0,0.5,0.7,300.0,1.5,8.399999999999999,A9,S32,状态触发,堵塞损失≥20触发，维护后储备阈值50，冷却21日,46.49311268933724,S33,46.768451880945356,0.2753391916081185,0.005922150092378413,0.10933664611147696,5.846230467580674,0.5860444231575166,3271.0,0.0
medium_major_0.50_0.70,中维护价×大维护价,1.0,0.5,0.7,300.0,1.5,8.399999999999999,A10,S28,状态触发,堵塞损失≥10触发，维护后储备阈值50，冷却21日,368.0290952258521,S29,368.0861032189326,0.05700799308050364,0.00015490077773747473,1.1738522601275891,10.582278125050218,0.0,308.0,1.0
medium_major_0.50_0.80,中维护价×大维护价,1.0,0.5,0.8,300.0,1.5,9.600000000000001,A1,S32,状态触发,堵塞损失≥20触发，维护后储备阈值50，冷却21日,70.1985212793016,S32,70.1985212793016,0.0,0.0,0.19978831463992977,6.783812223598816,0.00899047415879684,1785.0,0.0
medium_major_0.50_0.80,中维护价×大维护价,1.0,0.5,0.8,300.0,1.5,9.600000000000001,A2,S28,状态触发,堵塞损失≥10触发，维护后储备阈值50，冷却21日,173.56486454347316,S29,174.28910285928077,0.7242383158076109,0.004172724230290338,0.5186110736420625,11.987694967236276,0.0,692.0,0.635
medium_major_0.50_0.80,中维护价×大维护价,1.0,0.5,0.8,300.0,1.5,9.600000000000001,A3,S32,状态触发,堵塞损失≥20触发，维护后储备阈值50，冷却21日,60.485496091071504,S32,60.485496091071504,0.0,0.0,0.17037424025450018,5.916245492837518,0.05196414327762255,2093.0,0.0
medium_major_0.50_0.80,中维护价×大维护价,1.0,0.5,0.8,300.0,1.5,9.600000000000001,A4,S32,状态触发,堵塞损失≥20触发，维护后储备阈值50，冷却21日,59.879324566095285,S32,59.879324566095285,0.0,0.0,0.1706189696529463,5.484546779493959,0.048626406351089696,2060.0,0.0
medium_major_0.50_0.80,中维护价×大维护价,1.0,0.5,0.8,300.0,1.5,9.600000000000001,A5,S29,状态触发,堵塞损失≥10触发，维护后储备阈值50，冷却35日,190.5065114514847,S32,194.20664599128008,3.7001345397953855,0.019422614542693357,0.5864219829973749,9.71994436818149,0.0,604.0,0.87
medium_major_0.50_0.80,中维护价×大维护价,1.0,0.5,0.8,300.0,1.5,9.600000000000001,A6,S33,状态触发,堵塞损失≥20触发，维护后储备阈值50，冷却35日,81.44903115152259,S32,81.45020102115195,0.001169869629364939,1.4363211112831878e-05,0.2356200791528644,6.353495434356988,0.1284129431383111,1491.0,0.0
medium_major_0.50_0.80,中维护价×大维护价,1.0,0.5,0.8,300.0,1.5,9.600000000000001,A7,S29,状态触发,堵塞损失≥10触发，维护后储备阈值50，冷却35日,105.67740185024097,S29,105.67740185024097,0.0,0.0,0.30115887418938586,9.737972196913791,0.07528971854734647,1262.0,0.005
medium_major_0.50_0.80,中维护价×大维护价,1.0,0.5,0.8,300.0,1.5,9.600000000000001,A8,S29,状态触发,堵塞损失≥10触发，维护后储备阈值50，冷却35日,207.18318340129863,S29,207.18318340129863,0.0,0.0,0.6392530234349021,9.678290774804417,0.0926916883980608,557.0,0.945
medium_major_0.50_0.80,中维护价×大维护价,1.0,0.5,0.8,300.0,1.5,9.600000000000001,A9,S29,状态触发,堵塞损失≥10触发，维护后储备阈值50，冷却35日,46.948259786430796,S33,47.474954026380914,0.5266942399501175,0.011218610494746073,0.1051012597763595,9.854819622930346,0.06621379365910647,3487.0,0.005
medium_major_0.50_0.80,中维护价×大维护价,1.0,0.5,0.8,300.0,1.5,9.600000000000001,A10,S28,状态触发,堵塞损失≥10触发，维护后储备阈值50，冷却21日,368.0290952258521,S29,368.0861032189326,0.05700799308050364,0.00015490077773747473,1.1738522601275891,10.582278125050218,0.0,308.0,1.0
medium_major_0.50_0.90,中维护价×大维护价,1.0,0.5,0.9,300.0,1.5,10.8,A1,S32,状态触发,堵塞损失≥20触发，维护后储备阈值50，冷却21日,70.20930984829216,S32,70.20930984829216,0.0,0.0,0.19978831463992977,6.783812223598816,0.00899047415879684,1785.0,0.0
medium_major_0.50_0.90,中维护价×大维护价,1.0,0.5,0.9,300.0,1.5,10.8,A2,S28,状态触发,堵塞损失≥10触发，维护后储备阈值50，冷却21日,173.56486454347316,S29,174.49408393651157,0.9292193930384087,0.005353729831682985,0.5186110736420625,11.987694967236276,0.0,692.0,0.635
medium_major_0.50_0.90,中维护价×大维护价,1.0,0.5,0.9,300.0,1.5,10.8,A3,S32,状态触发,堵塞损失≥20触发，维护后储备阈值50，冷却21日,60.54785306300465,S32,60.54785306300465,0.0,0.0,0.17037424025450018,5.916245492837518,0.05196414327762255,2093.0,0.0
medium_major_0.50_0.90,中维护价×大维护价,1.0,0.5,0.9,300.0,1.5,10.8,A4,S32,状态触发,堵塞损失≥20触发，维护后储备阈值50，冷却21日,59.937676253716596,S32,59.937676253716596,0.0,0.0,0.1706189696529463,5.484546779493959,0.048626406351089696,2060.0,0.0
medium_major_0.50_0.90,中维护价×大维护价,1.0,0.5,0.9,300.0,1.5,10.8,A5,S29,状态触发,堵塞损失≥10触发，维护后储备阈值50，冷却35日,190.5065114514847,S32,194.20664599128008,3.7001345397953855,0.019422614542693357,0.5864219829973749,9.71994436818149,0.0,604.0,0.87
medium_major_0.50_0.90,中维护价×大维护价,1.0,0.5,0.9,300.0,1.5,10.8,A6,S33,状态触发,堵塞损失≥20触发，维护后储备阈值50，冷却35日,81.60312668328856,S32,81.60429207978272,0.0011653964941586992,1.428127256302006e-05,0.2356200791528644,6.353495434356988,0.1284129431383111,1491.0,0.0
medium_major_0.50_0.90,中维护价×大维护价,1.0,0.5,0.9,300.0,1.5,10.8,A7,S29,状态触发,堵塞损失≥10触发，维护后储备阈值50，冷却35日,105.76774951249779,S29,105.76774951249779,0.0,0.0,0.30115887418938586,9.737972196913791,0.07528971854734647,1262.0,0.005
medium_major_0.50_0.90,中维护价×大维护价,1.0,0.5,0.9,300.0,1.5,10.8,A8,S29,状态触发,堵塞损失≥10触发，维护后储备阈值50，冷却35日,207.2944134273763,S29,207.2944134273763,0.0,0.0,0.6392530234349021,9.678290774804417,0.0926916883980608,557.0,0.945
medium_major_0.50_0.90,中维护价×大维护价,1.0,0.5,0.9,300.0,1.5,10.8,A9,S29,状态触发,堵塞损失≥10触发，维护后储备阈值50，冷却35日,47.02771633882172,S33,48.18145617181647,1.1537398329947521,0.02453318857080737,0.1051012597763595,9.854819622930346,0.06621379365910647,3487.0,0.005
medium_major_0.50_0.90,中维护价×大维护价,1.0,0.5,0.9,300.0,1.5,10.8,A10,S28,状态触发,堵塞损失≥10触发，维护后储备阈值50，冷却21日,368.0290952258521,S29,368.0861032189326,0.05700799308050364,0.00015490077773747473,1.1738522601275891,10.582278125050218,0.0,308.0,1.0
medium_major_0.50_1.00,中维护价×大维护价,1.0,0.5,1.0,300.0,1.5,12.0,A1,S32,状态触发,堵塞损失≥20触发，维护后储备阈值50，冷却21日,70.22009841728271,S32,70.22009841728271,0.0,0.0,0.19978831463992977,6.783812223598816,0.00899047415879684,1785.0,0.0
medium_major_0.50_1.00,中维护价×大维护价,1.0,0.5,1.0,300.0,1.5,12.0,A2,S28,状态触发,堵塞损失≥10触发，维护后储备阈值50，冷却21日,173.56486454347316,S29,174.69906501374237,1.1342004702692066,0.0065347354330756325,0.5186110736420625,11.987694967236276,0.0,692.0,0.635
medium_major_0.50_1.00,中维护价×大维护价,1.0,0.5,1.0,300.0,1.5,12.0,A3,S32,状态触发,堵塞损失≥20触发，维护后储备阈值50，冷却21日,60.6102100349378,S32,60.6102100349378,0.0,0.0,0.17037424025450018,5.916245492837518,0.05196414327762255,2093.0,0.0
medium_major_0.50_1.00,中维护价×大维护价,1.0,0.5,1.0,300.0,1.5,12.0,A4,S32,状态触发,堵塞损失≥20触发，维护后储备阈值50，冷却21日,59.9960279413379,S32,59.9960279413379,0.0,0.0,0.1706189696529463,5.484546779493959,0.048626406351089696,2060.0,0.0
medium_major_0.50_1.00,中维护价×大维护价,1.0,0.5,1.0,300.0,1.5,12.0,A5,S29,状态触发,堵塞损失≥10触发，维护后储备阈值50，冷却35日,190.5065114514847,S32,194.20664599128008,3.7001345397953855,0.019422614542693357,0.5864219829973749,9.71994436818149,0.0,604.0,0.87
medium_major_0.50_1.00,中维护价×大维护价,1.0,0.5,1.0,300.0,1.5,12.0,A6,S33,状态触发,堵塞损失≥20触发，维护后储备阈值50，冷却35日,81.75722221505454,S32,81.75838313841349,0.0011609233589524592,1.4199642887802151e-05,0.2356200791528644,6.353495434356988,0.1284129431383111,1491.0,0.0
medium_major_0.50_1.00,中维护价×大维护价,1.0,0.5,1.0,300.0,1.5,12.0,A7,S29,状态触发,堵塞损失≥10触发，维护后储备阈值50，冷却35日,105.8580971747546,S29,105.8580971747546,0.0,0.0,0.30115887418938586,9.737972196913791,0.07528971854734647,1262.0,0.005
medium_major_0.50_1.00,中维护价×大维护价,1.0,0.5,1.0,300.0,1.5,12.0,A8,S29,状态触发,堵塞损失≥10触发，维护后储备阈值50，冷却35日,207.40564345345396,S29,207.40564345345396,0.0,0.0,0.6392530234349021,9.678290774804417,0.0926916883980608,557.0,0.945
medium_major_0.50_1.00,中维护价×大维护价,1.0,0.5,1.0,300.0,1.5,12.0,A9,S29,状态触发,堵塞损失≥10触发，维护后储备阈值50，冷却35日,47.10717289121265,S33,48.88795831725203,1.7807854260393796,0.037802850749541934,0.1051012597763595,9.854819622930346,0.06621379365910647,3487.0,0.005
medium_major_0.50_1.00,中维护价×大维护价,1.0,0.5,1.0,300.0,1.5,12.0,A10,S28,状态触发,堵塞损失≥10触发，维护后储备阈值50，冷却21日,368.0290952258521,S29,368.0861032189326,0.05700799308050364,0.00015490077773747473,1.1738522601275891,10.582278125050218,0.0,308.0,1.0
medium_major_0.50_1.10,中维护价×大维护价,1.0,0.5,1.1,300.0,1.5,13.200000000000001,A1,S32,状态触发,堵塞损失≥20触发，维护后储备阈值50，冷却21日,70.23088698627328,S32,70.23088698627328,0.0,0.0,0.19978831463992977,6.783812223598816,0.00899047415879684,1785.0,0.0
medium_major_0.50_1.10,中维护价×大维护价,1.0,0.5,1.1,300.0,1.5,13.200000000000001,A2,S28,状态触发,堵塞损失≥10触发，维护后储备阈值50，冷却21日,173.56486454347316,S29,174.90404609097317,1.3391815475000044,0.00771574103446828,0.5186110736420625,11.987694967236276,0.0,692.0,0.635
medium_major_0.50_1.10,中维护价×大维护价,1.0,0.5,1.1,300.0,1.5,13.200000000000001,A3,S32,状态触发,堵塞损失≥20触发，维护后储备阈值50，冷却21日,60.67256700687095,S32,60.67256700687095,0.0,0.0,0.17037424025450018,5.916245492837518,0.05196414327762255,2093.0,0.0
medium_major_0.50_1.10,中维护价×大维护价,1.0,0.5,1.1,300.0,1.5,13.200000000000001,A4,S32,状态触发,堵塞损失≥20触发，维护后储备阈值50，冷却21日,60.05437962895921,S32,60.05437962895921,0.0,0.0,0.1706189696529463,5.484546779493959,0.048626406351089696,2060.0,0.0
medium_major_0.50_1.10,中维护价×大维护价,1.0,0.5,1.1,300.0,1.5,13.200000000000001,A5,S29,状态触发,堵塞损失≥10触发，维护后储备阈值50，冷却35日,190.5065114514847,S32,194.20664599128008,3.7001345397953855,0.019422614542693357,0.5864219829973749,9.71994436818149,0.0,604.0,0.87
medium_major_0.50_1.10,中维护价×大维护价,1.0,0.5,1.1,300.0,1.5,13.200000000000001,A6,S33,状态触发,堵塞损失≥20触发，维护后储备阈值50，冷却35日,81.91131774682052,S32,81.91247419704426,0.0011564502237462193,1.4118320343968685e-05,0.2356200791528644,6.353495434356988,0.1284129431383111,1491.0,0.0
medium_major_0.50_1.10,中维护价×大维护价,1.0,0.5,1.1,300.0,1.5,13.200000000000001,A7,S29,状态触发,堵塞损失≥10触发，维护后储备阈值50，冷却35日,105.94844483701141,S29,105.94844483701141,0.0,0.0,0.30115887418938586,9.737972196913791,0.07528971854734647,1262.0,0.005
medium_major_0.50_1.10,中维护价×大维护价,1.0,0.5,1.1,300.0,1.5,13.200000000000001,A8,S29,状态触发,堵塞损失≥10触发，维护后储备阈值50，冷却35日,207.51687347953165,S29,207.51687347953165,0.0,0.0,0.6392530234349021,9.678290774804417,0.0926916883980608,557.0,0.945
medium_major_0.50_1.10,中维护价×大维护价,1.0,0.5,1.1,300.0,1.5,13.200000000000001,A9,S29,状态触发,堵塞损失≥10触发，维护后储备阈值50，冷却35日,47.18662944360358,S33,49.594460462687586,2.407831019084007,0.05102782392969588,0.1051012597763595,9.854819622930346,0.06621379365910647,3487.0,0.005
medium_major_0.50_1.10,中维护价×大维护价,1.0,0.5,1.1,300.0,1.5,13.200000000000001,A10,S28,状态触发,堵塞损失≥10触发，维护后储备阈值50，冷却21日,368.0290952258521,S29,368.0861032189326,0.05700799308050364,0.00015490077773747473,1.1738522601275891,10.582278125050218,0.0,308.0,1.0
medium_major_0.50_1.20,中维护价×大维护价,1.0,0.5,1.2,300.0,1.5,14.399999999999999,A1,S32,状态触发,堵塞损失≥20触发，维护后储备阈值50，冷却21日,70.24167555526383,S32,70.24167555526383,0.0,0.0,0.19978831463992977,6.783812223598816,0.00899047415879684,1785.0,0.0
medium_major_0.50_1.20,中维护价×大维护价,1.0,0.5,1.2,300.0,1.5,14.399999999999999,A2,S28,状态触发,堵塞损失≥10触发，维护后储备阈值50，冷却21日,173.56486454347316,S29,175.10902716820397,1.5441626247308022,0.008896746635860927,0.5186110736420625,11.987694967236276,0.0,692.0,0.635
medium_major_0.50_1.20,中维护价×大维护价,1.0,0.5,1.2,300.0,1.5,14.399999999999999,A3,S32,状态触发,堵塞损失≥20触发，维护后储备阈值50，冷却21日,60.7349239788041,S32,60.7349239788041,0.0,0.0,0.17037424025450018,5.916245492837518,0.05196414327762255,2093.0,0.0
medium_major_0.50_1.20,中维护价×大维护价,1.0,0.5,1.2,300.0,1.5,14.399999999999999,A4,S32,状态触发,堵塞损失≥20触发，维护后储备阈值50，冷却21日,60.112731316580515,S32,60.112731316580515,0.0,0.0,0.1706189696529463,5.484546779493959,0.048626406351089696,2060.0,0.0
medium_major_0.50_1.20,中维护价×大维护价,1.0,0.5,1.2,300.0,1.5,14.399999999999999,A5,S29,状态触发,堵塞损失≥10触发，维护后储备阈值50，冷却35日,190.5065114514847,S32,194.20664599128008,3.7001345397953855,0.019422614542693357,0.5864219829973749,9.71994436818149,0.0,604.0,0.87
medium_major_0.50_1.20,中维护价×大维护价,1.0,0.5,1.2,300.0,1.5,14.399999999999999,A6,S33,状态触发,堵塞损失≥20触发，维护后储备阈值50，冷却35日,82.06541327858648,S32,82.06656525567503,0.0011519770885541902,1.4037303201576374e-05,0.2356200791528644,6.353495434356988,0.1284129431383111,1491.0,0.0
medium_major_0.50_1.20,中维护价×大维护价,1.0,0.5,1.2,300.0,1.5,14.399999999999999,A7,S29,状态触发,堵塞损失≥10触发，维护后储备阈值50，冷却35日,106.03879249926823,S29,106.03879249926823,0.0,0.0,0.30115887418938586,9.737972196913791,0.07528971854734647,1262.0,0.005
medium_major_0.50_1.20,中维护价×大维护价,1.0,0.5,1.2,300.0,1.5,14.399999999999999,A8,S29,状态触发,堵塞损失≥10触发，维护后储备阈值50，冷却35日,207.62810350560932,S29,207.62810350560932,0.0,0.0,0.6392530234349021,9.678290774804417,0.0926916883980608,557.0,0.945
medium_major_0.50_1.20,中维护价×大维护价,1.0,0.5,1.2,300.0,1.5,14.399999999999999,A9,S29,状态触发,堵塞损失≥10触发，维护后储备阈值50，冷却35日,47.2660859959945,S33,50.30096260812314,3.0348766121286417,0.06420833348430476,0.1051012597763595,9.854819622930346,0.06621379365910647,3487.0,0.005
medium_major_0.50_1.20,中维护价×大维护价,1.0,0.5,1.2,300.0,1.5,14.399999999999999,A10,S28,状态触发,堵塞损失≥10触发，维护后储备阈值50，冷却21日,368.0290952258521,S29,368.0861032189326,0.05700799308050364,0.00015490077773747473,1.1738522601275891,10.582278125050218,0.0,308.0,1.0
medium_major_0.50_1.30,中维护价×大维护价,1.0,0.5,1.3,300.0,1.5,15.600000000000001,A1,S32,状态触发,堵塞损失≥20触发，维护后储备阈值50，冷却21日,70.25246412425439,S32,70.25246412425439,0.0,0.0,0.19978831463992977,6.783812223598816,0.00899047415879684,1785.0,0.0
medium_major_0.50_1.30,中维护价×大维护价,1.0,0.5,1.3,300.0,1.5,15.600000000000001,A2,S28,状态触发,堵塞损失≥10触发，维护后储备阈值50，冷却21日,173.56486454347316,S29,175.31400824543476,1.7491437019616,0.010077752237253573,0.5186110736420625,11.987694967236276,0.0,692.0,0.635
medium_major_0.50_1.30,中维护价×大维护价,1.0,0.5,1.3,300.0,1.5,15.600000000000001,A3,S32,状态触发,堵塞损失≥20触发，维护后储备阈值50，冷却21日,60.79728095073724,S32,60.79728095073724,0.0,0.0,0.17037424025450018,5.916245492837518,0.05196414327762255,2093.0,0.0
medium_major_0.50_1.30,中维护价×大维护价,1.0,0.5,1.3,300.0,1.5,15.600000000000001,A4,S32,状态触发,堵塞损失≥20触发，维护后储备阈值50，冷却21日,60.171083004201826,S32,60.171083004201826,0.0,0.0,0.1706189696529463,5.484546779493959,0.048626406351089696,2060.0,0.0
medium_major_0.50_1.30,中维护价×大维护价,1.0,0.5,1.3,300.0,1.5,15.600000000000001,A5,S29,状态触发,堵塞损失≥10触发，维护后储备阈值50，冷却35日,190.5065114514847,S32,194.20664599128008,3.7001345397953855,0.019422614542693357,0.5864219829973749,9.71994436818149,0.0,604.0,0.87
medium_major_0.50_1.30,中维护价×大维护价,1.0,0.5,1.3,300.0,1.5,15.600000000000001,A6,S33,状态触发,堵塞损失≥20触发，维护后储备阈值50，冷却35日,82.21950881035245,S32,82.22065631430578,0.0011475039533337394,1.3956589742959575e-05,0.2356200791528644,6.353495434356988,0.1284129431383111,1491.0,0.0
medium_major_0.50_1.30,中维护价×大维护价,1.0,0.5,1.3,300.0,1.5,15.600000000000001,A7,S29,状态触发,堵塞损失≥10触发，维护后储备阈值50，冷却35日,106.12914016152504,S29,106.12914016152504,0.0,0.0,0.30115887418938586,9.737972196913791,0.07528971854734647,1262.0,0.005
medium_major_0.50_1.30,中维护价×大维护价,1.0,0.5,1.3,300.0,1.5,15.600000000000001,A8,S29,状态触发,堵塞损失≥10触发，维护后储备阈值50，冷却35日,207.73933353168698,S29,207.73933353168698,0.0,0.0,0.6392530234349021,9.678290774804417,0.0926916883980608,557.0,0.945
medium_major_0.50_1.30,中维护价×大维护价,1.0,0.5,1.3,300.0,1.5,15.600000000000001,A9,S29,状态触发,堵塞损失≥10触发，维护后储备阈值50，冷却35日,47.34554254838543,S33,51.0074647535587,3.661922205173269,0.07734460327349543,0.1051012597763595,9.854819622930346,0.06621379365910647,3487.0,0.005
medium_major_0.50_1.30,中维护价×大维护价,1.0,0.5,1.3,300.0,1.5,15.600000000000001,A10,S28,状态触发,堵塞损失≥10触发，维护后储备阈值50，冷却21日,368.0290952258521,S29,368.0861032189326,0.05700799308050364,0.00015490077773747473,1.1738522601275891,10.582278125050218,0.0,308.0,1.0
medium_major_0.50_1.40,中维护价×大维护价,1.0,0.5,1.4,300.0,1.5,16.799999999999997,A1,S32,状态触发,堵塞损失≥20触发，维护后储备阈值50，冷却21日,70.26325269324494,S32,70.26325269324494,0.0,0.0,0.19978831463992977,6.783812223598816,0.00899047415879684,1785.0,0.0
medium_major_0.50_1.40,中维护价×大维护价,1.0,0.5,1.4,300.0,1.5,16.799999999999997,A2,S28,状态触发,堵塞损失≥10触发，维护后储备阈值50，冷却21日,173.56486454347316,S29,175.51898932266556,1.954124779192398,0.01125875783864622,0.5186110736420625,11.987694967236276,0.0,692.0,0.635
medium_major_0.50_1.40,中维护价×大维护价,1.0,0.5,1.4,300.0,1.5,16.799999999999997,A3,S32,状态触发,堵塞损失≥20触发，维护后储备阈值50，冷却21日,60.85963792267039,S32,60.85963792267039,0.0,0.0,0.17037424025450018,5.916245492837518,0.05196414327762255,2093.0,0.0
medium_major_0.50_1.40,中维护价×大维护价,1.0,0.5,1.4,300.0,1.5,16.799999999999997,A4,S32,状态触发,堵塞损失≥20触发，维护后储备阈值50，冷却21日,60.22943469182313,S32,60.22943469182313,0.0,0.0,0.1706189696529463,5.484546779493959,0.048626406351089696,2060.0,0.0
medium_major_0.50_1.40,中维护价×大维护价,1.0,0.5,1.4,300.0,1.5,16.799999999999997,A5,S29,状态触发,堵塞损失≥10触发，维护后储备阈值50，冷却35日,190.5065114514847,S32,194.20664599128008,3.7001345397953855,0.019422614542693357,0.5864219829973749,9.71994436818149,0.0,604.0,0.87
medium_major_0.50_1.40,中维护价×大维护价,1.0,0.5,1.4,300.0,1.5,16.799999999999997,A6,S33,状态触发,堵塞损失≥20触发，维护后储备阈值50，冷却35日,82.37360434211843,S32,82.37474737293655,0.0011430308181274995,1.387617826434064e-05,0.2356200791528644,6.353495434356988,0.1284129431383111,1491.0,0.0
medium_major_0.50_1.40,中维护价×大维护价,1.0,0.5,1.4,300.0,1.5,16.799999999999997,A7,S29,状态触发,堵塞损失≥10触发，维护后储备阈值50，冷却35日,106.21948782378186,S29,106.21948782378186,0.0,0.0,0.30115887418938586,9.737972196913791,0.07528971854734647,1262.0,0.005
medium_major_0.50_1.40,中维护价×大维护价,1.0,0.5,1.4,300.0,1.5,16.799999999999997,A8,S29,状态触发,堵塞损失≥10触发，维护后储备阈值50，冷却35日,207.85056355776467,S29,207.85056355776467,0.0,0.0,0.6392530234349021,9.678290774804417,0.0926916883980608,557.0,0.945
medium_major_0.50_1.40,中维护价×大维护价,1.0,0.5,1.4,300.0,1.5,16.799999999999997,A9,S29,状态触发,堵塞损失≥10触发，维护后储备阈值50，冷却35日,47.42499910077636,S33,51.71396689899426,4.288967798217897,0.09043685565716089,0.1051012597763595,9.854819622930346,0.06621379365910647,3487.0,0.005
medium_major_0.50_1.40,中维护价×大维护价,1.0,0.5,1.4,300.0,1.5,16.799999999999997,A10,S28,状态触发,堵塞损失≥10触发，维护后储备阈值50，冷却21日,368.0290952258521,S29,368.0861032189326,0.05700799308050364,0.00015490077773747473,1.1738522601275891,10.582278125050218,0.0,308.0,1.0
medium_major_0.50_1.50,中维护价×大维护价,1.0,0.5,1.5,300.0,1.5,18.0,A1,S32,状态触发,堵塞损失≥20触发，维护后储备阈值50，冷却21日,70.2740412622355,S32,70.2740412622355,0.0,0.0,0.19978831463992977,6.783812223598816,0.00899047415879684,1785.0,0.0
medium_major_0.50_1.50,中维护价×大维护价,1.0,0.5,1.5,300.0,1.5,18.0,A2,S28,状态触发,堵塞损失≥10触发，维护后储备阈值50，冷却21日,173.56486454347316,S29,175.72397039989636,2.1591058564231957,0.012439763440038868,0.5186110736420625,11.987694967236276,0.0,692.0,0.635
medium_major_0.50_1.50,中维护价×大维护价,1.0,0.5,1.5,300.0,1.5,18.0,A3,S32,状态触发,堵塞损失≥20触发，维护后储备阈值50，冷却21日,60.921994894603536,S32,60.921994894603536,0.0,0.0,0.17037424025450018,5.916245492837518,0.05196414327762255,2093.0,0.0
medium_major_0.50_1.50,中维护价×大维护价,1.0,0.5,1.5,300.0,1.5,18.0,A4,S32,状态触发,堵塞损失≥20触发，维护后储备阈值50，冷却21日,60.28778637944444,S32,60.28778637944444,0.0,0.0,0.1706189696529463,5.484546779493959,0.048626406351089696,2060.0,0.0
medium_major_0.50_1.50,中维护价×大维护价,1.0,0.5,1.5,300.0,1.5,18.0,A5,S29,状态触发,堵塞损失≥10触发，维护后储备阈值50，冷却35日,190.5065114514847,S32,194.20664599128008,3.7001345397953855,0.019422614542693357,0.5864219829973749,9.71994436818149,0.0,604.0,0.87
medium_major_0.50_1.50,中维护价×大维护价,1.0,0.5,1.5,300.0,1.5,18.0,A6,S33,状态触发,堵塞损失≥20触发，维护后储备阈值50，冷却35日,82.5276998738844,S32,82.52883843156732,0.0011385576829212596,1.3796067073978299e-05,0.2356200791528644,6.353495434356988,0.1284129431383111,1491.0,0.0
medium_major_0.50_1.50,中维护价×大维护价,1.0,0.5,1.5,300.0,1.5,18.0,A7,S29,状态触发,堵塞损失≥10触发，维护后储备阈值50，冷却35日,106.30983548603868,S29,106.30983548603868,0.0,0.0,0.30115887418938586,9.737972196913791,0.07528971854734647,1262.0,0.005
medium_major_0.50_1.50,中维护价×大维护价,1.0,0.5,1.5,300.0,1.5,18.0,A8,S29,状态触发,堵塞损失≥10触发，维护后储备阈值50，冷却35日,207.96179358384234,S29,207.96179358384234,0.0,0.0,0.6392530234349021,9.678290774804417,0.0926916883980608,557.0,0.945
medium_major_0.50_1.50,中维护价×大维护价,1.0,0.5,1.5,300.0,1.5,18.0,A9,S29,状态触发,堵塞损失≥10触发，维护后储备阈值50，冷却35日,47.50445565316729,S33,52.420469044429815,4.916013391262524,0.10348531150750606,0.1051012597763595,9.854819622930346,0.06621379365910647,3487.0,0.005
medium_major_0.50_1.50,中维护价×大维护价,1.0,0.5,1.5,300.0,1.5,18.0,A10,S28,状态触发,堵塞损失≥10触发，维护后储备阈值50，冷却21日,368.0290952258521,S29,368.0861032189326,0.05700799308050364,0.00015490077773747473,1.1738522601275891,10.582278125050218,0.0,308.0,1.0
medium_major_0.60_0.50,中维护价×大维护价,1.0,0.6,0.5,300.0,1.7999999999999998,6.0,A1,S32,状态触发,堵塞损失≥20触发，维护后储备阈值50，冷却21日,72.2012992394096,S32,72.2012992394096,0.0,0.0,0.19978831463992977,6.783812223598816,0.00899047415879684,1785.0,0.0
medium_major_0.60_0.50,中维护价×大维护价,1.0,0.6,0.5,300.0,1.7999999999999998,6.0,A2,S29,状态触发,堵塞损失≥10触发，维护后储备阈值50，冷却35日,176.6684601326752,S29,176.6684601326752,0.0,0.0,0.5255925057200005,9.98100168362281,0.1708175643590002,681.0,0.66
medium_major_0.60_0.50,中维护价×大维护价,1.0,0.6,0.5,300.0,1.7999999999999998,6.0,A3,S32,状态触发,堵塞损失≥20触发，维护后储备阈值50，冷却21日,62.073298823123324,S32,62.073298823123324,0.0,0.0,0.17037424025450018,5.916245492837518,0.05196414327762255,2093.0,0.0
medium_major_0.60_0.50,中维护价×大维护价,1.0,0.6,0.5,300.0,1.7999999999999998,6.0,A4,S32,状态触发,堵塞损失≥20触发，维护后储备阈值50，冷却21日,61.349633537079555,S32,61.349633537079555,0.0,0.0,0.1706189696529463,5.484546779493959,0.048626406351089696,2060.0,0.0
medium_major_0.60_0.50,中维护价×大维护价,1.0,0.6,0.5,300.0,1.7999999999999998,6.0,A5,S29,状态触发,堵塞损失≥10触发，维护后储备阈值50，冷却35日,193.42249476193913,S32,196.08527521736565,2.662780455426514,0.013766653453125064,0.5864219829973749,9.71994436818149,0.0,604.0,0.87
medium_major_0.60_0.50,中维护价×大维护价,1.0,0.6,0.5,300.0,1.7999999999999998,6.0,A6,S33,状态触发,堵塞损失≥20触发，维护后储备阈值50，冷却35日,82.89279318653175,S32,82.89462798588578,0.0018347993540288599,2.2134606441600454e-05,0.2356200791528644,6.353495434356988,0.1284129431383111,1491.0,0.0
medium_major_0.60_0.50,中维护价×大维护价,1.0,0.6,0.5,300.0,1.7999999999999998,6.0,A7,S29,状态触发,堵塞损失≥10触发，维护后储备阈值50，冷却35日,108.32775052254465,S29,108.32775052254465,0.0,0.0,0.30115887418938586,9.737972196913791,0.07528971854734647,1262.0,0.005
medium_major_0.60_0.50,中维护价×大维护价,1.0,0.6,0.5,300.0,1.7999999999999998,6.0,A8,S29,状态触发,堵塞损失≥10触发，维护后储备阈值50，冷却35日,209.75298055550695,S29,209.75298055550695,0.0,0.0,0.6392530234349021,9.678290774804417,0.0926916883980608,557.0,0.945
medium_major_0.60_0.50,中维护价×大维护价,1.0,0.6,0.5,300.0,1.7999999999999998,6.0,A9,S32,状态触发,堵塞损失≥20触发，维护后储备阈值50，冷却21日,46.8404752140334,S33,47.086212000817305,0.2457367867839082,0.005246248797883364,0.10933664611147696,5.846230467580674,0.5860444231575166,3271.0,0.0
medium_major_0.60_0.50,中维护价×大维护价,1.0,0.6,0.5,300.0,1.7999999999999998,6.0,A10,S29,状态触发,堵塞损失≥10触发，维护后储备阈值50，冷却35日,370.94815000161424,S29,370.94815000161424,0.0,0.0,1.1792528976850805,9.540155942272301,0.0,308.0,1.0
medium_major_0.60_0.60,中维护价×大维护价,1.0,0.6,0.6,300.0,1.7999999999999998,7.199999999999999,A1,S32,状态触发,堵塞损失≥20触发，维护后储备阈值50，冷却21日,72.21208780840014,S32,72.21208780840014,0.0,0.0,0.19978831463992977,6.783812223598816,0.00899047415879684,1785.0,0.0
medium_major_0.60_0.60,中维护价×大维护价,1.0,0.6,0.6,300.0,1.7999999999999998,7.199999999999999,A2,S29,状态触发,堵塞损失≥10触发，维护后储备阈值50，冷却35日,176.873441209906,S29,176.873441209906,0.0,0.0,0.5255925057200005,9.98100168362281,0.1708175643590002,681.0,0.66
medium_major_0.60_0.60,中维护价×大维护价,1.0,0.6,0.6,300.0,1.7999999999999998,7.199999999999999,A3,S32,状态触发,堵塞损失≥20触发，维护后储备阈值50，冷却21日,62.13565579505647,S32,62.13565579505647,0.0,0.0,0.17037424025450018,5.916245492837518,0.05196414327762255,2093.0,0.0
medium_major_0.60_0.60,中维护价×大维护价,1.0,0.6,0.6,300.0,1.7999999999999998,7.199999999999999,A4,S32,状态触发,堵塞损失≥20触发，维护后储备阈值50，冷却21日,61.40798522470086,S32,61.40798522470086,0.0,0.0,0.1706189696529463,5.484546779493959,0.048626406351089696,2060.0,0.0
medium_major_0.60_0.60,中维护价×大维护价,1.0,0.6,0.6,300.0,1.7999999999999998,7.199999999999999,A5,S29,状态触发,堵塞损失≥10触发，维护后储备阈值50，冷却35日,193.42249476193913,S32,196.08527521736565,2.662780455426514,0.013766653453125064,0.5864219829973749,9.71994436818149,0.0,604.0,0.87
medium_major_0.60_0.60,中维护价×大维护价,1.0,0.6,0.6,300.0,1.7999999999999998,7.199999999999999,A6,S33,状态触发,堵塞损失≥20触发，维护后储备阈值50，冷却35日,83.04688871829772,S32,83.04871904451655,0.00183032621882262,2.203967237148698e-05,0.2356200791528644,6.353495434356988,0.1284129431383111,1491.0,0.0
medium_major_0.60_0.60,中维护价×大维护价,1.0,0.6,0.6,300.0,1.7999999999999998,7.199999999999999,A7,S29,状态触发,堵塞损失≥10触发，维护后储备阈值50，冷却35日,108.41809818480147,S29,108.41809818480147,0.0,0.0,0.30115887418938586,9.737972196913791,0.07528971854734647,1262.0,0.005
medium_major_0.60_0.60,中维护价×大维护价,1.0,0.6,0.6,300.0,1.7999999999999998,7.199999999999999,A8,S29,状态触发,堵塞损失≥10触发，维护后储备阈值50，冷却35日,209.86421058158462,S29,209.86421058158462,0.0,0.0,0.6392530234349021,9.678290774804417,0.0926916883980608,557.0,0.945
medium_major_0.60_0.60,中维护价×大维护价,1.0,0.6,0.6,300.0,1.7999999999999998,7.199999999999999,A9,S32,状态触发,堵塞损失≥20触发，维护后储备阈值50，冷却21日,47.543728521822416,S33,47.79271414625286,0.24898562443044625,0.005236981452057607,0.10933664611147696,5.846230467580674,0.5860444231575166,3271.0,0.0
medium_major_0.60_0.60,中维护价×大维护价,1.0,0.6,0.6,300.0,1.7999999999999998,7.199999999999999,A10,S29,状态触发,堵塞损失≥10触发，维护后储备阈值50，冷却35日,370.94815000161424,S29,370.94815000161424,0.0,0.0,1.1792528976850805,9.540155942272301,0.0,308.0,1.0
medium_major_0.60_0.70,中维护价×大维护价,1.0,0.6,0.7,300.0,1.7999999999999998,8.399999999999999,A1,S32,状态触发,堵塞损失≥20触发，维护后储备阈值50，冷却21日,72.2228763773907,S32,72.2228763773907,0.0,0.0,0.19978831463992977,6.783812223598816,0.00899047415879684,1785.0,0.0
medium_major_0.60_0.70,中维护价×大维护价,1.0,0.6,0.7,300.0,1.7999999999999998,8.399999999999999,A2,S29,状态触发,堵塞损失≥10触发，维护后储备阈值50，冷却35日,177.07842228713682,S29,177.07842228713682,0.0,0.0,0.5255925057200005,9.98100168362281,0.1708175643590002,681.0,0.66
medium_major_0.60_0.70,中维护价×大维护价,1.0,0.6,0.7,300.0,1.7999999999999998,8.399999999999999,A3,S32,状态触发,堵塞损失≥20触发，维护后储备阈值50，冷却21日,62.19801276698962,S32,62.19801276698962,0.0,0.0,0.17037424025450018,5.916245492837518,0.05196414327762255,2093.0,0.0
medium_major_0.60_0.70,中维护价×大维护价,1.0,0.6,0.7,300.0,1.7999999999999998,8.399999999999999,A4,S32,状态触发,堵塞损失≥20触发，维护后储备阈值50，冷却21日,61.46633691232217,S32,61.46633691232217,0.0,0.0,0.1706189696529463,5.484546779493959,0.048626406351089696,2060.0,0.0
medium_major_0.60_0.70,中维护价×大维护价,1.0,0.6,0.7,300.0,1.7999999999999998,8.399999999999999,A5,S29,状态触发,堵塞损失≥10触发，维护后储备阈值50，冷却35日,193.42249476193913,S32,196.08527521736565,2.662780455426514,0.013766653453125064,0.5864219829973749,9.71994436818149,0.0,604.0,0.87
medium_major_0.60_0.70,中维护价×大维护价,1.0,0.6,0.7,300.0,1.7999999999999998,8.399999999999999,A6,S33,状态触发,堵塞损失≥20触发，维护后储备阈值50，冷却35日,83.2009842500637,S32,83.20281010314731,0.00182585308361638,2.19450899538485e-05,0.2356200791528644,6.353495434356988,0.1284129431383111,1491.0,0.0
medium_major_0.60_0.70,中维护价×大维护价,1.0,0.6,0.7,300.0,1.7999999999999998,8.399999999999999,A7,S29,状态触发,堵塞损失≥10触发，维护后储备阈值50，冷却35日,108.50844584705828,S29,108.50844584705828,0.0,0.0,0.30115887418938586,9.737972196913791,0.07528971854734647,1262.0,0.005
medium_major_0.60_0.70,中维护价×大维护价,1.0,0.6,0.7,300.0,1.7999999999999998,8.399999999999999,A8,S29,状态触发,堵塞损失≥10触发，维护后储备阈值50，冷却35日,209.97544060766228,S29,209.97544060766228,0.0,0.0,0.6392530234349021,9.678290774804417,0.0926916883980608,557.0,0.945
medium_major_0.60_0.70,中维护价×大维护价,1.0,0.6,0.7,300.0,1.7999999999999998,8.399999999999999,A9,S32,状态触发,堵塞损失≥20触发，维护后储备阈值50，冷却21日,48.24698182961144,S33,48.49921629168842,0.2522344620769772,0.005227984269933524,0.10933664611147696,5.846230467580674,0.5860444231575166,3271.0,0.0
medium_major_0.60_0.70,中维护价×大维护价,1.0,0.6,0.7,300.0,1.7999999999999998,8.399999999999999,A10,S29,状态触发,堵塞损失≥10触发，维护后储备阈值50，冷却35日,370.94815000161424,S29,370.94815000161424,0.0,0.0,1.1792528976850805,9.540155942272301,0.0,308.0,1.0
medium_major_0.60_0.80,中维护价×大维护价,1.0,0.6,0.8,300.0,1.7999999999999998,9.600000000000001,A1,S32,状态触发,堵塞损失≥20触发，维护后储备阈值50，冷却21日,72.23366494638125,S32,72.23366494638125,0.0,0.0,0.19978831463992977,6.783812223598816,0.00899047415879684,1785.0,0.0
medium_major_0.60_0.80,中维护价×大维护价,1.0,0.6,0.8,300.0,1.7999999999999998,9.600000000000001,A2,S28,状态触发,堵塞损失≥10触发，维护后储备阈值50，冷却21日,177.16117303364405,S29,177.28340336436762,0.1222303307235677,0.0006899385945043126,0.5186110736420625,11.987694967236276,0.0,692.0,0.635
medium_major_0.60_0.80,中维护价×大维护价,1.0,0.6,0.8,300.0,1.7999999999999998,9.600000000000001,A3,S32,状态触发,堵塞损失≥20触发，维护后储备阈值50，冷却21日,62.26036973892276,S32,62.26036973892276,0.0,0.0,0.17037424025450018,5.916245492837518,0.05196414327762255,2093.0,0.0
medium_major_0.60_0.80,中维护价×大维护价,1.0,0.6,0.8,300.0,1.7999999999999998,9.600000000000001,A4,S32,状态触发,堵塞损失≥20触发，维护后储备阈值50，冷却21日,61.524688599943474,S32,61.524688599943474,0.0,0.0,0.1706189696529463,5.484546779493959,0.048626406351089696,2060.0,0.0
medium_major_0.60_0.80,中维护价×大维护价,1.0,0.6,0.8,300.0,1.7999999999999998,9.600000000000001,A5,S29,状态触发,堵塞损失≥10触发，维护后储备阈值50，冷却35日,193.42249476193913,S32,196.08527521736565,2.662780455426514,0.013766653453125064,0.5864219829973749,9.71994436818149,0.0,604.0,0.87
medium_major_0.60_0.80,中维护价×大维护价,1.0,0.6,0.8,300.0,1.7999999999999998,9.600000000000001,A6,S33,状态触发,堵塞损失≥20触发，维护后储备阈值50，冷却35日,83.35507978182967,S32,83.35690116177807,0.0018213799483959292,2.185085723825276e-05,0.2356200791528644,6.353495434356988,0.1284129431383111,1491.0,0.0
medium_major_0.60_0.80,中维护价×大维护价,1.0,0.6,0.8,300.0,1.7999999999999998,9.600000000000001,A7,S29,状态触发,堵塞损失≥10触发，维护后储备阈值50，冷却35日,108.5987935093151,S29,108.5987935093151,0.0,0.0,0.30115887418938586,9.737972196913791,0.07528971854734647,1262.0,0.005
medium_major_0.60_0.80,中维护价×大维护价,1.0,0.6,0.8,300.0,1.7999999999999998,9.600000000000001,A8,S29,状态触发,堵塞损失≥10触发，维护后储备阈值50，冷却35日,210.08667063373997,S29,210.08667063373997,0.0,0.0,0.6392530234349021,9.678290774804417,0.0926916883980608,557.0,0.945
medium_major_0.60_0.80,中维护价×大维护价,1.0,0.6,0.8,300.0,1.7999999999999998,9.600000000000001,A9,S32,状态触发,堵塞损失≥20触发，维护后储备阈值50，冷却21日,48.95023513740046,S33,49.20571843712398,0.25548329972351524,0.005219245607429433,0.10933664611147696,5.846230467580674,0.5860444231575166,3271.0,0.0
medium_major_0.60_0.80,中维护价×大维护价,1.0,0.6,0.8,300.0,1.7999999999999998,9.600000000000001,A10,S29,状态触发,堵塞损失≥10触发，维护后储备阈值50，冷却35日,370.94815000161424,S29,370.94815000161424,0.0,0.0,1.1792528976850805,9.540155942272301,0.0,308.0,1.0
medium_major_0.60_0.90,中维护价×大维护价,1.0,0.6,0.9,300.0,1.7999999999999998,10.8,A1,S32,状态触发,堵塞损失≥20触发，维护后储备阈值50，冷却21日,72.24445351537182,S32,72.24445351537182,0.0,0.0,0.19978831463992977,6.783812223598816,0.00899047415879684,1785.0,0.0
medium_major_0.60_0.90,中维护价×大维护价,1.0,0.6,0.9,300.0,1.7999999999999998,10.8,A2,S28,状态触发,堵塞损失≥10触发，维护后储备阈值50，冷却21日,177.16117303364405,S29,177.4883844415984,0.32721140795436554,0.0018469702043134811,0.5186110736420625,11.987694967236276,0.0,692.0,0.635
medium_major_0.60_0.90,中维护价×大维护价,1.0,0.6,0.9,300.0,1.7999999999999998,10.8,A3,S32,状态触发,堵塞损失≥20触发，维护后储备阈值50，冷却21日,62.32272671085591,S32,62.32272671085591,0.0,0.0,0.17037424025450018,5.916245492837518,0.05196414327762255,2093.0,0.0
medium_major_0.60_0.90,中维护价×大维护价,1.0,0.6,0.9,300.0,1.7999999999999998,10.8,A4,S32,状态触发,堵塞损失≥20触发，维护后储备阈值50，冷却21日,61.583040287564785,S32,61.583040287564785,0.0,0.0,0.1706189696529463,5.484546779493959,0.048626406351089696,2060.0,0.0
medium_major_0.60_0.90,中维护价×大维护价,1.0,0.6,0.9,300.0,1.7999999999999998,10.8,A5,S29,状态触发,堵塞损失≥10触发，维护后储备阈值50，冷却35日,193.42249476193913,S32,196.08527521736565,2.662780455426514,0.013766653453125064,0.5864219829973749,9.71994436818149,0.0,604.0,0.87
medium_major_0.60_0.90,中维护价×大维护价,1.0,0.6,0.9,300.0,1.7999999999999998,10.8,A6,S33,状态触发,堵塞损失≥20触发，维护后储备阈值50，冷却35日,83.50917531359565,S32,83.51099222040884,0.0018169068131896893,2.1756972289174184e-05,0.2356200791528644,6.353495434356988,0.1284129431383111,1491.0,0.0
medium_major_0.60_0.90,中维护价×大维护价,1.0,0.6,0.9,300.0,1.7999999999999998,10.8,A7,S29,状态触发,堵塞损失≥10触发，维护后储备阈值50，冷却35日,108.68914117157192,S29,108.68914117157192,0.0,0.0,0.30115887418938586,9.737972196913791,0.07528971854734647,1262.0,0.005
medium_major_0.60_0.90,中维护价×大维护价,1.0,0.6,0.9,300.0,1.7999999999999998,10.8,A8,S29,状态触发,堵塞损失≥10触发，维护后储备阈值50，冷却35日,210.19790065981763,S29,210.19790065981763,0.0,0.0,0.6392530234349021,9.678290774804417,0.0926916883980608,557.0,0.945
medium_major_0.60_0.90,中维护价×大维护价,1.0,0.6,0.9,300.0,1.7999999999999998,10.8,A9,S32,状态触发,堵塞损失≥20触发，维护后储备阈值50，冷却21日,49.65348844518948,S33,49.912220582559534,0.2587321373700533,0.005210754480134008,0.10933664611147696,5.846230467580674,0.5860444231575166,3271.0,0.0
medium_major_0.60_0.90,中维护价×大维护价,1.0,0.6,0.9,300.0,1.7999999999999998,10.8,A10,S29,状态触发,堵塞损失≥10触发，维护后储备阈值50，冷却35日,370.94815000161424,S29,370.94815000161424,0.0,0.0,1.1792528976850805,9.540155942272301,0.0,308.0,1.0
medium_major_0.60_1.00,中维护价×大维护价,1.0,0.6,1.0,300.0,1.7999999999999998,12.0,A1,S32,状态触发,堵塞损失≥20触发，维护后储备阈值50，冷却21日,72.25524208436237,S32,72.25524208436237,0.0,0.0,0.19978831463992977,6.783812223598816,0.00899047415879684,1785.0,0.0
medium_major_0.60_1.00,中维护价×大维护价,1.0,0.6,1.0,300.0,1.7999999999999998,12.0,A2,S28,状态触发,堵塞损失≥10触发，维护后储备阈值50，冷却21日,177.16117303364405,S29,177.6933655188292,0.5321924851851634,0.0030040018141226496,0.5186110736420625,11.987694967236276,0.0,692.0,0.635
medium_major_0.60_1.00,中维护价×大维护价,1.0,0.6,1.0,300.0,1.7999999999999998,12.0,A3,S32,状态触发,堵塞损失≥20触发，维护后储备阈值50，冷却21日,62.38508368278906,S32,62.38508368278906,0.0,0.0,0.17037424025450018,5.916245492837518,0.05196414327762255,2093.0,0.0
medium_major_0.60_1.00,中维护价×大维护价,1.0,0.6,1.0,300.0,1.7999999999999998,12.0,A4,S32,状态触发,堵塞损失≥20触发，维护后储备阈值50，冷却21日,61.64139197518609,S32,61.64139197518609,0.0,0.0,0.1706189696529463,5.484546779493959,0.048626406351089696,2060.0,0.0
medium_major_0.60_1.00,中维护价×大维护价,1.0,0.6,1.0,300.0,1.7999999999999998,12.0,A5,S29,状态触发,堵塞损失≥10触发，维护后储备阈值50，冷却35日,193.42249476193913,S32,196.08527521736565,2.662780455426514,0.013766653453125064,0.5864219829973749,9.71994436818149,0.0,604.0,0.87
medium_major_0.60_1.00,中维护价×大维护价,1.0,0.6,1.0,300.0,1.7999999999999998,12.0,A6,S33,状态触发,堵塞损失≥20触发，维护后储备阈值50，冷却35日,83.66327084536162,S32,83.6650832790396,0.0018124336779834493,2.1663433184837436e-05,0.2356200791528644,6.353495434356988,0.1284129431383111,1491.0,0.0
medium_major_0.60_1.00,中维护价×大维护价,1.0,0.6,1.0,300.0,1.7999999999999998,12.0,A7,S29,状态触发,堵塞损失≥10触发，维护后储备阈值50，冷却35日,108.77948883382874,S29,108.77948883382874,0.0,0.0,0.30115887418938586,9.737972196913791,0.07528971854734647,1262.0,0.005
medium_major_0.60_1.00,中维护价×大维护价,1.0,0.6,1.0,300.0,1.7999999999999998,12.0,A8,S29,状态触发,堵塞损失≥10触发，维护后储备阈值50，冷却35日,210.3091306858953,S29,210.3091306858953,0.0,0.0,0.6392530234349021,9.678290774804417,0.0926916883980608,557.0,0.945
medium_major_0.60_1.00,中维护价×大维护价,1.0,0.6,1.0,300.0,1.7999999999999998,12.0,A9,S29,状态触发,堵塞损失≥10触发，维护后储备阈值50，冷却35日,50.06361877809176,S33,50.61872272799509,0.5551039499033337,0.01108797093481887,0.1051012597763595,9.854819622930346,0.06621379365910647,3487.0,0.005
medium_major_0.60_1.00,中维护价×大维护价,1.0,0.6,1.0,300.0,1.7999999999999998,12.0,A10,S29,状态触发,堵塞损失≥10触发，维护后储备阈值50，冷却35日,370.94815000161424,S29,370.94815000161424,0.0,0.0,1.1792528976850805,9.540155942272301,0.0,308.0,1.0
medium_major_0.60_1.10,中维护价×大维护价,1.0,0.6,1.1,300.0,1.7999999999999998,13.200000000000001,A1,S32,状态触发,堵塞损失≥20触发，维护后储备阈值50，冷却21日,72.26603065335293,S32,72.26603065335293,0.0,0.0,0.19978831463992977,6.783812223598816,0.00899047415879684,1785.0,0.0
medium_major_0.60_1.10,中维护价×大维护价,1.0,0.6,1.1,300.0,1.7999999999999998,13.200000000000001,A2,S28,状态触发,堵塞损失≥10触发，维护后储备阈值50，冷却21日,177.16117303364405,S29,177.89834659606,0.7371735624159612,0.004161033423931818,0.5186110736420625,11.987694967236276,0.0,692.0,0.635
medium_major_0.60_1.10,中维护价×大维护价,1.0,0.6,1.1,300.0,1.7999999999999998,13.200000000000001,A3,S32,状态触发,堵塞损失≥20触发，维护后储备阈值50，冷却21日,62.44744065472221,S32,62.44744065472221,0.0,0.0,0.17037424025450018,5.916245492837518,0.05196414327762255,2093.0,0.0
medium_major_0.60_1.10,中维护价×大维护价,1.0,0.6,1.1,300.0,1.7999999999999998,13.200000000000001,A4,S32,状态触发,堵塞损失≥20触发，维护后储备阈值50，冷却21日,61.6997436628074,S32,61.6997436628074,0.0,0.0,0.1706189696529463,5.484546779493959,0.048626406351089696,2060.0,0.0
medium_major_0.60_1.10,中维护价×大维护价,1.0,0.6,1.1,300.0,1.7999999999999998,13.200000000000001,A5,S29,状态触发,堵塞损失≥10触发，维护后储备阈值50，冷却35日,193.42249476193913,S32,196.08527521736565,2.662780455426514,0.013766653453125064,0.5864219829973749,9.71994436818149,0.0,604.0,0.87
medium_major_0.60_1.10,中维护价×大维护价,1.0,0.6,1.1,300.0,1.7999999999999998,13.200000000000001,A6,S33,状态触发,堵塞损失≥20触发，维护后储备阈值50，冷却35日,83.8173663771276,S32,83.81917433767038,0.0018079605427772094,2.1570238017769223e-05,0.2356200791528644,6.353495434356988,0.1284129431383111,1491.0,0.0
medium_major_0.60_1.10,中维护价×大维护价,1.0,0.6,1.1,300.0,1.7999999999999998,13.200000000000001,A7,S29,状态触发,堵塞损失≥10触发，维护后储备阈值50，冷却35日,108.86983649608554,S29,108.86983649608554,0.0,0.0,0.30115887418938586,9.737972196913791,0.07528971854734647,1262.0,0.005
medium_major_0.60_1.10,中维护价×大维护价,1.0,0.6,1.1,300.0,1.7999999999999998,13.200000000000001,A8,S29,状态触发,堵塞损失≥10触发，维护后储备阈值50，冷却35日,210.420360711973,S29,210.420360711973,0.0,0.0,0.6392530234349021,9.678290774804417,0.0926916883980608,557.0,0.945
medium_major_0.60_1.10,中维护价×大维护价,1.0,0.6,1.1,300.0,1.7999999999999998,13.200000000000001,A9,S29,状态触发,堵塞损失≥10触发，维护后储备阈值50，冷却35日,50.14307533048269,S33,51.32522487343065,1.1821495429479612,0.023575529325966883,0.1051012597763595,9.854819622930346,0.06621379365910647,3487.0,0.005
medium_major_0.60_1.10,中维护价×大维护价,1.0,0.6,1.1,300.0,1.7999999999999998,13.200000000000001,A10,S29,状态触发,堵塞损失≥10触发，维护后储备阈值50，冷却35日,370.94815000161424,S29,370.94815000161424,0.0,0.0,1.1792528976850805,9.540155942272301,0.0,308.0,1.0
medium_major_0.60_1.20,中维护价×大维护价,1.0,0.6,1.2,300.0,1.7999999999999998,14.399999999999999,A1,S32,状态触发,堵塞损失≥20触发，维护后储备阈值50，冷却21日,72.27681922234348,S32,72.27681922234348,0.0,0.0,0.19978831463992977,6.783812223598816,0.00899047415879684,1785.0,0.0
medium_major_0.60_1.20,中维护价×大维护价,1.0,0.6,1.2,300.0,1.7999999999999998,14.399999999999999,A2,S28,状态触发,堵塞损失≥10触发，维护后储备阈值50，冷却21日,177.16117303364405,S29,178.1033276732908,0.942154639646759,0.005318065033740987,0.5186110736420625,11.987694967236276,0.0,692.0,0.635
medium_major_0.60_1.20,中维护价×大维护价,1.0,0.6,1.2,300.0,1.7999999999999998,14.399999999999999,A3,S32,状态触发,堵塞损失≥20触发，维护后储备阈值50，冷却21日,62.509797626655356,S32,62.509797626655356,0.0,0.0,0.17037424025450018,5.916245492837518,0.05196414327762255,2093.0,0.0
medium_major_0.60_1.20,中维护价×大维护价,1.0,0.6,1.2,300.0,1.7999999999999998,14.399999999999999,A4,S32,状态触发,堵塞损失≥20触发，维护后储备阈值50，冷却21日,61.758095350428704,S32,61.758095350428704,0.0,0.0,0.1706189696529463,5.484546779493959,0.048626406351089696,2060.0,0.0
medium_major_0.60_1.20,中维护价×大维护价,1.0,0.6,1.2,300.0,1.7999999999999998,14.399999999999999,A5,S29,状态触发,堵塞损失≥10触发，维护后储备阈值50，冷却35日,193.42249476193913,S32,196.08527521736565,2.662780455426514,0.013766653453125064,0.5864219829973749,9.71994436818149,0.0,604.0,0.87
medium_major_0.60_1.20,中维护价×大维护价,1.0,0.6,1.2,300.0,1.7999999999999998,14.399999999999999,A6,S33,状态触发,堵塞损失≥20触发，维护后储备阈值50，冷却35日,83.97146190889356,S32,83.97326539630114,0.0018034874075851803,2.1477384894667053e-05,0.2356200791528644,6.353495434356988,0.1284129431383111,1491.0,0.0
medium_major_0.60_1.20,中维护价×大维护价,1.0,0.6,1.2,300.0,1.7999999999999998,14.399999999999999,A7,S29,状态触发,堵塞损失≥10触发，维护后储备阈值50，冷却35日,108.96018415834236,S29,108.96018415834236,0.0,0.0,0.30115887418938586,9.737972196913791,0.07528971854734647,1262.0,0.005
medium_major_0.60_1.20,中维护价×大维护价,1.0,0.6,1.2,300.0,1.7999999999999998,14.399999999999999,A8,S29,状态触发,堵塞损失≥10触发，维护后储备阈值50，冷却35日,210.53159073805065,S29,210.53159073805065,0.0,0.0,0.6392530234349021,9.678290774804417,0.0926916883980608,557.0,0.945
medium_major_0.60_1.20,中维护价×大维护价,1.0,0.6,1.2,300.0,1.7999999999999998,14.399999999999999,A9,S29,状态触发,堵塞损失≥10触发，维护后储备阈值50，冷却35日,50.22253188287361,S33,52.031727018866206,1.8091951359925957,0.03602357484110731,0.1051012597763595,9.854819622930346,0.06621379365910647,3487.0,0.005
medium_major_0.60_1.20,中维护价×大维护价,1.0,0.6,1.2,300.0,1.7999999999999998,14.399999999999999,A10,S29,状态触发,堵塞损失≥10触发，维护后储备阈值50，冷却35日,370.94815000161424,S29,370.94815000161424,0.0,0.0,1.1792528976850805,9.540155942272301,0.0,308.0,1.0
medium_major_0.60_1.30,中维护价×大维护价,1.0,0.6,1.3,300.0,1.7999999999999998,15.600000000000001,A1,S32,状态触发,堵塞损失≥20触发，维护后储备阈值50，冷却21日,72.28760779133404,S32,72.28760779133404,0.0,0.0,0.19978831463992977,6.783812223598816,0.00899047415879684,1785.0,0.0
medium_major_0.60_1.30,中维护价×大维护价,1.0,0.6,1.3,300.0,1.7999999999999998,15.600000000000001,A2,S28,状态触发,堵塞损失≥10触发，维护后储备阈值50，冷却21日,177.16117303364405,S29,178.3083087505216,1.1471357168775569,0.0064750966435501555,0.5186110736420625,11.987694967236276,0.0,692.0,0.635
medium_major_0.60_1.30,中维护价×大维护价,1.0,0.6,1.3,300.0,1.7999999999999998,15.600000000000001,A3,S32,状态触发,堵塞损失≥20触发，维护后储备阈值50，冷却21日,62.5721545985885,S32,62.5721545985885,0.0,0.0,0.17037424025450018,5.916245492837518,0.05196414327762255,2093.0,0.0
medium_major_0.60_1.30,中维护价×大维护价,1.0,0.6,1.3,300.0,1.7999999999999998,15.600000000000001,A4,S32,状态触发,堵塞损失≥20触发，维护后储备阈值50，冷却21日,61.816447038050015,S32,61.816447038050015,0.0,0.0,0.1706189696529463,5.484546779493959,0.048626406351089696,2060.0,0.0
medium_major_0.60_1.30,中维护价×大维护价,1.0,0.6,1.3,300.0,1.7999999999999998,15.600000000000001,A5,S29,状态触发,堵塞损失≥10触发，维护后储备阈值50，冷却35日,193.42249476193913,S32,196.08527521736565,2.662780455426514,0.013766653453125064,0.5864219829973749,9.71994436818149,0.0,604.0,0.87
medium_major_0.60_1.30,中维护价×大维护价,1.0,0.6,1.3,300.0,1.7999999999999998,15.600000000000001,A6,S33,状态触发,堵塞损失≥20触发，维护后储备阈值50，冷却35日,84.12555744065953,S32,84.12735645493191,0.0017990142723789404,2.1384871935593755e-05,0.2356200791528644,6.353495434356988,0.1284129431383111,1491.0,0.0
medium_major_0.60_1.30,中维护价×大维护价,1.0,0.6,1.3,300.0,1.7999999999999998,15.600000000000001,A7,S29,状态触发,堵塞损失≥10触发，维护后储备阈值50，冷却35日,109.05053182059918,S29,109.05053182059918,0.0,0.0,0.30115887418938586,9.737972196913791,0.07528971854734647,1262.0,0.005
medium_major_0.60_1.30,中维护价×大维护价,1.0,0.6,1.3,300.0,1.7999999999999998,15.600000000000001,A8,S29,状态触发,堵塞损失≥10触发，维护后储备阈值50，冷却35日,210.64282076412832,S29,210.64282076412832,0.0,0.0,0.6392530234349021,9.678290774804417,0.0926916883980608,557.0,0.945
medium_major_0.60_1.30,中维护价×大维护价,1.0,0.6,1.3,300.0,1.7999999999999998,15.600000000000001,A9,S29,状态触发,堵塞损失≥10触发，维护后储备阈值50，冷却35日,50.30198843526454,S33,52.738229164301764,2.436240729037223,0.04843229472275256,0.1051012597763595,9.854819622930346,0.06621379365910647,3487.0,0.005
medium_major_0.60_1.30,中维护价×大维护价,1.0,0.6,1.3,300.0,1.7999999999999998,15.600000000000001,A10,S29,状态触发,堵塞损失≥10触发，维护后储备阈值50，冷却35日,370.94815000161424,S29,370.94815000161424,0.0,0.0,1.1792528976850805,9.540155942272301,0.0,308.0,1.0
medium_major_0.60_1.40,中维护价×大维护价,1.0,0.6,1.4,300.0,1.7999999999999998,16.799999999999997,A1,S32,状态触发,堵塞损失≥20触发，维护后储备阈值50，冷却21日,72.29839636032459,S32,72.29839636032459,0.0,0.0,0.19978831463992977,6.783812223598816,0.00899047415879684,1785.0,0.0
medium_major_0.60_1.40,中维护价×大维护价,1.0,0.6,1.4,300.0,1.7999999999999998,16.799999999999997,A2,S28,状态触发,堵塞损失≥10触发，维护后储备阈值50，冷却21日,177.16117303364405,S29,178.5132898277524,1.3521167941083547,0.007632128253359324,0.5186110736420625,11.987694967236276,0.0,692.0,0.635
medium_major_0.60_1.40,中维护价×大维护价,1.0,0.6,1.4,300.0,1.7999999999999998,16.799999999999997,A3,S32,状态触发,堵塞损失≥20触发，维护后储备阈值50，冷却21日,62.634511570521646,S32,62.634511570521646,0.0,0.0,0.17037424025450018,5.916245492837518,0.05196414327762255,2093.0,0.0
medium_major_0.60_1.40,中维护价×大维护价,1.0,0.6,1.4,300.0,1.7999999999999998,16.799999999999997,A4,S32,状态触发,堵塞损失≥20触发，维护后储备阈值50，冷却21日,61.87479872567132,S32,61.87479872567132,0.0,0.0,0.1706189696529463,5.484546779493959,0.048626406351089696,2060.0,0.0
medium_major_0.60_1.40,中维护价×大维护价,1.0,0.6,1.4,300.0,1.7999999999999998,16.799999999999997,A5,S29,状态触发,堵塞损失≥10触发，维护后储备阈值50，冷却35日,193.42249476193913,S32,196.08527521736565,2.662780455426514,0.013766653453125064,0.5864219829973749,9.71994436818149,0.0,604.0,0.87
medium_major_0.60_1.40,中维护价×大维护价,1.0,0.6,1.4,300.0,1.7999999999999998,16.799999999999997,A6,S33,状态触发,堵塞损失≥20触发，维护后储备阈值50，冷却35日,84.27965297242551,S32,84.28144751356267,0.0017945411371584896,2.1292697274698377e-05,0.2356200791528644,6.353495434356988,0.1284129431383111,1491.0,0.0
medium_major_0.60_1.40,中维护价×大维护价,1.0,0.6,1.4,300.0,1.7999999999999998,16.799999999999997,A7,S29,状态触发,堵塞损失≥10触发，维护后储备阈值50，冷却35日,109.140879482856,S29,109.140879482856,0.0,0.0,0.30115887418938586,9.737972196913791,0.07528971854734647,1262.0,0.005
medium_major_0.60_1.40,中维护价×大维护价,1.0,0.6,1.4,300.0,1.7999999999999998,16.799999999999997,A8,S29,状态触发,堵塞损失≥10触发，维护后储备阈值50，冷却35日,210.754050790206,S29,210.754050790206,0.0,0.0,0.6392530234349021,9.678290774804417,0.0926916883980608,557.0,0.945
medium_major_0.60_1.40,中维护价×大维护价,1.0,0.6,1.4,300.0,1.7999999999999998,16.799999999999997,A9,S29,状态触发,堵塞损失≥10触发，维护后储备阈值50，冷却35日,50.38144498765547,S33,53.44473130973732,3.0632863220818507,0.06080187503221516,0.1051012597763595,9.854819622930346,0.06621379365910647,3487.0,0.005
medium_major_0.60_1.40,中维护价×大维护价,1.0,0.6,1.4,300.0,1.7999999999999998,16.799999999999997,A10,S29,状态触发,堵塞损失≥10触发，维护后储备阈值50，冷却35日,370.94815000161424,S29,370.94815000161424,0.0,0.0,1.1792528976850805,9.540155942272301,0.0,308.0,1.0
medium_major_0.60_1.50,中维护价×大维护价,1.0,0.6,1.5,300.0,1.7999999999999998,18.0,A1,S32,状态触发,堵塞损失≥20触发，维护后储备阈值50，冷却21日,72.30918492931515,S32,72.30918492931515,0.0,0.0,0.19978831463992977,6.783812223598816,0.00899047415879684,1785.0,0.0
medium_major_0.60_1.50,中维护价×大维护价,1.0,0.6,1.5,300.0,1.7999999999999998,18.0,A2,S28,状态触发,堵塞损失≥10触发，维护后储备阈值50，冷却21日,177.16117303364405,S29,178.7182709049832,1.5570978713391526,0.008789159863168493,0.5186110736420625,11.987694967236276,0.0,692.0,0.635
medium_major_0.60_1.50,中维护价×大维护价,1.0,0.6,1.5,300.0,1.7999999999999998,18.0,A3,S32,状态触发,堵塞损失≥20触发，维护后储备阈值50，冷却21日,62.696868542454794,S32,62.696868542454794,0.0,0.0,0.17037424025450018,5.916245492837518,0.05196414327762255,2093.0,0.0
medium_major_0.60_1.50,中维护价×大维护价,1.0,0.6,1.5,300.0,1.7999999999999998,18.0,A4,S32,状态触发,堵塞损失≥20触发，维护后储备阈值50，冷却21日,61.93315041329263,S32,61.93315041329263,0.0,0.0,0.1706189696529463,5.484546779493959,0.048626406351089696,2060.0,0.0
medium_major_0.60_1.50,中维护价×大维护价,1.0,0.6,1.5,300.0,1.7999999999999998,18.0,A5,S29,状态触发,堵塞损失≥10触发，维护后储备阈值50，冷却35日,193.42249476193913,S32,196.08527521736565,2.662780455426514,0.013766653453125064,0.5864219829973749,9.71994436818149,0.0,604.0,0.87
medium_major_0.60_1.50,中维护价×大维护价,1.0,0.6,1.5,300.0,1.7999999999999998,18.0,A6,S33,状态触发,堵塞损失≥20触发，维护后储备阈值50，冷却35日,84.43374850419148,S32,84.43553857219344,0.0017900680019522497,2.1200859060087647e-05,0.2356200791528644,6.353495434356988,0.1284129431383111,1491.0,0.0
medium_major_0.60_1.50,中维护价×大维护价,1.0,0.6,1.5,300.0,1.7999999999999998,18.0,A7,S29,状态触发,堵塞损失≥10触发，维护后储备阈值50，冷却35日,109.23122714511281,S29,109.23122714511281,0.0,0.0,0.30115887418938586,9.737972196913791,0.07528971854734647,1262.0,0.005
medium_major_0.60_1.50,中维护价×大维护价,1.0,0.6,1.5,300.0,1.7999999999999998,18.0,A8,S29,状态触发,堵塞损失≥10触发，维护后储备阈值50，冷却35日,210.86528081628367,S29,210.86528081628367,0.0,0.0,0.6392530234349021,9.678290774804417,0.0926916883980608,557.0,0.945
medium_major_0.60_1.50,中维护价×大维护价,1.0,0.6,1.5,300.0,1.7999999999999998,18.0,A9,S29,状态触发,堵塞损失≥10触发，维护后储备阈值50，冷却35日,50.4609015400464,S33,54.15123345517288,3.690331915126478,0.07313250065890688,0.1051012597763595,9.854819622930346,0.06621379365910647,3487.0,0.005
medium_major_0.60_1.50,中维护价×大维护价,1.0,0.6,1.5,300.0,1.7999999999999998,18.0,A10,S29,状态触发,堵塞损失≥10触发，维护后储备阈值50，冷却35日,370.94815000161424,S29,370.94815000161424,0.0,0.0,1.1792528976850805,9.540155942272301,0.0,308.0,1.0
medium_major_0.70_0.50,中维护价×大维护价,1.0,0.7,0.5,300.0,2.0999999999999996,6.0,A1,S32,状态触发,堵塞损失≥20触发，维护后储备阈值50，冷却21日,74.23644290648923,S32,74.23644290648923,0.0,0.0,0.19978831463992977,6.783812223598816,0.00899047415879684,1785.0,0.0
medium_major_0.70_0.50,中维护价×大维护价,1.0,0.7,0.5,300.0,2.0999999999999996,6.0,A2,S29,状态触发,堵塞损失≥10触发，维护后储备阈值50，冷却35日,179.66276063776206,S29,179.66276063776206,0.0,0.0,0.5255925057200005,9.98100168362281,0.1708175643590002,681.0,0.66
medium_major_0.70_0.50,中维护价×大维护价,1.0,0.7,0.5,300.0,2.0999999999999996,6.0,A3,S32,状态触发,堵塞损失≥20触发，维护后储备阈值50，冷却21日,63.848172470974575,S32,63.848172470974575,0.0,0.0,0.17037424025450018,5.916245492837518,0.05196414327762255,2093.0,0.0
medium_major_0.70_0.50,中维护价×大维护价,1.0,0.7,0.5,300.0,2.0999999999999996,6.0,A4,S32,状态触发,堵塞损失≥20触发，维护后储备阈值50，冷却21日,62.99499757092774,S32,62.99499757092774,0.0,0.0,0.1706189696529463,5.484546779493959,0.048626406351089696,2060.0,0.0
medium_major_0.70_0.50,中维护价×大维护价,1.0,0.7,0.5,300.0,2.0999999999999996,6.0,A5,S29,状态触发,堵塞损失≥10触发，维护后储备阈值50，冷却35日,196.3384780723936,S32,197.9639044434512,1.625426371057614,0.008278694971131892,0.5864219829973749,9.71994436818149,0.0,604.0,0.87
medium_major_0.70_0.50,中维护价×大维护价,1.0,0.7,0.5,300.0,2.0999999999999996,6.0,A6,S33,状态触发,堵塞损失≥20触发，维护后储备阈值50，冷却35日,84.79884181683884,S32,84.80132812651188,0.0024863096730314282,2.9320089988985106e-05,0.2356200791528644,6.353495434356988,0.1284129431383111,1491.0,0.0
medium_major_0.70_0.50,中维护价×大维护价,1.0,0.7,0.5,300.0,2.0999999999999996,6.0,A7,S29,状态触发,堵塞损失≥10触发，维护后储备阈值50，冷却35日,111.24914218161878,S29,111.24914218161878,0.0,0.0,0.30115887418938586,9.737972196913791,0.07528971854734647,1262.0,0.005
medium_major_0.70_0.50,中维护价×大维护价,1.0,0.7,0.5,300.0,2.0999999999999996,6.0,A8,S29,状态触发,堵塞损失≥10触发，维护后储备阈值50，冷却35日,212.65646778794826,S29,212.65646778794826,0.0,0.0,0.6392530234349021,9.678290774804417,0.0926916883980608,557.0,0.945
medium_major_0.70_0.50,中维护价×大维护价,1.0,0.7,0.5,300.0,2.0999999999999996,6.0,A9,S32,状态触发,堵塞损失≥20触发，维护后储备阈值50，冷却21日,48.594344354307594,S33,48.816976411560375,0.22263205725278112,0.004581439675974271,0.10933664611147696,5.846230467580674,0.5860444231575166,3271.0,0.0
medium_major_0.70_0.50,中维护价×大维护价,1.0,0.7,0.5,300.0,2.0999999999999996,6.0,A10,S29,状态触发,堵塞损失≥10触发，维护后储备阈值50，冷却35日,373.81019678429595,S29,373.81019678429595,0.0,0.0,1.1792528976850805,9.540155942272301,0.0,308.0,1.0
medium_major_0.70_0.60,中维护价×大维护价,1.0,0.7,0.6,300.0,2.0999999999999996,7.199999999999999,A1,S32,状态触发,堵塞损失≥20触发，维护后储备阈值50，冷却21日,74.24723147547978,S32,74.24723147547978,0.0,0.0,0.19978831463992977,6.783812223598816,0.00899047415879684,1785.0,0.0
medium_major_0.70_0.60,中维护价×大维护价,1.0,0.7,0.6,300.0,2.0999999999999996,7.199999999999999,A2,S29,状态触发,堵塞损失≥10触发，维护后储备阈值50，冷却35日,179.86774171499286,S29,179.86774171499286,0.0,0.0,0.5255925057200005,9.98100168362281,0.1708175643590002,681.0,0.66
medium_major_0.70_0.60,中维护价×大维护价,1.0,0.7,0.6,300.0,2.0999999999999996,7.199999999999999,A3,S32,状态触发,堵塞损失≥20触发，维护后储备阈值50，冷却21日,63.91052944290772,S32,63.91052944290772,0.0,0.0,0.17037424025450018,5.916245492837518,0.05196414327762255,2093.0,0.0
medium_major_0.70_0.60,中维护价×大维护价,1.0,0.7,0.6,300.0,2.0999999999999996,7.199999999999999,A4,S32,状态触发,堵塞损失≥20触发，维护后储备阈值50，冷却21日,63.05334925854904,S32,63.05334925854904,0.0,0.0,0.1706189696529463,5.484546779493959,0.048626406351089696,2060.0,0.0
medium_major_0.70_0.60,中维护价×大维护价,1.0,0.7,0.6,300.0,2.0999999999999996,7.199999999999999,A5,S29,状态触发,堵塞损失≥10触发，维护后储备阈值50，冷却35日,196.3384780723936,S32,197.9639044434512,1.625426371057614,0.008278694971131892,0.5864219829973749,9.71994436818149,0.0,604.0,0.87
medium_major_0.70_0.60,中维护价×大维护价,1.0,0.7,0.6,300.0,2.0999999999999996,7.199999999999999,A6,S33,状态触发,堵塞损失≥20触发，维护后储备阈值50，冷却35日,84.95293734860482,S32,84.95541918514265,0.0024818365378251883,2.921425221167997e-05,0.2356200791528644,6.353495434356988,0.1284129431383111,1491.0,0.0
medium_major_0.70_0.60,中维护价×大维护价,1.0,0.7,0.6,300.0,2.0999999999999996,7.199999999999999,A7,S29,状态触发,堵塞损失≥10触发，维护后储备阈值50，冷却35日,111.3394898438756,S29,111.3394898438756,0.0,0.0,0.30115887418938586,9.737972196913791,0.07528971854734647,1262.0,0.005
medium_major_0.70_0.60,中维护价×大维护价,1.0,0.7,0.6,300.0,2.0999999999999996,7.199999999999999,A8,S29,状态触发,堵塞损失≥10触发，维护后储备阈值50，冷却35日,212.76769781402592,S29,212.76769781402592,0.0,0.0,0.6392530234349021,9.678290774804417,0.0926916883980608,557.0,0.945
medium_major_0.70_0.60,中维护价×大维护价,1.0,0.7,0.6,300.0,2.0999999999999996,7.199999999999999,A9,S32,状态触发,堵塞损失≥20触发，维护后储备阈值50，冷却21日,49.29759766209662,S33,49.52347855699593,0.22588089489931207,0.004581985849444035,0.10933664611147696,5.846230467580674,0.5860444231575166,3271.0,0.0
medium_major_0.70_0.60,中维护价×大维护价,1.0,0.7,0.6,300.0,2.0999999999999996,7.199999999999999,A10,S29,状态触发,堵塞损失≥10触发，维护后储备阈值50，冷却35日,373.81019678429595,S29,373.81019678429595,0.0,0.0,1.1792528976850805,9.540155942272301,0.0,308.0,1.0
medium_major_0.70_0.70,中维护价×大维护价,1.0,0.7,0.7,300.0,2.0999999999999996,8.399999999999999,A1,S32,状态触发,堵塞损失≥20触发，维护后储备阈值50，冷却21日,74.25802004447034,S32,74.25802004447034,0.0,0.0,0.19978831463992977,6.783812223598816,0.00899047415879684,1785.0,0.0
medium_major_0.70_0.70,中维护价×大维护价,1.0,0.7,0.7,300.0,2.0999999999999996,8.399999999999999,A2,S29,状态触发,堵塞损失≥10触发，维护后储备阈值50，冷却35日,180.0727227922237,S29,180.0727227922237,0.0,0.0,0.5255925057200005,9.98100168362281,0.1708175643590002,681.0,0.66
medium_major_0.70_0.70,中维护价×大维护价,1.0,0.7,0.7,300.0,2.0999999999999996,8.399999999999999,A3,S32,状态触发,堵塞损失≥20触发，维护后储备阈值50，冷却21日,63.97288641484087,S32,63.97288641484087,0.0,0.0,0.17037424025450018,5.916245492837518,0.05196414327762255,2093.0,0.0
medium_major_0.70_0.70,中维护价×大维护价,1.0,0.7,0.7,300.0,2.0999999999999996,8.399999999999999,A4,S32,状态触发,堵塞损失≥20触发，维护后储备阈值50，冷却21日,63.11170094617035,S32,63.11170094617035,0.0,0.0,0.1706189696529463,5.484546779493959,0.048626406351089696,2060.0,0.0
medium_major_0.70_0.70,中维护价×大维护价,1.0,0.7,0.7,300.0,2.0999999999999996,8.399999999999999,A5,S29,状态触发,堵塞损失≥10触发，维护后储备阈值50，冷却35日,196.3384780723936,S32,197.9639044434512,1.625426371057614,0.008278694971131892,0.5864219829973749,9.71994436818149,0.0,604.0,0.87
medium_major_0.70_0.70,中维护价×大维护价,1.0,0.7,0.7,300.0,2.0999999999999996,8.399999999999999,A6,S33,状态触发,堵塞损失≥20触发，维护后储备阈值50，冷却35日,85.1070328803708,S32,85.10951024377341,0.0024773634026189484,2.9108797695969622e-05,0.2356200791528644,6.353495434356988,0.1284129431383111,1491.0,0.0
medium_major_0.70_0.70,中维护价×大维护价,1.0,0.7,0.7,300.0,2.0999999999999996,8.399999999999999,A7,S29,状态触发,堵塞损失≥10触发，维护后储备阈值50，冷却35日,111.42983750613242,S29,111.42983750613242,0.0,0.0,0.30115887418938586,9.737972196913791,0.07528971854734647,1262.0,0.005
medium_major_0.70_0.70,中维护价×大维护价,1.0,0.7,0.7,300.0,2.0999999999999996,8.399999999999999,A8,S29,状态触发,堵塞损失≥10触发，维护后储备阈值50，冷却35日,212.8789278401036,S29,212.8789278401036,0.0,0.0,0.6392530234349021,9.678290774804417,0.0926916883980608,557.0,0.945
medium_major_0.70_0.70,中维护价×大维护价,1.0,0.7,0.7,300.0,2.0999999999999996,8.399999999999999,A9,S32,状态触发,堵塞损失≥20触发，维护后储备阈值50，冷却21日,50.00085096988563,S33,50.22998070243149,0.22912973254585722,0.0045825166592435955,0.10933664611147696,5.846230467580674,0.5860444231575166,3271.0,0.0
medium_major_0.70_0.70,中维护价×大维护价,1.0,0.7,0.7,300.0,2.0999999999999996,8.399999999999999,A10,S29,状态触发,堵塞损失≥10触发，维护后储备阈值50，冷却35日,373.81019678429595,S29,373.81019678429595,0.0,0.0,1.1792528976850805,9.540155942272301,0.0,308.0,1.0
medium_major_0.70_0.80,中维护价×大维护价,1.0,0.7,0.8,300.0,2.0999999999999996,9.600000000000001,A1,S32,状态触发,堵塞损失≥20触发，维护后储备阈值50，冷却21日,74.26880861346089,S32,74.26880861346089,0.0,0.0,0.19978831463992977,6.783812223598816,0.00899047415879684,1785.0,0.0
medium_major_0.70_0.80,中维护价×大维护价,1.0,0.7,0.8,300.0,2.0999999999999996,9.600000000000001,A2,S29,状态触发,堵塞损失≥10触发，维护后储备阈值50，冷却35日,180.27770386945448,S29,180.27770386945448,0.0,0.0,0.5255925057200005,9.98100168362281,0.1708175643590002,681.0,0.66
medium_major_0.70_0.80,中维护价×大维护价,1.0,0.7,0.8,300.0,2.0999999999999996,9.600000000000001,A3,S32,状态触发,堵塞损失≥20触发，维护后储备阈值50，冷却21日,64.03524338677401,S32,64.03524338677401,0.0,0.0,0.17037424025450018,5.916245492837518,0.05196414327762255,2093.0,0.0
medium_major_0.70_0.80,中维护价×大维护价,1.0,0.7,0.8,300.0,2.0999999999999996,9.600000000000001,A4,S32,状态触发,堵塞损失≥20触发，维护后储备阈值50，冷却21日,63.170052633791656,S32,63.170052633791656,0.0,0.0,0.1706189696529463,5.484546779493959,0.048626406351089696,2060.0,0.0
medium_major_0.70_0.80,中维护价×大维护价,1.0,0.7,0.8,300.0,2.0999999999999996,9.600000000000001,A5,S29,状态触发,堵塞损失≥10触发，维护后储备阈值50，冷却35日,196.3384780723936,S32,197.9639044434512,1.625426371057614,0.008278694971131892,0.5864219829973749,9.71994436818149,0.0,604.0,0.87
medium_major_0.70_0.80,中维护价×大维护价,1.0,0.7,0.8,300.0,2.0999999999999996,9.600000000000001,A6,S33,状态触发,堵塞损失≥20触发，维护后储备阈值50，冷却35日,85.26112841213677,S32,85.26360130240417,0.0024728902673984976,2.900372436363962e-05,0.2356200791528644,6.353495434356988,0.1284129431383111,1491.0,0.0
medium_major_0.70_0.80,中维护价×大维护价,1.0,0.7,0.8,300.0,2.0999999999999996,9.600000000000001,A7,S29,状态触发,堵塞损失≥10触发，维护后储备阈值50，冷却35日,111.52018516838923,S29,111.52018516838923,0.0,0.0,0.30115887418938586,9.737972196913791,0.07528971854734647,1262.0,0.005
medium_major_0.70_0.80,中维护价×大维护价,1.0,0.7,0.8,300.0,2.0999999999999996,9.600000000000001,A8,S29,状态触发,堵塞损失≥10触发，维护后储备阈值50，冷却35日,212.99015786618128,S29,212.99015786618128,0.0,0.0,0.6392530234349021,9.678290774804417,0.0926916883980608,557.0,0.945
medium_major_0.70_0.80,中维护价×大维护价,1.0,0.7,0.8,300.0,2.0999999999999996,9.600000000000001,A9,S32,状态触发,堵塞损失≥20触发，维护后储备阈值50，冷却21日,50.70410427767466,S33,50.93648284786705,0.23237857019238817,0.004583032744643237,0.10933664611147696,5.846230467580674,0.5860444231575166,3271.0,0.0
medium_major_0.70_0.80,中维护价×大维护价,1.0,0.7,0.8,300.0,2.0999999999999996,9.600000000000001,A10,S29,状态触发,堵塞损失≥10触发，维护后储备阈值50，冷却35日,373.81019678429595,S29,373.81019678429595,0.0,0.0,1.1792528976850805,9.540155942272301,0.0,308.0,1.0
medium_major_0.70_0.90,中维护价×大维护价,1.0,0.7,0.9,300.0,2.0999999999999996,10.8,A1,S32,状态触发,堵塞损失≥20触发，维护后储备阈值50，冷却21日,74.27959718245145,S32,74.27959718245145,0.0,0.0,0.19978831463992977,6.783812223598816,0.00899047415879684,1785.0,0.0
medium_major_0.70_0.90,中维护价×大维护价,1.0,0.7,0.9,300.0,2.0999999999999996,10.8,A2,S29,状态触发,堵塞损失≥10触发，维护后储备阈值50，冷却35日,180.48268494668528,S29,180.48268494668528,0.0,0.0,0.5255925057200005,9.98100168362281,0.1708175643590002,681.0,0.66
medium_major_0.70_0.90,中维护价×大维护价,1.0,0.7,0.9,300.0,2.0999999999999996,10.8,A3,S32,状态触发,堵塞损失≥20触发，维护后储备阈值50，冷却21日,64.09760035870717,S32,64.09760035870717,0.0,0.0,0.17037424025450018,5.916245492837518,0.05196414327762255,2093.0,0.0
medium_major_0.70_0.90,中维护价×大维护价,1.0,0.7,0.9,300.0,2.0999999999999996,10.8,A4,S32,状态触发,堵塞损失≥20触发，维护后储备阈值50，冷却21日,63.22840432141297,S32,63.22840432141297,0.0,0.0,0.1706189696529463,5.484546779493959,0.048626406351089696,2060.0,0.0
medium_major_0.70_0.90,中维护价×大维护价,1.0,0.7,0.9,300.0,2.0999999999999996,10.8,A5,S29,状态触发,堵塞损失≥10触发，维护后储备阈值50，冷却35日,196.3384780723936,S32,197.9639044434512,1.625426371057614,0.008278694971131892,0.5864219829973749,9.71994436818149,0.0,604.0,0.87
medium_major_0.70_0.90,中维护价×大维护价,1.0,0.7,0.9,300.0,2.0999999999999996,10.8,A6,S33,状态触发,堵塞损失≥20触发，维护后储备阈值50，冷却35日,85.41522394390275,S32,85.41769236103494,0.0024684171321922577,2.8899030151971667e-05,0.2356200791528644,6.353495434356988,0.1284129431383111,1491.0,0.0
medium_major_0.70_0.90,中维护价×大维护价,1.0,0.7,0.9,300.0,2.0999999999999996,10.8,A7,S29,状态触发,堵塞损失≥10触发，维护后储备阈值50，冷却35日,111.61053283064605,S29,111.61053283064605,0.0,0.0,0.30115887418938586,9.737972196913791,0.07528971854734647,1262.0,0.005
medium_major_0.70_0.90,中维护价×大维护价,1.0,0.7,0.9,300.0,2.0999999999999996,10.8,A8,S29,状态触发,堵塞损失≥10触发，维护后储备阈值50，冷却35日,213.10138789225894,S29,213.10138789225894,0.0,0.0,0.6392530234349021,9.678290774804417,0.0926916883980608,557.0,0.945
medium_major_0.70_0.90,中维护价×大维护价,1.0,0.7,0.9,300.0,2.0999999999999996,10.8,A9,S32,状态触发,堵塞损失≥20触发，维护后储备阈值50，冷却21日,51.40735758546368,S33,51.642984993302605,0.23562740783892622,0.00458353470993331,0.10933664611147696,5.846230467580674,0.5860444231575166,3271.0,0.0
medium_major_0.70_0.90,中维护价×大维护价,1.0,0.7,0.9,300.0,2.0999999999999996,10.8,A10,S29,状态触发,堵塞损失≥10触发，维护后储备阈值50，冷却35日,373.81019678429595,S29,373.81019678429595,0.0,0.0,1.1792528976850805,9.540155942272301,0.0,308.0,1.0
medium_major_0.70_1.00,中维护价×大维护价,1.0,0.7,1.0,300.0,2.0999999999999996,12.0,A1,S32,状态触发,堵塞损失≥20触发，维护后储备阈值50，冷却21日,74.290385751442,S32,74.290385751442,0.0,0.0,0.19978831463992977,6.783812223598816,0.00899047415879684,1785.0,0.0
medium_major_0.70_1.00,中维护价×大维护价,1.0,0.7,1.0,300.0,2.0999999999999996,12.0,A2,S29,状态触发,堵塞损失≥10触发，维护后储备阈值50，冷却35日,180.68766602391608,S29,180.68766602391608,0.0,0.0,0.5255925057200005,9.98100168362281,0.1708175643590002,681.0,0.66
medium_major_0.70_1.00,中维护价×大维护价,1.0,0.7,1.0,300.0,2.0999999999999996,12.0,A3,S32,状态触发,堵塞损失≥20触发，维护后储备阈值50，冷却21日,64.15995733064031,S32,64.15995733064031,0.0,0.0,0.17037424025450018,5.916245492837518,0.05196414327762255,2093.0,0.0
medium_major_0.70_1.00,中维护价×大维护价,1.0,0.7,1.0,300.0,2.0999999999999996,12.0,A4,S32,状态触发,堵塞损失≥20触发，维护后储备阈值50，冷却21日,63.28675600903427,S32,63.28675600903427,0.0,0.0,0.1706189696529463,5.484546779493959,0.048626406351089696,2060.0,0.0
medium_major_0.70_1.00,中维护价×大维护价,1.0,0.7,1.0,300.0,2.0999999999999996,12.0,A5,S29,状态触发,堵塞损失≥10触发，维护后储备阈值50，冷却35日,196.3384780723936,S32,197.9639044434512,1.625426371057614,0.008278694971131892,0.5864219829973749,9.71994436818149,0.0,604.0,0.87
medium_major_0.70_1.00,中维护价×大维护价,1.0,0.7,1.0,300.0,2.0999999999999996,12.0,A6,S33,状态触发,堵塞损失≥20触发，维护后储备阈值50，冷却35日,85.56931947566872,S32,85.5717834196657,0.0024639439969860177,2.879471301260763e-05,0.2356200791528644,6.353495434356988,0.1284129431383111,1491.0,0.0
medium_major_0.70_1.00,中维护价×大维护价,1.0,0.7,1.0,300.0,2.0999999999999996,12.0,A7,S29,状态触发,堵塞损失≥10触发，维护后储备阈值50，冷却35日,111.70088049290287,S29,111.70088049290287,0.0,0.0,0.30115887418938586,9.737972196913791,0.07528971854734647,1262.0,0.005
medium_major_0.70_1.00,中维护价×大维护价,1.0,0.7,1.0,300.0,2.0999999999999996,12.0,A8,S29,状态触发,堵塞损失≥10触发，维护后储备阈值50，冷却35日,213.2126179183366,S29,213.2126179183366,0.0,0.0,0.6392530234349021,9.678290774804417,0.0926916883980608,557.0,0.945
medium_major_0.70_1.00,中维护价×大维护价,1.0,0.7,1.0,300.0,2.0999999999999996,12.0,A9,S32,状态触发,堵塞损失≥20触发，维护后储备阈值50，冷却21日,52.1106108932527,S33,52.34948713873816,0.23887624548546427,0.004584023126783072,0.10933664611147696,5.846230467580674,0.5860444231575166,3271.0,0.0
medium_major_0.70_1.00,中维护价×大维护价,1.0,0.7,1.0,300.0,2.0999999999999996,12.0,A10,S29,状态触发,堵塞损失≥10触发，维护后储备阈值50，冷却35日,373.81019678429595,S29,373.81019678429595,0.0,0.0,1.1792528976850805,9.540155942272301,0.0,308.0,1.0
medium_major_0.70_1.10,中维护价×大维护价,1.0,0.7,1.1,300.0,2.0999999999999996,13.200000000000001,A1,S32,状态触发,堵塞损失≥20触发，维护后储备阈值50，冷却21日,74.30117432043257,S32,74.30117432043257,0.0,0.0,0.19978831463992977,6.783812223598816,0.00899047415879684,1785.0,0.0
medium_major_0.70_1.10,中维护价×大维护价,1.0,0.7,1.1,300.0,2.0999999999999996,13.200000000000001,A2,S28,状态触发,堵塞损失≥10触发，维护后储备阈值50，冷却21日,180.75748152381493,S29,180.89264710114688,0.13516557733194645,0.0007477730724752231,0.5186110736420625,11.987694967236276,0.0,692.0,0.635
medium_major_0.70_1.10,中维护价×大维护价,1.0,0.7,1.1,300.0,2.0999999999999996,13.200000000000001,A3,S32,状态触发,堵塞损失≥20触发，维护后储备阈值50，冷却21日,64.22231430257345,S32,64.22231430257345,0.0,0.0,0.17037424025450018,5.916245492837518,0.05196414327762255,2093.0,0.0
medium_major_0.70_1.10,中维护价×大维护价,1.0,0.7,1.1,300.0,2.0999999999999996,13.200000000000001,A4,S32,状态触发,堵塞损失≥20触发，维护后储备阈值50，冷却21日,63.34510769665558,S32,63.34510769665558,0.0,0.0,0.1706189696529463,5.484546779493959,0.048626406351089696,2060.0,0.0
medium_major_0.70_1.10,中维护价×大维护价,1.0,0.7,1.1,300.0,2.0999999999999996,13.200000000000001,A5,S29,状态触发,堵塞损失≥10触发，维护后储备阈值50，冷却35日,196.3384780723936,S32,197.9639044434512,1.625426371057614,0.008278694971131892,0.5864219829973749,9.71994436818149,0.0,604.0,0.87
medium_major_0.70_1.10,中维护价×大维护价,1.0,0.7,1.1,300.0,2.0999999999999996,13.200000000000001,A6,S33,状态触发,堵塞损失≥20触发，维护后储备阈值50，冷却35日,85.7234150074347,S32,85.72587447829648,0.002459470861779778,2.8690770912083598e-05,0.2356200791528644,6.353495434356988,0.1284129431383111,1491.0,0.0
medium_major_0.70_1.10,中维护价×大维护价,1.0,0.7,1.1,300.0,2.0999999999999996,13.200000000000001,A7,S29,状态触发,堵塞损失≥10触发，维护后储备阈值50，冷却35日,111.79122815515967,S29,111.79122815515967,0.0,0.0,0.30115887418938586,9.737972196913791,0.07528971854734647,1262.0,0.005
medium_major_0.70_1.10,中维护价×大维护价,1.0,0.7,1.1,300.0,2.0999999999999996,13.200000000000001,A8,S29,状态触发,堵塞损失≥10触发，维护后储备阈值50，冷却35日,213.3238479444143,S29,213.3238479444143,0.0,0.0,0.6392530234349021,9.678290774804417,0.0926916883980608,557.0,0.945
medium_major_0.70_1.10,中维护价×大维护价,1.0,0.7,1.1,300.0,2.0999999999999996,13.200000000000001,A9,S32,状态触发,堵塞损失≥20触发，维护后储备阈值50，冷却21日,52.81386420104172,S33,53.05598928417372,0.24212508313200232,0.0045844985364132205,0.10933664611147696,5.846230467580674,0.5860444231575166,3271.0,0.0
medium_major_0.70_1.10,中维护价×大维护价,1.0,0.7,1.1,300.0,2.0999999999999996,13.200000000000001,A10,S29,状态触发,堵塞损失≥10触发，维护后储备阈值50，冷却35日,373.81019678429595,S29,373.81019678429595,0.0,0.0,1.1792528976850805,9.540155942272301,0.0,308.0,1.0
medium_major_0.70_1.20,中维护价×大维护价,1.0,0.7,1.2,300.0,2.0999999999999996,14.399999999999999,A1,S32,状态触发,堵塞损失≥20触发，维护后储备阈值50，冷却21日,74.31196288942311,S32,74.31196288942311,0.0,0.0,0.19978831463992977,6.783812223598816,0.00899047415879684,1785.0,0.0
medium_major_0.70_1.20,中维护价×大维护价,1.0,0.7,1.2,300.0,2.0999999999999996,14.399999999999999,A2,S28,状态触发,堵塞损失≥10触发，维护后储备阈值50，冷却21日,180.75748152381493,S29,181.09762817837768,0.3401466545627443,0.0018817846525369393,0.5186110736420625,11.987694967236276,0.0,692.0,0.635
medium_major_0.70_1.20,中维护价×大维护价,1.0,0.7,1.2,300.0,2.0999999999999996,14.399999999999999,A3,S32,状态触发,堵塞损失≥20触发，维护后储备阈值50，冷却21日,64.28467127450661,S32,64.28467127450661,0.0,0.0,0.17037424025450018,5.916245492837518,0.05196414327762255,2093.0,0.0
medium_major_0.70_1.20,中维护价×大维护价,1.0,0.7,1.2,300.0,2.0999999999999996,14.399999999999999,A4,S32,状态触发,堵塞损失≥20触发，维护后储备阈值50，冷却21日,63.403459384276886,S32,63.403459384276886,0.0,0.0,0.1706189696529463,5.484546779493959,0.048626406351089696,2060.0,0.0
medium_major_0.70_1.20,中维护价×大维护价,1.0,0.7,1.2,300.0,2.0999999999999996,14.399999999999999,A5,S29,状态触发,堵塞损失≥10触发，维护后储备阈值50，冷却35日,196.3384780723936,S32,197.9639044434512,1.625426371057614,0.008278694971131892,0.5864219829973749,9.71994436818149,0.0,604.0,0.87
medium_major_0.70_1.20,中维护价×大维护价,1.0,0.7,1.2,300.0,2.0999999999999996,14.399999999999999,A6,S33,状态触发,堵塞损失≥20触发，维护后储备阈值50，冷却35日,85.87751053920066,S32,85.87996553692724,0.0024549977265877487,2.8587201831696222e-05,0.2356200791528644,6.353495434356988,0.1284129431383111,1491.0,0.0
medium_major_0.70_1.20,中维护价×大维护价,1.0,0.7,1.2,300.0,2.0999999999999996,14.399999999999999,A7,S29,状态触发,堵塞损失≥10触发，维护后储备阈值50，冷却35日,111.88157581741649,S29,111.88157581741649,0.0,0.0,0.30115887418938586,9.737972196913791,0.07528971854734647,1262.0,0.005
medium_major_0.70_1.20,中维护价×大维护价,1.0,0.7,1.2,300.0,2.0999999999999996,14.399999999999999,A8,S29,状态触发,堵塞损失≥10触发，维护后储备阈值50，冷却35日,213.43507797049196,S29,213.43507797049196,0.0,0.0,0.6392530234349021,9.678290774804417,0.0926916883980608,557.0,0.945
medium_major_0.70_1.20,中维护价×大维护价,1.0,0.7,1.2,300.0,2.0999999999999996,14.399999999999999,A9,S29,状态触发,堵塞损失≥10触发，维护后储备阈值50，冷却35日,53.178977769752706,S33,53.76249142960928,0.5835136598565711,0.010972637766430773,0.1051012597763595,9.854819622930346,0.06621379365910647,3487.0,0.005
medium_major_0.70_1.20,中维护价×大维护价,1.0,0.7,1.2,300.0,2.0999999999999996,14.399999999999999,A10,S29,状态触发,堵塞损失≥10触发，维护后储备阈值50，冷却35日,373.81019678429595,S29,373.81019678429595,0.0,0.0,1.1792528976850805,9.540155942272301,0.0,308.0,1.0
medium_major_0.70_1.30,中维护价×大维护价,1.0,0.7,1.3,300.0,2.0999999999999996,15.600000000000001,A1,S32,状态触发,堵塞损失≥20触发，维护后储备阈值50，冷却21日,74.32275145841368,S32,74.32275145841368,0.0,0.0,0.19978831463992977,6.783812223598816,0.00899047415879684,1785.0,0.0
medium_major_0.70_1.30,中维护价×大维护价,1.0,0.7,1.3,300.0,2.0999999999999996,15.600000000000001,A2,S28,状态触发,堵塞损失≥10触发，维护后储备阈值50，冷却21日,180.75748152381493,S29,181.30260925560847,0.5451277317935421,0.0030157962325986555,0.5186110736420625,11.987694967236276,0.0,692.0,0.635
medium_major_0.70_1.30,中维护价×大维护价,1.0,0.7,1.3,300.0,2.0999999999999996,15.600000000000001,A3,S32,状态触发,堵塞损失≥20触发，维护后储备阈值50，冷却21日,64.34702824643975,S32,64.34702824643975,0.0,0.0,0.17037424025450018,5.916245492837518,0.05196414327762255,2093.0,0.0
medium_major_0.70_1.30,中维护价×大维护价,1.0,0.7,1.3,300.0,2.0999999999999996,15.600000000000001,A4,S32,状态触发,堵塞损失≥20触发，维护后储备阈值50，冷却21日,63.4618110718982,S32,63.4618110718982,0.0,0.0,0.1706189696529463,5.484546779493959,0.048626406351089696,2060.0,0.0
medium_major_0.70_1.30,中维护价×大维护价,1.0,0.7,1.3,300.0,2.0999999999999996,15.600000000000001,A5,S29,状态触发,堵塞损失≥10触发，维护后储备阈值50，冷却35日,196.3384780723936,S32,197.9639044434512,1.625426371057614,0.008278694971131892,0.5864219829973749,9.71994436818149,0.0,604.0,0.87
medium_major_0.70_1.30,中维护价×大维护价,1.0,0.7,1.3,300.0,2.0999999999999996,15.600000000000001,A6,S33,状态触发,堵塞损失≥20触发，维护后储备阈值50，冷却35日,86.03160607096663,S32,86.03405659555801,0.002450524591381509,2.8484003766709818e-05,0.2356200791528644,6.353495434356988,0.1284129431383111,1491.0,0.0
medium_major_0.70_1.30,中维护价×大维护价,1.0,0.7,1.3,300.0,2.0999999999999996,15.600000000000001,A7,S29,状态触发,堵塞损失≥10触发，维护后储备阈值50，冷却35日,111.97192347967331,S29,111.97192347967331,0.0,0.0,0.30115887418938586,9.737972196913791,0.07528971854734647,1262.0,0.005
medium_major_0.70_1.30,中维护价×大维护价,1.0,0.7,1.3,300.0,2.0999999999999996,15.600000000000001,A8,S29,状态触发,堵塞损失≥10触发，维护后储备阈值50，冷却35日,213.54630799656962,S29,213.54630799656962,0.0,0.0,0.6392530234349021,9.678290774804417,0.0926916883980608,557.0,0.945
medium_major_0.70_1.30,中维护价×大维护价,1.0,0.7,1.3,300.0,2.0999999999999996,15.600000000000001,A9,S29,状态触发,堵塞损失≥10触发，维护后储备阈值50，冷却35日,53.258434322143636,S33,54.468993575044834,1.2105592529011986,0.02272990688346007,0.1051012597763595,9.854819622930346,0.06621379365910647,3487.0,0.005
medium_major_0.70_1.30,中维护价×大维护价,1.0,0.7,1.3,300.0,2.0999999999999996,15.600000000000001,A10,S29,状态触发,堵塞损失≥10触发，维护后储备阈值50，冷却35日,373.81019678429595,S29,373.81019678429595,0.0,0.0,1.1792528976850805,9.540155942272301,0.0,308.0,1.0
medium_major_0.70_1.40,中维护价×大维护价,1.0,0.7,1.4,300.0,2.0999999999999996,16.799999999999997,A1,S32,状态触发,堵塞损失≥20触发，维护后储备阈值50，冷却21日,74.33354002740423,S32,74.33354002740423,0.0,0.0,0.19978831463992977,6.783812223598816,0.00899047415879684,1785.0,0.0
medium_major_0.70_1.40,中维护价×大维护价,1.0,0.7,1.4,300.0,2.0999999999999996,16.799999999999997,A2,S28,状态触发,堵塞损失≥10触发，维护后储备阈值50，冷却21日,180.75748152381493,S29,181.50759033283927,0.75010880902434,0.0041498078126603714,0.5186110736420625,11.987694967236276,0.0,692.0,0.635
medium_major_0.70_1.40,中维护价×大维护价,1.0,0.7,1.4,300.0,2.0999999999999996,16.799999999999997,A3,S32,状态触发,堵塞损失≥20触发，维护后储备阈值50，冷却21日,64.4093852183729,S32,64.4093852183729,0.0,0.0,0.17037424025450018,5.916245492837518,0.05196414327762255,2093.0,0.0
medium_major_0.70_1.40,中维护价×大维护价,1.0,0.7,1.4,300.0,2.0999999999999996,16.799999999999997,A4,S32,状态触发,堵塞损失≥20触发，维护后储备阈值50，冷却21日,63.5201627595195,S32,63.5201627595195,0.0,0.0,0.1706189696529463,5.484546779493959,0.048626406351089696,2060.0,0.0
medium_major_0.70_1.40,中维护价×大维护价,1.0,0.7,1.4,300.0,2.0999999999999996,16.799999999999997,A5,S29,状态触发,堵塞损失≥10触发，维护后储备阈值50，冷却35日,196.3384780723936,S32,197.9639044434512,1.625426371057614,0.008278694971131892,0.5864219829973749,9.71994436818149,0.0,604.0,0.87
medium_major_0.70_1.40,中维护价×大维护价,1.0,0.7,1.4,300.0,2.0999999999999996,16.799999999999997,A6,S33,状态触发,堵塞损失≥20触发，维护后储备阈值50，冷却35日,86.1857016027326,S32,86.18814765418877,0.002446051456161058,2.8381174727055925e-05,0.2356200791528644,6.353495434356988,0.1284129431383111,1491.0,0.0
medium_major_0.70_1.40,中维护价×大维护价,1.0,0.7,1.4,300.0,2.0999999999999996,16.799999999999997,A7,S29,状态触发,堵塞损失≥10触发，维护后储备阈值50，冷却35日,112.06227114193013,S29,112.06227114193013,0.0,0.0,0.30115887418938586,9.737972196913791,0.07528971854734647,1262.0,0.005
medium_major_0.70_1.40,中维护价×大维护价,1.0,0.7,1.4,300.0,2.0999999999999996,16.799999999999997,A8,S29,状态触发,堵塞损失≥10触发，维护后储备阈值50，冷却35日,213.65753802264732,S29,213.65753802264732,0.0,0.0,0.6392530234349021,9.678290774804417,0.0926916883980608,557.0,0.945
medium_major_0.70_1.40,中维护价×大维护价,1.0,0.7,1.4,300.0,2.0999999999999996,16.799999999999997,A9,S29,状态触发,堵塞损失≥10触发，维护后储备阈值50，冷却35日,53.337890874534565,S33,55.17549572048039,1.837604845945826,0.034452146791262885,0.1051012597763595,9.854819622930346,0.06621379365910647,3487.0,0.005
medium_major_0.70_1.40,中维护价×大维护价,1.0,0.7,1.4,300.0,2.0999999999999996,16.799999999999997,A10,S29,状态触发,堵塞损失≥10触发，维护后储备阈值50，冷却35日,373.81019678429595,S29,373.81019678429595,0.0,0.0,1.1792528976850805,9.540155942272301,0.0,308.0,1.0
medium_major_0.70_1.50,中维护价×大维护价,1.0,0.7,1.5,300.0,2.0999999999999996,18.0,A1,S32,状态触发,堵塞损失≥20触发，维护后储备阈值50，冷却21日,74.34432859639479,S32,74.34432859639479,0.0,0.0,0.19978831463992977,6.783812223598816,0.00899047415879684,1785.0,0.0
medium_major_0.70_1.50,中维护价×大维护价,1.0,0.7,1.5,300.0,2.0999999999999996,18.0,A2,S28,状态触发,堵塞损失≥10触发，维护后储备阈值50，冷却21日,180.75748152381493,S29,181.71257141007007,0.9550898862551378,0.005283819392722088,0.5186110736420625,11.987694967236276,0.0,692.0,0.635
medium_major_0.70_1.50,中维护价×大维护价,1.0,0.7,1.5,300.0,2.0999999999999996,18.0,A3,S32,状态触发,堵塞损失≥20触发，维护后储备阈值50，冷却21日,64.47174219030605,S32,64.47174219030605,0.0,0.0,0.17037424025450018,5.916245492837518,0.05196414327762255,2093.0,0.0
medium_major_0.70_1.50,中维护价×大维护价,1.0,0.7,1.5,300.0,2.0999999999999996,18.0,A4,S32,状态触发,堵塞损失≥20触发，维护后储备阈值50，冷却21日,63.57851444714081,S32,63.57851444714081,0.0,0.0,0.1706189696529463,5.484546779493959,0.048626406351089696,2060.0,0.0
medium_major_0.70_1.50,中维护价×大维护价,1.0,0.7,1.5,300.0,2.0999999999999996,18.0,A5,S29,状态触发,堵塞损失≥10触发，维护后储备阈值50，冷却35日,196.3384780723936,S32,197.9639044434512,1.625426371057614,0.008278694971131892,0.5864219829973749,9.71994436818149,0.0,604.0,0.87
medium_major_0.70_1.50,中维护价×大维护价,1.0,0.7,1.5,300.0,2.0999999999999996,18.0,A6,S33,状态触发,堵塞损失≥20触发，维护后储备阈值50，冷却35日,86.33979713449858,S32,86.34223871281954,0.002441578320954818,2.827871273720242e-05,0.2356200791528644,6.353495434356988,0.1284129431383111,1491.0,0.0
medium_major_0.70_1.50,中维护价×大维护价,1.0,0.7,1.5,300.0,2.0999999999999996,18.0,A7,S29,状态触发,堵塞损失≥10触发，维护后储备阈值50，冷却35日,112.15261880418694,S29,112.15261880418694,0.0,0.0,0.30115887418938586,9.737972196913791,0.07528971854734647,1262.0,0.005
medium_major_0.70_1.50,中维护价×大维护价,1.0,0.7,1.5,300.0,2.0999999999999996,18.0,A8,S29,状态触发,堵塞损失≥10触发，维护后储备阈值50，冷却35日,213.76876804872498,S29,213.76876804872498,0.0,0.0,0.6392530234349021,9.678290774804417,0.0926916883980608,557.0,0.945
medium_major_0.70_1.50,中维护价×大维护价,1.0,0.7,1.5,300.0,2.0999999999999996,18.0,A9,S29,状态触发,堵塞损失≥10触发，维护后储备阈值50，冷却35日,53.417347426925495,S33,55.88199786591595,2.4646504389904536,0.04613951380423889,0.1051012597763595,9.854819622930346,0.06621379365910647,3487.0,0.005
medium_major_0.70_1.50,中维护价×大维护价,1.0,0.7,1.5,300.0,2.0999999999999996,18.0,A10,S29,状态触发,堵塞损失≥10触发，维护后储备阈值50，冷却35日,373.81019678429595,S29,373.81019678429595,0.0,0.0,1.1792528976850805,9.540155942272301,0.0,308.0,1.0
medium_major_0.80_0.50,中维护价×大维护价,1.0,0.8,0.5,300.0,2.4000000000000004,6.0,A1,S32,状态触发,堵塞损失≥20触发，维护后储备阈值50，冷却21日,76.27158657356888,S32,76.27158657356888,0.0,0.0,0.19978831463992977,6.783812223598816,0.00899047415879684,1785.0,0.0
medium_major_0.80_0.50,中维护价×大维护价,1.0,0.8,0.5,300.0,2.4000000000000004,6.0,A2,S29,状态触发,堵塞损失≥10触发，维护后储备阈值50，冷却35日,182.6570611428489,S29,182.6570611428489,0.0,0.0,0.5255925057200005,9.98100168362281,0.1708175643590002,681.0,0.66
medium_major_0.80_0.50,中维护价×大维护价,1.0,0.8,0.5,300.0,2.4000000000000004,6.0,A3,S32,状态触发,堵塞损失≥20触发，维护后储备阈值50，冷却21日,65.62304611882583,S32,65.62304611882583,0.0,0.0,0.17037424025450018,5.916245492837518,0.05196414327762255,2093.0,0.0
medium_major_0.80_0.50,中维护价×大维护价,1.0,0.8,0.5,300.0,2.4000000000000004,6.0,A4,S32,状态触发,堵塞损失≥20触发，维护后储备阈值50，冷却21日,64.64036160477593,S32,64.64036160477593,0.0,0.0,0.1706189696529463,5.484546779493959,0.048626406351089696,2060.0,0.0
medium_major_0.80_0.50,中维护价×大维护价,1.0,0.8,0.5,300.0,2.4000000000000004,6.0,A5,S29,状态触发,堵塞损失≥10触发，维护后储备阈值50，冷却35日,199.25446138284804,S32,199.84253366953678,0.5880722866887425,0.00295136320967398,0.5864219829973749,9.71994436818149,0.0,604.0,0.87
medium_major_0.80_0.50,中维护价×大维护价,1.0,0.8,0.5,300.0,2.4000000000000004,6.0,A6,S33,状态触发,堵塞损失≥20触发，维护后储备阈值50，冷却35日,86.70489044714596,S32,86.70802826713799,0.0031378199920339966,3.618965407662635e-05,0.2356200791528644,6.353495434356988,0.1284129431383111,1491.0,0.0
medium_major_0.80_0.50,中维护价×大维护价,1.0,0.8,0.5,300.0,2.4000000000000004,6.0,A7,S29,状态触发,堵塞损失≥10触发，维护后储备阈值50，冷却35日,114.17053384069293,S29,114.17053384069293,0.0,0.0,0.30115887418938586,9.737972196913791,0.07528971854734647,1262.0,0.005
medium_major_0.80_0.50,中维护价×大维护价,1.0,0.8,0.5,300.0,2.4000000000000004,6.0,A8,S29,状态触发,堵塞损失≥10触发，维护后储备阈值50，冷却35日,215.5599550203896,S29,215.5599550203896,0.0,0.0,0.6392530234349021,9.678290774804417,0.0926916883980608,557.0,0.945
medium_major_0.80_0.50,中维护价×大维护价,1.0,0.8,0.5,300.0,2.4000000000000004,6.0,A9,S32,状态触发,堵塞损失≥20触发，维护后储备阈值50，冷却21日,50.348213494581806,S33,50.54774082230345,0.19952732772164694,0.003962947518348768,0.10933664611147696,5.846230467580674,0.5860444231575166,3271.0,0.0
medium_major_0.80_0.50,中维护价×大维护价,1.0,0.8,0.5,300.0,2.4000000000000004,6.0,A10,S29,状态触发,堵塞损失≥10触发，维护后储备阈值50，冷却35日,376.6722435669776,S29,376.6722435669776,0.0,0.0,1.1792528976850805,9.540155942272301,0.0,308.0,1.0
medium_major_0.80_0.60,中维护价×大维护价,1.0,0.8,0.6,300.0,2.4000000000000004,7.199999999999999,A1,S32,状态触发,堵塞损失≥20触发，维护后储备阈值50，冷却21日,76.28237514255943,S32,76.28237514255943,0.0,0.0,0.19978831463992977,6.783812223598816,0.00899047415879684,1785.0,0.0
medium_major_0.80_0.60,中维护价×大维护价,1.0,0.8,0.6,300.0,2.4000000000000004,7.199999999999999,A2,S29,状态触发,堵塞损失≥10触发，维护后储备阈值50，冷却35日,182.86204222007973,S29,182.86204222007973,0.0,0.0,0.5255925057200005,9.98100168362281,0.1708175643590002,681.0,0.66
medium_major_0.80_0.60,中维护价×大维护价,1.0,0.8,0.6,300.0,2.4000000000000004,7.199999999999999,A3,S32,状态触发,堵塞损失≥20触发，维护后储备阈值50，冷却21日,65.68540309075897,S32,65.68540309075897,0.0,0.0,0.17037424025450018,5.916245492837518,0.05196414327762255,2093.0,0.0
medium_major_0.80_0.60,中维护价×大维护价,1.0,0.8,0.6,300.0,2.4000000000000004,7.199999999999999,A4,S32,状态触发,堵塞损失≥20触发，维护后储备阈值50，冷却21日,64.69871329239724,S32,64.69871329239724,0.0,0.0,0.1706189696529463,5.484546779493959,0.048626406351089696,2060.0,0.0
medium_major_0.80_0.60,中维护价×大维护价,1.0,0.8,0.6,300.0,2.4000000000000004,7.199999999999999,A5,S29,状态触发,堵塞损失≥10触发，维护后储备阈值50，冷却35日,199.25446138284804,S32,199.84253366953678,0.5880722866887425,0.00295136320967398,0.5864219829973749,9.71994436818149,0.0,604.0,0.87
medium_major_0.80_0.60,中维护价×大维护价,1.0,0.8,0.6,300.0,2.4000000000000004,7.199999999999999,A6,S33,状态触发,堵塞损失≥20触发，维护后储备阈值50，冷却35日,86.85898597891193,S32,86.86211932576876,0.0031333468568277567,3.607395160690094e-05,0.2356200791528644,6.353495434356988,0.1284129431383111,1491.0,0.0
medium_major_0.80_0.60,中维护价×大维护价,1.0,0.8,0.6,300.0,2.4000000000000004,7.199999999999999,A7,S29,状态触发,堵塞损失≥10触发，维护后储备阈值50，冷却35日,114.26088150294974,S29,114.26088150294974,0.0,0.0,0.30115887418938586,9.737972196913791,0.07528971854734647,1262.0,0.005
medium_major_0.80_0.60,中维护价×大维护价,1.0,0.8,0.6,300.0,2.4000000000000004,7.199999999999999,A8,S29,状态触发,堵塞损失≥10触发，维护后储备阈值50，冷却35日,215.67118504646726,S29,215.67118504646726,0.0,0.0,0.6392530234349021,9.678290774804417,0.0926916883980608,557.0,0.945
medium_major_0.80_0.60,中维护价×大维护价,1.0,0.8,0.6,300.0,2.4000000000000004,7.199999999999999,A9,S32,状态触发,堵塞损失≥20触发，维护后储备阈值50，冷却21日,51.051466802370825,S33,51.25424296773901,0.202776165368185,0.003971994892001185,0.10933664611147696,5.846230467580674,0.5860444231575166,3271.0,0.0
medium_major_0.80_0.60,中维护价×大维护价,1.0,0.8,0.6,300.0,2.4000000000000004,7.199999999999999,A10,S29,状态触发,堵塞损失≥10触发，维护后储备阈值50，冷却35日,376.6722435669776,S29,376.6722435669776,0.0,0.0,1.1792528976850805,9.540155942272301,0.0,308.0,1.0
medium_major_0.80_0.70,中维护价×大维护价,1.0,0.8,0.7,300.0,2.4000000000000004,8.399999999999999,A1,S32,状态触发,堵塞损失≥20触发，维护后储备阈值50，冷却21日,76.29316371155,S32,76.29316371155,0.0,0.0,0.19978831463992977,6.783812223598816,0.00899047415879684,1785.0,0.0
medium_major_0.80_0.70,中维护价×大维护价,1.0,0.8,0.7,300.0,2.4000000000000004,8.399999999999999,A2,S29,状态触发,堵塞损失≥10触发，维护后储备阈值50，冷却35日,183.06702329731053,S29,183.06702329731053,0.0,0.0,0.5255925057200005,9.98100168362281,0.1708175643590002,681.0,0.66
medium_major_0.80_0.70,中维护价×大维护价,1.0,0.8,0.7,300.0,2.4000000000000004,8.399999999999999,A3,S32,状态触发,堵塞损失≥20触发，维护后储备阈值50，冷却21日,65.74776006269212,S32,65.74776006269212,0.0,0.0,0.17037424025450018,5.916245492837518,0.05196414327762255,2093.0,0.0
medium_major_0.80_0.70,中维护价×大维护价,1.0,0.8,0.7,300.0,2.4000000000000004,8.399999999999999,A4,S32,状态触发,堵塞损失≥20触发，维护后储备阈值50，冷却21日,64.75706498001854,S32,64.75706498001854,0.0,0.0,0.1706189696529463,5.484546779493959,0.048626406351089696,2060.0,0.0
medium_major_0.80_0.70,中维护价×大维护价,1.0,0.8,0.7,300.0,2.4000000000000004,8.399999999999999,A5,S29,状态触发,堵塞损失≥10触发，维护后储备阈值50，冷却35日,199.25446138284804,S32,199.84253366953678,0.5880722866887425,0.00295136320967398,0.5864219829973749,9.71994436818149,0.0,604.0,0.87
medium_major_0.80_0.70,中维护价×大维护价,1.0,0.8,0.7,300.0,2.4000000000000004,8.399999999999999,A6,S33,状态触发,堵塞损失≥20触发，维护后储备阈值50，冷却35日,87.0130815106779,S32,87.01621038439953,0.0031288737216215168,3.59586589429953e-05,0.2356200791528644,6.353495434356988,0.1284129431383111,1491.0,0.0
medium_major_0.80_0.70,中维护价×大维护价,1.0,0.8,0.7,300.0,2.4000000000000004,8.399999999999999,A7,S29,状态触发,堵塞损失≥10触发，维护后储备阈值50，冷却35日,114.35122916520656,S29,114.35122916520656,0.0,0.0,0.30115887418938586,9.737972196913791,0.07528971854734647,1262.0,0.005
medium_major_0.80_0.70,中维护价×大维护价,1.0,0.8,0.7,300.0,2.4000000000000004,8.399999999999999,A8,S29,状态触发,堵塞损失≥10触发，维护后储备阈值50，冷却35日,215.78241507254492,S29,215.78241507254492,0.0,0.0,0.6392530234349021,9.678290774804417,0.0926916883980608,557.0,0.945
medium_major_0.80_0.70,中维护价×大维护价,1.0,0.8,0.7,300.0,2.4000000000000004,8.399999999999999,A9,S32,状态触发,堵塞损失≥20触发，维护后储备阈值50，冷却21日,51.75472011015985,S33,51.96074511317457,0.20602500301471594,0.003980796390671073,0.10933664611147696,5.846230467580674,0.5860444231575166,3271.0,0.0
medium_major_0.80_0.70,中维护价×大维护价,1.0,0.8,0.7,300.0,2.4000000000000004,8.399999999999999,A10,S29,状态触发,堵塞损失≥10触发，维护后储备阈值50，冷却35日,376.6722435669776,S29,376.6722435669776,0.0,0.0,1.1792528976850805,9.540155942272301,0.0,308.0,1.0
medium_major_0.80_0.80,中维护价×大维护价,1.0,0.8,0.8,300.0,2.4000000000000004,9.600000000000001,A1,S32,状态触发,堵塞损失≥20触发，维护后储备阈值50，冷却21日,76.30395228054054,S32,76.30395228054054,0.0,0.0,0.19978831463992977,6.783812223598816,0.00899047415879684,1785.0,0.0
medium_major_0.80_0.80,中维护价×大维护价,1.0,0.8,0.8,300.0,2.4000000000000004,9.600000000000001,A2,S29,状态触发,堵塞损失≥10触发，维护后储备阈值50，冷却35日,183.27200437454132,S29,183.27200437454132,0.0,0.0,0.5255925057200005,9.98100168362281,0.1708175643590002,681.0,0.66
medium_major_0.80_0.80,中维护价×大维护价,1.0,0.8,0.8,300.0,2.4000000000000004,9.600000000000001,A3,S32,状态触发,堵塞损失≥20触发，维护后储备阈值50，冷却21日,65.81011703462526,S32,65.81011703462526,0.0,0.0,0.17037424025450018,5.916245492837518,0.05196414327762255,2093.0,0.0
medium_major_0.80_0.80,中维护价×大维护价,1.0,0.8,0.8,300.0,2.4000000000000004,9.600000000000001,A4,S32,状态触发,堵塞损失≥20触发，维护后储备阈值50，冷却21日,64.81541666763985,S32,64.81541666763985,0.0,0.0,0.1706189696529463,5.484546779493959,0.048626406351089696,2060.0,0.0
medium_major_0.80_0.80,中维护价×大维护价,1.0,0.8,0.8,300.0,2.4000000000000004,9.600000000000001,A5,S29,状态触发,堵塞损失≥10触发，维护后储备阈值50，冷却35日,199.25446138284804,S32,199.84253366953678,0.5880722866887425,0.00295136320967398,0.5864219829973749,9.71994436818149,0.0,604.0,0.87
medium_major_0.80_0.80,中维护价×大维护价,1.0,0.8,0.8,300.0,2.4000000000000004,9.600000000000001,A6,S33,状态触发,堵塞损失≥20触发，维护后储备阈值50，冷却35日,87.16717704244388,S32,87.17030144303028,0.003124400586401066,3.5843773911362494e-05,0.2356200791528644,6.353495434356988,0.1284129431383111,1491.0,0.0
medium_major_0.80_0.80,中维护价×大维护价,1.0,0.8,0.8,300.0,2.4000000000000004,9.600000000000001,A7,S29,状态触发,堵塞损失≥10触发，维护后储备阈值50，冷却35日,114.44157682746338,S29,114.44157682746338,0.0,0.0,0.30115887418938586,9.737972196913791,0.07528971854734647,1262.0,0.005
medium_major_0.80_0.80,中维护价×大维护价,1.0,0.8,0.8,300.0,2.4000000000000004,9.600000000000001,A8,S29,状态触发,堵塞损失≥10触发，维护后储备阈值50，冷却35日,215.8936450986226,S29,215.8936450986226,0.0,0.0,0.6392530234349021,9.678290774804417,0.0926916883980608,557.0,0.945
medium_major_0.80_0.80,中维护价×大维护价,1.0,0.8,0.8,300.0,2.4000000000000004,9.600000000000001,A9,S32,状态触发,堵塞损失≥20触发，维护后储备阈值50，冷却21日,52.45797341794887,S33,52.667247258610125,0.20927384066125398,0.003989361902982882,0.10933664611147696,5.846230467580674,0.5860444231575166,3271.0,0.0
medium_major_0.80_0.80,中维护价×大维护价,1.0,0.8,0.8,300.0,2.4000000000000004,9.600000000000001,A10,S29,状态触发,堵塞损失≥10触发，维护后储备阈值50，冷却35日,376.6722435669776,S29,376.6722435669776,0.0,0.0,1.1792528976850805,9.540155942272301,0.0,308.0,1.0
medium_major_0.80_0.90,中维护价×大维护价,1.0,0.8,0.9,300.0,2.4000000000000004,10.8,A1,S32,状态触发,堵塞损失≥20触发，维护后储备阈值50，冷却21日,76.3147408495311,S32,76.3147408495311,0.0,0.0,0.19978831463992977,6.783812223598816,0.00899047415879684,1785.0,0.0
medium_major_0.80_0.90,中维护价×大维护价,1.0,0.8,0.9,300.0,2.4000000000000004,10.8,A2,S29,状态触发,堵塞损失≥10触发，维护后储备阈值50，冷却35日,183.47698545177212,S29,183.47698545177212,0.0,0.0,0.5255925057200005,9.98100168362281,0.1708175643590002,681.0,0.66
medium_major_0.80_0.90,中维护价×大维护价,1.0,0.8,0.9,300.0,2.4000000000000004,10.8,A3,S32,状态触发,堵塞损失≥20触发，维护后储备阈值50，冷却21日,65.87247400655842,S32,65.87247400655842,0.0,0.0,0.17037424025450018,5.916245492837518,0.05196414327762255,2093.0,0.0
medium_major_0.80_0.90,中维护价×大维护价,1.0,0.8,0.9,300.0,2.4000000000000004,10.8,A4,S32,状态触发,堵塞损失≥20触发，维护后储备阈值50，冷却21日,64.87376835526116,S32,64.87376835526116,0.0,0.0,0.1706189696529463,5.484546779493959,0.048626406351089696,2060.0,0.0
medium_major_0.80_0.90,中维护价×大维护价,1.0,0.8,0.9,300.0,2.4000000000000004,10.8,A5,S29,状态触发,堵塞损失≥10触发，维护后储备阈值50，冷却35日,199.25446138284804,S32,199.84253366953678,0.5880722866887425,0.00295136320967398,0.5864219829973749,9.71994436818149,0.0,604.0,0.87
medium_major_0.80_0.90,中维护价×大维护价,1.0,0.8,0.9,300.0,2.4000000000000004,10.8,A6,S33,状态触发,堵塞损失≥20触发，维护后储备阈值50，冷却35日,87.32127257420986,S32,87.32439250166105,0.003119927451194826,3.5729294354286466e-05,0.2356200791528644,6.353495434356988,0.1284129431383111,1491.0,0.0
medium_major_0.80_0.90,中维护价×大维护价,1.0,0.8,0.9,300.0,2.4000000000000004,10.8,A7,S29,状态触发,堵塞损失≥10触发，维护后储备阈值50，冷却35日,114.5319244897202,S29,114.5319244897202,0.0,0.0,0.30115887418938586,9.737972196913791,0.07528971854734647,1262.0,0.005
medium_major_0.80_0.90,中维护价×大维护价,1.0,0.8,0.9,300.0,2.4000000000000004,10.8,A8,S29,状态触发,堵塞损失≥10触发，维护后储备阈值50，冷却35日,216.00487512470028,S29,216.00487512470028,0.0,0.0,0.6392530234349021,9.678290774804417,0.0926916883980608,557.0,0.945
medium_major_0.80_0.90,中维护价×大维护价,1.0,0.8,0.9,300.0,2.4000000000000004,10.8,A9,S32,状态触发,堵塞损失≥20触发，维护后储备阈值50，冷却21日,53.16122672573789,S33,53.37374940404568,0.21252267830779203,0.003997700794306533,0.10933664611147696,5.846230467580674,0.5860444231575166,3271.0,0.0
medium_major_0.80_0.90,中维护价×大维护价,1.0,0.8,0.9,300.0,2.4000000000000004,10.8,A10,S29,状态触发,堵塞损失≥10触发，维护后储备阈值50，冷却35日,376.6722435669776,S29,376.6722435669776,0.0,0.0,1.1792528976850805,9.540155942272301,0.0,308.0,1.0
medium_major_0.80_1.00,中维护价×大维护价,1.0,0.8,1.0,300.0,2.4000000000000004,12.0,A1,S32,状态触发,堵塞损失≥20触发，维护后储备阈值50，冷却21日,76.32552941852165,S32,76.32552941852165,0.0,0.0,0.19978831463992977,6.783812223598816,0.00899047415879684,1785.0,0.0
medium_major_0.80_1.00,中维护价×大维护价,1.0,0.8,1.0,300.0,2.4000000000000004,12.0,A2,S29,状态触发,堵塞损失≥10触发，维护后储备阈值50，冷却35日,183.68196652900292,S29,183.68196652900292,0.0,0.0,0.5255925057200005,9.98100168362281,0.1708175643590002,681.0,0.66
medium_major_0.80_1.00,中维护价×大维护价,1.0,0.8,1.0,300.0,2.4000000000000004,12.0,A3,S32,状态触发,堵塞损失≥20触发，维护后储备阈值50，冷却21日,65.93483097849156,S32,65.93483097849156,0.0,0.0,0.17037424025450018,5.916245492837518,0.05196414327762255,2093.0,0.0
medium_major_0.80_1.00,中维护价×大维护价,1.0,0.8,1.0,300.0,2.4000000000000004,12.0,A4,S32,状态触发,堵塞损失≥20触发，维护后储备阈值50，冷却21日,64.93212004288247,S32,64.93212004288247,0.0,0.0,0.1706189696529463,5.484546779493959,0.048626406351089696,2060.0,0.0
medium_major_0.80_1.00,中维护价×大维护价,1.0,0.8,1.0,300.0,2.4000000000000004,12.0,A5,S29,状态触发,堵塞损失≥10触发，维护后储备阈值50，冷却35日,199.25446138284804,S32,199.84253366953678,0.5880722866887425,0.00295136320967398,0.5864219829973749,9.71994436818149,0.0,604.0,0.87
medium_major_0.80_1.00,中维护价×大维护价,1.0,0.8,1.0,300.0,2.4000000000000004,12.0,A6,S33,状态触发,堵塞损失≥20触发，维护后储备阈值50，冷却35日,87.47536810597583,S32,87.47848356029182,0.003115454315988586,3.561521812876779e-05,0.2356200791528644,6.353495434356988,0.1284129431383111,1491.0,0.0
medium_major_0.80_1.00,中维护价×大维护价,1.0,0.8,1.0,300.0,2.4000000000000004,12.0,A7,S29,状态触发,堵塞损失≥10触发，维护后储备阈值50，冷却35日,114.62227215197701,S29,114.62227215197701,0.0,0.0,0.30115887418938586,9.737972196913791,0.07528971854734647,1262.0,0.005
medium_major_0.80_1.00,中维护价×大维护价,1.0,0.8,1.0,300.0,2.4000000000000004,12.0,A8,S29,状态触发,堵塞损失≥10触发，维护后储备阈值50，冷却35日,216.11610515077794,S29,216.11610515077794,0.0,0.0,0.6392530234349021,9.678290774804417,0.0926916883980608,557.0,0.945
medium_major_0.80_1.00,中维护价×大维护价,1.0,0.8,1.0,300.0,2.4000000000000004,12.0,A9,S32,状态触发,堵塞损失≥20触发，维护后储备阈值50，冷却21日,53.86448003352691,S33,54.08025154948124,0.21577151595433008,0.004005821940915929,0.10933664611147696,5.846230467580674,0.5860444231575166,3271.0,0.0
medium_major_0.80_1.00,中维护价×大维护价,1.0,0.8,1.0,300.0,2.4000000000000004,12.0,A10,S29,状态触发,堵塞损失≥10触发，维护后储备阈值50，冷却35日,376.6722435669776,S29,376.6722435669776,0.0,0.0,1.1792528976850805,9.540155942272301,0.0,308.0,1.0
medium_major_0.80_1.10,中维护价×大维护价,1.0,0.8,1.1,300.0,2.4000000000000004,13.200000000000001,A1,S32,状态触发,堵塞损失≥20触发，维护后储备阈值50，冷却21日,76.33631798751222,S32,76.33631798751222,0.0,0.0,0.19978831463992977,6.783812223598816,0.00899047415879684,1785.0,0.0
medium_major_0.80_1.10,中维护价×大维护价,1.0,0.8,1.1,300.0,2.4000000000000004,13.200000000000001,A2,S29,状态触发,堵塞损失≥10触发，维护后储备阈值50，冷却35日,183.88694760623372,S29,183.88694760623372,0.0,0.0,0.5255925057200005,9.98100168362281,0.1708175643590002,681.0,0.66
medium_major_0.80_1.10,中维护价×大维护价,1.0,0.8,1.1,300.0,2.4000000000000004,13.200000000000001,A3,S32,状态触发,堵塞损失≥20触发，维护后储备阈值50，冷却21日,65.9971879504247,S32,65.9971879504247,0.0,0.0,0.17037424025450018,5.916245492837518,0.05196414327762255,2093.0,0.0
medium_major_0.80_1.10,中维护价×大维护价,1.0,0.8,1.1,300.0,2.4000000000000004,13.200000000000001,A4,S32,状态触发,堵塞损失≥20触发，维护后储备阈值50，冷却21日,64.99047173050377,S32,64.99047173050377,0.0,0.0,0.1706189696529463,5.484546779493959,0.048626406351089696,2060.0,0.0
medium_major_0.80_1.10,中维护价×大维护价,1.0,0.8,1.1,300.0,2.4000000000000004,13.200000000000001,A5,S29,状态触发,堵塞损失≥10触发，维护后储备阈值50，冷却35日,199.25446138284804,S32,199.84253366953678,0.5880722866887425,0.00295136320967398,0.5864219829973749,9.71994436818149,0.0,604.0,0.87
medium_major_0.80_1.10,中维护价×大维护价,1.0,0.8,1.1,300.0,2.4000000000000004,13.200000000000001,A6,S33,状态触发,堵塞损失≥20触发，维护后储备阈值50，冷却35日,87.62946363774181,S32,87.63257461892259,0.003110981180782346,3.550154310704298e-05,0.2356200791528644,6.353495434356988,0.1284129431383111,1491.0,0.0
medium_major_0.80_1.10,中维护价×大维护价,1.0,0.8,1.1,300.0,2.4000000000000004,13.200000000000001,A7,S29,状态触发,堵塞损失≥10触发，维护后储备阈值50，冷却35日,114.71261981423382,S29,114.71261981423382,0.0,0.0,0.30115887418938586,9.737972196913791,0.07528971854734647,1262.0,0.005
medium_major_0.80_1.10,中维护价×大维护价,1.0,0.8,1.1,300.0,2.4000000000000004,13.200000000000001,A8,S29,状态触发,堵塞损失≥10触发，维护后储备阈值50，冷却35日,216.22733517685563,S29,216.22733517685563,0.0,0.0,0.6392530234349021,9.678290774804417,0.0926916883980608,557.0,0.945
medium_major_0.80_1.10,中维护价×大维护价,1.0,0.8,1.1,300.0,2.4000000000000004,13.200000000000001,A9,S32,状态触发,堵塞损失≥20触发，维护后储备阈值50，冷却21日,54.56773334131593,S33,54.7867536949168,0.21902035360086813,0.004013733761505483,0.10933664611147696,5.846230467580674,0.5860444231575166,3271.0,0.0
medium_major_0.80_1.10,中维护价×大维护价,1.0,0.8,1.1,300.0,2.4000000000000004,13.200000000000001,A10,S29,状态触发,堵塞损失≥10触发，维护后储备阈值50，冷却35日,376.6722435669776,S29,376.6722435669776,0.0,0.0,1.1792528976850805,9.540155942272301,0.0,308.0,1.0
medium_major_0.80_1.20,中维护价×大维护价,1.0,0.8,1.2,300.0,2.4000000000000004,14.399999999999999,A1,S32,状态触发,堵塞损失≥20触发，维护后储备阈值50，冷却21日,76.34710655650277,S32,76.34710655650277,0.0,0.0,0.19978831463992977,6.783812223598816,0.00899047415879684,1785.0,0.0
medium_major_0.80_1.20,中维护价×大维护价,1.0,0.8,1.2,300.0,2.4000000000000004,14.399999999999999,A2,S29,状态触发,堵塞损失≥10触发，维护后储备阈值50，冷却35日,184.09192868346452,S29,184.09192868346452,0.0,0.0,0.5255925057200005,9.98100168362281,0.1708175643590002,681.0,0.66
medium_major_0.80_1.20,中维护价×大维护价,1.0,0.8,1.2,300.0,2.4000000000000004,14.399999999999999,A3,S32,状态触发,堵塞损失≥20触发，维护后储备阈值50，冷却21日,66.05954492235786,S32,66.05954492235786,0.0,0.0,0.17037424025450018,5.916245492837518,0.05196414327762255,2093.0,0.0
medium_major_0.80_1.20,中维护价×大维护价,1.0,0.8,1.2,300.0,2.4000000000000004,14.399999999999999,A4,S32,状态触发,堵塞损失≥20触发，维护后储备阈值50，冷却21日,65.04882341812508,S32,65.04882341812508,0.0,0.0,0.1706189696529463,5.484546779493959,0.048626406351089696,2060.0,0.0
medium_major_0.80_1.20,中维护价×大维护价,1.0,0.8,1.2,300.0,2.4000000000000004,14.399999999999999,A5,S29,状态触发,堵塞损失≥10触发，维护后储备阈值50，冷却35日,199.25446138284804,S32,199.84253366953678,0.5880722866887425,0.00295136320967398,0.5864219829973749,9.71994436818149,0.0,604.0,0.87
medium_major_0.80_1.20,中维护价×大维护价,1.0,0.8,1.2,300.0,2.4000000000000004,14.399999999999999,A6,S33,状态触发,堵塞损失≥20触发，维护后储备阈值50，冷却35日,87.78355916950777,S32,87.78666567755336,0.003106508045590317,3.5388267176450784e-05,0.2356200791528644,6.353495434356988,0.1284129431383111,1491.0,0.0
medium_major_0.80_1.20,中维护价×大维护价,1.0,0.8,1.2,300.0,2.4000000000000004,14.399999999999999,A7,S29,状态触发,堵塞损失≥10触发，维护后储备阈值50，冷却35日,114.80296747649064,S29,114.80296747649064,0.0,0.0,0.30115887418938586,9.737972196913791,0.07528971854734647,1262.0,0.005
medium_major_0.80_1.20,中维护价×大维护价,1.0,0.8,1.2,300.0,2.4000000000000004,14.399999999999999,A8,S29,状态触发,堵塞损失≥10触发，维护后储备阈值50，冷却35日,216.3385652029333,S29,216.3385652029333,0.0,0.0,0.6392530234349021,9.678290774804417,0.0926916883980608,557.0,0.945
medium_major_0.80_1.20,中维护价×大维护价,1.0,0.8,1.2,300.0,2.4000000000000004,14.399999999999999,A9,S32,状态触发,堵塞损失≥20触发，维护后储备阈值50，冷却21日,55.27098664910495,S33,55.493255840352354,0.22226919124740618,0.004021444246300705,0.10933664611147696,5.846230467580674,0.5860444231575166,3271.0,0.0
medium_major_0.80_1.20,中维护价×大维护价,1.0,0.8,1.2,300.0,2.4000000000000004,14.399999999999999,A10,S29,状态触发,堵塞损失≥10触发，维护后储备阈值50，冷却35日,376.6722435669776,S29,376.6722435669776,0.0,0.0,1.1792528976850805,9.540155942272301,0.0,308.0,1.0
medium_major_0.80_1.30,中维护价×大维护价,1.0,0.8,1.3,300.0,2.4000000000000004,15.600000000000001,A1,S32,状态触发,堵塞损失≥20触发，维护后储备阈值50，冷却21日,76.35789512549333,S32,76.35789512549333,0.0,0.0,0.19978831463992977,6.783812223598816,0.00899047415879684,1785.0,0.0
medium_major_0.80_1.30,中维护价×大维护价,1.0,0.8,1.3,300.0,2.4000000000000004,15.600000000000001,A2,S29,状态触发,堵塞损失≥10触发，维护后储备阈值50，冷却35日,184.2969097606953,S29,184.2969097606953,0.0,0.0,0.5255925057200005,9.98100168362281,0.1708175643590002,681.0,0.66
medium_major_0.80_1.30,中维护价×大维护价,1.0,0.8,1.3,300.0,2.4000000000000004,15.600000000000001,A3,S32,状态触发,堵塞损失≥20触发，维护后储备阈值50，冷却21日,66.121901894291,S32,66.121901894291,0.0,0.0,0.17037424025450018,5.916245492837518,0.05196414327762255,2093.0,0.0
medium_major_0.80_1.30,中维护价×大维护价,1.0,0.8,1.3,300.0,2.4000000000000004,15.600000000000001,A4,S32,状态触发,堵塞损失≥20触发，维护后储备阈值50，冷却21日,65.10717510574639,S32,65.10717510574639,0.0,0.0,0.1706189696529463,5.484546779493959,0.048626406351089696,2060.0,0.0
medium_major_0.80_1.30,中维护价×大维护价,1.0,0.8,1.3,300.0,2.4000000000000004,15.600000000000001,A5,S29,状态触发,堵塞损失≥10触发，维护后储备阈值50，冷却35日,199.25446138284804,S32,199.84253366953678,0.5880722866887425,0.00295136320967398,0.5864219829973749,9.71994436818149,0.0,604.0,0.87
medium_major_0.80_1.30,中维护价×大维护价,1.0,0.8,1.3,300.0,2.4000000000000004,15.600000000000001,A6,S33,状态触发,堵塞损失≥20触发，维护后储备阈值50，冷却35日,87.93765470127374,S32,87.94075673618411,0.0031020349103698663,3.5275388238491815e-05,0.2356200791528644,6.353495434356988,0.1284129431383111,1491.0,0.0
medium_major_0.80_1.30,中维护价×大维护价,1.0,0.8,1.3,300.0,2.4000000000000004,15.600000000000001,A7,S29,状态触发,堵塞损失≥10触发，维护后储备阈值50，冷却35日,114.89331513874745,S29,114.89331513874745,0.0,0.0,0.30115887418938586,9.737972196913791,0.07528971854734647,1262.0,0.005
medium_major_0.80_1.30,中维护价×大维护价,1.0,0.8,1.3,300.0,2.4000000000000004,15.600000000000001,A8,S29,状态触发,堵塞损失≥10触发，维护后储备阈值50，冷却35日,216.44979522901096,S29,216.44979522901096,0.0,0.0,0.6392530234349021,9.678290774804417,0.0926916883980608,557.0,0.945
medium_major_0.80_1.30,中维护价×大维护价,1.0,0.8,1.3,300.0,2.4000000000000004,15.600000000000001,A9,S32,状态触发,堵塞损失≥20触发，维护后储备阈值50，冷却21日,55.97423995689397,S33,56.19975798578791,0.22551802889394423,0.004028960983974356,0.10933664611147696,5.846230467580674,0.5860444231575166,3271.0,0.0
medium_major_0.80_1.30,中维护价×大维护价,1.0,0.8,1.3,300.0,2.4000000000000004,15.600000000000001,A10,S29,状态触发,堵塞损失≥10触发，维护后储备阈值50，冷却35日,376.6722435669776,S29,376.6722435669776,0.0,0.0,1.1792528976850805,9.540155942272301,0.0,308.0,1.0
medium_major_0.80_1.40,中维护价×大维护价,1.0,0.8,1.4,300.0,2.4000000000000004,16.799999999999997,A1,S32,状态触发,堵塞损失≥20触发，维护后储备阈值50，冷却21日,76.36868369448388,S32,76.36868369448388,0.0,0.0,0.19978831463992977,6.783812223598816,0.00899047415879684,1785.0,0.0
medium_major_0.80_1.40,中维护价×大维护价,1.0,0.8,1.4,300.0,2.4000000000000004,16.799999999999997,A2,S28,状态触发,堵塞损失≥10触发，维护后储备阈值50，冷却21日,184.35379001398582,S29,184.5018908379261,0.14810082394029678,0.0008033511213903509,0.5186110736420625,11.987694967236276,0.0,692.0,0.635
medium_major_0.80_1.40,中维护价×大维护价,1.0,0.8,1.4,300.0,2.4000000000000004,16.799999999999997,A3,S32,状态触发,堵塞损失≥20触发，维护后储备阈值50，冷却21日,66.18425886622416,S32,66.18425886622416,0.0,0.0,0.17037424025450018,5.916245492837518,0.05196414327762255,2093.0,0.0
medium_major_0.80_1.40,中维护价×大维护价,1.0,0.8,1.4,300.0,2.4000000000000004,16.799999999999997,A4,S32,状态触发,堵塞损失≥20触发，维护后储备阈值50，冷却21日,65.1655267933677,S32,65.1655267933677,0.0,0.0,0.1706189696529463,5.484546779493959,0.048626406351089696,2060.0,0.0
medium_major_0.80_1.40,中维护价×大维护价,1.0,0.8,1.4,300.0,2.4000000000000004,16.799999999999997,A5,S29,状态触发,堵塞损失≥10触发，维护后储备阈值50，冷却35日,199.25446138284804,S32,199.84253366953678,0.5880722866887425,0.00295136320967398,0.5864219829973749,9.71994436818149,0.0,604.0,0.87
medium_major_0.80_1.40,中维护价×大维护价,1.0,0.8,1.4,300.0,2.4000000000000004,16.799999999999997,A6,S33,状态触发,堵塞损失≥20触发，维护后储备阈值50，冷却35日,88.09175023303972,S32,88.09484779481488,0.0030975617751636264,3.5162904210317914e-05,0.2356200791528644,6.353495434356988,0.1284129431383111,1491.0,0.0
medium_major_0.80_1.40,中维护价×大维护价,1.0,0.8,1.4,300.0,2.4000000000000004,16.799999999999997,A7,S29,状态触发,堵塞损失≥10触发，维护后储备阈值50，冷却35日,114.98366280100427,S29,114.98366280100427,0.0,0.0,0.30115887418938586,9.737972196913791,0.07528971854734647,1262.0,0.005
medium_major_0.80_1.40,中维护价×大维护价,1.0,0.8,1.4,300.0,2.4000000000000004,16.799999999999997,A8,S29,状态触发,堵塞损失≥10触发，维护后储备阈值50，冷却35日,216.56102525508865,S29,216.56102525508865,0.0,0.0,0.6392530234349021,9.678290774804417,0.0926916883980608,557.0,0.945
medium_major_0.80_1.40,中维护价×大维护价,1.0,0.8,1.4,300.0,2.4000000000000004,16.799999999999997,A9,S29,状态触发,堵塞损失≥10触发，维护后储备阈值50，冷却35日,56.294336761413675,S33,56.90626013122347,0.6119233698097943,0.01087006979766445,0.1051012597763595,9.854819622930346,0.06621379365910647,3487.0,0.005
medium_major_0.80_1.40,中维护价×大维护价,1.0,0.8,1.4,300.0,2.4000000000000004,16.799999999999997,A10,S29,状态触发,堵塞损失≥10触发，维护后储备阈值50，冷却35日,376.6722435669776,S29,376.6722435669776,0.0,0.0,1.1792528976850805,9.540155942272301,0.0,308.0,1.0
medium_major_0.80_1.50,中维护价×大维护价,1.0,0.8,1.5,300.0,2.4000000000000004,18.0,A1,S32,状态触发,堵塞损失≥20触发，维护后储备阈值50，冷却21日,76.37947226347444,S32,76.37947226347444,0.0,0.0,0.19978831463992977,6.783812223598816,0.00899047415879684,1785.0,0.0
medium_major_0.80_1.50,中维护价×大维护价,1.0,0.8,1.5,300.0,2.4000000000000004,18.0,A2,S28,状态触发,堵塞损失≥10触发，维护后储备阈值50，冷却21日,184.35379001398582,S29,184.7068719151569,0.3530819011710946,0.001915240804891011,0.5186110736420625,11.987694967236276,0.0,692.0,0.635
medium_major_0.80_1.50,中维护价×大维护价,1.0,0.8,1.5,300.0,2.4000000000000004,18.0,A3,S32,状态触发,堵塞损失≥20触发，维护后储备阈值50，冷却21日,66.2466158381573,S32,66.2466158381573,0.0,0.0,0.17037424025450018,5.916245492837518,0.05196414327762255,2093.0,0.0
medium_major_0.80_1.50,中维护价×大维护价,1.0,0.8,1.5,300.0,2.4000000000000004,18.0,A4,S32,状态触发,堵塞损失≥20触发，维护后储备阈值50，冷却21日,65.223878480989,S32,65.223878480989,0.0,0.0,0.1706189696529463,5.484546779493959,0.048626406351089696,2060.0,0.0
medium_major_0.80_1.50,中维护价×大维护价,1.0,0.8,1.5,300.0,2.4000000000000004,18.0,A5,S29,状态触发,堵塞损失≥10触发，维护后储备阈值50，冷却35日,199.25446138284804,S32,199.84253366953678,0.5880722866887425,0.00295136320967398,0.5864219829973749,9.71994436818149,0.0,604.0,0.87
medium_major_0.80_1.50,中维护价×大维护价,1.0,0.8,1.5,300.0,2.4000000000000004,18.0,A6,S33,状态触发,堵塞损失≥20触发，维护后储备阈值50，冷却35日,88.2458457648057,S32,88.24893885344565,0.0030930886399573865,3.505081302298511e-05,0.2356200791528644,6.353495434356988,0.1284129431383111,1491.0,0.0
medium_major_0.80_1.50,中维护价×大维护价,1.0,0.8,1.5,300.0,2.4000000000000004,18.0,A7,S29,状态触发,堵塞损失≥10触发，维护后储备阈值50，冷却35日,115.07401046326109,S29,115.07401046326109,0.0,0.0,0.30115887418938586,9.737972196913791,0.07528971854734647,1262.0,0.005
medium_major_0.80_1.50,中维护价×大维护价,1.0,0.8,1.5,300.0,2.4000000000000004,18.0,A8,S29,状态触发,堵塞损失≥10触发，维护后储备阈值50，冷却35日,216.67225528116631,S29,216.67225528116631,0.0,0.0,0.6392530234349021,9.678290774804417,0.0926916883980608,557.0,0.945
medium_major_0.80_1.50,中维护价×大维护价,1.0,0.8,1.5,300.0,2.4000000000000004,18.0,A9,S29,状态触发,堵塞损失≥10触发，维护后储备阈值50，冷却35日,56.373793313804605,S33,57.612762276659026,1.2389689628544218,0.021977746928572,0.1051012597763595,9.854819622930346,0.06621379365910647,3487.0,0.005
medium_major_0.80_1.50,中维护价×大维护价,1.0,0.8,1.5,300.0,2.4000000000000004,18.0,A10,S29,状态触发,堵塞损失≥10触发，维护后储备阈值50，冷却35日,376.6722435669776,S29,376.6722435669776,0.0,0.0,1.1792528976850805,9.540155942272301,0.0,308.0,1.0
medium_major_0.90_0.50,中维护价×大维护价,1.0,0.9,0.5,300.0,2.7,6.0,A1,S32,状态触发,堵塞损失≥20触发，维护后储备阈值50，冷却21日,78.30673024064852,S32,78.30673024064852,0.0,0.0,0.19978831463992977,6.783812223598816,0.00899047415879684,1785.0,0.0
medium_major_0.90_0.50,中维护价×大维护价,1.0,0.9,0.5,300.0,2.7,6.0,A2,S29,状态触发,堵塞损失≥10触发，维护后储备阈值50，冷却35日,185.65136164793574,S29,185.65136164793574,0.0,0.0,0.5255925057200005,9.98100168362281,0.1708175643590002,681.0,0.66
medium_major_0.90_0.50,中维护价×大维护价,1.0,0.9,0.5,300.0,2.7,6.0,A3,S32,状态触发,堵塞损失≥20触发，维护后储备阈值50，冷却21日,67.39791976667709,S32,67.39791976667709,0.0,0.0,0.17037424025450018,5.916245492837518,0.05196414327762255,2093.0,0.0
medium_major_0.90_0.50,中维护价×大维护价,1.0,0.9,0.5,300.0,2.7,6.0,A4,S32,状态触发,堵塞损失≥20触发，维护后储备阈值50，冷却21日,66.28572563862411,S32,66.28572563862411,0.0,0.0,0.1706189696529463,5.484546779493959,0.048626406351089696,2060.0,0.0
medium_major_0.90_0.50,中维护价×大维护价,1.0,0.9,0.5,300.0,2.7,6.0,A5,S32,状态触发,堵塞损失≥20触发，维护后储备阈值50，冷却21日,201.72116289562234,S32,201.72116289562234,0.0,0.0,0.6160449995361742,6.262097420285212,0.0,576.0,0.92
medium_major_0.90_0.50,中维护价×大维护价,1.0,0.9,0.5,300.0,2.7,6.0,A6,S33,状态触发,堵塞损失≥20触发，维护后储备阈值50，冷却35日,88.61093907745305,S32,88.6147284077641,0.003789330311050776,4.2763685279744046e-05,0.2356200791528644,6.353495434356988,0.1284129431383111,1491.0,0.0
medium_major_0.90_0.50,中维护价×大维护价,1.0,0.9,0.5,300.0,2.7,6.0,A7,S29,状态触发,堵塞损失≥10触发，维护后储备阈值50，冷却35日,117.09192549976707,S29,117.09192549976707,0.0,0.0,0.30115887418938586,9.737972196913791,0.07528971854734647,1262.0,0.005
medium_major_0.90_0.50,中维护价×大维护价,1.0,0.9,0.5,300.0,2.7,6.0,A8,S29,状态触发,堵塞损失≥10触发，维护后储备阈值50，冷却35日,218.46344225283093,S29,218.46344225283093,0.0,0.0,0.6392530234349021,9.678290774804417,0.0926916883980608,557.0,0.945
medium_major_0.90_0.50,中维护价×大维护价,1.0,0.9,0.5,300.0,2.7,6.0,A9,S32,状态触发,堵塞损失≥20触发，维护后储备阈值50，冷却21日,52.102082634856,S33,52.27850523304652,0.17642259819051986,0.0033860949364909673,0.10933664611147696,5.846230467580674,0.5860444231575166,3271.0,0.0
medium_major_0.90_0.50,中维护价×大维护价,1.0,0.9,0.5,300.0,2.7,6.0,A10,S29,状态触发,堵塞损失≥10触发，维护后储备阈值50，冷却35日,379.53429034965933,S29,379.53429034965933,0.0,0.0,1.1792528976850805,9.540155942272301,0.0,308.0,1.0
medium_major_0.90_0.60,中维护价×大维护价,1.0,0.9,0.6,300.0,2.7,7.199999999999999,A1,S32,状态触发,堵塞损失≥20触发，维护后储备阈值50，冷却21日,78.31751880963907,S32,78.31751880963907,0.0,0.0,0.19978831463992977,6.783812223598816,0.00899047415879684,1785.0,0.0
medium_major_0.90_0.60,中维护价×大维护价,1.0,0.9,0.6,300.0,2.7,7.199999999999999,A2,S29,状态触发,堵塞损失≥10触发，维护后储备阈值50，冷却35日,185.85634272516654,S29,185.85634272516654,0.0,0.0,0.5255925057200005,9.98100168362281,0.1708175643590002,681.0,0.66
medium_major_0.90_0.60,中维护价×大维护价,1.0,0.9,0.6,300.0,2.7,7.199999999999999,A3,S32,状态触发,堵塞损失≥20触发，维护后储备阈值50，冷却21日,67.46027673861023,S32,67.46027673861023,0.0,0.0,0.17037424025450018,5.916245492837518,0.05196414327762255,2093.0,0.0
medium_major_0.90_0.60,中维护价×大维护价,1.0,0.9,0.6,300.0,2.7,7.199999999999999,A4,S32,状态触发,堵塞损失≥20触发，维护后储备阈值50，冷却21日,66.34407732624543,S32,66.34407732624543,0.0,0.0,0.1706189696529463,5.484546779493959,0.048626406351089696,2060.0,0.0
medium_major_0.90_0.60,中维护价×大维护价,1.0,0.9,0.6,300.0,2.7,7.199999999999999,A5,S32,状态触发,堵塞损失≥20触发，维护后储备阈值50，冷却21日,201.72116289562234,S32,201.72116289562234,0.0,0.0,0.6160449995361742,6.262097420285212,0.0,576.0,0.92
medium_major_0.90_0.60,中维护价×大维护价,1.0,0.9,0.6,300.0,2.7,7.199999999999999,A6,S33,状态触发,堵塞损失≥20触发，维护后储备阈值50，冷却35日,88.76503460921903,S32,88.76881946639487,0.003784857175844536,4.263905480921702e-05,0.2356200791528644,6.353495434356988,0.1284129431383111,1491.0,0.0
medium_major_0.90_0.60,中维护价×大维护价,1.0,0.9,0.6,300.0,2.7,7.199999999999999,A7,S29,状态触发,堵塞损失≥10触发，维护后储备阈值50，冷却35日,117.18227316202389,S29,117.18227316202389,0.0,0.0,0.30115887418938586,9.737972196913791,0.07528971854734647,1262.0,0.005
medium_major_0.90_0.60,中维护价×大维护价,1.0,0.9,0.6,300.0,2.7,7.199999999999999,A8,S29,状态触发,堵塞损失≥10触发，维护后储备阈值50，冷却35日,218.5746722789086,S29,218.5746722789086,0.0,0.0,0.6392530234349021,9.678290774804417,0.0926916883980608,557.0,0.945
medium_major_0.90_0.60,中维护价×大维护价,1.0,0.9,0.6,300.0,2.7,7.199999999999999,A9,S32,状态触发,堵塞损失≥20触发，维护后储备阈值50，冷却21日,52.80533594264503,S33,52.98500737848208,0.1796714358370508,0.003402524245508115,0.10933664611147696,5.846230467580674,0.5860444231575166,3271.0,0.0
medium_major_0.90_0.60,中维护价×大维护价,1.0,0.9,0.6,300.0,2.7,7.199999999999999,A10,S29,状态触发,堵塞损失≥10触发，维护后储备阈值50，冷却35日,379.53429034965933,S29,379.53429034965933,0.0,0.0,1.1792528976850805,9.540155942272301,0.0,308.0,1.0
medium_major_0.90_0.70,中维护价×大维护价,1.0,0.9,0.7,300.0,2.7,8.399999999999999,A1,S32,状态触发,堵塞损失≥20触发，维护后储备阈值50，冷却21日,78.32830737862963,S32,78.32830737862963,0.0,0.0,0.19978831463992977,6.783812223598816,0.00899047415879684,1785.0,0.0
medium_major_0.90_0.70,中维护价×大维护价,1.0,0.9,0.7,300.0,2.7,8.399999999999999,A2,S29,状态触发,堵塞损失≥10触发，维护后储备阈值50，冷却35日,186.06132380239737,S29,186.06132380239737,0.0,0.0,0.5255925057200005,9.98100168362281,0.1708175643590002,681.0,0.66
medium_major_0.90_0.70,中维护价×大维护价,1.0,0.9,0.7,300.0,2.7,8.399999999999999,A3,S32,状态触发,堵塞损失≥20触发，维护后储备阈值50，冷却21日,67.52263371054339,S32,67.52263371054339,0.0,0.0,0.17037424025450018,5.916245492837518,0.05196414327762255,2093.0,0.0
medium_major_0.90_0.70,中维护价×大维护价,1.0,0.9,0.7,300.0,2.7,8.399999999999999,A4,S32,状态触发,堵塞损失≥20触发，维护后储备阈值50，冷却21日,66.40242901386672,S32,66.40242901386672,0.0,0.0,0.1706189696529463,5.484546779493959,0.048626406351089696,2060.0,0.0
medium_major_0.90_0.70,中维护价×大维护价,1.0,0.9,0.7,300.0,2.7,8.399999999999999,A5,S32,状态触发,堵塞损失≥20触发，维护后储备阈值50，冷却21日,201.72116289562234,S32,201.72116289562234,0.0,0.0,0.6160449995361742,6.262097420285212,0.0,576.0,0.92
medium_major_0.90_0.70,中维护价×大维护价,1.0,0.9,0.7,300.0,2.7,8.399999999999999,A6,S33,状态触发,堵塞损失≥20触发，维护后储备阈值50，冷却35日,88.919130140985,S32,88.92291052502564,0.003780384040638296,4.251485630419842e-05,0.2356200791528644,6.353495434356988,0.1284129431383111,1491.0,0.0
medium_major_0.90_0.70,中维护价×大维护价,1.0,0.9,0.7,300.0,2.7,8.399999999999999,A7,S29,状态触发,堵塞损失≥10触发，维护后储备阈值50，冷却35日,117.27262082428071,S29,117.27262082428071,0.0,0.0,0.30115887418938586,9.737972196913791,0.07528971854734647,1262.0,0.005
medium_major_0.90_0.70,中维护价×大维护价,1.0,0.9,0.7,300.0,2.7,8.399999999999999,A8,S29,状态触发,堵塞损失≥10触发，维护后储备阈值50，冷却35日,218.68590230498626,S29,218.68590230498626,0.0,0.0,0.6392530234349021,9.678290774804417,0.0926916883980608,557.0,0.945
medium_major_0.90_0.70,中维护价×大维护价,1.0,0.9,0.7,300.0,2.7,8.399999999999999,A9,S32,状态触发,堵塞损失≥20触发，维护后储备阈值50，冷却21日,53.50858925043404,S33,53.69150952391764,0.18292027348359596,0.00341852169989909,0.10933664611147696,5.846230467580674,0.5860444231575166,3271.0,0.0
medium_major_0.90_0.70,中维护价×大维护价,1.0,0.9,0.7,300.0,2.7,8.399999999999999,A10,S29,状态触发,堵塞损失≥10触发，维护后储备阈值50，冷却35日,379.53429034965933,S29,379.53429034965933,0.0,0.0,1.1792528976850805,9.540155942272301,0.0,308.0,1.0
medium_major_0.90_0.80,中维护价×大维护价,1.0,0.9,0.8,300.0,2.7,9.600000000000001,A1,S32,状态触发,堵塞损失≥20触发，维护后储备阈值50，冷却21日,78.33909594762018,S32,78.33909594762018,0.0,0.0,0.19978831463992977,6.783812223598816,0.00899047415879684,1785.0,0.0
medium_major_0.90_0.80,中维护价×大维护价,1.0,0.9,0.8,300.0,2.7,9.600000000000001,A2,S29,状态触发,堵塞损失≥10触发，维护后储备阈值50，冷却35日,186.26630487962817,S29,186.26630487962817,0.0,0.0,0.5255925057200005,9.98100168362281,0.1708175643590002,681.0,0.66
medium_major_0.90_0.80,中维护价×大维护价,1.0,0.9,0.8,300.0,2.7,9.600000000000001,A3,S32,状态触发,堵塞损失≥20触发，维护后储备阈值50，冷却21日,67.58499068247653,S32,67.58499068247653,0.0,0.0,0.17037424025450018,5.916245492837518,0.05196414327762255,2093.0,0.0
medium_major_0.90_0.80,中维护价×大维护价,1.0,0.9,0.8,300.0,2.7,9.600000000000001,A4,S32,状态触发,堵塞损失≥20触发，维护后储备阈值50，冷却21日,66.46078070148803,S32,66.46078070148803,0.0,0.0,0.1706189696529463,5.484546779493959,0.048626406351089696,2060.0,0.0
medium_major_0.90_0.80,中维护价×大维护价,1.0,0.9,0.8,300.0,2.7,9.600000000000001,A5,S32,状态触发,堵塞损失≥20触发，维护后储备阈值50，冷却21日,201.72116289562234,S32,201.72116289562234,0.0,0.0,0.6160449995361742,6.262097420285212,0.0,576.0,0.92
medium_major_0.90_0.80,中维护价×大维护价,1.0,0.9,0.8,300.0,2.7,9.600000000000001,A6,S33,状态触发,堵塞损失≥20触发，维护后储备阈值50，冷却35日,89.07322567275098,S32,89.0770015836564,0.0037759109054178452,4.239108752264443e-05,0.2356200791528644,6.353495434356988,0.1284129431383111,1491.0,0.0
medium_major_0.90_0.80,中维护价×大维护价,1.0,0.9,0.8,300.0,2.7,9.600000000000001,A7,S29,状态触发,堵塞损失≥10触发，维护后储备阈值50，冷却35日,117.36296848653753,S29,117.36296848653753,0.0,0.0,0.30115887418938586,9.737972196913791,0.07528971854734647,1262.0,0.005
medium_major_0.90_0.80,中维护价×大维护价,1.0,0.9,0.8,300.0,2.7,9.600000000000001,A8,S29,状态触发,堵塞损失≥10触发，维护后储备阈值50，冷却35日,218.79713233106395,S29,218.79713233106395,0.0,0.0,0.6392530234349021,9.678290774804417,0.0926916883980608,557.0,0.945
medium_major_0.90_0.80,中维护价×大维护价,1.0,0.9,0.8,300.0,2.7,9.600000000000001,A9,S32,状态触发,堵塞损失≥20触发，维护后储备阈值50，冷却21日,54.21184255822307,S33,54.398011669353195,0.1861691111301269,0.0034341041061311064,0.10933664611147696,5.846230467580674,0.5860444231575166,3271.0,0.0
medium_major_0.90_0.80,中维护价×大维护价,1.0,0.9,0.8,300.0,2.7,9.600000000000001,A10,S29,状态触发,堵塞损失≥10触发，维护后储备阈值50，冷却35日,379.53429034965933,S29,379.53429034965933,0.0,0.0,1.1792528976850805,9.540155942272301,0.0,308.0,1.0
medium_major_0.90_0.90,中维护价×大维护价,1.0,0.9,0.9,300.0,2.7,10.8,A1,S32,状态触发,堵塞损失≥20触发，维护后储备阈值50，冷却21日,78.34988451661074,S32,78.34988451661074,0.0,0.0,0.19978831463992977,6.783812223598816,0.00899047415879684,1785.0,0.0
medium_major_0.90_0.90,中维护价×大维护价,1.0,0.9,0.9,300.0,2.7,10.8,A2,S29,状态触发,堵塞损失≥10触发，维护后储备阈值50，冷却35日,186.47128595685896,S29,186.47128595685896,0.0,0.0,0.5255925057200005,9.98100168362281,0.1708175643590002,681.0,0.66
medium_major_0.90_0.90,中维护价×大维护价,1.0,0.9,0.9,300.0,2.7,10.8,A3,S32,状态触发,堵塞损失≥20触发，维护后储备阈值50，冷却21日,67.64734765440969,S32,67.64734765440969,0.0,0.0,0.17037424025450018,5.916245492837518,0.05196414327762255,2093.0,0.0
medium_major_0.90_0.90,中维护价×大维护价,1.0,0.9,0.9,300.0,2.7,10.8,A4,S32,状态触发,堵塞损失≥20触发，维护后储备阈值50，冷却21日,66.51913238910934,S32,66.51913238910934,0.0,0.0,0.1706189696529463,5.484546779493959,0.048626406351089696,2060.0,0.0
medium_major_0.90_0.90,中维护价×大维护价,1.0,0.9,0.9,300.0,2.7,10.8,A5,S32,状态触发,堵塞损失≥20触发，维护后储备阈值50，冷却21日,201.72116289562234,S32,201.72116289562234,0.0,0.0,0.6160449995361742,6.262097420285212,0.0,576.0,0.92
medium_major_0.90_0.90,中维护价×大维护价,1.0,0.9,0.9,300.0,2.7,10.8,A6,S33,状态触发,堵塞损失≥20触发，维护后储备阈值50，冷却35日,89.22732120451695,S32,89.23109264228717,0.0037714377702116053,4.226774623847705e-05,0.2356200791528644,6.353495434356988,0.1284129431383111,1491.0,0.0
medium_major_0.90_0.90,中维护价×大维护价,1.0,0.9,0.9,300.0,2.7,10.8,A7,S29,状态触发,堵塞损失≥10触发，维护后储备阈值50，冷却35日,117.45331614879434,S29,117.45331614879434,0.0,0.0,0.30115887418938586,9.737972196913791,0.07528971854734647,1262.0,0.005
medium_major_0.90_0.90,中维护价×大维护价,1.0,0.9,0.9,300.0,2.7,10.8,A8,S29,状态触发,堵塞损失≥10触发，维护后储备阈值50，冷却35日,218.9083623571416,S29,218.9083623571416,0.0,0.0,0.6392530234349021,9.678290774804417,0.0926916883980608,557.0,0.945
medium_major_0.90_0.90,中维护价×大维护价,1.0,0.9,0.9,300.0,2.7,10.8,A9,S32,状态触发,堵塞损失≥20触发，维护后储备阈值50，冷却21日,54.91509586601209,S33,55.10451381478875,0.18941794877666496,0.0034492874097648446,0.10933664611147696,5.846230467580674,0.5860444231575166,3271.0,0.0
medium_major_0.90_0.90,中维护价×大维护价,1.0,0.9,0.9,300.0,2.7,10.8,A10,S29,状态触发,堵塞损失≥10触发，维护后储备阈值50，冷却35日,379.53429034965933,S29,379.53429034965933,0.0,0.0,1.1792528976850805,9.540155942272301,0.0,308.0,1.0
medium_major_0.90_1.00,中维护价×大维护价,1.0,0.9,1.0,300.0,2.7,12.0,A1,S32,状态触发,堵塞损失≥20触发，维护后储备阈值50，冷却21日,78.36067308560129,S32,78.36067308560129,0.0,0.0,0.19978831463992977,6.783812223598816,0.00899047415879684,1785.0,0.0
medium_major_0.90_1.00,中维护价×大维护价,1.0,0.9,1.0,300.0,2.7,12.0,A2,S29,状态触发,堵塞损失≥10触发，维护后储备阈值50，冷却35日,186.67626703408976,S29,186.67626703408976,0.0,0.0,0.5255925057200005,9.98100168362281,0.1708175643590002,681.0,0.66
medium_major_0.90_1.00,中维护价×大维护价,1.0,0.9,1.0,300.0,2.7,12.0,A3,S32,状态触发,堵塞损失≥20触发，维护后储备阈值50，冷却21日,67.70970462634283,S32,67.70970462634283,0.0,0.0,0.17037424025450018,5.916245492837518,0.05196414327762255,2093.0,0.0
medium_major_0.90_1.00,中维护价×大维护价,1.0,0.9,1.0,300.0,2.7,12.0,A4,S32,状态触发,堵塞损失≥20触发，维护后储备阈值50，冷却21日,66.57748407673066,S32,66.57748407673066,0.0,0.0,0.1706189696529463,5.484546779493959,0.048626406351089696,2060.0,0.0
medium_major_0.90_1.00,中维护价×大维护价,1.0,0.9,1.0,300.0,2.7,12.0,A5,S32,状态触发,堵塞损失≥20触发，维护后储备阈值50，冷却21日,201.72116289562234,S32,201.72116289562234,0.0,0.0,0.6160449995361742,6.262097420285212,0.0,576.0,0.92
medium_major_0.90_1.00,中维护价×大维护价,1.0,0.9,1.0,300.0,2.7,12.0,A6,S33,状态触发,堵塞损失≥20触发，维护后储备阈值50，冷却35日,89.38141673628293,S32,89.38518370091793,0.0037669646350053654,4.214483024049257e-05,0.2356200791528644,6.353495434356988,0.1284129431383111,1491.0,0.0
medium_major_0.90_1.00,中维护价×大维护价,1.0,0.9,1.0,300.0,2.7,12.0,A7,S29,状态触发,堵塞损失≥10触发，维护后储备阈值50，冷却35日,117.54366381105116,S29,117.54366381105116,0.0,0.0,0.30115887418938586,9.737972196913791,0.07528971854734647,1262.0,0.005
medium_major_0.90_1.00,中维护价×大维护价,1.0,0.9,1.0,300.0,2.7,12.0,A8,S29,状态触发,堵塞损失≥10触发，维护后储备阈值50，冷却35日,219.01959238321928,S29,219.01959238321928,0.0,0.0,0.6392530234349021,9.678290774804417,0.0926916883980608,557.0,0.945
medium_major_0.90_1.00,中维护价×大维护价,1.0,0.9,1.0,300.0,2.7,12.0,A9,S32,状态触发,堵塞损失≥20触发，维护后储备阈值50，冷却21日,55.61834917380111,S33,55.81101596022431,0.192666786423203,0.0034640867498807073,0.10933664611147696,5.846230467580674,0.5860444231575166,3271.0,0.0
medium_major_0.90_1.00,中维护价×大维护价,1.0,0.9,1.0,300.0,2.7,12.0,A10,S29,状态触发,堵塞损失≥10触发，维护后储备阈值50，冷却35日,379.53429034965933,S29,379.53429034965933,0.0,0.0,1.1792528976850805,9.540155942272301,0.0,308.0,1.0
medium_major_0.90_1.10,中维护价×大维护价,1.0,0.9,1.1,300.0,2.7,13.200000000000001,A1,S32,状态触发,堵塞损失≥20触发，维护后储备阈值50，冷却21日,78.37146165459185,S32,78.37146165459185,0.0,0.0,0.19978831463992977,6.783812223598816,0.00899047415879684,1785.0,0.0
medium_major_0.90_1.10,中维护价×大维护价,1.0,0.9,1.1,300.0,2.7,13.200000000000001,A2,S29,状态触发,堵塞损失≥10触发，维护后储备阈值50，冷却35日,186.88124811132056,S29,186.88124811132056,0.0,0.0,0.5255925057200005,9.98100168362281,0.1708175643590002,681.0,0.66
medium_major_0.90_1.10,中维护价×大维护价,1.0,0.9,1.1,300.0,2.7,13.200000000000001,A3,S32,状态触发,堵塞损失≥20触发，维护后储备阈值50，冷却21日,67.77206159827597,S32,67.77206159827597,0.0,0.0,0.17037424025450018,5.916245492837518,0.05196414327762255,2093.0,0.0
medium_major_0.90_1.10,中维护价×大维护价,1.0,0.9,1.1,300.0,2.7,13.200000000000001,A4,S32,状态触发,堵塞损失≥20触发，维护后储备阈值50，冷却21日,66.63583576435195,S32,66.63583576435195,0.0,0.0,0.1706189696529463,5.484546779493959,0.048626406351089696,2060.0,0.0
medium_major_0.90_1.10,中维护价×大维护价,1.0,0.9,1.1,300.0,2.7,13.200000000000001,A5,S32,状态触发,堵塞损失≥20触发，维护后储备阈值50，冷却21日,201.72116289562234,S32,201.72116289562234,0.0,0.0,0.6160449995361742,6.262097420285212,0.0,576.0,0.92
medium_major_0.90_1.10,中维护价×大维护价,1.0,0.9,1.1,300.0,2.7,13.200000000000001,A6,S33,状态触发,堵塞损失≥20触发，维护后储备阈值50，冷却35日,89.5355122680489,S32,89.5392747595487,0.0037624914997991254,4.202233733286837e-05,0.2356200791528644,6.353495434356988,0.1284129431383111,1491.0,0.0
medium_major_0.90_1.10,中维护价×大维护价,1.0,0.9,1.1,300.0,2.7,13.200000000000001,A7,S29,状态触发,堵塞损失≥10触发，维护后储备阈值50，冷却35日,117.63401147330796,S29,117.63401147330796,0.0,0.0,0.30115887418938586,9.737972196913791,0.07528971854734647,1262.0,0.005
medium_major_0.90_1.10,中维护价×大维护价,1.0,0.9,1.1,300.0,2.7,13.200000000000001,A8,S29,状态触发,堵塞损失≥10触发，维护后储备阈值50，冷却35日,219.13082240929697,S29,219.13082240929697,0.0,0.0,0.6392530234349021,9.678290774804417,0.0926916883980608,557.0,0.945
medium_major_0.90_1.10,中维护价×大维护价,1.0,0.9,1.1,300.0,2.7,13.200000000000001,A9,S32,状态触发,堵塞损失≥20触发，维护后储备阈值50，冷却21日,56.321602481590126,S33,56.51751810565987,0.19591562406974106,0.0034785165094295763,0.10933664611147696,5.846230467580674,0.5860444231575166,3271.0,0.0
medium_major_0.90_1.10,中维护价×大维护价,1.0,0.9,1.1,300.0,2.7,13.200000000000001,A10,S29,状态触发,堵塞损失≥10触发，维护后储备阈值50，冷却35日,379.53429034965933,S29,379.53429034965933,0.0,0.0,1.1792528976850805,9.540155942272301,0.0,308.0,1.0
medium_major_0.90_1.20,中维护价×大维护价,1.0,0.9,1.2,300.0,2.7,14.399999999999999,A1,S32,状态触发,堵塞损失≥20触发，维护后储备阈值50，冷却21日,78.3822502235824,S32,78.3822502235824,0.0,0.0,0.19978831463992977,6.783812223598816,0.00899047415879684,1785.0,0.0
medium_major_0.90_1.20,中维护价×大维护价,1.0,0.9,1.2,300.0,2.7,14.399999999999999,A2,S29,状态触发,堵塞损失≥10触发，维护后储备阈值50，冷却35日,187.08622918855136,S29,187.08622918855136,0.0,0.0,0.5255925057200005,9.98100168362281,0.1708175643590002,681.0,0.66
medium_major_0.90_1.20,中维护价×大维护价,1.0,0.9,1.2,300.0,2.7,14.399999999999999,A3,S32,状态触发,堵塞损失≥20触发，维护后储备阈值50，冷却21日,67.83441857020912,S32,67.83441857020912,0.0,0.0,0.17037424025450018,5.916245492837518,0.05196414327762255,2093.0,0.0
medium_major_0.90_1.20,中维护价×大维护价,1.0,0.9,1.2,300.0,2.7,14.399999999999999,A4,S32,状态触发,堵塞损失≥20触发，维护后储备阈值50，冷却21日,66.69418745197326,S32,66.69418745197326,0.0,0.0,0.1706189696529463,5.484546779493959,0.048626406351089696,2060.0,0.0
medium_major_0.90_1.20,中维护价×大维护价,1.0,0.9,1.2,300.0,2.7,14.399999999999999,A5,S32,状态触发,堵塞损失≥20触发，维护后储备阈值50，冷却21日,201.72116289562234,S32,201.72116289562234,0.0,0.0,0.6160449995361742,6.262097420285212,0.0,576.0,0.92
medium_major_0.90_1.20,中维护价×大维护价,1.0,0.9,1.2,300.0,2.7,14.399999999999999,A6,S33,状态触发,堵塞损失≥20触发，维护后储备阈值50，冷却35日,89.68960779981487,S32,89.69336581817947,0.0037580183646070964,4.190026533503086e-05,0.2356200791528644,6.353495434356988,0.1284129431383111,1491.0,0.0
medium_major_0.90_1.20,中维护价×大维护价,1.0,0.9,1.2,300.0,2.7,14.399999999999999,A7,S29,状态触发,堵塞损失≥10触发，维护后储备阈值50，冷却35日,117.72435913556478,S29,117.72435913556478,0.0,0.0,0.30115887418938586,9.737972196913791,0.07528971854734647,1262.0,0.005
medium_major_0.90_1.20,中维护价×大维护价,1.0,0.9,1.2,300.0,2.7,14.399999999999999,A8,S29,状态触发,堵塞损失≥10触发，维护后储备阈值50，冷却35日,219.24205243537463,S29,219.24205243537463,0.0,0.0,0.6392530234349021,9.678290774804417,0.0926916883980608,557.0,0.945
medium_major_0.90_1.20,中维护价×大维护价,1.0,0.9,1.2,300.0,2.7,14.399999999999999,A9,S32,状态触发,堵塞损失≥20触发，维护后储备阈值50，冷却21日,57.024855789379146,S33,57.224020251095425,0.1991644617162791,0.003492590361857143,0.10933664611147696,5.846230467580674,0.5860444231575166,3271.0,0.0
medium_major_0.90_1.20,中维护价×大维护价,1.0,0.9,1.2,300.0,2.7,14.399999999999999,A10,S29,状态触发,堵塞损失≥10触发，维护后储备阈值50，冷却35日,379.53429034965933,S29,379.53429034965933,0.0,0.0,1.1792528976850805,9.540155942272301,0.0,308.0,1.0
medium_major_0.90_1.30,中维护价×大维护价,1.0,0.9,1.3,300.0,2.7,15.600000000000001,A1,S32,状态触发,堵塞损失≥20触发，维护后储备阈值50，冷却21日,78.39303879257297,S32,78.39303879257297,0.0,0.0,0.19978831463992977,6.783812223598816,0.00899047415879684,1785.0,0.0
medium_major_0.90_1.30,中维护价×大维护价,1.0,0.9,1.3,300.0,2.7,15.600000000000001,A2,S29,状态触发,堵塞损失≥10触发，维护后储备阈值50，冷却35日,187.29121026578215,S29,187.29121026578215,0.0,0.0,0.5255925057200005,9.98100168362281,0.1708175643590002,681.0,0.66
medium_major_0.90_1.30,中维护价×大维护价,1.0,0.9,1.3,300.0,2.7,15.600000000000001,A3,S32,状态触发,堵塞损失≥20触发，维护后储备阈值50，冷却21日,67.89677554214227,S32,67.89677554214227,0.0,0.0,0.17037424025450018,5.916245492837518,0.05196414327762255,2093.0,0.0
medium_major_0.90_1.30,中维护价×大维护价,1.0,0.9,1.3,300.0,2.7,15.600000000000001,A4,S32,状态触发,堵塞损失≥20触发，维护后储备阈值50，冷却21日,66.75253913959457,S32,66.75253913959457,0.0,0.0,0.1706189696529463,5.484546779493959,0.048626406351089696,2060.0,0.0
medium_major_0.90_1.30,中维护价×大维护价,1.0,0.9,1.3,300.0,2.7,15.600000000000001,A5,S32,状态触发,堵塞损失≥20触发，维护后储备阈值50，冷却21日,201.72116289562234,S32,201.72116289562234,0.0,0.0,0.6160449995361742,6.262097420285212,0.0,576.0,0.92
medium_major_0.90_1.30,中维护价×大维护价,1.0,0.9,1.3,300.0,2.7,15.600000000000001,A6,S33,状态触发,堵塞损失≥20触发，维护后储备阈值50，冷却35日,89.84370333158084,S32,89.84745687681024,0.0037535452294008564,4.177861208089196e-05,0.2356200791528644,6.353495434356988,0.1284129431383111,1491.0,0.0
medium_major_0.90_1.30,中维护价×大维护价,1.0,0.9,1.3,300.0,2.7,15.600000000000001,A7,S29,状态触发,堵塞损失≥10触发，维护后储备阈值50，冷却35日,117.8147067978216,S29,117.8147067978216,0.0,0.0,0.30115887418938586,9.737972196913791,0.07528971854734647,1262.0,0.005
medium_major_0.90_1.30,中维护价×大维护价,1.0,0.9,1.3,300.0,2.7,15.600000000000001,A8,S29,状态触发,堵塞损失≥10触发，维护后储备阈值50，冷却35日,219.3532824614523,S29,219.3532824614523,0.0,0.0,0.6392530234349021,9.678290774804417,0.0926916883980608,557.0,0.945
medium_major_0.90_1.30,中维护价×大维护价,1.0,0.9,1.3,300.0,2.7,15.600000000000001,A9,S32,状态触发,堵塞损失≥20触发，维护后储备阈值50，冷却21日,57.728109097168165,S33,57.93052239653098,0.20241329936281716,0.0035063213143204527,0.10933664611147696,5.846230467580674,0.5860444231575166,3271.0,0.0
medium_major_0.90_1.30,中维护价×大维护价,1.0,0.9,1.3,300.0,2.7,15.600000000000001,A10,S29,状态触发,堵塞损失≥10触发，维护后储备阈值50，冷却35日,379.53429034965933,S29,379.53429034965933,0.0,0.0,1.1792528976850805,9.540155942272301,0.0,308.0,1.0
medium_major_0.90_1.40,中维护价×大维护价,1.0,0.9,1.4,300.0,2.7,16.799999999999997,A1,S32,状态触发,堵塞损失≥20触发，维护后储备阈值50，冷却21日,78.40382736156351,S32,78.40382736156351,0.0,0.0,0.19978831463992977,6.783812223598816,0.00899047415879684,1785.0,0.0
medium_major_0.90_1.40,中维护价×大维护价,1.0,0.9,1.4,300.0,2.7,16.799999999999997,A2,S29,状态触发,堵塞损失≥10触发，维护后储备阈值50，冷却35日,187.49619134301295,S29,187.49619134301295,0.0,0.0,0.5255925057200005,9.98100168362281,0.1708175643590002,681.0,0.66
medium_major_0.90_1.40,中维护价×大维护价,1.0,0.9,1.4,300.0,2.7,16.799999999999997,A3,S32,状态触发,堵塞损失≥20触发，维护后储备阈值50，冷却21日,67.95913251407542,S32,67.95913251407542,0.0,0.0,0.17037424025450018,5.916245492837518,0.05196414327762255,2093.0,0.0
medium_major_0.90_1.40,中维护价×大维护价,1.0,0.9,1.4,300.0,2.7,16.799999999999997,A4,S32,状态触发,堵塞损失≥20触发，维护后储备阈值50，冷却21日,66.81089082721589,S32,66.81089082721589,0.0,0.0,0.1706189696529463,5.484546779493959,0.048626406351089696,2060.0,0.0
medium_major_0.90_1.40,中维护价×大维护价,1.0,0.9,1.4,300.0,2.7,16.799999999999997,A5,S32,状态触发,堵塞损失≥20触发，维护后储备阈值50，冷却21日,201.72116289562234,S32,201.72116289562234,0.0,0.0,0.6160449995361742,6.262097420285212,0.0,576.0,0.92
medium_major_0.90_1.40,中维护价×大维护价,1.0,0.9,1.4,300.0,2.7,16.799999999999997,A6,S33,状态触发,堵塞损失≥20触发，维护后储备阈值50，冷却35日,89.99779886334682,S32,90.001547935441,0.0037490720941804057,4.165737541951463e-05,0.2356200791528644,6.353495434356988,0.1284129431383111,1491.0,0.0
medium_major_0.90_1.40,中维护价×大维护价,1.0,0.9,1.4,300.0,2.7,16.799999999999997,A7,S29,状态触发,堵塞损失≥10触发，维护后储备阈值50，冷却35日,117.90505446007842,S29,117.90505446007842,0.0,0.0,0.30115887418938586,9.737972196913791,0.07528971854734647,1262.0,0.005
medium_major_0.90_1.40,中维护价×大维护价,1.0,0.9,1.4,300.0,2.7,16.799999999999997,A8,S29,状态触发,堵塞损失≥10触发，维护后储备阈值50，冷却35日,219.46451248753,S29,219.46451248753,0.0,0.0,0.6392530234349021,9.678290774804417,0.0926916883980608,557.0,0.945
medium_major_0.90_1.40,中维护价×大维护价,1.0,0.9,1.4,300.0,2.7,16.799999999999997,A9,S32,状态触发,堵塞损失≥20触发，维护后储备阈值50，冷却21日,58.431362404957184,S33,58.63702454196654,0.2056621370093552,0.0035197217477836405,0.10933664611147696,5.846230467580674,0.5860444231575166,3271.0,0.0
medium_major_0.90_1.40,中维护价×大维护价,1.0,0.9,1.4,300.0,2.7,16.799999999999997,A10,S29,状态触发,堵塞损失≥10触发，维护后储备阈值50，冷却35日,379.53429034965933,S29,379.53429034965933,0.0,0.0,1.1792528976850805,9.540155942272301,0.0,308.0,1.0
medium_major_0.90_1.50,中维护价×大维护价,1.0,0.9,1.5,300.0,2.7,18.0,A1,S32,状态触发,堵塞损失≥20触发，维护后储备阈值50，冷却21日,78.41461593055408,S32,78.41461593055408,0.0,0.0,0.19978831463992977,6.783812223598816,0.00899047415879684,1785.0,0.0
medium_major_0.90_1.50,中维护价×大维护价,1.0,0.9,1.5,300.0,2.7,18.0,A2,S29,状态触发,堵塞损失≥10触发，维护后储备阈值50，冷却35日,187.70117242024375,S29,187.70117242024375,0.0,0.0,0.5255925057200005,9.98100168362281,0.1708175643590002,681.0,0.66
medium_major_0.90_1.50,中维护价×大维护价,1.0,0.9,1.5,300.0,2.7,18.0,A3,S32,状态触发,堵塞损失≥20触发，维护后储备阈值50，冷却21日,68.02148948600856,S32,68.02148948600856,0.0,0.0,0.17037424025450018,5.916245492837518,0.05196414327762255,2093.0,0.0
medium_major_0.90_1.50,中维护价×大维护价,1.0,0.9,1.5,300.0,2.7,18.0,A4,S32,状态触发,堵塞损失≥20触发，维护后储备阈值50，冷却21日,66.86924251483718,S32,66.86924251483718,0.0,0.0,0.1706189696529463,5.484546779493959,0.048626406351089696,2060.0,0.0
medium_major_0.90_1.50,中维护价×大维护价,1.0,0.9,1.5,300.0,2.7,18.0,A5,S32,状态触发,堵塞损失≥20触发，维护后储备阈值50，冷却21日,201.72116289562234,S32,201.72116289562234,0.0,0.0,0.6160449995361742,6.262097420285212,0.0,576.0,0.92
medium_major_0.90_1.50,中维护价×大维护价,1.0,0.9,1.5,300.0,2.7,18.0,A6,S33,状态触发,堵塞损失≥20触发，维护后储备阈值50，冷却35日,90.15189439511279,S32,90.15563899407177,0.0037445989589741657,4.1536553214983396e-05,0.2356200791528644,6.353495434356988,0.1284129431383111,1491.0,0.0
medium_major_0.90_1.50,中维护价×大维护价,1.0,0.9,1.5,300.0,2.7,18.0,A7,S29,状态触发,堵塞损失≥10触发，维护后储备阈值50，冷却35日,117.99540212233524,S29,117.99540212233524,0.0,0.0,0.30115887418938586,9.737972196913791,0.07528971854734647,1262.0,0.005
medium_major_0.90_1.50,中维护价×大维护价,1.0,0.9,1.5,300.0,2.7,18.0,A8,S29,状态触发,堵塞损失≥10触发，维护后储备阈值50，冷却35日,219.57574251360765,S29,219.57574251360765,0.0,0.0,0.6392530234349021,9.678290774804417,0.0926916883980608,557.0,0.945
medium_major_0.90_1.50,中维护价×大维护价,1.0,0.9,1.5,300.0,2.7,18.0,A9,S32,状态触发,堵塞损失≥20触发，维护后储备阈值50，冷却21日,59.1346157127462,S33,59.3435266874021,0.20891097465589326,0.0035328034542526573,0.10933664611147696,5.846230467580674,0.5860444231575166,3271.0,0.0
medium_major_0.90_1.50,中维护价×大维护价,1.0,0.9,1.5,300.0,2.7,18.0,A10,S29,状态触发,堵塞损失≥10触发，维护后储备阈值50，冷却35日,379.53429034965933,S29,379.53429034965933,0.0,0.0,1.1792528976850805,9.540155942272301,0.0,308.0,1.0
medium_major_1.00_0.50,中维护价×大维护价,1.0,1.0,0.5,300.0,3.0,6.0,A1,S32,状态触发,堵塞损失≥20触发，维护后储备阈值50，冷却21日,80.34187390772817,S32,80.34187390772817,0.0,0.0,0.19978831463992977,6.783812223598816,0.00899047415879684,1785.0,0.0
medium_major_1.00_0.50,中维护价×大维护价,1.0,1.0,0.5,300.0,3.0,6.0,A2,S29,状态触发,堵塞损失≥10触发，维护后储备阈值50，冷却35日,188.64566215302258,S29,188.64566215302258,0.0,0.0,0.5255925057200005,9.98100168362281,0.1708175643590002,681.0,0.66
medium_major_1.00_0.50,中维护价×大维护价,1.0,1.0,0.5,300.0,3.0,6.0,A3,S32,状态触发,堵塞损失≥20触发，维护后储备阈值50，冷却21日,69.17279341452834,S32,69.17279341452834,0.0,0.0,0.17037424025450018,5.916245492837518,0.05196414327762255,2093.0,0.0
medium_major_1.00_0.50,中维护价×大维护价,1.0,1.0,0.5,300.0,3.0,6.0,A4,S32,状态触发,堵塞损失≥20触发，维护后储备阈值50，冷却21日,67.9310896724723,S32,67.9310896724723,0.0,0.0,0.1706189696529463,5.484546779493959,0.048626406351089696,2060.0,0.0
medium_major_1.00_0.50,中维护价×大维护价,1.0,1.0,0.5,300.0,3.0,6.0,A5,S32,状态触发,堵塞损失≥20触发，维护后储备阈值50，冷却21日,203.5997921217079,S32,203.5997921217079,0.0,0.0,0.6160449995361742,6.262097420285212,0.0,576.0,0.92
medium_major_1.00_0.50,中维护价×大维护价,1.0,1.0,0.5,300.0,3.0,6.0,A6,S33,状态触发,堵塞损失≥20触发，维护后储备阈值50，冷却35日,90.51698770776014,S32,90.5214285483902,0.004440840630067555,4.906085302357931e-05,0.2356200791528644,6.353495434356988,0.1284129431383111,1491.0,0.0
medium_major_1.00_0.50,中维护价×大维护价,1.0,1.0,0.5,300.0,3.0,6.0,A7,S29,状态触发,堵塞损失≥10触发，维护后储备阈值50，冷却35日,120.0133171588412,S29,120.0133171588412,0.0,0.0,0.30115887418938586,9.737972196913791,0.07528971854734647,1262.0,0.005
medium_major_1.00_0.50,中维护价×大维护价,1.0,1.0,0.5,300.0,3.0,6.0,A8,S29,状态触发,堵塞损失≥10触发，维护后储备阈值50，冷却35日,221.36692948527224,S29,221.36692948527224,0.0,0.0,0.6392530234349021,9.678290774804417,0.0926916883980608,557.0,0.945
medium_major_1.00_0.50,中维护价×大维护价,1.0,1.0,0.5,300.0,3.0,6.0,A9,S32,状态触发,堵塞损失≥20触发，维护后储备阈值50，冷却21日,53.8559517751302,S33,54.00926964378959,0.15331786865938568,0.00284681383590709,0.10933664611147696,5.846230467580674,0.5860444231575166,3271.0,0.0
medium_major_1.00_0.50,中维护价×大维护价,1.0,1.0,0.5,300.0,3.0,6.0,A10,S29,状态触发,堵塞损失≥10触发，维护后储备阈值50，冷却35日,382.39633713234105,S29,382.39633713234105,0.0,0.0,1.1792528976850805,9.540155942272301,0.0,308.0,1.0
medium_major_1.00_0.60,中维护价×大维护价,1.0,1.0,0.6,300.0,3.0,7.199999999999999,A1,S32,状态触发,堵塞损失≥20触发，维护后储备阈值50，冷却21日,80.35266247671872,S32,80.35266247671872,0.0,0.0,0.19978831463992977,6.783812223598816,0.00899047415879684,1785.0,0.0
medium_major_1.00_0.60,中维护价×大维护价,1.0,1.0,0.6,300.0,3.0,7.199999999999999,A2,S29,状态触发,堵塞损失≥10触发，维护后储备阈值50，冷却35日,188.8506432302534,S29,188.8506432302534,0.0,0.0,0.5255925057200005,9.98100168362281,0.1708175643590002,681.0,0.66
medium_major_1.00_0.60,中维护价×大维护价,1.0,1.0,0.6,300.0,3.0,7.199999999999999,A3,S32,状态触发,堵塞损失≥20触发，维护后储备阈值50，冷却21日,69.23515038646148,S32,69.23515038646148,0.0,0.0,0.17037424025450018,5.916245492837518,0.05196414327762255,2093.0,0.0
medium_major_1.00_0.60,中维护价×大维护价,1.0,1.0,0.6,300.0,3.0,7.199999999999999,A4,S32,状态触发,堵塞损失≥20触发，维护后储备阈值50，冷却21日,67.98944136009361,S32,67.98944136009361,0.0,0.0,0.1706189696529463,5.484546779493959,0.048626406351089696,2060.0,0.0
medium_major_1.00_0.60,中维护价×大维护价,1.0,1.0,0.6,300.0,3.0,7.199999999999999,A5,S32,状态触发,堵塞损失≥20触发，维护后储备阈值50，冷却21日,203.5997921217079,S32,203.5997921217079,0.0,0.0,0.6160449995361742,6.262097420285212,0.0,576.0,0.92
medium_major_1.00_0.60,中维护价×大维护价,1.0,1.0,0.6,300.0,3.0,7.199999999999999,A6,S33,状态触发,堵塞损失≥20触发，维护后储备阈值50，冷却35日,90.67108323952611,S32,90.67551960702097,0.004436367494861315,4.8928140442987186e-05,0.2356200791528644,6.353495434356988,0.1284129431383111,1491.0,0.0
medium_major_1.00_0.60,中维护价×大维护价,1.0,1.0,0.6,300.0,3.0,7.199999999999999,A7,S29,状态触发,堵塞损失≥10触发，维护后储备阈值50，冷却35日,120.10366482109802,S29,120.10366482109802,0.0,0.0,0.30115887418938586,9.737972196913791,0.07528971854734647,1262.0,0.005
medium_major_1.00_0.60,中维护价×大维护价,1.0,1.0,0.6,300.0,3.0,7.199999999999999,A8,S29,状态触发,堵塞损失≥10触发，维护后储备阈值50，冷却35日,221.4781595113499,S29,221.4781595113499,0.0,0.0,0.6392530234349021,9.678290774804417,0.0926916883980608,557.0,0.945
medium_major_1.00_0.60,中维护价×大维护价,1.0,1.0,0.6,300.0,3.0,7.199999999999999,A9,S32,状态触发,堵塞损失≥20触发，维护后储备阈值50，冷却21日,54.55920508291922,S33,54.715771789225144,0.15656670630592373,0.0028696661923129792,0.10933664611147696,5.846230467580674,0.5860444231575166,3271.0,0.0
medium_major_1.00_0.60,中维护价×大维护价,1.0,1.0,0.6,300.0,3.0,7.199999999999999,A10,S29,状态触发,堵塞损失≥10触发，维护后储备阈值50，冷却35日,382.39633713234105,S29,382.39633713234105,0.0,0.0,1.1792528976850805,9.540155942272301,0.0,308.0,1.0
medium_major_1.00_0.70,中维护价×大维护价,1.0,1.0,0.7,300.0,3.0,8.399999999999999,A1,S32,状态触发,堵塞损失≥20触发，维护后储备阈值50，冷却21日,80.36345104570928,S32,80.36345104570928,0.0,0.0,0.19978831463992977,6.783812223598816,0.00899047415879684,1785.0,0.0
medium_major_1.00_0.70,中维护价×大维护价,1.0,1.0,0.7,300.0,3.0,8.399999999999999,A2,S29,状态触发,堵塞损失≥10触发，维护后储备阈值50，冷却35日,189.0556243074842,S29,189.0556243074842,0.0,0.0,0.5255925057200005,9.98100168362281,0.1708175643590002,681.0,0.66
medium_major_1.00_0.70,中维护价×大维护价,1.0,1.0,0.7,300.0,3.0,8.399999999999999,A3,S32,状态触发,堵塞损失≥20触发，维护后储备阈值50，冷却21日,69.29750735839464,S32,69.29750735839464,0.0,0.0,0.17037424025450018,5.916245492837518,0.05196414327762255,2093.0,0.0
medium_major_1.00_0.70,中维护价×大维护价,1.0,1.0,0.7,300.0,3.0,8.399999999999999,A4,S32,状态触发,堵塞损失≥20触发，维护后储备阈值50，冷却21日,68.0477930477149,S32,68.0477930477149,0.0,0.0,0.1706189696529463,5.484546779493959,0.048626406351089696,2060.0,0.0
medium_major_1.00_0.70,中维护价×大维护价,1.0,1.0,0.7,300.0,3.0,8.399999999999999,A5,S32,状态触发,堵塞损失≥20触发，维护后储备阈值50，冷却21日,203.5997921217079,S32,203.5997921217079,0.0,0.0,0.6160449995361742,6.262097420285212,0.0,576.0,0.92
medium_major_1.00_0.70,中维护价×大维护价,1.0,1.0,0.7,300.0,3.0,8.399999999999999,A6,S33,状态触发,堵塞损失≥20触发，维护后储备阈值50，冷却35日,90.82517877129209,S32,90.82961066565174,0.004431894359655075,4.879587818720488e-05,0.2356200791528644,6.353495434356988,0.1284129431383111,1491.0,0.0
medium_major_1.00_0.70,中维护价×大维护价,1.0,1.0,0.7,300.0,3.0,8.399999999999999,A7,S29,状态触发,堵塞损失≥10触发，维护后储备阈值50，冷却35日,120.19401248335484,S29,120.19401248335484,0.0,0.0,0.30115887418938586,9.737972196913791,0.07528971854734647,1262.0,0.005
medium_major_1.00_0.70,中维护价×大维护价,1.0,1.0,0.7,300.0,3.0,8.399999999999999,A8,S29,状态触发,堵塞损失≥10触发，维护后储备阈值50，冷却35日,221.58938953742756,S29,221.58938953742756,0.0,0.0,0.6392530234349021,9.678290774804417,0.0926916883980608,557.0,0.945
medium_major_1.00_0.70,中维护价×大维护价,1.0,1.0,0.7,300.0,3.0,8.399999999999999,A9,S32,状态触发,堵塞损失≥20触发，维护后储备阈值50，冷却21日,55.26245839070825,S33,55.4222739346607,0.15981554395245468,0.002891936924386372,0.10933664611147696,5.846230467580674,0.5860444231575166,3271.0,0.0
medium_major_1.00_0.70,中维护价×大维护价,1.0,1.0,0.7,300.0,3.0,8.399999999999999,A10,S29,状态触发,堵塞损失≥10触发，维护后储备阈值50，冷却35日,382.39633713234105,S29,382.39633713234105,0.0,0.0,1.1792528976850805,9.540155942272301,0.0,308.0,1.0
medium_major_1.00_0.80,中维护价×大维护价,1.0,1.0,0.8,300.0,3.0,9.600000000000001,A1,S32,状态触发,堵塞损失≥20触发，维护后储备阈值50，冷却21日,80.37423961469983,S32,80.37423961469983,0.0,0.0,0.19978831463992977,6.783812223598816,0.00899047415879684,1785.0,0.0
medium_major_1.00_0.80,中维护价×大维护价,1.0,1.0,0.8,300.0,3.0,9.600000000000001,A2,S29,状态触发,堵塞损失≥10触发，维护后储备阈值50，冷却35日,189.260605384715,S29,189.260605384715,0.0,0.0,0.5255925057200005,9.98100168362281,0.1708175643590002,681.0,0.66
medium_major_1.00_0.80,中维护价×大维护价,1.0,1.0,0.8,300.0,3.0,9.600000000000001,A3,S32,状态触发,堵塞损失≥20触发，维护后储备阈值50，冷却21日,69.35986433032778,S32,69.35986433032778,0.0,0.0,0.17037424025450018,5.916245492837518,0.05196414327762255,2093.0,0.0
medium_major_1.00_0.80,中维护价×大维护价,1.0,1.0,0.8,300.0,3.0,9.600000000000001,A4,S32,状态触发,堵塞损失≥20触发，维护后储备阈值50，冷却21日,68.10614473533622,S32,68.10614473533622,0.0,0.0,0.1706189696529463,5.484546779493959,0.048626406351089696,2060.0,0.0
medium_major_1.00_0.80,中维护价×大维护价,1.0,1.0,0.8,300.0,3.0,9.600000000000001,A5,S32,状态触发,堵塞损失≥20触发，维护后储备阈值50，冷却21日,203.5997921217079,S32,203.5997921217079,0.0,0.0,0.6160449995361742,6.262097420285212,0.0,576.0,0.92
medium_major_1.00_0.80,中维护价×大维护价,1.0,1.0,0.8,300.0,3.0,9.600000000000001,A6,S33,状态触发,堵塞损失≥20触发，维护后储备阈值50，冷却35日,90.97927430305806,S32,90.9837017242825,0.0044274212244346245,4.866406396787237e-05,0.2356200791528644,6.353495434356988,0.1284129431383111,1491.0,0.0
medium_major_1.00_0.80,中维护价×大维护价,1.0,1.0,0.8,300.0,3.0,9.600000000000001,A7,S29,状态触发,堵塞损失≥10触发，维护后储备阈值50，冷却35日,120.28436014561166,S29,120.28436014561166,0.0,0.0,0.30115887418938586,9.737972196913791,0.07528971854734647,1262.0,0.005
medium_major_1.00_0.80,中维护价×大维护价,1.0,1.0,0.8,300.0,3.0,9.600000000000001,A8,S29,状态触发,堵塞损失≥10触发，维护后储备阈值50，冷却35日,221.70061956350526,S29,221.70061956350526,0.0,0.0,0.6392530234349021,9.678290774804417,0.0926916883980608,557.0,0.945
medium_major_1.00_0.80,中维护价×大维护价,1.0,1.0,0.8,300.0,3.0,9.600000000000001,A9,S32,状态触发,堵塞损失≥20触发，维护后储备阈值50，冷却21日,55.965711698497266,S33,56.12877608009626,0.16306438159899272,0.0029136479578329238,0.10933664611147696,5.846230467580674,0.5860444231575166,3271.0,0.0
medium_major_1.00_0.80,中维护价×大维护价,1.0,1.0,0.8,300.0,3.0,9.600000000000001,A10,S29,状态触发,堵塞损失≥10触发，维护后储备阈值50，冷却35日,382.39633713234105,S29,382.39633713234105,0.0,0.0,1.1792528976850805,9.540155942272301,0.0,308.0,1.0
medium_major_1.00_0.90,中维护价×大维护价,1.0,1.0,0.9,300.0,3.0,10.8,A1,S32,状态触发,堵塞损失≥20触发，维护后储备阈值50，冷却21日,80.3850281836904,S32,80.3850281836904,0.0,0.0,0.19978831463992977,6.783812223598816,0.00899047415879684,1785.0,0.0
medium_major_1.00_0.90,中维护价×大维护价,1.0,1.0,0.9,300.0,3.0,10.8,A2,S29,状态触发,堵塞损失≥10触发，维护后储备阈值50，冷却35日,189.4655864619458,S29,189.4655864619458,0.0,0.0,0.5255925057200005,9.98100168362281,0.1708175643590002,681.0,0.66
medium_major_1.00_0.90,中维护价×大维护价,1.0,1.0,0.9,300.0,3.0,10.8,A3,S32,状态触发,堵塞损失≥20触发，维护后储备阈值50，冷却21日,69.42222130226094,S32,69.42222130226094,0.0,0.0,0.17037424025450018,5.916245492837518,0.05196414327762255,2093.0,0.0
medium_major_1.00_0.90,中维护价×大维护价,1.0,1.0,0.9,300.0,3.0,10.8,A4,S32,状态触发,堵塞损失≥20触发，维护后储备阈值50，冷却21日,68.16449642295753,S32,68.16449642295753,0.0,0.0,0.1706189696529463,5.484546779493959,0.048626406351089696,2060.0,0.0
medium_major_1.00_0.90,中维护价×大维护价,1.0,1.0,0.9,300.0,3.0,10.8,A5,S32,状态触发,堵塞损失≥20触发，维护后储备阈值50，冷却21日,203.5997921217079,S32,203.5997921217079,0.0,0.0,0.6160449995361742,6.262097420285212,0.0,576.0,0.92
medium_major_1.00_0.90,中维护价×大维护价,1.0,1.0,0.9,300.0,3.0,10.8,A6,S33,状态触发,堵塞损失≥20触发，维护后储备阈值50，冷却35日,91.13336983482404,S32,91.13779278291327,0.0044229480892283846,4.85326955125748e-05,0.2356200791528644,6.353495434356988,0.1284129431383111,1491.0,0.0
medium_major_1.00_0.90,中维护价×大维护价,1.0,1.0,0.9,300.0,3.0,10.8,A7,S29,状态触发,堵塞损失≥10触发，维护后储备阈值50，冷却35日,120.37470780786848,S29,120.37470780786848,0.0,0.0,0.30115887418938586,9.737972196913791,0.07528971854734647,1262.0,0.005
medium_major_1.00_0.90,中维护价×大维护价,1.0,1.0,0.9,300.0,3.0,10.8,A8,S29,状态触发,堵塞损失≥10触发，维护后储备阈值50，冷却35日,221.81184958958292,S29,221.81184958958292,0.0,0.0,0.6392530234349021,9.678290774804417,0.0926916883980608,557.0,0.945
medium_major_1.00_0.90,中维护价×大维护价,1.0,1.0,0.9,300.0,3.0,10.8,A9,S32,状态触发,堵塞损失≥20触发，维护后储备阈值50，冷却21日,56.668965006286285,S33,56.835278225531816,0.16631321924553077,0.0029348201299791103,0.10933664611147696,5.846230467580674,0.5860444231575166,3271.0,0.0
medium_major_1.00_0.90,中维护价×大维护价,1.0,1.0,0.9,300.0,3.0,10.8,A10,S29,状态触发,堵塞损失≥10触发，维护后储备阈值50，冷却35日,382.39633713234105,S29,382.39633713234105,0.0,0.0,1.1792528976850805,9.540155942272301,0.0,308.0,1.0
medium_major_1.00_1.00,中维护价×大维护价,1.0,1.0,1.0,300.0,3.0,12.0,A1,S32,状态触发,堵塞损失≥20触发，维护后储备阈值50，冷却21日,80.39581675268094,S32,80.39581675268094,0.0,0.0,0.19978831463992977,6.783812223598816,0.00899047415879684,1785.0,0.0
medium_major_1.00_1.00,中维护价×大维护价,1.0,1.0,1.0,300.0,3.0,12.0,A2,S29,状态触发,堵塞损失≥10触发，维护后储备阈值50，冷却35日,189.6705675391766,S29,189.6705675391766,0.0,0.0,0.5255925057200005,9.98100168362281,0.1708175643590002,681.0,0.66
medium_major_1.00_1.00,中维护价×大维护价,1.0,1.0,1.0,300.0,3.0,12.0,A3,S32,状态触发,堵塞损失≥20触发，维护后储备阈值50，冷却21日,69.48457827419408,S32,69.48457827419408,0.0,0.0,0.17037424025450018,5.916245492837518,0.05196414327762255,2093.0,0.0
medium_major_1.00_1.00,中维护价×大维护价,1.0,1.0,1.0,300.0,3.0,12.0,A4,S32,状态触发,堵塞损失≥20触发，维护后储备阈值50，冷却21日,68.22284811057884,S32,68.22284811057884,0.0,0.0,0.1706189696529463,5.484546779493959,0.048626406351089696,2060.0,0.0
medium_major_1.00_1.00,中维护价×大维护价,1.0,1.0,1.0,300.0,3.0,12.0,A5,S32,状态触发,堵塞损失≥20触发，维护后储备阈值50，冷却21日,203.5997921217079,S32,203.5997921217079,0.0,0.0,0.6160449995361742,6.262097420285212,0.0,576.0,0.92
medium_major_1.00_1.00,中维护价×大维护价,1.0,1.0,1.0,300.0,3.0,12.0,A6,S33,状态触发,堵塞损失≥20触发，维护后储备阈值50，冷却35日,91.28746536659001,S32,91.29188384154403,0.004418474954022145,4.840177056377389e-05,0.2356200791528644,6.353495434356988,0.1284129431383111,1491.0,0.0
medium_major_1.00_1.00,中维护价×大维护价,1.0,1.0,1.0,300.0,3.0,12.0,A7,S29,状态触发,堵塞损失≥10触发，维护后储备阈值50，冷却35日,120.4650554701253,S29,120.4650554701253,0.0,0.0,0.30115887418938586,9.737972196913791,0.07528971854734647,1262.0,0.005
medium_major_1.00_1.00,中维护价×大维护价,1.0,1.0,1.0,300.0,3.0,12.0,A8,S29,状态触发,堵塞损失≥10触发，维护后储备阈值50，冷却35日,221.92307961566058,S29,221.92307961566058,0.0,0.0,0.6392530234349021,9.678290774804417,0.0926916883980608,557.0,0.945
medium_major_1.00_1.00,中维护价×大维护价,1.0,1.0,1.0,300.0,3.0,12.0,A9,S32,状态触发,堵塞损失≥20触发，维护后储备阈值50，冷却21日,57.372218314075305,S33,57.54178037096737,0.16956205689206882,0.002955473256478034,0.10933664611147696,5.846230467580674,0.5860444231575166,3271.0,0.0
medium_major_1.00_1.00,中维护价×大维护价,1.0,1.0,1.0,300.0,3.0,12.0,A10,S29,状态触发,堵塞损失≥10触发，维护后储备阈值50，冷却35日,382.39633713234105,S29,382.39633713234105,0.0,0.0,1.1792528976850805,9.540155942272301,0.0,308.0,1.0
medium_major_1.00_1.10,中维护价×大维护价,1.0,1.0,1.1,300.0,3.0,13.200000000000001,A1,S32,状态触发,堵塞损失≥20触发，维护后储备阈值50，冷却21日,80.4066053216715,S32,80.4066053216715,0.0,0.0,0.19978831463992977,6.783812223598816,0.00899047415879684,1785.0,0.0
medium_major_1.00_1.10,中维护价×大维护价,1.0,1.0,1.1,300.0,3.0,13.200000000000001,A2,S29,状态触发,堵塞损失≥10触发，维护后储备阈值50，冷却35日,189.8755486164074,S29,189.8755486164074,0.0,0.0,0.5255925057200005,9.98100168362281,0.1708175643590002,681.0,0.66
medium_major_1.00_1.10,中维护价×大维护价,1.0,1.0,1.1,300.0,3.0,13.200000000000001,A3,S32,状态触发,堵塞损失≥20触发，维护后储备阈值50，冷却21日,69.54693524612722,S32,69.54693524612722,0.0,0.0,0.17037424025450018,5.916245492837518,0.05196414327762255,2093.0,0.0
medium_major_1.00_1.10,中维护价×大维护价,1.0,1.0,1.1,300.0,3.0,13.200000000000001,A4,S32,状态触发,堵塞损失≥20触发，维护后储备阈值50，冷却21日,68.28119979820013,S32,68.28119979820013,0.0,0.0,0.1706189696529463,5.484546779493959,0.048626406351089696,2060.0,0.0
medium_major_1.00_1.10,中维护价×大维护价,1.0,1.0,1.1,300.0,3.0,13.200000000000001,A5,S32,状态触发,堵塞损失≥20触发，维护后储备阈值50，冷却21日,203.5997921217079,S32,203.5997921217079,0.0,0.0,0.6160449995361742,6.262097420285212,0.0,576.0,0.92
medium_major_1.00_1.10,中维护价×大维护价,1.0,1.0,1.1,300.0,3.0,13.200000000000001,A6,S33,状态触发,堵塞损失≥20触发，维护后储备阈值50，冷却35日,91.44156089835599,S32,91.4459749001748,0.004414001818815905,4.827128687930417e-05,0.2356200791528644,6.353495434356988,0.1284129431383111,1491.0,0.0
medium_major_1.00_1.10,中维护价×大维护价,1.0,1.0,1.1,300.0,3.0,13.200000000000001,A7,S29,状态触发,堵塞损失≥10触发，维护后储备阈值50，冷却35日,120.5554031323821,S29,120.5554031323821,0.0,0.0,0.30115887418938586,9.737972196913791,0.07528971854734647,1262.0,0.005
medium_major_1.00_1.10,中维护价×大维护价,1.0,1.0,1.1,300.0,3.0,13.200000000000001,A8,S29,状态触发,堵塞损失≥10触发，维护后储备阈值50，冷却35日,222.03430964173828,S29,222.03430964173828,0.0,0.0,0.6392530234349021,9.678290774804417,0.0926916883980608,557.0,0.945
medium_major_1.00_1.10,中维护价×大维护价,1.0,1.0,1.1,300.0,3.0,13.200000000000001,A9,S32,状态触发,堵塞损失≥20触发，维护后储备阈值50，冷却21日,58.075471621864324,S33,58.24828251640293,0.17281089453860687,0.0029756261931680435,0.10933664611147696,5.846230467580674,0.5860444231575166,3271.0,0.0
medium_major_1.00_1.10,中维护价×大维护价,1.0,1.0,1.1,300.0,3.0,13.200000000000001,A10,S29,状态触发,堵塞损失≥10触发，维护后储备阈值50，冷却35日,382.39633713234105,S29,382.39633713234105,0.0,0.0,1.1792528976850805,9.540155942272301,0.0,308.0,1.0
medium_major_1.00_1.20,中维护价×大维护价,1.0,1.0,1.2,300.0,3.0,14.399999999999999,A1,S32,状态触发,堵塞损失≥20触发，维护后储备阈值50，冷却21日,80.41739389066205,S32,80.41739389066205,0.0,0.0,0.19978831463992977,6.783812223598816,0.00899047415879684,1785.0,0.0
medium_major_1.00_1.20,中维护价×大维护价,1.0,1.0,1.2,300.0,3.0,14.399999999999999,A2,S29,状态触发,堵塞损失≥10触发，维护后储备阈值50，冷却35日,190.0805296936382,S29,190.0805296936382,0.0,0.0,0.5255925057200005,9.98100168362281,0.1708175643590002,681.0,0.66
medium_major_1.00_1.20,中维护价×大维护价,1.0,1.0,1.2,300.0,3.0,14.399999999999999,A3,S32,状态触发,堵塞损失≥20触发，维护后储备阈值50，冷却21日,69.60929221806038,S32,69.60929221806038,0.0,0.0,0.17037424025450018,5.916245492837518,0.05196414327762255,2093.0,0.0
medium_major_1.00_1.20,中维护价×大维护价,1.0,1.0,1.2,300.0,3.0,14.399999999999999,A4,S32,状态触发,堵塞损失≥20触发，维护后储备阈值50，冷却21日,68.33955148582145,S32,68.33955148582145,0.0,0.0,0.1706189696529463,5.484546779493959,0.048626406351089696,2060.0,0.0
medium_major_1.00_1.20,中维护价×大维护价,1.0,1.0,1.2,300.0,3.0,14.399999999999999,A5,S32,状态触发,堵塞损失≥20触发，维护后储备阈值50，冷却21日,203.5997921217079,S32,203.5997921217079,0.0,0.0,0.6160449995361742,6.262097420285212,0.0,576.0,0.92
medium_major_1.00_1.20,中维护价×大维护价,1.0,1.0,1.2,300.0,3.0,14.399999999999999,A6,S33,状态触发,堵塞损失≥20触发，维护后储备阈值50，冷却35日,91.59565643012195,S32,91.60006595880557,0.004409528683623876,4.814124223224375e-05,0.2356200791528644,6.353495434356988,0.1284129431383111,1491.0,0.0
medium_major_1.00_1.20,中维护价×大维护价,1.0,1.0,1.2,300.0,3.0,14.399999999999999,A7,S29,状态触发,堵塞损失≥10触发，维护后储备阈值50，冷却35日,120.64575079463891,S29,120.64575079463891,0.0,0.0,0.30115887418938586,9.737972196913791,0.07528971854734647,1262.0,0.005
medium_major_1.00_1.20,中维护价×大维护价,1.0,1.0,1.2,300.0,3.0,14.399999999999999,A8,S29,状态触发,堵塞损失≥10触发，维护后储备阈值50，冷却35日,222.14553966781594,S29,222.14553966781594,0.0,0.0,0.6392530234349021,9.678290774804417,0.0926916883980608,557.0,0.945
medium_major_1.00_1.20,中维护价×大维护价,1.0,1.0,1.2,300.0,3.0,14.399999999999999,A9,S32,状态触发,堵塞损失≥20触发，维护后储备阈值50，冷却21日,58.77872492965334,S33,58.95478466183849,0.17605973218514492,0.0029952968934908683,0.10933664611147696,5.846230467580674,0.5860444231575166,3271.0,0.0
medium_major_1.00_1.20,中维护价×大维护价,1.0,1.0,1.2,300.0,3.0,14.399999999999999,A10,S29,状态触发,堵塞损失≥10触发，维护后储备阈值50，冷却35日,382.39633713234105,S29,382.39633713234105,0.0,0.0,1.1792528976850805,9.540155942272301,0.0,308.0,1.0
medium_major_1.00_1.30,中维护价×大维护价,1.0,1.0,1.3,300.0,3.0,15.600000000000001,A1,S32,状态触发,堵塞损失≥20触发，维护后储备阈值50，冷却21日,80.42818245965262,S32,80.42818245965262,0.0,0.0,0.19978831463992977,6.783812223598816,0.00899047415879684,1785.0,0.0
medium_major_1.00_1.30,中维护价×大维护价,1.0,1.0,1.3,300.0,3.0,15.600000000000001,A2,S29,状态触发,堵塞损失≥10触发，维护后储备阈值50，冷却35日,190.285510770869,S29,190.285510770869,0.0,0.0,0.5255925057200005,9.98100168362281,0.1708175643590002,681.0,0.66
medium_major_1.00_1.30,中维护价×大维护价,1.0,1.0,1.3,300.0,3.0,15.600000000000001,A3,S32,状态触发,堵塞损失≥20触发，维护后储备阈值50，冷却21日,69.67164918999352,S32,69.67164918999352,0.0,0.0,0.17037424025450018,5.916245492837518,0.05196414327762255,2093.0,0.0
medium_major_1.00_1.30,中维护价×大维护价,1.0,1.0,1.3,300.0,3.0,15.600000000000001,A4,S32,状态触发,堵塞损失≥20触发，维护后储备阈值50，冷却21日,68.39790317344276,S32,68.39790317344276,0.0,0.0,0.1706189696529463,5.484546779493959,0.048626406351089696,2060.0,0.0
medium_major_1.00_1.30,中维护价×大维护价,1.0,1.0,1.3,300.0,3.0,15.600000000000001,A5,S32,状态触发,堵塞损失≥20触发，维护后储备阈值50，冷却21日,203.5997921217079,S32,203.5997921217079,0.0,0.0,0.6160449995361742,6.262097420285212,0.0,576.0,0.92
medium_major_1.00_1.30,中维护价×大维护价,1.0,1.0,1.3,300.0,3.0,15.600000000000001,A6,S33,状态触发,堵塞损失≥20触发，维护后储备阈值50，冷却35日,91.74975196188792,S32,91.75415701743634,0.004405055548417636,4.801163441016668e-05,0.2356200791528644,6.353495434356988,0.1284129431383111,1491.0,0.0
medium_major_1.00_1.30,中维护价×大维护价,1.0,1.0,1.3,300.0,3.0,15.600000000000001,A7,S29,状态触发,堵塞损失≥10触发，维护后储备阈值50，冷却35日,120.73609845689573,S29,120.73609845689573,0.0,0.0,0.30115887418938586,9.737972196913791,0.07528971854734647,1262.0,0.005
medium_major_1.00_1.30,中维护价×大维护价,1.0,1.0,1.3,300.0,3.0,15.600000000000001,A8,S29,状态触发,堵塞损失≥10触发，维护后储备阈值50，冷却35日,222.2567696938936,S29,222.2567696938936,0.0,0.0,0.6392530234349021,9.678290774804417,0.0926916883980608,557.0,0.945
medium_major_1.00_1.30,中维护价×大维护价,1.0,1.0,1.3,300.0,3.0,15.600000000000001,A9,S32,状态触发,堵塞损失≥20触发，维护后储备阈值50，冷却21日,59.48197823744236,S33,59.661286807274045,0.17930856983168297,0.003014502461836632,0.10933664611147696,5.846230467580674,0.5860444231575166,3271.0,0.0
medium_major_1.00_1.30,中维护价×大维护价,1.0,1.0,1.3,300.0,3.0,15.600000000000001,A10,S29,状态触发,堵塞损失≥10触发，维护后储备阈值50，冷却35日,382.39633713234105,S29,382.39633713234105,0.0,0.0,1.1792528976850805,9.540155942272301,0.0,308.0,1.0
medium_major_1.00_1.40,中维护价×大维护价,1.0,1.0,1.4,300.0,3.0,16.799999999999997,A1,S32,状态触发,堵塞损失≥20触发，维护后储备阈值50，冷却21日,80.43897102864317,S32,80.43897102864317,0.0,0.0,0.19978831463992977,6.783812223598816,0.00899047415879684,1785.0,0.0
medium_major_1.00_1.40,中维护价×大维护价,1.0,1.0,1.4,300.0,3.0,16.799999999999997,A2,S29,状态触发,堵塞损失≥10触发，维护后储备阈值50，冷却35日,190.4904918480998,S29,190.4904918480998,0.0,0.0,0.5255925057200005,9.98100168362281,0.1708175643590002,681.0,0.66
medium_major_1.00_1.40,中维护价×大维护价,1.0,1.0,1.4,300.0,3.0,16.799999999999997,A3,S32,状态触发,堵塞损失≥20触发，维护后储备阈值50，冷却21日,69.73400616192667,S32,69.73400616192667,0.0,0.0,0.17037424025450018,5.916245492837518,0.05196414327762255,2093.0,0.0
medium_major_1.00_1.40,中维护价×大维护价,1.0,1.0,1.4,300.0,3.0,16.799999999999997,A4,S32,状态触发,堵塞损失≥20触发，维护后储备阈值50，冷却21日,68.45625486106407,S32,68.45625486106407,0.0,0.0,0.1706189696529463,5.484546779493959,0.048626406351089696,2060.0,0.0
medium_major_1.00_1.40,中维护价×大维护价,1.0,1.0,1.4,300.0,3.0,16.799999999999997,A5,S32,状态触发,堵塞损失≥20触发，维护后储备阈值50，冷却21日,203.5997921217079,S32,203.5997921217079,0.0,0.0,0.6160449995361742,6.262097420285212,0.0,576.0,0.92
medium_major_1.00_1.40,中维护价×大维护价,1.0,1.0,1.4,300.0,3.0,16.799999999999997,A6,S33,状态触发,堵塞损失≥20触发，维护后储备阈值50，冷却35日,91.9038474936539,S32,91.9082480760671,0.004400582413197185,4.78824612157946e-05,0.2356200791528644,6.353495434356988,0.1284129431383111,1491.0,0.0
medium_major_1.00_1.40,中维护价×大维护价,1.0,1.0,1.4,300.0,3.0,16.799999999999997,A7,S29,状态触发,堵塞损失≥10触发，维护后储备阈值50，冷却35日,120.82644611915255,S29,120.82644611915255,0.0,0.0,0.30115887418938586,9.737972196913791,0.07528971854734647,1262.0,0.005
medium_major_1.00_1.40,中维护价×大维护价,1.0,1.0,1.4,300.0,3.0,16.799999999999997,A8,S29,状态触发,堵塞损失≥10触发，维护后储备阈值50，冷却35日,222.3679997199713,S29,222.3679997199713,0.0,0.0,0.6392530234349021,9.678290774804417,0.0926916883980608,557.0,0.945
medium_major_1.00_1.40,中维护价×大维护价,1.0,1.0,1.4,300.0,3.0,16.799999999999997,A9,S32,状态触发,堵塞损失≥20触发，维护后储备阈值50，冷却21日,60.18523154523138,S33,60.3677889527096,0.18255740747822102,0.0030332592031489074,0.10933664611147696,5.846230467580674,0.5860444231575166,3271.0,0.0
medium_major_1.00_1.40,中维护价×大维护价,1.0,1.0,1.4,300.0,3.0,16.799999999999997,A10,S29,状态触发,堵塞损失≥10触发，维护后储备阈值50，冷却35日,382.39633713234105,S29,382.39633713234105,0.0,0.0,1.1792528976850805,9.540155942272301,0.0,308.0,1.0
medium_major_1.00_1.50,中维护价×大维护价,1.0,1.0,1.5,300.0,3.0,18.0,A1,S32,状态触发,堵塞损失≥20触发，维护后储备阈值50，冷却21日,80.44975959763373,S32,80.44975959763373,0.0,0.0,0.19978831463992977,6.783812223598816,0.00899047415879684,1785.0,0.0
medium_major_1.00_1.50,中维护价×大维护价,1.0,1.0,1.5,300.0,3.0,18.0,A2,S29,状态触发,堵塞损失≥10触发，维护后储备阈值50，冷却35日,190.6954729253306,S29,190.6954729253306,0.0,0.0,0.5255925057200005,9.98100168362281,0.1708175643590002,681.0,0.66
medium_major_1.00_1.50,中维护价×大维护价,1.0,1.0,1.5,300.0,3.0,18.0,A3,S32,状态触发,堵塞损失≥20触发，维护后储备阈值50，冷却21日,69.79636313385981,S32,69.79636313385981,0.0,0.0,0.17037424025450018,5.916245492837518,0.05196414327762255,2093.0,0.0
medium_major_1.00_1.50,中维护价×大维护价,1.0,1.0,1.5,300.0,3.0,18.0,A4,S32,状态触发,堵塞损失≥20触发，维护后储备阈值50，冷却21日,68.51460654868536,S32,68.51460654868536,0.0,0.0,0.1706189696529463,5.484546779493959,0.048626406351089696,2060.0,0.0
medium_major_1.00_1.50,中维护价×大维护价,1.0,1.0,1.5,300.0,3.0,18.0,A5,S32,状态触发,堵塞损失≥20触发，维护后储备阈值50，冷却21日,203.5997921217079,S32,203.5997921217079,0.0,0.0,0.6160449995361742,6.262097420285212,0.0,576.0,0.92
medium_major_1.00_1.50,中维护价×大维护价,1.0,1.0,1.5,300.0,3.0,18.0,A6,S33,状态触发,堵塞损失≥20触发，维护后储备阈值50，冷却35日,92.05794302541987,S32,92.06233913469787,0.004396109277990945,4.7753720466869996e-05,0.2356200791528644,6.353495434356988,0.1284129431383111,1491.0,0.0
medium_major_1.00_1.50,中维护价×大维护价,1.0,1.0,1.5,300.0,3.0,18.0,A7,S29,状态触发,堵塞损失≥10触发，维护后储备阈值50，冷却35日,120.91679378140937,S29,120.91679378140937,0.0,0.0,0.30115887418938586,9.737972196913791,0.07528971854734647,1262.0,0.005
medium_major_1.00_1.50,中维护价×大维护价,1.0,1.0,1.5,300.0,3.0,18.0,A8,S29,状态触发,堵塞损失≥10触发，维护后储备阈值50，冷却35日,222.47922974604896,S29,222.47922974604896,0.0,0.0,0.6392530234349021,9.678290774804417,0.0926916883980608,557.0,0.945
medium_major_1.00_1.50,中维护价×大维护价,1.0,1.0,1.5,300.0,3.0,18.0,A9,S32,状态触发,堵塞损失≥20触发，维护后储备阈值50，冷却21日,60.8884848530204,S33,61.07429109814516,0.18580624512475907,0.003051582669092185,0.10933664611147696,5.846230467580674,0.5860444231575166,3271.0,0.0
medium_major_1.00_1.50,中维护价×大维护价,1.0,1.0,1.5,300.0,3.0,18.0,A10,S29,状态触发,堵塞损失≥10触发，维护后储备阈值50，冷却35日,382.39633713234105,S29,382.39633713234105,0.0,0.0,1.1792528976850805,9.540155942272301,0.0,308.0,1.0
medium_major_1.10_0.50,中维护价×大维护价,1.0,1.1,0.5,300.0,3.3000000000000003,6.0,A1,S32,状态触发,堵塞损失≥20触发，维护后储备阈值50，冷却21日,82.37701757480781,S32,82.37701757480781,0.0,0.0,0.19978831463992977,6.783812223598816,0.00899047415879684,1785.0,0.0
medium_major_1.10_0.50,中维护价×大维护价,1.0,1.1,0.5,300.0,3.3000000000000003,6.0,A2,S29,状态触发,堵塞损失≥10触发，维护后储备阈值50，冷却35日,191.63996265810943,S29,191.63996265810943,0.0,0.0,0.5255925057200005,9.98100168362281,0.1708175643590002,681.0,0.66
medium_major_1.10_0.50,中维护价×大维护价,1.0,1.1,0.5,300.0,3.3000000000000003,6.0,A3,S32,状态触发,堵塞损失≥20触发，维护后储备阈值50，冷却21日,70.94766706237961,S32,70.94766706237961,0.0,0.0,0.17037424025450018,5.916245492837518,0.05196414327762255,2093.0,0.0
medium_major_1.10_0.50,中维护价×大维护价,1.0,1.1,0.5,300.0,3.3000000000000003,6.0,A4,S36,状态触发,堵塞损失≥30触发，维护后储备阈值50，冷却21日,69.54899153848261,S32,69.57645370632049,0.027462167837882134,0.0003948607626134573,0.1818516757488779,4.4244512709701995,0.06546660326959604,2002.0,0.0
medium_major_1.10_0.50,中维护价×大维护价,1.0,1.1,0.5,300.0,3.3000000000000003,6.0,A5,S32,状态触发,堵塞损失≥20触发，维护后储备阈值50，冷却21日,205.47842134779347,S32,205.47842134779347,0.0,0.0,0.6160449995361742,6.262097420285212,0.0,576.0,0.92
medium_major_1.10_0.50,中维护价×大维护价,1.0,1.1,0.5,300.0,3.3000000000000003,6.0,A6,S33,状态触发,堵塞损失≥20触发，维护后储备阈值50，冷却35日,92.42303633806725,S32,92.42812868901632,0.0050923509490701235,5.509828664839789e-05,0.2356200791528644,6.353495434356988,0.1284129431383111,1491.0,0.0
medium_major_1.10_0.50,中维护价×大维护价,1.0,1.1,0.5,300.0,3.3000000000000003,6.0,A7,S33,状态触发,堵塞损失≥20触发，维护后储备阈值50，冷却35日,122.40772861923928,S29,122.93470881791534,0.5269801986760569,0.004305121944671307,0.33037854461580207,4.517926597621093,1.3975012437248426,1074.0,0.01
medium_major_1.10_0.50,中维护价×大维护价,1.0,1.1,0.5,300.0,3.3000000000000003,6.0,A8,S29,状态触发,堵塞损失≥10触发，维护后储备阈值50，冷却35日,224.27041671771357,S29,224.27041671771357,0.0,0.0,0.6392530234349021,9.678290774804417,0.0926916883980608,557.0,0.945
medium_major_1.10_0.50,中维护价×大维护价,1.0,1.1,0.5,300.0,3.3000000000000003,6.0,A9,S32,状态触发,堵塞损失≥20触发，维护后储备阈值50，冷却21日,55.609820915404406,S33,55.740034054532664,0.1302131391282586,0.0023415493339988156,0.10933664611147696,5.846230467580674,0.5860444231575166,3271.0,0.0
medium_major_1.10_0.50,中维护价×大维护价,1.0,1.1,0.5,300.0,3.3000000000000003,6.0,A10,S29,状态触发,堵塞损失≥10触发，维护后储备阈值50，冷却35日,385.2583839150227,S29,385.2583839150227,0.0,0.0,1.1792528976850805,9.540155942272301,0.0,308.0,1.0
medium_major_1.10_0.60,中维护价×大维护价,1.0,1.1,0.6,300.0,3.3000000000000003,7.199999999999999,A1,S32,状态触发,堵塞损失≥20触发，维护后储备阈值50，冷却21日,82.38780614379836,S32,82.38780614379836,0.0,0.0,0.19978831463992977,6.783812223598816,0.00899047415879684,1785.0,0.0
medium_major_1.10_0.60,中维护价×大维护价,1.0,1.1,0.6,300.0,3.3000000000000003,7.199999999999999,A2,S29,状态触发,堵塞损失≥10触发，维护后储备阈值50，冷却35日,191.84494373534022,S29,191.84494373534022,0.0,0.0,0.5255925057200005,9.98100168362281,0.1708175643590002,681.0,0.66
medium_major_1.10_0.60,中维护价×大维护价,1.0,1.1,0.6,300.0,3.3000000000000003,7.199999999999999,A3,S32,状态触发,堵塞损失≥20触发，维护后储备阈值50，冷却21日,71.01002403431275,S32,71.01002403431275,0.0,0.0,0.17037424025450018,5.916245492837518,0.05196414327762255,2093.0,0.0
medium_major_1.10_0.60,中维护价×大维护价,1.0,1.1,0.6,300.0,3.3000000000000003,7.199999999999999,A4,S36,状态触发,堵塞损失≥30触发，维护后储备阈值50，冷却21日,69.62755146240613,S32,69.6348053939418,0.007253931535672109,0.00010418191338508737,0.1818516757488779,4.4244512709701995,0.06546660326959604,2002.0,0.0
medium_major_1.10_0.60,中维护价×大维护价,1.0,1.1,0.6,300.0,3.3000000000000003,7.199999999999999,A5,S32,状态触发,堵塞损失≥20触发，维护后储备阈值50，冷却21日,205.47842134779347,S32,205.47842134779347,0.0,0.0,0.6160449995361742,6.262097420285212,0.0,576.0,0.92
medium_major_1.10_0.60,中维护价×大维护价,1.0,1.1,0.6,300.0,3.3000000000000003,7.199999999999999,A6,S33,状态触发,堵塞损失≥20触发，维护后储备阈值50，冷却35日,92.57713186983322,S32,92.58221974764709,0.005087877813863884,5.4958257088992806e-05,0.2356200791528644,6.353495434356988,0.1284129431383111,1491.0,0.0
medium_major_1.10_0.60,中维护价×大维护价,1.0,1.1,0.6,300.0,3.3000000000000003,7.199999999999999,A7,S29,状态触发,堵塞损失≥10触发，维护后储备阈值50，冷却35日,123.02505648017215,S29,123.02505648017215,0.0,0.0,0.30115887418938586,9.737972196913791,0.07528971854734647,1262.0,0.005
medium_major_1.10_0.60,中维护价×大维护价,1.0,1.1,0.6,300.0,3.3000000000000003,7.199999999999999,A8,S29,状态触发,堵塞损失≥10触发，维护后储备阈值50，冷却35日,224.38164674379124,S29,224.38164674379124,0.0,0.0,0.6392530234349021,9.678290774804417,0.0926916883980608,557.0,0.945
medium_major_1.10_0.60,中维护价×大维护价,1.0,1.1,0.6,300.0,3.3000000000000003,7.199999999999999,A9,S32,状态触发,堵塞损失≥20触发，维护后储备阈值50，冷却21日,56.313074223193425,S33,56.44653619996822,0.13346197677479665,0.002369999837796606,0.10933664611147696,5.846230467580674,0.5860444231575166,3271.0,0.0
medium_major_1.10_0.60,中维护价×大维护价,1.0,1.1,0.6,300.0,3.3000000000000003,7.199999999999999,A10,S29,状态触发,堵塞损失≥10触发，维护后储备阈值50，冷却35日,385.2583839150227,S29,385.2583839150227,0.0,0.0,1.1792528976850805,9.540155942272301,0.0,308.0,1.0
medium_major_1.10_0.70,中维护价×大维护价,1.0,1.1,0.7,300.0,3.3000000000000003,8.399999999999999,A1,S32,状态触发,堵塞损失≥20触发，维护后储备阈值50，冷却21日,82.39859471278892,S32,82.39859471278892,0.0,0.0,0.19978831463992977,6.783812223598816,0.00899047415879684,1785.0,0.0
medium_major_1.10_0.70,中维护价×大维护价,1.0,1.1,0.7,300.0,3.3000000000000003,8.399999999999999,A2,S29,状态触发,堵塞损失≥10触发，维护后储备阈值50，冷却35日,192.04992481257105,S29,192.04992481257105,0.0,0.0,0.5255925057200005,9.98100168362281,0.1708175643590002,681.0,0.66
medium_major_1.10_0.70,中维护价×大维护价,1.0,1.1,0.7,300.0,3.3000000000000003,8.399999999999999,A3,S32,状态触发,堵塞损失≥20触发，维护后储备阈值50，冷却21日,71.0723810062459,S32,71.0723810062459,0.0,0.0,0.17037424025450018,5.916245492837518,0.05196414327762255,2093.0,0.0
medium_major_1.10_0.70,中维护价×大维护价,1.0,1.1,0.7,300.0,3.3000000000000003,8.399999999999999,A4,S32,状态触发,堵塞损失≥20触发，维护后储备阈值50，冷却21日,69.6931570815631,S32,69.6931570815631,0.0,0.0,0.1706189696529463,5.484546779493959,0.048626406351089696,2060.0,0.0
medium_major_1.10_0.70,中维护价×大维护价,1.0,1.1,0.7,300.0,3.3000000000000003,8.399999999999999,A5,S32,状态触发,堵塞损失≥20触发，维护后储备阈值50，冷却21日,205.47842134779347,S32,205.47842134779347,0.0,0.0,0.6160449995361742,6.262097420285212,0.0,576.0,0.92
medium_major_1.10_0.70,中维护价×大维护价,1.0,1.1,0.7,300.0,3.3000000000000003,8.399999999999999,A6,S33,状态触发,堵塞损失≥20触发，维护后储备阈值50，冷却35日,92.7312274015992,S32,92.73631080627786,0.005083404678657644,5.4818692916060524e-05,0.2356200791528644,6.353495434356988,0.1284129431383111,1491.0,0.0
medium_major_1.10_0.70,中维护价×大维护价,1.0,1.1,0.7,300.0,3.3000000000000003,8.399999999999999,A7,S29,状态触发,堵塞损失≥10触发，维护后储备阈值50，冷却35日,123.11540414242897,S29,123.11540414242897,0.0,0.0,0.30115887418938586,9.737972196913791,0.07528971854734647,1262.0,0.005
medium_major_1.10_0.70,中维护价×大维护价,1.0,1.1,0.7,300.0,3.3000000000000003,8.399999999999999,A8,S29,状态触发,堵塞损失≥10触发，维护后储备阈值50，冷却35日,224.4928767698689,S29,224.4928767698689,0.0,0.0,0.6392530234349021,9.678290774804417,0.0926916883980608,557.0,0.945
medium_major_1.10_0.70,中维护价×大维护价,1.0,1.1,0.7,300.0,3.3000000000000003,8.399999999999999,A9,S32,状态触发,堵塞损失≥20触发，维护后储备阈值50，冷却21日,57.01632753098245,S33,57.15303834540378,0.1367108144213276,0.002397748510670728,0.10933664611147696,5.846230467580674,0.5860444231575166,3271.0,0.0
medium_major_1.10_0.70,中维护价×大维护价,1.0,1.1,0.7,300.0,3.3000000000000003,8.399999999999999,A10,S29,状态触发,堵塞损失≥10触发，维护后储备阈值50，冷却35日,385.2583839150227,S29,385.2583839150227,0.0,0.0,1.1792528976850805,9.540155942272301,0.0,308.0,1.0
medium_major_1.10_0.80,中维护价×大维护价,1.0,1.1,0.8,300.0,3.3000000000000003,9.600000000000001,A1,S32,状态触发,堵塞损失≥20触发，维护后储备阈值50，冷却21日,82.40938328177947,S32,82.40938328177947,0.0,0.0,0.19978831463992977,6.783812223598816,0.00899047415879684,1785.0,0.0
medium_major_1.10_0.80,中维护价×大维护价,1.0,1.1,0.8,300.0,3.3000000000000003,9.600000000000001,A2,S29,状态触发,堵塞损失≥10触发，维护后储备阈值50，冷却35日,192.25490588980185,S29,192.25490588980185,0.0,0.0,0.5255925057200005,9.98100168362281,0.1708175643590002,681.0,0.66
medium_major_1.10_0.80,中维护价×大维护价,1.0,1.1,0.8,300.0,3.3000000000000003,9.600000000000001,A3,S32,状态触发,堵塞损失≥20触发，维护后储备阈值50，冷却21日,71.13473797817905,S32,71.13473797817905,0.0,0.0,0.17037424025450018,5.916245492837518,0.05196414327762255,2093.0,0.0
medium_major_1.10_0.80,中维护价×大维护价,1.0,1.1,0.8,300.0,3.3000000000000003,9.600000000000001,A4,S32,状态触发,堵塞损失≥20触发，维护后储备阈值50，冷却21日,69.75150876918441,S32,69.75150876918441,0.0,0.0,0.1706189696529463,5.484546779493959,0.048626406351089696,2060.0,0.0
medium_major_1.10_0.80,中维护价×大维护价,1.0,1.1,0.8,300.0,3.3000000000000003,9.600000000000001,A5,S32,状态触发,堵塞损失≥20触发，维护后储备阈值50，冷却21日,205.47842134779347,S32,205.47842134779347,0.0,0.0,0.6160449995361742,6.262097420285212,0.0,576.0,0.92
medium_major_1.10_0.80,中维护价×大维护价,1.0,1.1,0.8,300.0,3.3000000000000003,9.600000000000001,A6,S33,状态触发,堵塞损失≥20触发，维护后储备阈值50，冷却35日,92.88532293336517,S32,92.89040186490861,0.005078931543437193,5.46795918132379e-05,0.2356200791528644,6.353495434356988,0.1284129431383111,1491.0,0.0
medium_major_1.10_0.80,中维护价×大维护价,1.0,1.1,0.8,300.0,3.3000000000000003,9.600000000000001,A7,S29,状态触发,堵塞损失≥10触发，维护后储备阈值50，冷却35日,123.20575180468579,S29,123.20575180468579,0.0,0.0,0.30115887418938586,9.737972196913791,0.07528971854734647,1262.0,0.005
medium_major_1.10_0.80,中维护价×大维护价,1.0,1.1,0.8,300.0,3.3000000000000003,9.600000000000001,A8,S29,状态触发,堵塞损失≥10触发，维护后储备阈值50，冷却35日,224.6041067959466,S29,224.6041067959466,0.0,0.0,0.6392530234349021,9.678290774804417,0.0926916883980608,557.0,0.945
medium_major_1.10_0.80,中维护价×大维护价,1.0,1.1,0.8,300.0,3.3000000000000003,9.600000000000001,A9,S32,状态触发,堵塞损失≥20触发，维护后储备阈值50，冷却21日,57.71958083877147,S33,57.859540490839336,0.13995965206786565,0.0024248210058700178,0.10933664611147696,5.846230467580674,0.5860444231575166,3271.0,0.0
medium_major_1.10_0.80,中维护价×大维护价,1.0,1.1,0.8,300.0,3.3000000000000003,9.600000000000001,A10,S29,状态触发,堵塞损失≥10触发，维护后储备阈值50，冷却35日,385.2583839150227,S29,385.2583839150227,0.0,0.0,1.1792528976850805,9.540155942272301,0.0,308.0,1.0
medium_major_1.10_0.90,中维护价×大维护价,1.0,1.1,0.9,300.0,3.3000000000000003,10.8,A1,S32,状态触发,堵塞损失≥20触发，维护后储备阈值50，冷却21日,82.42017185077003,S32,82.42017185077003,0.0,0.0,0.19978831463992977,6.783812223598816,0.00899047415879684,1785.0,0.0
medium_major_1.10_0.90,中维护价×大维护价,1.0,1.1,0.9,300.0,3.3000000000000003,10.8,A2,S29,状态触发,堵塞损失≥10触发，维护后储备阈值50，冷却35日,192.45988696703265,S29,192.45988696703265,0.0,0.0,0.5255925057200005,9.98100168362281,0.1708175643590002,681.0,0.66
medium_major_1.10_0.90,中维护价×大维护价,1.0,1.1,0.9,300.0,3.3000000000000003,10.8,A3,S32,状态触发,堵塞损失≥20触发，维护后储备阈值50，冷却21日,71.1970949501122,S32,71.1970949501122,0.0,0.0,0.17037424025450018,5.916245492837518,0.05196414327762255,2093.0,0.0
medium_major_1.10_0.90,中维护价×大维护价,1.0,1.1,0.9,300.0,3.3000000000000003,10.8,A4,S32,状态触发,堵塞损失≥20触发，维护后储备阈值50，冷却21日,69.80986045680572,S32,69.80986045680572,0.0,0.0,0.1706189696529463,5.484546779493959,0.048626406351089696,2060.0,0.0
medium_major_1.10_0.90,中维护价×大维护价,1.0,1.1,0.9,300.0,3.3000000000000003,10.8,A5,S32,状态触发,堵塞损失≥20触发，维护后储备阈值50，冷却21日,205.47842134779347,S32,205.47842134779347,0.0,0.0,0.6160449995361742,6.262097420285212,0.0,576.0,0.92
medium_major_1.10_0.90,中维护价×大维护价,1.0,1.1,0.9,300.0,3.3000000000000003,10.8,A6,S33,状态触发,堵塞损失≥20触发，维护后储备阈值50，冷却35日,93.03941846513115,S32,93.04449292353938,0.005074458408230953,5.454095147996581e-05,0.2356200791528644,6.353495434356988,0.1284129431383111,1491.0,0.0
medium_major_1.10_0.90,中维护价×大维护价,1.0,1.1,0.9,300.0,3.3000000000000003,10.8,A7,S29,状态触发,堵塞损失≥10触发，维护后储备阈值50，冷却35日,123.29609946694261,S29,123.29609946694261,0.0,0.0,0.30115887418938586,9.737972196913791,0.07528971854734647,1262.0,0.005
medium_major_1.10_0.90,中维护价×大维护价,1.0,1.1,0.9,300.0,3.3000000000000003,10.8,A8,S29,状态触发,堵塞损失≥10触发，维护后储备阈值50，冷却35日,224.71533682202426,S29,224.71533682202426,0.0,0.0,0.6392530234349021,9.678290774804417,0.0926916883980608,557.0,0.945
medium_major_1.10_0.90,中维护价×大维护价,1.0,1.1,0.9,300.0,3.3000000000000003,10.8,A9,S32,状态触发,堵塞损失≥20触发，维护后储备阈值50，冷却21日,58.42283414656049,S33,58.566042636274894,0.1432084897144037,0.0024512417414593157,0.10933664611147696,5.846230467580674,0.5860444231575166,3271.0,0.0
medium_major_1.10_0.90,中维护价×大维护价,1.0,1.1,0.9,300.0,3.3000000000000003,10.8,A10,S29,状态触发,堵塞损失≥10触发，维护后储备阈值50，冷却35日,385.2583839150227,S29,385.2583839150227,0.0,0.0,1.1792528976850805,9.540155942272301,0.0,308.0,1.0
medium_major_1.10_1.00,中维护价×大维护价,1.0,1.1,1.0,300.0,3.3000000000000003,12.0,A1,S32,状态触发,堵塞损失≥20触发，维护后储备阈值50，冷却21日,82.43096041976058,S32,82.43096041976058,0.0,0.0,0.19978831463992977,6.783812223598816,0.00899047415879684,1785.0,0.0
medium_major_1.10_1.00,中维护价×大维护价,1.0,1.1,1.0,300.0,3.3000000000000003,12.0,A2,S29,状态触发,堵塞损失≥10触发，维护后储备阈值50，冷却35日,192.66486804426344,S29,192.66486804426344,0.0,0.0,0.5255925057200005,9.98100168362281,0.1708175643590002,681.0,0.66
medium_major_1.10_1.00,中维护价×大维护价,1.0,1.1,1.0,300.0,3.3000000000000003,12.0,A3,S32,状态触发,堵塞损失≥20触发，维护后储备阈值50，冷却21日,71.25945192204534,S32,71.25945192204534,0.0,0.0,0.17037424025450018,5.916245492837518,0.05196414327762255,2093.0,0.0
medium_major_1.10_1.00,中维护价×大维护价,1.0,1.1,1.0,300.0,3.3000000000000003,12.0,A4,S32,状态触发,堵塞损失≥20触发，维护后储备阈值50，冷却21日,69.86821214442703,S32,69.86821214442703,0.0,0.0,0.1706189696529463,5.484546779493959,0.048626406351089696,2060.0,0.0
medium_major_1.10_1.00,中维护价×大维护价,1.0,1.1,1.0,300.0,3.3000000000000003,12.0,A5,S32,状态触发,堵塞损失≥20触发，维护后储备阈值50，冷却21日,205.47842134779347,S32,205.47842134779347,0.0,0.0,0.6160449995361742,6.262097420285212,0.0,576.0,0.92
medium_major_1.10_1.00,中维护价×大维护价,1.0,1.1,1.0,300.0,3.3000000000000003,12.0,A6,S33,状态触发,堵塞损失≥20触发，维护后储备阈值50，冷却35日,93.19351399689712,S32,93.19858398217015,0.005069985273024713,5.4402769630443576e-05,0.2356200791528644,6.353495434356988,0.1284129431383111,1491.0,0.0
medium_major_1.10_1.00,中维护价×大维护价,1.0,1.1,1.0,300.0,3.3000000000000003,12.0,A7,S29,状态触发,堵塞损失≥10触发，维护后储备阈值50，冷却35日,123.38644712919942,S29,123.38644712919942,0.0,0.0,0.30115887418938586,9.737972196913791,0.07528971854734647,1262.0,0.005
medium_major_1.10_1.00,中维护价×大维护价,1.0,1.1,1.0,300.0,3.3000000000000003,12.0,A8,S29,状态触发,堵塞损失≥10触发，维护后储备阈值50，冷却35日,224.82656684810192,S29,224.82656684810192,0.0,0.0,0.6392530234349021,9.678290774804417,0.0926916883980608,557.0,0.945
medium_major_1.10_1.00,中维护价×大维护价,1.0,1.1,1.0,300.0,3.3000000000000003,12.0,A9,S32,状态触发,堵塞损失≥20触发，维护后储备阈值50，冷却21日,59.12608745434951,S33,59.27254478171045,0.14645732736094175,0.0024770339737771345,0.10933664611147696,5.846230467580674,0.5860444231575166,3271.0,0.0
medium_major_1.10_1.00,中维护价×大维护价,1.0,1.1,1.0,300.0,3.3000000000000003,12.0,A10,S29,状态触发,堵塞损失≥10触发，维护后储备阈值50，冷却35日,385.2583839150227,S29,385.2583839150227,0.0,0.0,1.1792528976850805,9.540155942272301,0.0,308.0,1.0
medium_major_1.10_1.10,中维护价×大维护价,1.0,1.1,1.1,300.0,3.3000000000000003,13.200000000000001,A1,S32,状态触发,堵塞损失≥20触发，维护后储备阈值50，冷却21日,82.44174898875114,S32,82.44174898875114,0.0,0.0,0.19978831463992977,6.783812223598816,0.00899047415879684,1785.0,0.0
medium_major_1.10_1.10,中维护价×大维护价,1.0,1.1,1.1,300.0,3.3000000000000003,13.200000000000001,A2,S29,状态触发,堵塞损失≥10触发，维护后储备阈值50，冷却35日,192.86984912149424,S29,192.86984912149424,0.0,0.0,0.5255925057200005,9.98100168362281,0.1708175643590002,681.0,0.66
medium_major_1.10_1.10,中维护价×大维护价,1.0,1.1,1.1,300.0,3.3000000000000003,13.200000000000001,A3,S32,状态触发,堵塞损失≥20触发，维护后储备阈值50，冷却21日,71.32180889397848,S32,71.32180889397848,0.0,0.0,0.17037424025450018,5.916245492837518,0.05196414327762255,2093.0,0.0
medium_major_1.10_1.10,中维护价×大维护价,1.0,1.1,1.1,300.0,3.3000000000000003,13.200000000000001,A4,S32,状态触发,堵塞损失≥20触发，维护后储备阈值50，冷却21日,69.92656383204833,S32,69.92656383204833,0.0,0.0,0.1706189696529463,5.484546779493959,0.048626406351089696,2060.0,0.0
medium_major_1.10_1.10,中维护价×大维护价,1.0,1.1,1.1,300.0,3.3000000000000003,13.200000000000001,A5,S32,状态触发,堵塞损失≥20触发，维护后储备阈值50，冷却21日,205.47842134779347,S32,205.47842134779347,0.0,0.0,0.6160449995361742,6.262097420285212,0.0,576.0,0.92
medium_major_1.10_1.10,中维护价×大维护价,1.0,1.1,1.1,300.0,3.3000000000000003,13.200000000000001,A6,S33,状态触发,堵塞损失≥20触发，维护后储备阈值50，冷却35日,93.3476095286631,S32,93.35267504080092,0.005065512137818473,5.4265043994116086e-05,0.2356200791528644,6.353495434356988,0.1284129431383111,1491.0,0.0
medium_major_1.10_1.10,中维护价×大维护价,1.0,1.1,1.1,300.0,3.3000000000000003,13.200000000000001,A7,S29,状态触发,堵塞损失≥10触发，维护后储备阈值50，冷却35日,123.47679479145623,S29,123.47679479145623,0.0,0.0,0.30115887418938586,9.737972196913791,0.07528971854734647,1262.0,0.005
medium_major_1.10_1.10,中维护价×大维护价,1.0,1.1,1.1,300.0,3.3000000000000003,13.200000000000001,A8,S29,状态触发,堵塞损失≥10触发，维护后储备阈值50，冷却35日,224.9377968741796,S29,224.9377968741796,0.0,0.0,0.6392530234349021,9.678290774804417,0.0926916883980608,557.0,0.945
medium_major_1.10_1.10,中维护价×大维护价,1.0,1.1,1.1,300.0,3.3000000000000003,13.200000000000001,A9,S32,状态触发,堵塞损失≥20触发，维护后储备阈值50，冷却21日,59.82934076213853,S33,59.97904692714601,0.1497061650074798,0.0025022198657120675,0.10933664611147696,5.846230467580674,0.5860444231575166,3271.0,0.0
medium_major_1.10_1.10,中维护价×大维护价,1.0,1.1,1.1,300.0,3.3000000000000003,13.200000000000001,A10,S29,状态触发,堵塞损失≥10触发，维护后储备阈值50，冷却35日,385.2583839150227,S29,385.2583839150227,0.0,0.0,1.1792528976850805,9.540155942272301,0.0,308.0,1.0
medium_major_1.10_1.20,中维护价×大维护价,1.0,1.1,1.2,300.0,3.3000000000000003,14.399999999999999,A1,S32,状态触发,堵塞损失≥20触发，维护后储备阈值50，冷却21日,82.45253755774169,S32,82.45253755774169,0.0,0.0,0.19978831463992977,6.783812223598816,0.00899047415879684,1785.0,0.0
medium_major_1.10_1.20,中维护价×大维护价,1.0,1.1,1.2,300.0,3.3000000000000003,14.399999999999999,A2,S29,状态触发,堵塞损失≥10触发，维护后储备阈值50，冷却35日,193.07483019872504,S29,193.07483019872504,0.0,0.0,0.5255925057200005,9.98100168362281,0.1708175643590002,681.0,0.66
medium_major_1.10_1.20,中维护价×大维护价,1.0,1.1,1.2,300.0,3.3000000000000003,14.399999999999999,A3,S32,状态触发,堵塞损失≥20触发，维护后储备阈值50，冷却21日,71.38416586591164,S32,71.38416586591164,0.0,0.0,0.17037424025450018,5.916245492837518,0.05196414327762255,2093.0,0.0
medium_major_1.10_1.20,中维护价×大维护价,1.0,1.1,1.2,300.0,3.3000000000000003,14.399999999999999,A4,S32,状态触发,堵塞损失≥20触发，维护后储备阈值50，冷却21日,69.98491551966964,S32,69.98491551966964,0.0,0.0,0.1706189696529463,5.484546779493959,0.048626406351089696,2060.0,0.0
medium_major_1.10_1.20,中维护价×大维护价,1.0,1.1,1.2,300.0,3.3000000000000003,14.399999999999999,A5,S32,状态触发,堵塞损失≥20触发，维护后储备阈值50，冷却21日,205.47842134779347,S32,205.47842134779347,0.0,0.0,0.6160449995361742,6.262097420285212,0.0,576.0,0.92
medium_major_1.10_1.20,中维护价×大维护价,1.0,1.1,1.2,300.0,3.3000000000000003,14.399999999999999,A6,S33,状态触发,堵塞损失≥20触发，维护后储备阈值50，冷却35日,93.50170506042906,S32,93.50676609943169,0.005061039002626444,5.412777231554819e-05,0.2356200791528644,6.353495434356988,0.1284129431383111,1491.0,0.0
medium_major_1.10_1.20,中维护价×大维护价,1.0,1.1,1.2,300.0,3.3000000000000003,14.399999999999999,A7,S29,状态触发,堵塞损失≥10触发，维护后储备阈值50，冷却35日,123.56714245371305,S29,123.56714245371305,0.0,0.0,0.30115887418938586,9.737972196913791,0.07528971854734647,1262.0,0.005
medium_major_1.10_1.20,中维护价×大维护价,1.0,1.1,1.2,300.0,3.3000000000000003,14.399999999999999,A8,S29,状态触发,堵塞损失≥10触发，维护后储备阈值50，冷却35日,225.04902690025727,S29,225.04902690025727,0.0,0.0,0.6392530234349021,9.678290774804417,0.0926916883980608,557.0,0.945
medium_major_1.10_1.20,中维护价×大维护价,1.0,1.1,1.2,300.0,3.3000000000000003,14.399999999999999,A9,S32,状态触发,堵塞损失≥20触发，维护后储备阈值50，冷却21日,60.53259406992755,S33,60.685549072581566,0.15295500265401785,0.0025268205502199936,0.10933664611147696,5.846230467580674,0.5860444231575166,3271.0,0.0
medium_major_1.10_1.20,中维护价×大维护价,1.0,1.1,1.2,300.0,3.3000000000000003,14.399999999999999,A10,S29,状态触发,堵塞损失≥10触发，维护后储备阈值50，冷却35日,385.2583839150227,S29,385.2583839150227,0.0,0.0,1.1792528976850805,9.540155942272301,0.0,308.0,1.0
medium_major_1.10_1.30,中维护价×大维护价,1.0,1.1,1.3,300.0,3.3000000000000003,15.600000000000001,A1,S32,状态触发,堵塞损失≥20触发，维护后储备阈值50，冷却21日,82.46332612673226,S32,82.46332612673226,0.0,0.0,0.19978831463992977,6.783812223598816,0.00899047415879684,1785.0,0.0
medium_major_1.10_1.30,中维护价×大维护价,1.0,1.1,1.3,300.0,3.3000000000000003,15.600000000000001,A2,S29,状态触发,堵塞损失≥10触发，维护后储备阈值50，冷却35日,193.27981127595584,S29,193.27981127595584,0.0,0.0,0.5255925057200005,9.98100168362281,0.1708175643590002,681.0,0.66
medium_major_1.10_1.30,中维护价×大维护价,1.0,1.1,1.3,300.0,3.3000000000000003,15.600000000000001,A3,S32,状态触发,堵塞损失≥20触发，维护后储备阈值50，冷却21日,71.44652283784478,S32,71.44652283784478,0.0,0.0,0.17037424025450018,5.916245492837518,0.05196414327762255,2093.0,0.0
medium_major_1.10_1.30,中维护价×大维护价,1.0,1.1,1.3,300.0,3.3000000000000003,15.600000000000001,A4,S32,状态触发,堵塞损失≥20触发，维护后储备阈值50，冷却21日,70.04326720729095,S32,70.04326720729095,0.0,0.0,0.1706189696529463,5.484546779493959,0.048626406351089696,2060.0,0.0
medium_major_1.10_1.30,中维护价×大维护价,1.0,1.1,1.3,300.0,3.3000000000000003,15.600000000000001,A5,S32,状态触发,堵塞损失≥20触发，维护后储备阈值50，冷却21日,205.47842134779347,S32,205.47842134779347,0.0,0.0,0.6160449995361742,6.262097420285212,0.0,576.0,0.92
medium_major_1.10_1.30,中维护价×大维护价,1.0,1.1,1.3,300.0,3.3000000000000003,15.600000000000001,A6,S33,状态触发,堵塞损失≥20触发，维护后储备阈值50，冷却35日,93.65580059219504,S32,93.66085715806244,0.005056565867405993,5.399095235354158e-05,0.2356200791528644,6.353495434356988,0.1284129431383111,1491.0,0.0
medium_major_1.10_1.30,中维护价×大维护价,1.0,1.1,1.3,300.0,3.3000000000000003,15.600000000000001,A7,S29,状态触发,堵塞损失≥10触发，维护后储备阈值50，冷却35日,123.65749011596986,S29,123.65749011596986,0.0,0.0,0.30115887418938586,9.737972196913791,0.07528971854734647,1262.0,0.005
medium_major_1.10_1.30,中维护价×大维护价,1.0,1.1,1.3,300.0,3.3000000000000003,15.600000000000001,A8,S29,状态触发,堵塞损失≥10触发，维护后储备阈值50，冷却35日,225.16025692633494,S29,225.16025692633494,0.0,0.0,0.6392530234349021,9.678290774804417,0.0926916883980608,557.0,0.945
medium_major_1.10_1.30,中维护价×大维护价,1.0,1.1,1.3,300.0,3.3000000000000003,15.600000000000001,A9,S32,状态触发,堵塞损失≥20触发，维护后储备阈值50，冷却21日,61.23584737771657,S33,61.39205121801712,0.1562038403005559,0.002550856189464567,0.10933664611147696,5.846230467580674,0.5860444231575166,3271.0,0.0
medium_major_1.10_1.30,中维护价×大维护价,1.0,1.1,1.3,300.0,3.3000000000000003,15.600000000000001,A10,S29,状态触发,堵塞损失≥10触发，维护后储备阈值50，冷却35日,385.2583839150227,S29,385.2583839150227,0.0,0.0,1.1792528976850805,9.540155942272301,0.0,308.0,1.0
medium_major_1.10_1.40,中维护价×大维护价,1.0,1.1,1.4,300.0,3.3000000000000003,16.799999999999997,A1,S32,状态触发,堵塞损失≥20触发，维护后储备阈值50，冷却21日,82.4741146957228,S32,82.4741146957228,0.0,0.0,0.19978831463992977,6.783812223598816,0.00899047415879684,1785.0,0.0
medium_major_1.10_1.40,中维护价×大维护价,1.0,1.1,1.4,300.0,3.3000000000000003,16.799999999999997,A2,S29,状态触发,堵塞损失≥10触发，维护后储备阈值50，冷却35日,193.48479235318663,S29,193.48479235318663,0.0,0.0,0.5255925057200005,9.98100168362281,0.1708175643590002,681.0,0.66
medium_major_1.10_1.40,中维护价×大维护价,1.0,1.1,1.4,300.0,3.3000000000000003,16.799999999999997,A3,S32,状态触发,堵塞损失≥20触发，维护后储备阈值50，冷却21日,71.50887980977794,S32,71.50887980977794,0.0,0.0,0.17037424025450018,5.916245492837518,0.05196414327762255,2093.0,0.0
medium_major_1.10_1.40,中维护价×大维护价,1.0,1.1,1.4,300.0,3.3000000000000003,16.799999999999997,A4,S32,状态触发,堵塞损失≥20触发，维护后储备阈值50，冷却21日,70.10161889491226,S32,70.10161889491226,0.0,0.0,0.1706189696529463,5.484546779493959,0.048626406351089696,2060.0,0.0
medium_major_1.10_1.40,中维护价×大维护价,1.0,1.1,1.4,300.0,3.3000000000000003,16.799999999999997,A5,S32,状态触发,堵塞损失≥20触发，维护后储备阈值50，冷却21日,205.47842134779347,S32,205.47842134779347,0.0,0.0,0.6160449995361742,6.262097420285212,0.0,576.0,0.92
medium_major_1.10_1.40,中维护价×大维护价,1.0,1.1,1.4,300.0,3.3000000000000003,16.799999999999997,A6,S33,状态触发,堵塞损失≥20触发，维护后储备阈值50，冷却35日,93.80989612396101,S32,93.81494821669321,0.005052092732199753,5.385458188253279e-05,0.2356200791528644,6.353495434356988,0.1284129431383111,1491.0,0.0
medium_major_1.10_1.40,中维护价×大维护价,1.0,1.1,1.4,300.0,3.3000000000000003,16.799999999999997,A7,S29,状态触发,堵塞损失≥10触发，维护后储备阈值50，冷却35日,123.74783777822668,S29,123.74783777822668,0.0,0.0,0.30115887418938586,9.737972196913791,0.07528971854734647,1262.0,0.005
medium_major_1.10_1.40,中维护价×大维护价,1.0,1.1,1.4,300.0,3.3000000000000003,16.799999999999997,A8,S29,状态触发,堵塞损失≥10触发，维护后储备阈值50，冷却35日,225.27148695241263,S29,225.27148695241263,0.0,0.0,0.6392530234349021,9.678290774804417,0.0926916883980608,557.0,0.945
medium_major_1.10_1.40,中维护价×大维护价,1.0,1.1,1.4,300.0,3.3000000000000003,16.799999999999997,A9,S32,状态触发,堵塞损失≥20触发，维护后储备阈值50，冷却21日,61.939100685505586,S33,62.09855336345268,0.15945267794709395,0.0025743460299288393,0.10933664611147696,5.846230467580674,0.5860444231575166,3271.0,0.0
medium_major_1.10_1.40,中维护价×大维护价,1.0,1.1,1.4,300.0,3.3000000000000003,16.799999999999997,A10,S29,状态触发,堵塞损失≥10触发，维护后储备阈值50，冷却35日,385.2583839150227,S29,385.2583839150227,0.0,0.0,1.1792528976850805,9.540155942272301,0.0,308.0,1.0
medium_major_1.10_1.50,中维护价×大维护价,1.0,1.1,1.5,300.0,3.3000000000000003,18.0,A1,S32,状态触发,堵塞损失≥20触发，维护后储备阈值50，冷却21日,82.48490326471337,S32,82.48490326471337,0.0,0.0,0.19978831463992977,6.783812223598816,0.00899047415879684,1785.0,0.0
medium_major_1.10_1.50,中维护价×大维护价,1.0,1.1,1.5,300.0,3.3000000000000003,18.0,A2,S29,状态触发,堵塞损失≥10触发，维护后储备阈值50，冷却35日,193.68977343041743,S29,193.68977343041743,0.0,0.0,0.5255925057200005,9.98100168362281,0.1708175643590002,681.0,0.66
medium_major_1.10_1.50,中维护价×大维护价,1.0,1.1,1.5,300.0,3.3000000000000003,18.0,A3,S32,状态触发,堵塞损失≥20触发，维护后储备阈值50，冷却21日,71.57123678171108,S32,71.57123678171108,0.0,0.0,0.17037424025450018,5.916245492837518,0.05196414327762255,2093.0,0.0
medium_major_1.10_1.50,中维护价×大维护价,1.0,1.1,1.5,300.0,3.3000000000000003,18.0,A4,S32,状态触发,堵塞损失≥20触发，维护后储备阈值50，冷却21日,70.15997058253356,S32,70.15997058253356,0.0,0.0,0.1706189696529463,5.484546779493959,0.048626406351089696,2060.0,0.0
medium_major_1.10_1.50,中维护价×大维护价,1.0,1.1,1.5,300.0,3.3000000000000003,18.0,A5,S32,状态触发,堵塞损失≥20触发，维护后储备阈值50，冷却21日,205.47842134779347,S32,205.47842134779347,0.0,0.0,0.6160449995361742,6.262097420285212,0.0,576.0,0.92
medium_major_1.10_1.50,中维护价×大维护价,1.0,1.1,1.5,300.0,3.3000000000000003,18.0,A6,S33,状态触发,堵塞损失≥20触发，维护后储备阈值50，冷却35日,93.96399165572699,S32,93.96903927532398,0.005047619596993513,5.3718658690952574e-05,0.2356200791528644,6.353495434356988,0.1284129431383111,1491.0,0.0
medium_major_1.10_1.50,中维护价×大维护价,1.0,1.1,1.5,300.0,3.3000000000000003,18.0,A7,S29,状态触发,堵塞损失≥10触发，维护后储备阈值50，冷却35日,123.8381854404835,S29,123.8381854404835,0.0,0.0,0.30115887418938586,9.737972196913791,0.07528971854734647,1262.0,0.005
medium_major_1.10_1.50,中维护价×大维护价,1.0,1.1,1.5,300.0,3.3000000000000003,18.0,A8,S29,状态触发,堵塞损失≥10触发，维护后储备阈值50，冷却35日,225.3827169784903,S29,225.3827169784903,0.0,0.0,0.6392530234349021,9.678290774804417,0.0926916883980608,557.0,0.945
medium_major_1.10_1.50,中维护价×大维护价,1.0,1.1,1.5,300.0,3.3000000000000003,18.0,A9,S32,状态触发,堵塞损失≥20触发，维护后储备阈值50，冷却21日,62.642353993294606,S33,62.80505550888824,0.162701515593632,0.0025973084538146183,0.10933664611147696,5.846230467580674,0.5860444231575166,3271.0,0.0
medium_major_1.10_1.50,中维护价×大维护价,1.0,1.1,1.5,300.0,3.3000000000000003,18.0,A10,S29,状态触发,堵塞损失≥10触发，维护后储备阈值50，冷却35日,385.2583839150227,S29,385.2583839150227,0.0,0.0,1.1792528976850805,9.540155942272301,0.0,308.0,1.0
medium_major_1.20_0.50,中维护价×大维护价,1.0,1.2,0.5,300.0,3.5999999999999996,6.0,A1,S32,状态触发,堵塞损失≥20触发，维护后储备阈值50，冷却21日,84.41216124188745,S32,84.41216124188745,0.0,0.0,0.19978831463992977,6.783812223598816,0.00899047415879684,1785.0,0.0
medium_major_1.20_0.50,中维护价×大维护价,1.0,1.2,0.5,300.0,3.5999999999999996,6.0,A2,S29,状态触发,堵塞损失≥10触发，维护后储备阈值50，冷却35日,194.63426316319627,S29,194.63426316319627,0.0,0.0,0.5255925057200005,9.98100168362281,0.1708175643590002,681.0,0.66
medium_major_1.20_0.50,中维护价×大维护价,1.0,1.2,0.5,300.0,3.5999999999999996,6.0,A3,S32,状态触发,堵塞损失≥20触发，维护后储备阈值50，冷却21日,72.72254071023086,S32,72.72254071023086,0.0,0.0,0.17037424025450018,5.916245492837518,0.05196414327762255,2093.0,0.0
medium_major_1.20_0.50,中维护价×大维护价,1.0,1.2,0.5,300.0,3.5999999999999996,6.0,A4,S36,状态触发,堵塞损失≥30触发，维护后储备阈值50，冷却21日,70.87632691977366,S32,71.22181774016867,0.345490820395014,0.004874558761856861,0.1818516757488779,4.4244512709701995,0.06546660326959604,2002.0,0.0
medium_major_1.20_0.50,中维护价×大维护价,1.0,1.2,0.5,300.0,3.5999999999999996,6.0,A5,S32,状态触发,堵塞损失≥20触发，维护后储备阈值50，冷却21日,207.357050573879,S32,207.357050573879,0.0,0.0,0.6160449995361742,6.262097420285212,0.0,576.0,0.92
medium_major_1.20_0.50,中维护价×大维护价,1.0,1.2,0.5,300.0,3.5999999999999996,6.0,A6,S33,状态触发,堵塞损失≥20触发，维护后储备阈值50，冷却35日,94.32908496837433,S32,94.33482882964242,0.005743861268086903,6.089173100759585e-05,0.2356200791528644,6.353495434356988,0.1284129431383111,1491.0,0.0
medium_major_1.20_0.50,中维护价×大维护价,1.0,1.2,0.5,300.0,3.5999999999999996,6.0,A7,S33,状态触发,堵塞损失≥20触发，维护后储备阈值50，冷却35日,123.7631065985256,S29,125.85610047698948,2.0929938784638864,0.016911290739116114,0.33037854461580207,4.517926597621093,1.3975012437248426,1074.0,0.01
medium_major_1.20_0.50,中维护价×大维护价,1.0,1.2,0.5,300.0,3.5999999999999996,6.0,A8,S29,状态触发,堵塞损失≥10触发，维护后储备阈值50，冷却35日,227.17390395015488,S29,227.17390395015488,0.0,0.0,0.6392530234349021,9.678290774804417,0.0926916883980608,557.0,0.945
medium_major_1.20_0.50,中维护价×大维护价,1.0,1.2,0.5,300.0,3.5999999999999996,6.0,A9,S32,状态触发,堵塞损失≥20触发，维护后储备阈值50，冷却21日,57.36369005567861,S33,57.47079846527573,0.10710840959711732,0.0018671813039425333,0.10933664611147696,5.846230467580674,0.5860444231575166,3271.0,0.0
medium_major_1.20_0.50,中维护价×大维护价,1.0,1.2,0.5,300.0,3.5999999999999996,6.0,A10,S29,状态触发,堵塞损失≥10触发，维护后储备阈值50，冷却35日,388.12043069770436,S29,388.12043069770436,0.0,0.0,1.1792528976850805,9.540155942272301,0.0,308.0,1.0
medium_major_1.20_0.60,中维护价×大维护价,1.0,1.2,0.6,300.0,3.5999999999999996,7.199999999999999,A1,S32,状态触发,堵塞损失≥20触发，维护后储备阈值50，冷却21日,84.422949810878,S32,84.422949810878,0.0,0.0,0.19978831463992977,6.783812223598816,0.00899047415879684,1785.0,0.0
medium_major_1.20_0.60,中维护价×大维护价,1.0,1.2,0.6,300.0,3.5999999999999996,7.199999999999999,A2,S29,状态触发,堵塞损失≥10触发，维护后储备阈值50，冷却35日,194.8392442404271,S29,194.8392442404271,0.0,0.0,0.5255925057200005,9.98100168362281,0.1708175643590002,681.0,0.66
medium_major_1.20_0.60,中维护价×大维护价,1.0,1.2,0.6,300.0,3.5999999999999996,7.199999999999999,A3,S32,状态触发,堵塞损失≥20触发，维护后储备阈值50，冷却21日,72.784897682164,S32,72.784897682164,0.0,0.0,0.17037424025450018,5.916245492837518,0.05196414327762255,2093.0,0.0
medium_major_1.20_0.60,中维护价×大维护价,1.0,1.2,0.6,300.0,3.5999999999999996,7.199999999999999,A4,S36,状态触发,堵塞损失≥30触发，维护后储备阈值50，冷却21日,70.95488684369718,S32,71.28016942778999,0.325282584092804,0.004584357731545002,0.1818516757488779,4.4244512709701995,0.06546660326959604,2002.0,0.0
medium_major_1.20_0.60,中维护价×大维护价,1.0,1.2,0.6,300.0,3.5999999999999996,7.199999999999999,A5,S32,状态触发,堵塞损失≥20触发，维护后储备阈值50，冷却21日,207.357050573879,S32,207.357050573879,0.0,0.0,0.6160449995361742,6.262097420285212,0.0,576.0,0.92
medium_major_1.20_0.60,中维护价×大维护价,1.0,1.2,0.6,300.0,3.5999999999999996,7.199999999999999,A6,S33,状态触发,堵塞损失≥20触发，维护后储备阈值50，冷却35日,94.4831805001403,S32,94.48891988827319,0.005739388132880663,6.074507761592699e-05,0.2356200791528644,6.353495434356988,0.1284129431383111,1491.0,0.0
medium_major_1.20_0.60,中维护价×大维护价,1.0,1.2,0.6,300.0,3.5999999999999996,7.199999999999999,A7,S33,状态触发,堵塞损失≥20触发，维护后储备阈值50，冷却35日,125.44010809099541,S29,125.9464481392463,0.5063400482508911,0.0040365083860067095,0.33037854461580207,4.517926597621093,1.3975012437248426,1074.0,0.01
medium_major_1.20_0.60,中维护价×大维护价,1.0,1.2,0.6,300.0,3.5999999999999996,7.199999999999999,A8,S29,状态触发,堵塞损失≥10触发，维护后储备阈值50，冷却35日,227.28513397623254,S29,227.28513397623254,0.0,0.0,0.6392530234349021,9.678290774804417,0.0926916883980608,557.0,0.945
medium_major_1.20_0.60,中维护价×大维护价,1.0,1.2,0.6,300.0,3.5999999999999996,7.199999999999999,A9,S32,状态触发,堵塞损失≥20触发，维护后储备阈值50，冷却21日,58.06694336346763,S33,58.177300610711285,0.11035724724365537,0.0019005175897218963,0.10933664611147696,5.846230467580674,0.5860444231575166,3271.0,0.0
medium_major_1.20_0.60,中维护价×大维护价,1.0,1.2,0.6,300.0,3.5999999999999996,7.199999999999999,A10,S29,状态触发,堵塞损失≥10触发，维护后储备阈值50，冷却35日,388.12043069770436,S29,388.12043069770436,0.0,0.0,1.1792528976850805,9.540155942272301,0.0,308.0,1.0
medium_major_1.20_0.70,中维护价×大维护价,1.0,1.2,0.7,300.0,3.5999999999999996,8.399999999999999,A1,S32,状态触发,堵塞损失≥20触发，维护后储备阈值50，冷却21日,84.43373837986856,S32,84.43373837986856,0.0,0.0,0.19978831463992977,6.783812223598816,0.00899047415879684,1785.0,0.0
medium_major_1.20_0.70,中维护价×大维护价,1.0,1.2,0.7,300.0,3.5999999999999996,8.399999999999999,A2,S29,状态触发,堵塞损失≥10触发，维护后储备阈值50，冷却35日,195.0442253176579,S29,195.0442253176579,0.0,0.0,0.5255925057200005,9.98100168362281,0.1708175643590002,681.0,0.66
medium_major_1.20_0.70,中维护价×大维护价,1.0,1.2,0.7,300.0,3.5999999999999996,8.399999999999999,A3,S32,状态触发,堵塞损失≥20触发，维护后储备阈值50，冷却21日,72.84725465409716,S32,72.84725465409716,0.0,0.0,0.17037424025450018,5.916245492837518,0.05196414327762255,2093.0,0.0
medium_major_1.20_0.70,中维护价×大维护价,1.0,1.2,0.7,300.0,3.5999999999999996,8.399999999999999,A4,S36,状态触发,堵塞损失≥30触发，维护后储备阈值50，冷却21日,71.03344676762069,S32,71.33852111541128,0.30507434779059395,0.004294798600842449,0.1818516757488779,4.4244512709701995,0.06546660326959604,2002.0,0.0
medium_major_1.20_0.70,中维护价×大维护价,1.0,1.2,0.7,300.0,3.5999999999999996,8.399999999999999,A5,S32,状态触发,堵塞损失≥20触发，维护后储备阈值50，冷却21日,207.357050573879,S32,207.357050573879,0.0,0.0,0.6160449995361742,6.262097420285212,0.0,576.0,0.92
medium_major_1.20_0.70,中维护价×大维护价,1.0,1.2,0.7,300.0,3.5999999999999996,8.399999999999999,A6,S33,状态触发,堵塞损失≥20触发，维护后储备阈值50，冷却35日,94.63727603190628,S32,94.64301094690396,0.005734914997674423,6.0598901808426286e-05,0.2356200791528644,6.353495434356988,0.1284129431383111,1491.0,0.0
medium_major_1.20_0.70,中维护价×大维护价,1.0,1.2,0.7,300.0,3.5999999999999996,8.399999999999999,A7,S29,状态触发,堵塞损失≥10触发，维护后储备阈值50，冷却35日,126.03679580150312,S29,126.03679580150312,0.0,0.0,0.30115887418938586,9.737972196913791,0.07528971854734647,1262.0,0.005
medium_major_1.20_0.70,中维护价×大维护价,1.0,1.2,0.7,300.0,3.5999999999999996,8.399999999999999,A8,S29,状态触发,堵塞损失≥10触发，维护后储备阈值50，冷却35日,227.3963640023102,S29,227.3963640023102,0.0,0.0,0.6392530234349021,9.678290774804417,0.0926916883980608,557.0,0.945
medium_major_1.20_0.70,中维护价×大维护价,1.0,1.2,0.7,300.0,3.5999999999999996,8.399999999999999,A9,S32,状态触发,堵塞损失≥20触发，维护后储备阈值50，冷却21日,58.770196671256656,S33,58.88380275614684,0.11360608489018631,0.0019330560611472108,0.10933664611147696,5.846230467580674,0.5860444231575166,3271.0,0.0
medium_major_1.20_0.70,中维护价×大维护价,1.0,1.2,0.7,300.0,3.5999999999999996,8.399999999999999,A10,S29,状态触发,堵塞损失≥10触发，维护后储备阈值50，冷却35日,388.12043069770436,S29,388.12043069770436,0.0,0.0,1.1792528976850805,9.540155942272301,0.0,308.0,1.0
medium_major_1.20_0.80,中维护价×大维护价,1.0,1.2,0.8,300.0,3.5999999999999996,9.600000000000001,A1,S32,状态触发,堵塞损失≥20触发，维护后储备阈值50，冷却21日,84.4445269488591,S32,84.4445269488591,0.0,0.0,0.19978831463992977,6.783812223598816,0.00899047415879684,1785.0,0.0
medium_major_1.20_0.80,中维护价×大维护价,1.0,1.2,0.8,300.0,3.5999999999999996,9.600000000000001,A2,S29,状态触发,堵塞损失≥10触发，维护后储备阈值50，冷却35日,195.2492063948887,S29,195.2492063948887,0.0,0.0,0.5255925057200005,9.98100168362281,0.1708175643590002,681.0,0.66
medium_major_1.20_0.80,中维护价×大维护价,1.0,1.2,0.8,300.0,3.5999999999999996,9.600000000000001,A3,S32,状态触发,堵塞损失≥20触发，维护后储备阈值50，冷却21日,72.9096116260303,S32,72.9096116260303,0.0,0.0,0.17037424025450018,5.916245492837518,0.05196414327762255,2093.0,0.0
medium_major_1.20_0.80,中维护价×大维护价,1.0,1.2,0.8,300.0,3.5999999999999996,9.600000000000001,A4,S36,状态触发,堵塞损失≥30触发，维护后储备阈值50，冷却21日,71.11200669154421,S32,71.3968728030326,0.2848661114883839,0.004005879242362272,0.1818516757488779,4.4244512709701995,0.06546660326959604,2002.0,0.0
medium_major_1.20_0.80,中维护价×大维护价,1.0,1.2,0.8,300.0,3.5999999999999996,9.600000000000001,A5,S32,状态触发,堵塞损失≥20触发，维护后储备阈值50，冷却21日,207.357050573879,S32,207.357050573879,0.0,0.0,0.6160449995361742,6.262097420285212,0.0,576.0,0.92
medium_major_1.20_0.80,中维护价×大维护价,1.0,1.2,0.8,300.0,3.5999999999999996,9.600000000000001,A6,S33,状态触发,堵塞损失≥20触发，维护后储备阈值50，冷却35日,94.79137156367226,S32,94.79710200553471,0.005730441862453972,6.0453201255820845e-05,0.2356200791528644,6.353495434356988,0.1284129431383111,1491.0,0.0
medium_major_1.20_0.80,中维护价×大维护价,1.0,1.2,0.8,300.0,3.5999999999999996,9.600000000000001,A7,S29,状态触发,堵塞损失≥10触发，维护后储备阈值50，冷却35日,126.12714346375994,S29,126.12714346375994,0.0,0.0,0.30115887418938586,9.737972196913791,0.07528971854734647,1262.0,0.005
medium_major_1.20_0.80,中维护价×大维护价,1.0,1.2,0.8,300.0,3.5999999999999996,9.600000000000001,A8,S29,状态触发,堵塞损失≥10触发，维护后储备阈值50，冷却35日,227.5075940283879,S29,227.5075940283879,0.0,0.0,0.6392530234349021,9.678290774804417,0.0926916883980608,557.0,0.945
medium_major_1.20_0.80,中维护价×大维护价,1.0,1.2,0.8,300.0,3.5999999999999996,9.600000000000001,A9,S32,状态触发,堵塞损失≥20触发，维护后储备阈值50，冷却21日,59.473449979045675,S33,59.5903049015824,0.11685492253672436,0.0019648250198684614,0.10933664611147696,5.846230467580674,0.5860444231575166,3271.0,0.0
medium_major_1.20_0.80,中维护价×大维护价,1.0,1.2,0.8,300.0,3.5999999999999996,9.600000000000001,A10,S29,状态触发,堵塞损失≥10触发，维护后储备阈值50，冷却35日,388.12043069770436,S29,388.12043069770436,0.0,0.0,1.1792528976850805,9.540155942272301,0.0,308.0,1.0
medium_major_1.20_0.90,中维护价×大维护价,1.0,1.2,0.9,300.0,3.5999999999999996,10.8,A1,S32,状态触发,堵塞损失≥20触发，维护后储备阈值50，冷却21日,84.45531551784967,S32,84.45531551784967,0.0,0.0,0.19978831463992977,6.783812223598816,0.00899047415879684,1785.0,0.0
medium_major_1.20_0.90,中维护价×大维护价,1.0,1.2,0.9,300.0,3.5999999999999996,10.8,A2,S29,状态触发,堵塞损失≥10触发，维护后储备阈值50，冷却35日,195.4541874721195,S29,195.4541874721195,0.0,0.0,0.5255925057200005,9.98100168362281,0.1708175643590002,681.0,0.66
medium_major_1.20_0.90,中维护价×大维护价,1.0,1.2,0.9,300.0,3.5999999999999996,10.8,A3,S32,状态触发,堵塞损失≥20触发，维护后储备阈值50，冷却21日,72.97196859796345,S32,72.97196859796345,0.0,0.0,0.17037424025450018,5.916245492837518,0.05196414327762255,2093.0,0.0
medium_major_1.20_0.90,中维护价×大维护价,1.0,1.2,0.9,300.0,3.5999999999999996,10.8,A4,S36,状态触发,堵塞损失≥30触发，维护后储备阈值50，冷却21日,71.19056661546772,S32,71.4552244906539,0.2646578751861881,0.0037175975381081652,0.1818516757488779,4.4244512709701995,0.06546660326959604,2002.0,0.0
medium_major_1.20_0.90,中维护价×大维护价,1.0,1.2,0.9,300.0,3.5999999999999996,10.8,A5,S32,状态触发,堵塞损失≥20触发，维护后储备阈值50，冷却21日,207.357050573879,S32,207.357050573879,0.0,0.0,0.6160449995361742,6.262097420285212,0.0,576.0,0.92
medium_major_1.20_0.90,中维护价×大维护价,1.0,1.2,0.9,300.0,3.5999999999999996,10.8,A6,S33,状态触发,堵塞损失≥20触发，维护后储备阈值50，冷却35日,94.94546709543823,S32,94.95119306416548,0.005725968727247732,6.030797364440838e-05,0.2356200791528644,6.353495434356988,0.1284129431383111,1491.0,0.0
medium_major_1.20_0.90,中维护价×大维护价,1.0,1.2,0.9,300.0,3.5999999999999996,10.8,A7,S29,状态触发,堵塞损失≥10触发，维护后储备阈值50，冷却35日,126.21749112601675,S29,126.21749112601675,0.0,0.0,0.30115887418938586,9.737972196913791,0.07528971854734647,1262.0,0.005
medium_major_1.20_0.90,中维护价×大维护价,1.0,1.2,0.9,300.0,3.5999999999999996,10.8,A8,S29,状态触发,堵塞损失≥10触发，维护后储备阈值50，冷却35日,227.61882405446556,S29,227.61882405446556,0.0,0.0,0.6392530234349021,9.678290774804417,0.0926916883980608,557.0,0.945
medium_major_1.20_0.90,中维护价×大维护价,1.0,1.2,0.9,300.0,3.5999999999999996,10.8,A9,S32,状态触发,堵塞损失≥20触发，维护后储备阈值50，冷却21日,60.176703286834694,S33,60.29680704701796,0.12010376018326241,0.001995851444549612,0.10933664611147696,5.846230467580674,0.5860444231575166,3271.0,0.0
medium_major_1.20_0.90,中维护价×大维护价,1.0,1.2,0.9,300.0,3.5999999999999996,10.8,A10,S29,状态触发,堵塞损失≥10触发，维护后储备阈值50，冷却35日,388.12043069770436,S29,388.12043069770436,0.0,0.0,1.1792528976850805,9.540155942272301,0.0,308.0,1.0
medium_major_1.20_1.00,中维护价×大维护价,1.0,1.2,1.0,300.0,3.5999999999999996,12.0,A1,S32,状态触发,堵塞损失≥20触发，维护后储备阈值50，冷却21日,84.46610408684022,S32,84.46610408684022,0.0,0.0,0.19978831463992977,6.783812223598816,0.00899047415879684,1785.0,0.0
medium_major_1.20_1.00,中维护价×大维护价,1.0,1.2,1.0,300.0,3.5999999999999996,12.0,A2,S29,状态触发,堵塞损失≥10触发，维护后储备阈值50，冷却35日,195.65916854935028,S29,195.65916854935028,0.0,0.0,0.5255925057200005,9.98100168362281,0.1708175643590002,681.0,0.66
medium_major_1.20_1.00,中维护价×大维护价,1.0,1.2,1.0,300.0,3.5999999999999996,12.0,A3,S32,状态触发,堵塞损失≥20触发，维护后储备阈值50，冷却21日,73.0343255698966,S32,73.0343255698966,0.0,0.0,0.17037424025450018,5.916245492837518,0.05196414327762255,2093.0,0.0
medium_major_1.20_1.00,中维护价×大维护价,1.0,1.2,1.0,300.0,3.5999999999999996,12.0,A4,S36,状态触发,堵塞损失≥30触发，维护后储备阈值50，冷却21日,71.26912653939124,S32,71.51357617827522,0.24444963888397808,0.003429951379421888,0.1818516757488779,4.4244512709701995,0.06546660326959604,2002.0,0.0
medium_major_1.20_1.00,中维护价×大维护价,1.0,1.2,1.0,300.0,3.5999999999999996,12.0,A5,S32,状态触发,堵塞损失≥20触发，维护后储备阈值50，冷却21日,207.357050573879,S32,207.357050573879,0.0,0.0,0.6160449995361742,6.262097420285212,0.0,576.0,0.92
medium_major_1.20_1.00,中维护价×大维护价,1.0,1.2,1.0,300.0,3.5999999999999996,12.0,A6,S33,状态触发,堵塞损失≥20触发，维护后储备阈值50，冷却35日,95.09956262720421,S32,95.10528412279625,0.005721495592041492,6.016321667503442e-05,0.2356200791528644,6.353495434356988,0.1284129431383111,1491.0,0.0
medium_major_1.20_1.00,中维护价×大维护价,1.0,1.2,1.0,300.0,3.5999999999999996,12.0,A7,S29,状态触发,堵塞损失≥10触发，维护后储备阈值50，冷却35日,126.30783878827357,S29,126.30783878827357,0.0,0.0,0.30115887418938586,9.737972196913791,0.07528971854734647,1262.0,0.005
medium_major_1.20_1.00,中维护价×大维护价,1.0,1.2,1.0,300.0,3.5999999999999996,12.0,A8,S29,状态触发,堵塞损失≥10触发，维护后储备阈值50，冷却35日,227.73005408054323,S29,227.73005408054323,0.0,0.0,0.6392530234349021,9.678290774804417,0.0926916883980608,557.0,0.945
medium_major_1.20_1.00,中维护价×大维护价,1.0,1.2,1.0,300.0,3.5999999999999996,12.0,A9,S32,状态触发,堵塞损失≥20触发，维护后储备阈值50，冷却21日,60.879956594623714,S33,61.003309192453514,0.12335259782980046,0.0020261610672812746,0.10933664611147696,5.846230467580674,0.5860444231575166,3271.0,0.0
medium_major_1.20_1.00,中维护价×大维护价,1.0,1.2,1.0,300.0,3.5999999999999996,12.0,A10,S29,状态触发,堵塞损失≥10触发，维护后储备阈值50，冷却35日,388.12043069770436,S29,388.12043069770436,0.0,0.0,1.1792528976850805,9.540155942272301,0.0,308.0,1.0
medium_major_1.20_1.10,中维护价×大维护价,1.0,1.2,1.1,300.0,3.5999999999999996,13.200000000000001,A1,S32,状态触发,堵塞损失≥20触发，维护后储备阈值50，冷却21日,84.47689265583078,S32,84.47689265583078,0.0,0.0,0.19978831463992977,6.783812223598816,0.00899047415879684,1785.0,0.0
medium_major_1.20_1.10,中维护价×大维护价,1.0,1.2,1.1,300.0,3.5999999999999996,13.200000000000001,A2,S29,状态触发,堵塞损失≥10触发，维护后储备阈值50，冷却35日,195.86414962658108,S29,195.86414962658108,0.0,0.0,0.5255925057200005,9.98100168362281,0.1708175643590002,681.0,0.66
medium_major_1.20_1.10,中维护价×大维护价,1.0,1.2,1.1,300.0,3.5999999999999996,13.200000000000001,A3,S32,状态触发,堵塞损失≥20触发，维护后储备阈值50，冷却21日,73.09668254182974,S32,73.09668254182974,0.0,0.0,0.17037424025450018,5.916245492837518,0.05196414327762255,2093.0,0.0
medium_major_1.20_1.10,中维护价×大维护价,1.0,1.2,1.1,300.0,3.5999999999999996,13.200000000000001,A4,S36,状态触发,堵塞损失≥30触发，维护后储备阈值50，冷却21日,71.34768646331474,S32,71.57192786589651,0.22424140258176806,0.0031429386669330557,0.1818516757488779,4.4244512709701995,0.06546660326959604,2002.0,0.0
medium_major_1.20_1.10,中维护价×大维护价,1.0,1.2,1.1,300.0,3.5999999999999996,13.200000000000001,A5,S32,状态触发,堵塞损失≥20触发，维护后储备阈值50，冷却21日,207.357050573879,S32,207.357050573879,0.0,0.0,0.6160449995361742,6.262097420285212,0.0,576.0,0.92
medium_major_1.20_1.10,中维护价×大维护价,1.0,1.2,1.1,300.0,3.5999999999999996,13.200000000000001,A6,S33,状态触发,堵塞损失≥20触发，维护后储备阈值50，冷却35日,95.25365815897018,S32,95.25937518142702,0.005717022456835252,6.00189280635714e-05,0.2356200791528644,6.353495434356988,0.1284129431383111,1491.0,0.0
medium_major_1.20_1.10,中维护价×大维护价,1.0,1.2,1.1,300.0,3.5999999999999996,13.200000000000001,A7,S29,状态触发,堵塞损失≥10触发，维护后储备阈值50，冷却35日,126.39818645053037,S29,126.39818645053037,0.0,0.0,0.30115887418938586,9.737972196913791,0.07528971854734647,1262.0,0.005
medium_major_1.20_1.10,中维护价×大维护价,1.0,1.2,1.1,300.0,3.5999999999999996,13.200000000000001,A8,S29,状态触发,堵塞损失≥10触发，维护后储备阈值50，冷却35日,227.84128410662092,S29,227.84128410662092,0.0,0.0,0.6392530234349021,9.678290774804417,0.0926916883980608,557.0,0.945
medium_major_1.20_1.10,中维护价×大维护价,1.0,1.2,1.1,300.0,3.5999999999999996,13.200000000000001,A9,S32,状态触发,堵塞损失≥20触发，维护后储备阈值50，冷却21日,61.58320990241273,S33,61.70981133788907,0.1266014354763385,0.0020557784447572044,0.10933664611147696,5.846230467580674,0.5860444231575166,3271.0,0.0
medium_major_1.20_1.10,中维护价×大维护价,1.0,1.2,1.1,300.0,3.5999999999999996,13.200000000000001,A10,S29,状态触发,堵塞损失≥10触发，维护后储备阈值50，冷却35日,388.12043069770436,S29,388.12043069770436,0.0,0.0,1.1792528976850805,9.540155942272301,0.0,308.0,1.0
medium_major_1.20_1.20,中维护价×大维护价,1.0,1.2,1.2,300.0,3.5999999999999996,14.399999999999999,A1,S32,状态触发,堵塞损失≥20触发，维护后储备阈值50，冷却21日,84.48768122482133,S32,84.48768122482133,0.0,0.0,0.19978831463992977,6.783812223598816,0.00899047415879684,1785.0,0.0
medium_major_1.20_1.20,中维护价×大维护价,1.0,1.2,1.2,300.0,3.5999999999999996,14.399999999999999,A2,S29,状态触发,堵塞损失≥10触发，维护后储备阈值50，冷却35日,196.06913070381188,S29,196.06913070381188,0.0,0.0,0.5255925057200005,9.98100168362281,0.1708175643590002,681.0,0.66
medium_major_1.20_1.20,中维护价×大维护价,1.0,1.2,1.2,300.0,3.5999999999999996,14.399999999999999,A3,S32,状态触发,堵塞损失≥20触发，维护后储备阈值50，冷却21日,73.15903951376289,S32,73.15903951376289,0.0,0.0,0.17037424025450018,5.916245492837518,0.05196414327762255,2093.0,0.0
medium_major_1.20_1.20,中维护价×大维护价,1.0,1.2,1.2,300.0,3.5999999999999996,14.399999999999999,A4,S36,状态触发,堵塞损失≥30触发，维护后储备阈值50，冷却21日,71.42624638723827,S32,71.63027955351782,0.20403316627955803,0.002856557310507257,0.1818516757488779,4.4244512709701995,0.06546660326959604,2002.0,0.0
medium_major_1.20_1.20,中维护价×大维护价,1.0,1.2,1.2,300.0,3.5999999999999996,14.399999999999999,A5,S32,状态触发,堵塞损失≥20触发，维护后储备阈值50，冷却21日,207.357050573879,S32,207.357050573879,0.0,0.0,0.6160449995361742,6.262097420285212,0.0,576.0,0.92
medium_major_1.20_1.20,中维护价×大维护价,1.0,1.2,1.2,300.0,3.5999999999999996,14.399999999999999,A6,S33,状态触发,堵塞损失≥20触发，维护后储备阈值50，冷却35日,95.40775369073614,S32,95.41346624005779,0.005712549321643223,5.987510554079734e-05,0.2356200791528644,6.353495434356988,0.1284129431383111,1491.0,0.0
medium_major_1.20_1.20,中维护价×大维护价,1.0,1.2,1.2,300.0,3.5999999999999996,14.399999999999999,A7,S29,状态触发,堵塞损失≥10触发，维护后储备阈值50，冷却35日,126.48853411278719,S29,126.48853411278719,0.0,0.0,0.30115887418938586,9.737972196913791,0.07528971854734647,1262.0,0.005
medium_major_1.20_1.20,中维护价×大维护价,1.0,1.2,1.2,300.0,3.5999999999999996,14.399999999999999,A8,S29,状态触发,堵塞损失≥10触发，维护后储备阈值50，冷却35日,227.95251413269858,S29,227.95251413269858,0.0,0.0,0.6392530234349021,9.678290774804417,0.0926916883980608,557.0,0.945
medium_major_1.20_1.20,中维护价×大维护价,1.0,1.2,1.2,300.0,3.5999999999999996,14.399999999999999,A9,S32,状态触发,堵塞损失≥20触发，维护后储备阈值50，冷却21日,62.28646321020175,S33,62.41631348332463,0.12985027312287656,0.0020847270246291444,0.10933664611147696,5.846230467580674,0.5860444231575166,3271.0,0.0
medium_major_1.20_1.20,中维护价×大维护价,1.0,1.2,1.2,300.0,3.5999999999999996,14.399999999999999,A10,S29,状态触发,堵塞损失≥10触发，维护后储备阈值50，冷却35日,388.12043069770436,S29,388.12043069770436,0.0,0.0,1.1792528976850805,9.540155942272301,0.0,308.0,1.0
medium_major_1.20_1.30,中维护价×大维护价,1.0,1.2,1.3,300.0,3.5999999999999996,15.600000000000001,A1,S32,状态触发,堵塞损失≥20触发，维护后储备阈值50，冷却21日,84.49846979381189,S32,84.49846979381189,0.0,0.0,0.19978831463992977,6.783812223598816,0.00899047415879684,1785.0,0.0
medium_major_1.20_1.30,中维护价×大维护价,1.0,1.2,1.3,300.0,3.5999999999999996,15.600000000000001,A2,S29,状态触发,堵塞损失≥10触发，维护后储备阈值50，冷却35日,196.27411178104268,S29,196.27411178104268,0.0,0.0,0.5255925057200005,9.98100168362281,0.1708175643590002,681.0,0.66
medium_major_1.20_1.30,中维护价×大维护价,1.0,1.2,1.3,300.0,3.5999999999999996,15.600000000000001,A3,S32,状态触发,堵塞损失≥20触发，维护后储备阈值50，冷却21日,73.22139648569603,S32,73.22139648569603,0.0,0.0,0.17037424025450018,5.916245492837518,0.05196414327762255,2093.0,0.0
medium_major_1.20_1.30,中维护价×大维护价,1.0,1.2,1.3,300.0,3.5999999999999996,15.600000000000001,A4,S36,状态触发,堵塞损失≥30触发，维护后储备阈值50，冷却21日,71.50480631116179,S32,71.68863124113913,0.183824929977348,0.0025708052291955265,0.1818516757488779,4.4244512709701995,0.06546660326959604,2002.0,0.0
medium_major_1.20_1.30,中维护价×大维护价,1.0,1.2,1.3,300.0,3.5999999999999996,15.600000000000001,A5,S32,状态触发,堵塞损失≥20触发，维护后储备阈值50，冷却21日,207.357050573879,S32,207.357050573879,0.0,0.0,0.6160449995361742,6.262097420285212,0.0,576.0,0.92
medium_major_1.20_1.30,中维护价×大维护价,1.0,1.2,1.3,300.0,3.5999999999999996,15.600000000000001,A6,S33,状态触发,堵塞损失≥20触发，维护后储备阈值50，冷却35日,95.56184922250212,S32,95.56755729868854,0.0057080761864227725,5.973174685153206e-05,0.2356200791528644,6.353495434356988,0.1284129431383111,1491.0,0.0
medium_major_1.20_1.30,中维护价×大维护价,1.0,1.2,1.3,300.0,3.5999999999999996,15.600000000000001,A7,S29,状态触发,堵塞损失≥10触发，维护后储备阈值50，冷却35日,126.57888177504401,S29,126.57888177504401,0.0,0.0,0.30115887418938586,9.737972196913791,0.07528971854734647,1262.0,0.005
medium_major_1.20_1.30,中维护价×大维护价,1.0,1.2,1.3,300.0,3.5999999999999996,15.600000000000001,A8,S29,状态触发,堵塞损失≥10触发，维护后储备阈值50，冷却35日,228.06374415877625,S29,228.06374415877625,0.0,0.0,0.6392530234349021,9.678290774804417,0.0926916883980608,557.0,0.945
medium_major_1.20_1.30,中维护价×大维护价,1.0,1.2,1.3,300.0,3.5999999999999996,15.600000000000001,A9,S32,状态触发,堵塞损失≥20触发，维护后储备阈值50，冷却21日,62.98971651799077,S33,63.122815628760186,0.1330991107694146,0.002113029207416731,0.10933664611147696,5.846230467580674,0.5860444231575166,3271.0,0.0
medium_major_1.20_1.30,中维护价×大维护价,1.0,1.2,1.3,300.0,3.5999999999999996,15.600000000000001,A10,S29,状态触发,堵塞损失≥10触发，维护后储备阈值50，冷却35日,388.12043069770436,S29,388.12043069770436,0.0,0.0,1.1792528976850805,9.540155942272301,0.0,308.0,1.0
medium_major_1.20_1.40,中维护价×大维护价,1.0,1.2,1.4,300.0,3.5999999999999996,16.799999999999997,A1,S32,状态触发,堵塞损失≥20触发，维护后储备阈值50，冷却21日,84.50925836280244,S32,84.50925836280244,0.0,0.0,0.19978831463992977,6.783812223598816,0.00899047415879684,1785.0,0.0
medium_major_1.20_1.40,中维护价×大维护价,1.0,1.2,1.4,300.0,3.5999999999999996,16.799999999999997,A2,S29,状态触发,堵塞损失≥10触发，维护后储备阈值50，冷却35日,196.47909285827348,S29,196.47909285827348,0.0,0.0,0.5255925057200005,9.98100168362281,0.1708175643590002,681.0,0.66
medium_major_1.20_1.40,中维护价×大维护价,1.0,1.2,1.4,300.0,3.5999999999999996,16.799999999999997,A3,S32,状态触发,堵塞损失≥20触发，维护后储备阈值50，冷却21日,73.28375345762919,S32,73.28375345762919,0.0,0.0,0.17037424025450018,5.916245492837518,0.05196414327762255,2093.0,0.0
medium_major_1.20_1.40,中维护价×大维护价,1.0,1.2,1.4,300.0,3.5999999999999996,16.799999999999997,A4,S36,状态触发,堵塞损失≥30触发，维护后储备阈值50，冷却21日,71.5833662350853,S32,71.74698292876045,0.1636166936751522,0.0022856803511841334,0.1818516757488779,4.4244512709701995,0.06546660326959604,2002.0,0.0
medium_major_1.20_1.40,中维护价×大维护价,1.0,1.2,1.4,300.0,3.5999999999999996,16.799999999999997,A5,S32,状态触发,堵塞损失≥20触发，维护后储备阈值50，冷却21日,207.357050573879,S32,207.357050573879,0.0,0.0,0.6160449995361742,6.262097420285212,0.0,576.0,0.92
medium_major_1.20_1.40,中维护价×大维护价,1.0,1.2,1.4,300.0,3.5999999999999996,16.799999999999997,A6,S33,状态触发,堵塞损失≥20触发，维护后储备阈值50，冷却35日,95.7159447542681,S32,95.72164835731931,0.0057036030512165325,5.958884975600893e-05,0.2356200791528644,6.353495434356988,0.1284129431383111,1491.0,0.0
medium_major_1.20_1.40,中维护价×大维护价,1.0,1.2,1.4,300.0,3.5999999999999996,16.799999999999997,A7,S29,状态触发,堵塞损失≥10触发，维护后储备阈值50，冷却35日,126.66922943730083,S29,126.66922943730083,0.0,0.0,0.30115887418938586,9.737972196913791,0.07528971854734647,1262.0,0.005
medium_major_1.20_1.40,中维护价×大维护价,1.0,1.2,1.4,300.0,3.5999999999999996,16.799999999999997,A8,S29,状态触发,堵塞损失≥10触发，维护后储备阈值50，冷却35日,228.17497418485394,S29,228.17497418485394,0.0,0.0,0.6392530234349021,9.678290774804417,0.0926916883980608,557.0,0.945
medium_major_1.20_1.40,中维护价×大维护价,1.0,1.2,1.4,300.0,3.5999999999999996,16.799999999999997,A9,S32,状态触发,堵塞损失≥20触发，维护后储备阈值50，冷却21日,63.69296982577979,S33,63.829317774195744,0.13634794841595266,0.0021407064043160017,0.10933664611147696,5.846230467580674,0.5860444231575166,3271.0,0.0
medium_major_1.20_1.40,中维护价×大维护价,1.0,1.2,1.4,300.0,3.5999999999999996,16.799999999999997,A10,S29,状态触发,堵塞损失≥10触发，维护后储备阈值50，冷却35日,388.12043069770436,S29,388.12043069770436,0.0,0.0,1.1792528976850805,9.540155942272301,0.0,308.0,1.0
medium_major_1.20_1.50,中维护价×大维护价,1.0,1.2,1.5,300.0,3.5999999999999996,18.0,A1,S32,状态触发,堵塞损失≥20触发，维护后储备阈值50，冷却21日,84.520046931793,S32,84.520046931793,0.0,0.0,0.19978831463992977,6.783812223598816,0.00899047415879684,1785.0,0.0
medium_major_1.20_1.50,中维护价×大维护价,1.0,1.2,1.5,300.0,3.5999999999999996,18.0,A2,S29,状态触发,堵塞损失≥10触发，维护后储备阈值50，冷却35日,196.68407393550427,S29,196.68407393550427,0.0,0.0,0.5255925057200005,9.98100168362281,0.1708175643590002,681.0,0.66
medium_major_1.20_1.50,中维护价×大维护价,1.0,1.2,1.5,300.0,3.5999999999999996,18.0,A3,S32,状态触发,堵塞损失≥20触发，维护后储备阈值50，冷却21日,73.34611042956233,S32,73.34611042956233,0.0,0.0,0.17037424025450018,5.916245492837518,0.05196414327762255,2093.0,0.0
medium_major_1.20_1.50,中维护价×大维护价,1.0,1.2,1.5,300.0,3.5999999999999996,18.0,A4,S36,状态触发,堵塞损失≥30触发，维护后储备阈值50，冷却21日,71.66192615900881,S32,71.80533461638174,0.14340845737292796,0.0020011806137435182,0.1818516757488779,4.4244512709701995,0.06546660326959604,2002.0,0.0
medium_major_1.20_1.50,中维护价×大维护价,1.0,1.2,1.5,300.0,3.5999999999999996,18.0,A5,S32,状态触发,堵塞损失≥20触发，维护后储备阈值50，冷却21日,207.357050573879,S32,207.357050573879,0.0,0.0,0.6160449995361742,6.262097420285212,0.0,576.0,0.92
medium_major_1.20_1.50,中维护价×大维护价,1.0,1.2,1.5,300.0,3.5999999999999996,18.0,A6,S33,状态触发,堵塞损失≥20触发，维护后储备阈值50，冷却35日,95.87004028603407,S32,95.87573941595008,0.005699129916010293,5.944641202826862e-05,0.2356200791528644,6.353495434356988,0.1284129431383111,1491.0,0.0
medium_major_1.20_1.50,中维护价×大维护价,1.0,1.2,1.5,300.0,3.5999999999999996,18.0,A7,S29,状态触发,堵塞损失≥10触发，维护后储备阈值50，冷却35日,126.75957709955765,S29,126.75957709955765,0.0,0.0,0.30115887418938586,9.737972196913791,0.07528971854734647,1262.0,0.005
medium_major_1.20_1.50,中维护价×大维护价,1.0,1.2,1.5,300.0,3.5999999999999996,18.0,A8,S29,状态触发,堵塞损失≥10触发，维护后储备阈值50，冷却35日,228.2862042109316,S29,228.2862042109316,0.0,0.0,0.6392530234349021,9.678290774804417,0.0926916883980608,557.0,0.945
medium_major_1.20_1.50,中维护价×大维护价,1.0,1.2,1.5,300.0,3.5999999999999996,18.0,A9,S32,状态触发,堵塞损失≥20触发，维护后储备阈值50，冷却21日,64.39622313356881,S33,64.53581991963131,0.1395967860624978,0.0021677790912201502,0.10933664611147696,5.846230467580674,0.5860444231575166,3271.0,0.0
medium_major_1.20_1.50,中维护价×大维护价,1.0,1.2,1.5,300.0,3.5999999999999996,18.0,A10,S29,状态触发,堵塞损失≥10触发，维护后储备阈值50，冷却35日,388.12043069770436,S29,388.12043069770436,0.0,0.0,1.1792528976850805,9.540155942272301,0.0,308.0,1.0
medium_major_1.30_0.50,中维护价×大维护价,1.0,1.3,0.5,300.0,3.9000000000000004,6.0,A1,S32,状态触发,堵塞损失≥20触发，维护后储备阈值50，冷却21日,86.44730490896711,S32,86.44730490896711,0.0,0.0,0.19978831463992977,6.783812223598816,0.00899047415879684,1785.0,0.0
medium_major_1.30_0.50,中维护价×大维护价,1.0,1.3,0.5,300.0,3.9000000000000004,6.0,A2,S29,状态触发,堵塞损失≥10触发，维护后储备阈值50，冷却35日,197.6285636682831,S29,197.6285636682831,0.0,0.0,0.5255925057200005,9.98100168362281,0.1708175643590002,681.0,0.66
medium_major_1.30_0.50,中维护价×大维护价,1.0,1.3,0.5,300.0,3.9000000000000004,6.0,A3,S32,状态触发,堵塞损失≥20触发，维护后储备阈值50，冷却21日,74.49741435808211,S32,74.49741435808211,0.0,0.0,0.17037424025450018,5.916245492837518,0.05196414327762255,2093.0,0.0
medium_major_1.30_0.50,中维护价×大维护价,1.0,1.3,0.5,300.0,3.9000000000000004,6.0,A4,S36,状态触发,堵塞损失≥30触发，维护后储备阈值50，冷却21日,72.20366230106472,S32,72.86718177401687,0.6635194729521459,0.00918955426645113,0.1818516757488779,4.4244512709701995,0.06546660326959604,2002.0,0.0
medium_major_1.30_0.50,中维护价×大维护价,1.0,1.3,0.5,300.0,3.9000000000000004,6.0,A5,S32,状态触发,堵塞损失≥20触发，维护后储备阈值50，冷却21日,209.2356797999646,S32,209.2356797999646,0.0,0.0,0.6160449995361742,6.262097420285212,0.0,576.0,0.92
medium_major_1.30_0.50,中维护价×大维护价,1.0,1.3,0.5,300.0,3.9000000000000004,6.0,A6,S33,状态触发,堵塞损失≥20触发，维护后储备阈值50，冷却35日,96.23513359868143,S32,96.24152897026853,0.006395371587103682,6.645568357366845e-05,0.2356200791528644,6.353495434356988,0.1284129431383111,1491.0,0.0
medium_major_1.30_0.50,中维护价×大维护价,1.0,1.3,0.5,300.0,3.9000000000000004,6.0,A7,S33,状态触发,堵塞损失≥20触发，维护后储备阈值50，冷却35日,125.11848457781193,S29,128.77749213606364,3.659007558251716,0.02924434043937095,0.33037854461580207,4.517926597621093,1.3975012437248426,1074.0,0.01
medium_major_1.30_0.50,中维护价×大维护价,1.0,1.3,0.5,300.0,3.9000000000000004,6.0,A8,S29,状态触发,堵塞损失≥10触发，维护后储备阈值50，冷却35日,230.07739118259622,S29,230.07739118259622,0.0,0.0,0.6392530234349021,9.678290774804417,0.0926916883980608,557.0,0.945
medium_major_1.30_0.50,中维护价×大维护价,1.0,1.3,0.5,300.0,3.9000000000000004,6.0,A9,S32,状态触发,堵塞损失≥20触发，维护后储备阈值50，冷却21日,59.117559195952815,S33,59.201562876018805,0.08400368006599024,0.0014209598841445593,0.10933664611147696,5.846230467580674,0.5860444231575166,3271.0,0.0
medium_major_1.30_0.50,中维护价×大维护价,1.0,1.3,0.5,300.0,3.9000000000000004,6.0,A10,S29,状态触发,堵塞损失≥10触发，维护后储备阈值50，冷却35日,390.9824774803861,S29,390.9824774803861,0.0,0.0,1.1792528976850805,9.540155942272301,0.0,308.0,1.0
medium_major_1.30_0.60,中维护价×大维护价,1.0,1.3,0.6,300.0,3.9000000000000004,7.199999999999999,A1,S32,状态触发,堵塞损失≥20触发，维护后储备阈值50，冷却21日,86.45809347795766,S32,86.45809347795766,0.0,0.0,0.19978831463992977,6.783812223598816,0.00899047415879684,1785.0,0.0
medium_major_1.30_0.60,中维护价×大维护价,1.0,1.3,0.6,300.0,3.9000000000000004,7.199999999999999,A2,S29,状态触发,堵塞损失≥10触发，维护后储备阈值50，冷却35日,197.8335447455139,S29,197.8335447455139,0.0,0.0,0.5255925057200005,9.98100168362281,0.1708175643590002,681.0,0.66
medium_major_1.30_0.60,中维护价×大维护价,1.0,1.3,0.6,300.0,3.9000000000000004,7.199999999999999,A3,S32,状态触发,堵塞损失≥20触发，维护后储备阈值50，冷却21日,74.55977133001525,S32,74.55977133001525,0.0,0.0,0.17037424025450018,5.916245492837518,0.05196414327762255,2093.0,0.0
medium_major_1.30_0.60,中维护价×大维护价,1.0,1.3,0.6,300.0,3.9000000000000004,7.199999999999999,A4,S36,状态触发,堵塞损失≥30触发，维护后储备阈值50，冷却21日,72.28222222498825,S32,72.92553346163818,0.6433112366499358,0.008899992513339477,0.1818516757488779,4.4244512709701995,0.06546660326959604,2002.0,0.0
medium_major_1.30_0.60,中维护价×大维护价,1.0,1.3,0.6,300.0,3.9000000000000004,7.199999999999999,A5,S32,状态触发,堵塞损失≥20触发，维护后储备阈值50，冷却21日,209.2356797999646,S32,209.2356797999646,0.0,0.0,0.6160449995361742,6.262097420285212,0.0,576.0,0.92
medium_major_1.30_0.60,中维护价×大维护价,1.0,1.3,0.6,300.0,3.9000000000000004,7.199999999999999,A6,S33,状态触发,堵塞损失≥20触发，维护后储备阈值50，冷却35日,96.3892291304474,S32,96.3956200288993,0.006390898451897442,6.630303519959044e-05,0.2356200791528644,6.353495434356988,0.1284129431383111,1491.0,0.0
medium_major_1.30_0.60,中维护价×大维护价,1.0,1.3,0.6,300.0,3.9000000000000004,7.199999999999999,A7,S33,状态触发,堵塞损失≥20触发，维护后储备阈值50，冷却35日,126.79548607028174,S29,128.86783979832046,2.0723537280387205,0.01634406548897199,0.33037854461580207,4.517926597621093,1.3975012437248426,1074.0,0.01
medium_major_1.30_0.60,中维护价×大维护价,1.0,1.3,0.6,300.0,3.9000000000000004,7.199999999999999,A8,S29,状态触发,堵塞损失≥10触发，维护后储备阈值50，冷却35日,230.18862120867388,S29,230.18862120867388,0.0,0.0,0.6392530234349021,9.678290774804417,0.0926916883980608,557.0,0.945
medium_major_1.30_0.60,中维护价×大维护价,1.0,1.3,0.6,300.0,3.9000000000000004,7.199999999999999,A9,S32,状态触发,堵塞损失≥20触发，维护后储备阈值50，冷却21日,59.820812503741834,S33,59.90806502145436,0.08725251771252829,0.001458564570768252,0.10933664611147696,5.846230467580674,0.5860444231575166,3271.0,0.0
medium_major_1.30_0.60,中维护价×大维护价,1.0,1.3,0.6,300.0,3.9000000000000004,7.199999999999999,A10,S29,状态触发,堵塞损失≥10触发，维护后储备阈值50，冷却35日,390.9824774803861,S29,390.9824774803861,0.0,0.0,1.1792528976850805,9.540155942272301,0.0,308.0,1.0
medium_major_1.30_0.70,中维护价×大维护价,1.0,1.3,0.7,300.0,3.9000000000000004,8.399999999999999,A1,S32,状态触发,堵塞损失≥20触发，维护后储备阈值50，冷却21日,86.46888204694822,S32,86.46888204694822,0.0,0.0,0.19978831463992977,6.783812223598816,0.00899047415879684,1785.0,0.0
medium_major_1.30_0.70,中维护价×大维护价,1.0,1.3,0.7,300.0,3.9000000000000004,8.399999999999999,A2,S29,状态触发,堵塞损失≥10触发，维护后储备阈值50，冷却35日,198.03852582274473,S29,198.03852582274473,0.0,0.0,0.5255925057200005,9.98100168362281,0.1708175643590002,681.0,0.66
medium_major_1.30_0.70,中维护价×大维护价,1.0,1.3,0.7,300.0,3.9000000000000004,8.399999999999999,A3,S32,状态触发,堵塞损失≥20触发，维护后储备阈值50，冷却21日,74.62212830194841,S32,74.62212830194841,0.0,0.0,0.17037424025450018,5.916245492837518,0.05196414327762255,2093.0,0.0
medium_major_1.30_0.70,中维护价×大维护价,1.0,1.3,0.7,300.0,3.9000000000000004,8.399999999999999,A4,S36,状态触发,堵塞损失≥30触发，维护后储备阈值50，冷却21日,72.36078214891175,S32,72.98388514925948,0.6231030003477258,0.008611059497193353,0.1818516757488779,4.4244512709701995,0.06546660326959604,2002.0,0.0
medium_major_1.30_0.70,中维护价×大维护价,1.0,1.3,0.7,300.0,3.9000000000000004,8.399999999999999,A5,S32,状态触发,堵塞损失≥20触发，维护后储备阈值50，冷却21日,209.2356797999646,S32,209.2356797999646,0.0,0.0,0.6160449995361742,6.262097420285212,0.0,576.0,0.92
medium_major_1.30_0.70,中维护价×大维护价,1.0,1.3,0.7,300.0,3.9000000000000004,8.399999999999999,A6,S33,状态触发,堵塞损失≥20触发，维护后储备阈值50，冷却35日,96.54332466221338,S32,96.54971108753007,0.006386425316691202,6.61508741182892e-05,0.2356200791528644,6.353495434356988,0.1284129431383111,1491.0,0.0
medium_major_1.30_0.70,中维护价×大维护价,1.0,1.3,0.7,300.0,3.9000000000000004,8.399999999999999,A7,S33,状态触发,堵塞损失≥20触发，维护后储备阈值50，冷却35日,128.47248756275155,S29,128.95818746057725,0.4856998978256968,0.0037805751802576395,0.33037854461580207,4.517926597621093,1.3975012437248426,1074.0,0.01
medium_major_1.30_0.70,中维护价×大维护价,1.0,1.3,0.7,300.0,3.9000000000000004,8.399999999999999,A8,S29,状态触发,堵塞损失≥10触发，维护后储备阈值50，冷却35日,230.29985123475154,S29,230.29985123475154,0.0,0.0,0.6392530234349021,9.678290774804417,0.0926916883980608,557.0,0.945
medium_major_1.30_0.70,中维护价×大维护价,1.0,1.3,0.7,300.0,3.9000000000000004,8.399999999999999,A9,S32,状态触发,堵塞损失≥20触发，维护后储备阈值50，冷却21日,60.52406581153086,S33,60.61456716688992,0.09050135535905923,0.0014952953696282774,0.10933664611147696,5.846230467580674,0.5860444231575166,3271.0,0.0
medium_major_1.30_0.70,中维护价×大维护价,1.0,1.3,0.7,300.0,3.9000000000000004,8.399999999999999,A10,S29,状态触发,堵塞损失≥10触发，维护后储备阈值50，冷却35日,390.9824774803861,S29,390.9824774803861,0.0,0.0,1.1792528976850805,9.540155942272301,0.0,308.0,1.0
medium_major_1.30_0.80,中维护价×大维护价,1.0,1.3,0.8,300.0,3.9000000000000004,9.600000000000001,A1,S32,状态触发,堵塞损失≥20触发，维护后储备阈值50，冷却21日,86.47967061593877,S32,86.47967061593877,0.0,0.0,0.19978831463992977,6.783812223598816,0.00899047415879684,1785.0,0.0
medium_major_1.30_0.80,中维护价×大维护价,1.0,1.3,0.8,300.0,3.9000000000000004,9.600000000000001,A2,S29,状态触发,堵塞损失≥10触发，维护后储备阈值50，冷却35日,198.24350689997553,S29,198.24350689997553,0.0,0.0,0.5255925057200005,9.98100168362281,0.1708175643590002,681.0,0.66
medium_major_1.30_0.80,中维护价×大维护价,1.0,1.3,0.8,300.0,3.9000000000000004,9.600000000000001,A3,S32,状态触发,堵塞损失≥20触发，维护后储备阈值50，冷却21日,74.68448527388155,S32,74.68448527388155,0.0,0.0,0.17037424025450018,5.916245492837518,0.05196414327762255,2093.0,0.0
medium_major_1.30_0.80,中维护价×大维护价,1.0,1.3,0.8,300.0,3.9000000000000004,9.600000000000001,A4,S36,状态触发,堵塞损失≥30触发，维护后储备阈值50，冷却21日,72.43934207283527,S32,73.04223683688079,0.6028947640455158,0.00832275317243116,0.1818516757488779,4.4244512709701995,0.06546660326959604,2002.0,0.0
medium_major_1.30_0.80,中维护价×大维护价,1.0,1.3,0.8,300.0,3.9000000000000004,9.600000000000001,A5,S32,状态触发,堵塞损失≥20触发，维护后储备阈值50，冷却21日,209.2356797999646,S32,209.2356797999646,0.0,0.0,0.6160449995361742,6.262097420285212,0.0,576.0,0.92
medium_major_1.30_0.80,中维护价×大维护价,1.0,1.3,0.8,300.0,3.9000000000000004,9.600000000000001,A6,S33,状态触发,堵塞损失≥20触发，维护后储备阈值50，冷却35日,96.69742019397935,S32,96.70380214616083,0.006381952181470751,6.59991979999908e-05,0.2356200791528644,6.353495434356988,0.1284129431383111,1491.0,0.0
medium_major_1.30_0.80,中维护价×大维护价,1.0,1.3,0.8,300.0,3.9000000000000004,9.600000000000001,A7,S29,状态触发,堵塞损失≥10触发，维护后储备阈值50，冷却35日,129.04853512283407,S29,129.04853512283407,0.0,0.0,0.30115887418938586,9.737972196913791,0.07528971854734647,1262.0,0.005
medium_major_1.30_0.80,中维护价×大维护价,1.0,1.3,0.8,300.0,3.9000000000000004,9.600000000000001,A8,S29,状态触发,堵塞损失≥10触发，维护后储备阈值50，冷却35日,230.41108126082923,S29,230.41108126082923,0.0,0.0,0.6392530234349021,9.678290774804417,0.0926916883980608,557.0,0.945
medium_major_1.30_0.80,中维护价×大维护价,1.0,1.3,0.8,300.0,3.9000000000000004,9.600000000000001,A9,S32,状态触发,堵塞损失≥20触发，维护后储备阈值50，冷却21日,61.22731911931988,S33,61.32106931232548,0.09375019300559728,0.0015311823929918733,0.10933664611147696,5.846230467580674,0.5860444231575166,3271.0,0.0
medium_major_1.30_0.80,中维护价×大维护价,1.0,1.3,0.8,300.0,3.9000000000000004,9.600000000000001,A10,S29,状态触发,堵塞损失≥10触发，维护后储备阈值50，冷却35日,390.9824774803861,S29,390.9824774803861,0.0,0.0,1.1792528976850805,9.540155942272301,0.0,308.0,1.0
medium_major_1.30_0.90,中维护价×大维护价,1.0,1.3,0.9,300.0,3.9000000000000004,10.8,A1,S32,状态触发,堵塞损失≥20触发，维护后储备阈值50，冷却21日,86.49045918492934,S32,86.49045918492934,0.0,0.0,0.19978831463992977,6.783812223598816,0.00899047415879684,1785.0,0.0
medium_major_1.30_0.90,中维护价×大维护价,1.0,1.3,0.9,300.0,3.9000000000000004,10.8,A2,S29,状态触发,堵塞损失≥10触发，维护后储备阈值50，冷却35日,198.44848797720633,S29,198.44848797720633,0.0,0.0,0.5255925057200005,9.98100168362281,0.1708175643590002,681.0,0.66
medium_major_1.30_0.90,中维护价×大维护价,1.0,1.3,0.9,300.0,3.9000000000000004,10.8,A3,S32,状态触发,堵塞损失≥20触发，维护后储备阈值50，冷却21日,74.7468422458147,S32,74.7468422458147,0.0,0.0,0.17037424025450018,5.916245492837518,0.05196414327762255,2093.0,0.0
medium_major_1.30_0.90,中维护价×大维护价,1.0,1.3,0.9,300.0,3.9000000000000004,10.8,A4,S36,状态触发,堵塞损失≥30触发，维护后储备阈值50，冷却21日,72.51790199675878,S32,73.1005885245021,0.58268652774332,0.008035071502335567,0.1818516757488779,4.4244512709701995,0.06546660326959604,2002.0,0.0
medium_major_1.30_0.90,中维护价×大维护价,1.0,1.3,0.9,300.0,3.9000000000000004,10.8,A5,S32,状态触发,堵塞损失≥20触发，维护后储备阈值50，冷却21日,209.2356797999646,S32,209.2356797999646,0.0,0.0,0.6160449995361742,6.262097420285212,0.0,576.0,0.92
medium_major_1.30_0.90,中维护价×大维护价,1.0,1.3,0.9,300.0,3.9000000000000004,10.8,A6,S33,状态触发,堵塞损失≥20触发，维护后储备阈值50，冷却35日,96.85151572574533,S32,96.8578932047916,0.0063774790462645115,6.58480045301886e-05,0.2356200791528644,6.353495434356988,0.1284129431383111,1491.0,0.0
medium_major_1.30_0.90,中维护价×大维护价,1.0,1.3,0.9,300.0,3.9000000000000004,10.8,A7,S29,状态触发,堵塞损失≥10触发，维护后储备阈值50，冷却35日,129.13888278509089,S29,129.13888278509089,0.0,0.0,0.30115887418938586,9.737972196913791,0.07528971854734647,1262.0,0.005
medium_major_1.30_0.90,中维护价×大维护价,1.0,1.3,0.9,300.0,3.9000000000000004,10.8,A8,S29,状态触发,堵塞损失≥10触发，维护后储备阈值50，冷却35日,230.5223112869069,S29,230.5223112869069,0.0,0.0,0.6392530234349021,9.678290774804417,0.0926916883980608,557.0,0.945
medium_major_1.30_0.90,中维护价×大维护价,1.0,1.3,0.9,300.0,3.9000000000000004,10.8,A9,S32,状态触发,堵塞损失≥20触发，维护后储备阈值50，冷却21日,61.9305724271089,S33,62.027571457761034,0.09699903065213533,0.0015662543853651818,0.10933664611147696,5.846230467580674,0.5860444231575166,3271.0,0.0
medium_major_1.30_0.90,中维护价×大维护价,1.0,1.3,0.9,300.0,3.9000000000000004,10.8,A10,S29,状态触发,堵塞损失≥10触发，维护后储备阈值50，冷却35日,390.9824774803861,S29,390.9824774803861,0.0,0.0,1.1792528976850805,9.540155942272301,0.0,308.0,1.0
medium_major_1.30_1.00,中维护价×大维护价,1.0,1.3,1.0,300.0,3.9000000000000004,12.0,A1,S32,状态触发,堵塞损失≥20触发，维护后储备阈值50，冷却21日,86.50124775391988,S32,86.50124775391988,0.0,0.0,0.19978831463992977,6.783812223598816,0.00899047415879684,1785.0,0.0
medium_major_1.30_1.00,中维护价×大维护价,1.0,1.3,1.0,300.0,3.9000000000000004,12.0,A2,S29,状态触发,堵塞损失≥10触发，维护后储备阈值50，冷却35日,198.65346905443712,S29,198.65346905443712,0.0,0.0,0.5255925057200005,9.98100168362281,0.1708175643590002,681.0,0.66
medium_major_1.30_1.00,中维护价×大维护价,1.0,1.3,1.0,300.0,3.9000000000000004,12.0,A3,S32,状态触发,堵塞损失≥20触发，维护后储备阈值50，冷却21日,74.80919921774785,S32,74.80919921774785,0.0,0.0,0.17037424025450018,5.916245492837518,0.05196414327762255,2093.0,0.0
medium_major_1.30_1.00,中维护价×大维护价,1.0,1.3,1.0,300.0,3.9000000000000004,12.0,A4,S36,状态触发,堵塞损失≥30触发，维护后储备阈值50，冷却21日,72.5964619206823,S32,73.15894021212341,0.56247829144111,0.007748012459004744,0.1818516757488779,4.4244512709701995,0.06546660326959604,2002.0,0.0
medium_major_1.30_1.00,中维护价×大维护价,1.0,1.3,1.0,300.0,3.9000000000000004,12.0,A5,S32,状态触发,堵塞损失≥20触发，维护后储备阈值50，冷却21日,209.2356797999646,S32,209.2356797999646,0.0,0.0,0.6160449995361742,6.262097420285212,0.0,576.0,0.92
medium_major_1.30_1.00,中维护价×大维护价,1.0,1.3,1.0,300.0,3.9000000000000004,12.0,A6,S33,状态触发,堵塞损失≥20触发，维护后储备阈值50，冷却35日,97.0056112575113,S32,97.01198426342236,0.0063730059110582715,6.569729140864311e-05,0.2356200791528644,6.353495434356988,0.1284129431383111,1491.0,0.0
medium_major_1.30_1.00,中维护价×大维护价,1.0,1.3,1.0,300.0,3.9000000000000004,12.0,A7,S29,状态触发,堵塞损失≥10触发，维护后储备阈值50，冷却35日,129.2292304473477,S29,129.2292304473477,0.0,0.0,0.30115887418938586,9.737972196913791,0.07528971854734647,1262.0,0.005
medium_major_1.30_1.00,中维护价×大维护价,1.0,1.3,1.0,300.0,3.9000000000000004,12.0,A8,S29,状态触发,堵塞损失≥10触发，维护后储备阈值50，冷却35日,230.63354131298456,S29,230.63354131298456,0.0,0.0,0.6392530234349021,9.678290774804417,0.0926916883980608,557.0,0.945
medium_major_1.30_1.00,中维护价×大维护价,1.0,1.3,1.0,300.0,3.9000000000000004,12.0,A9,S32,状态触发,堵塞损失≥20触发，维护后储备阈值50，冷却21日,62.63382573489792,S33,62.73407360319659,0.10024786829867338,0.0016005388002798926,0.10933664611147696,5.846230467580674,0.5860444231575166,3271.0,0.0
medium_major_1.30_1.00,中维护价×大维护价,1.0,1.3,1.0,300.0,3.9000000000000004,12.0,A10,S29,状态触发,堵塞损失≥10触发，维护后储备阈值50，冷却35日,390.9824774803861,S29,390.9824774803861,0.0,0.0,1.1792528976850805,9.540155942272301,0.0,308.0,1.0
medium_major_1.30_1.10,中维护价×大维护价,1.0,1.3,1.1,300.0,3.9000000000000004,13.200000000000001,A1,S32,状态触发,堵塞损失≥20触发，维护后储备阈值50，冷却21日,86.51203632291045,S32,86.51203632291045,0.0,0.0,0.19978831463992977,6.783812223598816,0.00899047415879684,1785.0,0.0
medium_major_1.30_1.10,中维护价×大维护价,1.0,1.3,1.1,300.0,3.9000000000000004,13.200000000000001,A2,S29,状态触发,堵塞损失≥10触发，维护后储备阈值50，冷却35日,198.85845013166792,S29,198.85845013166792,0.0,0.0,0.5255925057200005,9.98100168362281,0.1708175643590002,681.0,0.66
medium_major_1.30_1.10,中维护价×大维护价,1.0,1.3,1.1,300.0,3.9000000000000004,13.200000000000001,A3,S32,状态触发,堵塞损失≥20触发，维护后储备阈值50，冷却21日,74.87155618968099,S32,74.87155618968099,0.0,0.0,0.17037424025450018,5.916245492837518,0.05196414327762255,2093.0,0.0
medium_major_1.30_1.10,中维护价×大维护价,1.0,1.3,1.1,300.0,3.9000000000000004,13.200000000000001,A4,S36,状态触发,堵塞损失≥30触发，维护后储备阈值50，冷却21日,72.67502184460582,S32,73.21729189974471,0.5422700551388857,0.007461574023305708,0.1818516757488779,4.4244512709701995,0.06546660326959604,2002.0,0.0
medium_major_1.30_1.10,中维护价×大维护价,1.0,1.3,1.1,300.0,3.9000000000000004,13.200000000000001,A5,S32,状态触发,堵塞损失≥20触发，维护后储备阈值50，冷却21日,209.2356797999646,S32,209.2356797999646,0.0,0.0,0.6160449995361742,6.262097420285212,0.0,576.0,0.92
medium_major_1.30_1.10,中维护价×大维护价,1.0,1.3,1.1,300.0,3.9000000000000004,13.200000000000001,A6,S33,状态触发,堵塞损失≥20触发，维护后储备阈值50，冷却35日,97.15970678927728,S32,97.16607532205313,0.006368532775852032,6.554705634985381e-05,0.2356200791528644,6.353495434356988,0.1284129431383111,1491.0,0.0
medium_major_1.30_1.10,中维护价×大维护价,1.0,1.3,1.1,300.0,3.9000000000000004,13.200000000000001,A7,S29,状态触发,堵塞损失≥10触发，维护后储备阈值50，冷却35日,129.31957810960452,S29,129.31957810960452,0.0,0.0,0.30115887418938586,9.737972196913791,0.07528971854734647,1262.0,0.005
medium_major_1.30_1.10,中维护价×大维护价,1.0,1.3,1.1,300.0,3.9000000000000004,13.200000000000001,A8,S29,状态触发,堵塞损失≥10触发，维护后储备阈值50，冷却35日,230.74477133906225,S29,230.74477133906225,0.0,0.0,0.6392530234349021,9.678290774804417,0.0926916883980608,557.0,0.945
medium_major_1.30_1.10,中维护价×大维护价,1.0,1.3,1.1,300.0,3.9000000000000004,13.200000000000001,A9,S32,状态触发,堵塞损失≥20触发，维护后储备阈值50，冷却21日,63.33707904268694,S33,63.44057574863215,0.10349670594521143,0.001634061871963788,0.10933664611147696,5.846230467580674,0.5860444231575166,3271.0,0.0
medium_major_1.30_1.10,中维护价×大维护价,1.0,1.3,1.1,300.0,3.9000000000000004,13.200000000000001,A10,S29,状态触发,堵塞损失≥10触发，维护后储备阈值50，冷却35日,390.9824774803861,S29,390.9824774803861,0.0,0.0,1.1792528976850805,9.540155942272301,0.0,308.0,1.0
medium_major_1.30_1.20,中维护价×大维护价,1.0,1.3,1.2,300.0,3.9000000000000004,14.399999999999999,A1,S32,状态触发,堵塞损失≥20触发，维护后储备阈值50，冷却21日,86.522824891901,S32,86.522824891901,0.0,0.0,0.19978831463992977,6.783812223598816,0.00899047415879684,1785.0,0.0
medium_major_1.30_1.20,中维护价×大维护价,1.0,1.3,1.2,300.0,3.9000000000000004,14.399999999999999,A2,S29,状态触发,堵塞损失≥10触发，维护后储备阈值50，冷却35日,199.06343120889872,S29,199.06343120889872,0.0,0.0,0.5255925057200005,9.98100168362281,0.1708175643590002,681.0,0.66
medium_major_1.30_1.20,中维护价×大维护价,1.0,1.3,1.2,300.0,3.9000000000000004,14.399999999999999,A3,S32,状态触发,堵塞损失≥20触发，维护后储备阈值50，冷却21日,74.93391316161414,S32,74.93391316161414,0.0,0.0,0.17037424025450018,5.916245492837518,0.05196414327762255,2093.0,0.0
medium_major_1.30_1.20,中维护价×大维护价,1.0,1.3,1.2,300.0,3.9000000000000004,14.399999999999999,A4,S36,状态触发,堵塞损失≥30触发，维护后储备阈值50，冷却21日,72.75358176852933,S32,73.27564358736602,0.5220618188366899,0.007175754184827168,0.1818516757488779,4.4244512709701995,0.06546660326959604,2002.0,0.0
medium_major_1.30_1.20,中维护价×大维护价,1.0,1.3,1.2,300.0,3.9000000000000004,14.399999999999999,A5,S32,状态触发,堵塞损失≥20触发，维护后储备阈值50，冷却21日,209.2356797999646,S32,209.2356797999646,0.0,0.0,0.6160449995361742,6.262097420285212,0.0,576.0,0.92
medium_major_1.30_1.20,中维护价×大维护价,1.0,1.3,1.2,300.0,3.9000000000000004,14.399999999999999,A6,S33,状态触发,堵塞损失≥20触发，维护后储备阈值50，冷却35日,97.31380232104324,S32,97.3201663806839,0.0063640596406600025,6.539729708294249e-05,0.2356200791528644,6.353495434356988,0.1284129431383111,1491.0,0.0
medium_major_1.30_1.20,中维护价×大维护价,1.0,1.3,1.2,300.0,3.9000000000000004,14.399999999999999,A7,S29,状态触发,堵塞损失≥10触发，维护后储备阈值50，冷却35日,129.40992577186134,S29,129.40992577186134,0.0,0.0,0.30115887418938586,9.737972196913791,0.07528971854734647,1262.0,0.005
medium_major_1.30_1.20,中维护价×大维护价,1.0,1.3,1.2,300.0,3.9000000000000004,14.399999999999999,A8,S29,状态触发,堵塞损失≥10触发，维护后储备阈值50，冷却35日,230.85600136513992,S29,230.85600136513992,0.0,0.0,0.6392530234349021,9.678290774804417,0.0926916883980608,557.0,0.945
medium_major_1.30_1.20,中维护价×大维护价,1.0,1.3,1.2,300.0,3.9000000000000004,14.399999999999999,A9,S32,状态触发,堵塞损失≥20触发，维护后储备阈值50，冷却21日,64.04033235047595,S33,64.1470778940677,0.10674554359175659,0.0016668486822892519,0.10933664611147696,5.846230467580674,0.5860444231575166,3271.0,0.0
medium_major_1.30_1.20,中维护价×大维护价,1.0,1.3,1.2,300.0,3.9000000000000004,14.399999999999999,A10,S29,状态触发,堵塞损失≥10触发，维护后储备阈值50，冷却35日,390.9824774803861,S29,390.9824774803861,0.0,0.0,1.1792528976850805,9.540155942272301,0.0,308.0,1.0
medium_major_1.30_1.30,中维护价×大维护价,1.0,1.3,1.3,300.0,3.9000000000000004,15.600000000000001,A1,S32,状态触发,堵塞损失≥20触发，维护后储备阈值50，冷却21日,86.53361346089156,S32,86.53361346089156,0.0,0.0,0.19978831463992977,6.783812223598816,0.00899047415879684,1785.0,0.0
medium_major_1.30_1.30,中维护价×大维护价,1.0,1.3,1.3,300.0,3.9000000000000004,15.600000000000001,A2,S29,状态触发,堵塞损失≥10触发，维护后储备阈值50，冷却35日,199.26841228612952,S29,199.26841228612952,0.0,0.0,0.5255925057200005,9.98100168362281,0.1708175643590002,681.0,0.66
medium_major_1.30_1.30,中维护价×大维护价,1.0,1.3,1.3,300.0,3.9000000000000004,15.600000000000001,A3,S32,状态触发,堵塞损失≥20触发，维护后储备阈值50，冷却21日,74.99627013354728,S32,74.99627013354728,0.0,0.0,0.17037424025450018,5.916245492837518,0.05196414327762255,2093.0,0.0
medium_major_1.30_1.30,中维护价×大维护价,1.0,1.3,1.3,300.0,3.9000000000000004,15.600000000000001,A4,S36,状态触发,堵塞损失≥30触发，维护后储备阈值50，冷却21日,72.83214169245285,S32,73.33399527498733,0.5018535825344799,0.006890550941830726,0.1818516757488779,4.4244512709701995,0.06546660326959604,2002.0,0.0
medium_major_1.30_1.30,中维护价×大维护价,1.0,1.3,1.3,300.0,3.9000000000000004,15.600000000000001,A5,S32,状态触发,堵塞损失≥20触发，维护后储备阈值50，冷却21日,209.2356797999646,S32,209.2356797999646,0.0,0.0,0.6160449995361742,6.262097420285212,0.0,576.0,0.92
medium_major_1.30_1.30,中维护价×大维护价,1.0,1.3,1.3,300.0,3.9000000000000004,15.600000000000001,A6,S33,状态触发,堵塞损失≥20触发，维护后储备阈值50，冷却35日,97.46789785280922,S32,97.47425743931467,0.006359586505453763,6.524801135095443e-05,0.2356200791528644,6.353495434356988,0.1284129431383111,1491.0,0.0
medium_major_1.30_1.30,中维护价×大维护价,1.0,1.3,1.3,300.0,3.9000000000000004,15.600000000000001,A7,S29,状态触发,堵塞损失≥10触发，维护后储备阈值50，冷却35日,129.50027343411816,S29,129.50027343411816,0.0,0.0,0.30115887418938586,9.737972196913791,0.07528971854734647,1262.0,0.005
medium_major_1.30_1.30,中维护价×大维护价,1.0,1.3,1.3,300.0,3.9000000000000004,15.600000000000001,A8,S29,状态触发,堵塞损失≥10触发，维护后储备阈值50，冷却35日,230.96723139121758,S29,230.96723139121758,0.0,0.0,0.6392530234349021,9.678290774804417,0.0926916883980608,557.0,0.945
medium_major_1.30_1.30,中维护价×大维护价,1.0,1.3,1.3,300.0,3.9000000000000004,15.600000000000001,A9,S32,状态触发,堵塞损失≥20触发，维护后储备阈值50，冷却21日,64.74358565826498,S33,64.85358003950327,0.10999438123829464,0.001698923223358005,0.10933664611147696,5.846230467580674,0.5860444231575166,3271.0,0.0
medium_major_1.30_1.30,中维护价×大维护价,1.0,1.3,1.3,300.0,3.9000000000000004,15.600000000000001,A10,S29,状态触发,堵塞损失≥10触发，维护后储备阈值50，冷却35日,390.9824774803861,S29,390.9824774803861,0.0,0.0,1.1792528976850805,9.540155942272301,0.0,308.0,1.0
medium_major_1.30_1.40,中维护价×大维护价,1.0,1.3,1.4,300.0,3.9000000000000004,16.799999999999997,A1,S32,状态触发,堵塞损失≥20触发，维护后储备阈值50，冷却21日,86.54440202988211,S32,86.54440202988211,0.0,0.0,0.19978831463992977,6.783812223598816,0.00899047415879684,1785.0,0.0
medium_major_1.30_1.40,中维护价×大维护价,1.0,1.3,1.4,300.0,3.9000000000000004,16.799999999999997,A2,S29,状态触发,堵塞损失≥10触发，维护后储备阈值50，冷却35日,199.47339336336032,S29,199.47339336336032,0.0,0.0,0.5255925057200005,9.98100168362281,0.1708175643590002,681.0,0.66
medium_major_1.30_1.40,中维护价×大维护价,1.0,1.3,1.4,300.0,3.9000000000000004,16.799999999999997,A3,S32,状态触发,堵塞损失≥20触发，维护后储备阈值50，冷却21日,75.05862710548044,S32,75.05862710548044,0.0,0.0,0.17037424025450018,5.916245492837518,0.05196414327762255,2093.0,0.0
medium_major_1.30_1.40,中维护价×大维护价,1.0,1.3,1.4,300.0,3.9000000000000004,16.799999999999997,A4,S36,状态触发,堵塞损失≥30触发，维护后储备阈值50，冷却21日,72.91070161637636,S32,73.39234696260864,0.48164534623228406,0.006605962301206308,0.1818516757488779,4.4244512709701995,0.06546660326959604,2002.0,0.0
medium_major_1.30_1.40,中维护价×大维护价,1.0,1.3,1.4,300.0,3.9000000000000004,16.799999999999997,A5,S32,状态触发,堵塞损失≥20触发，维护后储备阈值50，冷却21日,209.2356797999646,S32,209.2356797999646,0.0,0.0,0.6160449995361742,6.262097420285212,0.0,576.0,0.92
medium_major_1.30_1.40,中维护价×大维护价,1.0,1.3,1.4,300.0,3.9000000000000004,16.799999999999997,A6,S33,状态触发,堵塞损失≥20触发，维护后储备阈值50，冷却35日,97.62199338457519,S32,97.62834849794542,0.006355113370233312,6.509919691147644e-05,0.2356200791528644,6.353495434356988,0.1284129431383111,1491.0,0.0
medium_major_1.30_1.40,中维护价×大维护价,1.0,1.3,1.4,300.0,3.9000000000000004,16.799999999999997,A7,S29,状态触发,堵塞损失≥10触发，维护后储备阈值50，冷却35日,129.59062109637497,S29,129.59062109637497,0.0,0.0,0.30115887418938586,9.737972196913791,0.07528971854734647,1262.0,0.005
medium_major_1.30_1.40,中维护价×大维护价,1.0,1.3,1.4,300.0,3.9000000000000004,16.799999999999997,A8,S29,状态触发,堵塞损失≥10触发，维护后储备阈值50，冷却35日,231.07846141729527,S29,231.07846141729527,0.0,0.0,0.6392530234349021,9.678290774804417,0.0926916883980608,557.0,0.945
medium_major_1.30_1.40,中维护价×大维护价,1.0,1.3,1.4,300.0,3.9000000000000004,16.799999999999997,A9,S32,状态触发,堵塞损失≥20触发，维护后储备阈值50，冷却21日,65.446838966054,S33,65.56008218493882,0.11324321888481848,0.0017303084560517203,0.10933664611147696,5.846230467580674,0.5860444231575166,3271.0,0.0
medium_major_1.30_1.40,中维护价×大维护价,1.0,1.3,1.4,300.0,3.9000000000000004,16.799999999999997,A10,S29,状态触发,堵塞损失≥10触发，维护后储备阈值50，冷却35日,390.9824774803861,S29,390.9824774803861,0.0,0.0,1.1792528976850805,9.540155942272301,0.0,308.0,1.0
medium_major_1.30_1.50,中维护价×大维护价,1.0,1.3,1.5,300.0,3.9000000000000004,18.0,A1,S32,状态触发,堵塞损失≥20触发，维护后储备阈值50，冷却21日,86.55519059887267,S32,86.55519059887267,0.0,0.0,0.19978831463992977,6.783812223598816,0.00899047415879684,1785.0,0.0
medium_major_1.30_1.50,中维护价×大维护价,1.0,1.3,1.5,300.0,3.9000000000000004,18.0,A2,S29,状态触发,堵塞损失≥10触发，维护后储备阈值50，冷却35日,199.6783744405911,S29,199.6783744405911,0.0,0.0,0.5255925057200005,9.98100168362281,0.1708175643590002,681.0,0.66
medium_major_1.30_1.50,中维护价×大维护价,1.0,1.3,1.5,300.0,3.9000000000000004,18.0,A3,S32,状态触发,堵塞损失≥20触发，维护后储备阈值50，冷却21日,75.12098407741358,S32,75.12098407741358,0.0,0.0,0.17037424025450018,5.916245492837518,0.05196414327762255,2093.0,0.0
medium_major_1.30_1.50,中维护价×大维护价,1.0,1.3,1.5,300.0,3.9000000000000004,18.0,A4,S36,状态触发,堵塞损失≥30触发，维护后储备阈值50，冷却21日,72.98926154029988,S32,73.45069865022994,0.4614371099300598,0.006321986278423773,0.1818516757488779,4.4244512709701995,0.06546660326959604,2002.0,0.0
medium_major_1.30_1.50,中维护价×大维护价,1.0,1.3,1.5,300.0,3.9000000000000004,18.0,A5,S32,状态触发,堵塞损失≥20触发，维护后储备阈值50，冷却21日,209.2356797999646,S32,209.2356797999646,0.0,0.0,0.6160449995361742,6.262097420285212,0.0,576.0,0.92
medium_major_1.30_1.50,中维护价×大维护价,1.0,1.3,1.5,300.0,3.9000000000000004,18.0,A6,S33,状态触发,堵塞损失≥20触发，维护后储备阈值50，冷却35日,97.77608891634117,S32,97.7824395565762,0.006350640235027072,6.495085153652224e-05,0.2356200791528644,6.353495434356988,0.1284129431383111,1491.0,0.0
medium_major_1.30_1.50,中维护价×大维护价,1.0,1.3,1.5,300.0,3.9000000000000004,18.0,A7,S29,状态触发,堵塞损失≥10触发，维护后储备阈值50，冷却35日,129.6809687586318,S29,129.6809687586318,0.0,0.0,0.30115887418938586,9.737972196913791,0.07528971854734647,1262.0,0.005
medium_major_1.30_1.50,中维护价×大维护价,1.0,1.3,1.5,300.0,3.9000000000000004,18.0,A8,S29,状态触发,堵塞损失≥10触发，维护后储备阈值50，冷却35日,231.18969144337294,S29,231.18969144337294,0.0,0.0,0.6392530234349021,9.678290774804417,0.0926916883980608,557.0,0.945
medium_major_1.30_1.50,中维护价×大维护价,1.0,1.3,1.5,300.0,3.9000000000000004,18.0,A9,S32,状态触发,堵塞损失≥20触发，维护后储备阈值50，冷却21日,66.15009227384301,S33,66.26658433037439,0.11649205653137074,0.0017610263648480786,0.10933664611147696,5.846230467580674,0.5860444231575166,3271.0,0.0
medium_major_1.30_1.50,中维护价×大维护价,1.0,1.3,1.5,300.0,3.9000000000000004,18.0,A10,S29,状态触发,堵塞损失≥10触发，维护后储备阈值50，冷却35日,390.9824774803861,S29,390.9824774803861,0.0,0.0,1.1792528976850805,9.540155942272301,0.0,308.0,1.0
medium_major_1.40_0.50,中维护价×大维护价,1.0,1.4,0.5,300.0,4.199999999999999,6.0,A1,S32,状态触发,堵塞损失≥20触发，维护后储备阈值50，冷却21日,88.48244857604675,S32,88.48244857604675,0.0,0.0,0.19978831463992977,6.783812223598816,0.00899047415879684,1785.0,0.0
medium_major_1.40_0.50,中维护价×大维护价,1.0,1.4,0.5,300.0,4.199999999999999,6.0,A2,S29,状态触发,堵塞损失≥10触发，维护后储备阈值50，冷却35日,200.62286417336995,S29,200.62286417336995,0.0,0.0,0.5255925057200005,9.98100168362281,0.1708175643590002,681.0,0.66
medium_major_1.40_0.50,中维护价×大维护价,1.0,1.4,0.5,300.0,4.199999999999999,6.0,A3,S32,状态触发,堵塞损失≥20触发，维护后储备阈值50，冷却21日,76.27228800593336,S32,76.27228800593336,0.0,0.0,0.17037424025450018,5.916245492837518,0.05196414327762255,2093.0,0.0
medium_major_1.40_0.50,中维护价×大维护价,1.0,1.4,0.5,300.0,4.199999999999999,6.0,A4,S36,状态触发,堵塞损失≥30触发，维护后储备阈值50，冷却21日,73.53099768235579,S32,74.51254580786505,0.9815481255092635,0.013348766594320152,0.1818516757488779,4.4244512709701995,0.06546660326959604,2002.0,0.0
medium_major_1.40_0.50,中维护价×大维护价,1.0,1.4,0.5,300.0,4.199999999999999,6.0,A5,S32,状态触发,堵塞损失≥20触发，维护后储备阈值50，冷却21日,211.11430902605014,S32,211.11430902605014,0.0,0.0,0.6160449995361742,6.262097420285212,0.0,576.0,0.92
medium_major_1.40_0.50,中维护价×大维护价,1.0,1.4,0.5,300.0,4.199999999999999,6.0,A6,S33,状态触发,堵塞损失≥20触发，维护后储备阈值50，冷却35日,98.14118222898853,S32,98.14822911089463,0.00704688190610625,7.180351556866381e-05,0.2356200791528644,6.353495434356988,0.1284129431383111,1491.0,0.0
medium_major_1.40_0.50,中维护价×大维护价,1.0,1.4,0.5,300.0,4.199999999999999,6.0,A7,S33,状态触发,堵塞损失≥20触发，维护后储备阈值50，冷却35日,126.47386255709826,S29,131.69888379513776,5.225021238039503,0.041313051822708426,0.33037854461580207,4.517926597621093,1.3975012437248426,1074.0,0.01
medium_major_1.40_0.50,中维护价×大维护价,1.0,1.4,0.5,300.0,4.199999999999999,6.0,A8,S29,状态触发,堵塞损失≥10触发，维护后储备阈值50，冷却35日,232.98087841503755,S29,232.98087841503755,0.0,0.0,0.6392530234349021,9.678290774804417,0.0926916883980608,557.0,0.945
medium_major_1.40_0.50,中维护价×大维护价,1.0,1.4,0.5,300.0,4.199999999999999,6.0,A9,S32,状态触发,堵塞损失≥20触发，维护后储备阈值50，冷却21日,60.871428336227005,S33,60.93232728676187,0.06089895053486316,0.0010004521365669973,0.10933664611147696,5.846230467580674,0.5860444231575166,3271.0,0.0
medium_major_1.40_0.50,中维护价×大维护价,1.0,1.4,0.5,300.0,4.199999999999999,6.0,A10,S29,状态触发,堵塞损失≥10触发，维护后储备阈值50，冷却35日,393.8445242630678,S29,393.8445242630678,0.0,0.0,1.1792528976850805,9.540155942272301,0.0,308.0,1.0
medium_major_1.40_0.60,中维护价×大维护价,1.0,1.4,0.6,300.0,4.199999999999999,7.199999999999999,A1,S32,状态触发,堵塞损失≥20触发，维护后储备阈值50，冷却21日,88.4932371450373,S32,88.4932371450373,0.0,0.0,0.19978831463992977,6.783812223598816,0.00899047415879684,1785.0,0.0
medium_major_1.40_0.60,中维护价×大维护价,1.0,1.4,0.6,300.0,4.199999999999999,7.199999999999999,A2,S29,状态触发,堵塞损失≥10触发，维护后储备阈值50，冷却35日,200.82784525060077,S29,200.82784525060077,0.0,0.0,0.5255925057200005,9.98100168362281,0.1708175643590002,681.0,0.66
medium_major_1.40_0.60,中维护价×大维护价,1.0,1.4,0.6,300.0,4.199999999999999,7.199999999999999,A3,S32,状态触发,堵塞损失≥20触发，维护后储备阈值50，冷却21日,76.3346449778665,S32,76.3346449778665,0.0,0.0,0.17037424025450018,5.916245492837518,0.05196414327762255,2093.0,0.0
medium_major_1.40_0.60,中维护价×大维护价,1.0,1.4,0.6,300.0,4.199999999999999,7.199999999999999,A4,S36,状态触发,堵塞损失≥30触发，维护后储备阈值50，冷却21日,73.60955760627931,S32,74.57089749548636,0.9613398892070535,0.013059987323236483,0.1818516757488779,4.4244512709701995,0.06546660326959604,2002.0,0.0
medium_major_1.40_0.60,中维护价×大维护价,1.0,1.4,0.6,300.0,4.199999999999999,7.199999999999999,A5,S32,状态触发,堵塞损失≥20触发，维护后储备阈值50，冷却21日,211.11430902605014,S32,211.11430902605014,0.0,0.0,0.6160449995361742,6.262097420285212,0.0,576.0,0.92
medium_major_1.40_0.60,中维护价×大维护价,1.0,1.4,0.6,300.0,4.199999999999999,7.199999999999999,A6,S33,状态触发,堵塞损失≥20触发，维护后储备阈值50，冷却35日,98.2952777607545,S32,98.3023201695254,0.0070424087709000105,7.164544351805852e-05,0.2356200791528644,6.353495434356988,0.1284129431383111,1491.0,0.0
medium_major_1.40_0.60,中维护价×大维护价,1.0,1.4,0.6,300.0,4.199999999999999,7.199999999999999,A7,S33,状态触发,堵塞损失≥20触发，维护后储备阈值50，冷却35日,128.15086404956807,S29,131.78923145739458,3.6383674078265074,0.028391282687092973,0.33037854461580207,4.517926597621093,1.3975012437248426,1074.0,0.01
medium_major_1.40_0.60,中维护价×大维护价,1.0,1.4,0.6,300.0,4.199999999999999,7.199999999999999,A8,S29,状态触发,堵塞损失≥10触发，维护后储备阈值50，冷却35日,233.09210844111522,S29,233.09210844111522,0.0,0.0,0.6392530234349021,9.678290774804417,0.0926916883980608,557.0,0.945
medium_major_1.40_0.60,中维护价×大维护价,1.0,1.4,0.6,300.0,4.199999999999999,7.199999999999999,A9,S32,状态触发,堵塞损失≥20触发，维护后储备阈值50，冷却21日,61.574681644016025,S33,61.638829432197426,0.06414778818140121,0.0010417883855617994,0.10933664611147696,5.846230467580674,0.5860444231575166,3271.0,0.0
medium_major_1.40_0.60,中维护价×大维护价,1.0,1.4,0.6,300.0,4.199999999999999,7.199999999999999,A10,S29,状态触发,堵塞损失≥10触发，维护后储备阈值50，冷却35日,393.8445242630678,S29,393.8445242630678,0.0,0.0,1.1792528976850805,9.540155942272301,0.0,308.0,1.0
medium_major_1.40_0.70,中维护价×大维护价,1.0,1.4,0.7,300.0,4.199999999999999,8.399999999999999,A1,S32,状态触发,堵塞损失≥20触发，维护后储备阈值50，冷却21日,88.50402571402786,S32,88.50402571402786,0.0,0.0,0.19978831463992977,6.783812223598816,0.00899047415879684,1785.0,0.0
medium_major_1.40_0.70,中维护价×大维护价,1.0,1.4,0.7,300.0,4.199999999999999,8.399999999999999,A2,S29,状态触发,堵塞损失≥10触发，维护后储备阈值50，冷却35日,201.03282632783157,S29,201.03282632783157,0.0,0.0,0.5255925057200005,9.98100168362281,0.1708175643590002,681.0,0.66
medium_major_1.40_0.70,中维护价×大维护价,1.0,1.4,0.7,300.0,4.199999999999999,8.399999999999999,A3,S32,状态触发,堵塞损失≥20触发，维护后储备阈值50，冷却21日,76.39700194979966,S32,76.39700194979966,0.0,0.0,0.17037424025450018,5.916245492837518,0.05196414327762255,2093.0,0.0
medium_major_1.40_0.70,中维护价×大维护价,1.0,1.4,0.7,300.0,4.199999999999999,8.399999999999999,A4,S36,状态触发,堵塞损失≥30触发，维护后储备阈值50，冷却21日,73.68811753020282,S32,74.62924918310766,0.9411316529048435,0.01277182379532356,0.1818516757488779,4.4244512709701995,0.06546660326959604,2002.0,0.0
medium_major_1.40_0.70,中维护价×大维护价,1.0,1.4,0.7,300.0,4.199999999999999,8.399999999999999,A5,S32,状态触发,堵塞损失≥20触发，维护后储备阈值50，冷却21日,211.11430902605014,S32,211.11430902605014,0.0,0.0,0.6160449995361742,6.262097420285212,0.0,576.0,0.92
medium_major_1.40_0.70,中维护价×大维护价,1.0,1.4,0.7,300.0,4.199999999999999,8.399999999999999,A6,S33,状态触发,堵塞损失≥20触发，维护后储备阈值50，冷却35日,98.44937329252048,S32,98.45641122815617,0.0070379356356937706,7.148786630446195e-05,0.2356200791528644,6.353495434356988,0.1284129431383111,1491.0,0.0
medium_major_1.40_0.70,中维护价×大维护价,1.0,1.4,0.7,300.0,4.199999999999999,8.399999999999999,A7,S33,状态触发,堵塞损失≥20触发，维护后储备阈值50，冷却35日,129.82786554203787,S29,131.87957911965137,2.051713577613498,0.01580333751192389,0.33037854461580207,4.517926597621093,1.3975012437248426,1074.0,0.01
medium_major_1.40_0.70,中维护价×大维护价,1.0,1.4,0.7,300.0,4.199999999999999,8.399999999999999,A8,S29,状态触发,堵塞损失≥10触发，维护后储备阈值50，冷却35日,233.20333846719288,S29,233.20333846719288,0.0,0.0,0.6392530234349021,9.678290774804417,0.0926916883980608,557.0,0.945
medium_major_1.40_0.70,中维护价×大维护价,1.0,1.4,0.7,300.0,4.199999999999999,8.399999999999999,A9,S32,状态触发,堵塞损失≥20触发，维护后储备阈值50，冷却21日,62.27793495180505,S33,62.34533157763298,0.06739662582793216,0.0010821910822844125,0.10933664611147696,5.846230467580674,0.5860444231575166,3271.0,0.0
medium_major_1.40_0.70,中维护价×大维护价,1.0,1.4,0.7,300.0,4.199999999999999,8.399999999999999,A10,S29,状态触发,堵塞损失≥10触发，维护后储备阈值50，冷却35日,393.8445242630678,S29,393.8445242630678,0.0,0.0,1.1792528976850805,9.540155942272301,0.0,308.0,1.0
medium_major_1.40_0.80,中维护价×大维护价,1.0,1.4,0.8,300.0,4.199999999999999,9.600000000000001,A1,S32,状态触发,堵塞损失≥20触发，维护后储备阈值50，冷却21日,88.51481428301841,S32,88.51481428301841,0.0,0.0,0.19978831463992977,6.783812223598816,0.00899047415879684,1785.0,0.0
medium_major_1.40_0.80,中维护价×大维护价,1.0,1.4,0.8,300.0,4.199999999999999,9.600000000000001,A2,S29,状态触发,堵塞损失≥10触发，维护后储备阈值50，冷却35日,201.23780740506237,S29,201.23780740506237,0.0,0.0,0.5255925057200005,9.98100168362281,0.1708175643590002,681.0,0.66
medium_major_1.40_0.80,中维护价×大维护价,1.0,1.4,0.8,300.0,4.199999999999999,9.600000000000001,A3,S32,状态触发,堵塞损失≥20触发，维护后储备阈值50，冷却21日,76.4593589217328,S32,76.4593589217328,0.0,0.0,0.17037424025450018,5.916245492837518,0.05196414327762255,2093.0,0.0
medium_major_1.40_0.80,中维护价×大维护价,1.0,1.4,0.8,300.0,4.199999999999999,9.600000000000001,A4,S36,状态触发,堵塞损失≥30触发，维护后储备阈值50，冷却21日,73.76667745412634,S32,74.68760087072897,0.9209234166026334,0.012484274043321699,0.1818516757488779,4.4244512709701995,0.06546660326959604,2002.0,0.0
medium_major_1.40_0.80,中维护价×大维护价,1.0,1.4,0.8,300.0,4.199999999999999,9.600000000000001,A5,S32,状态触发,堵塞损失≥20触发，维护后储备阈值50，冷却21日,211.11430902605014,S32,211.11430902605014,0.0,0.0,0.6160449995361742,6.262097420285212,0.0,576.0,0.92
medium_major_1.40_0.80,中维护价×大维护价,1.0,1.4,0.8,300.0,4.199999999999999,9.600000000000001,A6,S33,状态触发,堵塞损失≥20触发，维护后储备阈值50，冷却35日,98.60346882428645,S32,98.61050228678693,0.00703346250047332,7.13307816077658e-05,0.2356200791528644,6.353495434356988,0.1284129431383111,1491.0,0.0
medium_major_1.40_0.80,中维护价×大维护价,1.0,1.4,0.8,300.0,4.199999999999999,9.600000000000001,A7,S33,状态触发,堵塞损失≥20触发，维护后储备阈值50，冷却35日,131.5048670345077,S29,131.96992678190819,0.4650597474004883,0.003536445136121492,0.33037854461580207,4.517926597621093,1.3975012437248426,1074.0,0.01
medium_major_1.40_0.80,中维护价×大维护价,1.0,1.4,0.8,300.0,4.199999999999999,9.600000000000001,A8,S29,状态触发,堵塞损失≥10触发，维护后储备阈值50，冷却35日,233.31456849327057,S29,233.31456849327057,0.0,0.0,0.6392530234349021,9.678290774804417,0.0926916883980608,557.0,0.945
medium_major_1.40_0.80,中维护价×大维护价,1.0,1.4,0.8,300.0,4.199999999999999,9.600000000000001,A9,S32,状态触发,堵塞损失≥20触发，维护后储备阈值50，冷却21日,62.98118825959407,S33,63.05183372306854,0.0706454634744702,0.0011216914991074118,0.10933664611147696,5.846230467580674,0.5860444231575166,3271.0,0.0
medium_major_1.40_0.80,中维护价×大维护价,1.0,1.4,0.8,300.0,4.199999999999999,9.600000000000001,A10,S29,状态触发,堵塞损失≥10触发，维护后储备阈值50，冷却35日,393.8445242630678,S29,393.8445242630678,0.0,0.0,1.1792528976850805,9.540155942272301,0.0,308.0,1.0
medium_major_1.40_0.90,中维护价×大维护价,1.0,1.4,0.9,300.0,4.199999999999999,10.8,A1,S32,状态触发,堵塞损失≥20触发，维护后储备阈值50，冷却21日,88.52560285200897,S32,88.52560285200897,0.0,0.0,0.19978831463992977,6.783812223598816,0.00899047415879684,1785.0,0.0
medium_major_1.40_0.90,中维护价×大维护价,1.0,1.4,0.9,300.0,4.199999999999999,10.8,A2,S29,状态触发,堵塞损失≥10触发，维护后储备阈值50，冷却35日,201.44278848229317,S29,201.44278848229317,0.0,0.0,0.5255925057200005,9.98100168362281,0.1708175643590002,681.0,0.66
medium_major_1.40_0.90,中维护价×大维护价,1.0,1.4,0.9,300.0,4.199999999999999,10.8,A3,S32,状态触发,堵塞损失≥20触发，维护后储备阈值50，冷却21日,76.52171589366596,S32,76.52171589366596,0.0,0.0,0.17037424025450018,5.916245492837518,0.05196414327762255,2093.0,0.0
medium_major_1.40_0.90,中维护价×大维护价,1.0,1.4,0.9,300.0,4.199999999999999,10.8,A4,S36,状态触发,堵塞损失≥30触发，维护后储备阈值50，冷却21日,73.84523737804984,S32,74.74595255835028,0.9007151803004376,0.012197336108342866,0.1818516757488779,4.4244512709701995,0.06546660326959604,2002.0,0.0
medium_major_1.40_0.90,中维护价×大维护价,1.0,1.4,0.9,300.0,4.199999999999999,10.8,A5,S32,状态触发,堵塞损失≥20触发，维护后储备阈值50，冷却21日,211.11430902605014,S32,211.11430902605014,0.0,0.0,0.6160449995361742,6.262097420285212,0.0,576.0,0.92
medium_major_1.40_0.90,中维护价×大维护价,1.0,1.4,0.9,300.0,4.199999999999999,10.8,A6,S33,状态触发,堵塞损失≥20触发，维护后储备阈值50，冷却35日,98.75756435605243,S32,98.7645933454177,0.00702898936526708,7.117418712277408e-05,0.2356200791528644,6.353495434356988,0.1284129431383111,1491.0,0.0
medium_major_1.40_0.90,中维护价×大维护价,1.0,1.4,0.9,300.0,4.199999999999999,10.8,A7,S29,状态触发,堵塞损失≥10触发，维护后储备阈值50，冷却35日,132.060274444165,S29,132.060274444165,0.0,0.0,0.30115887418938586,9.737972196913791,0.07528971854734647,1262.0,0.005
medium_major_1.40_0.90,中维护价×大维护价,1.0,1.4,0.9,300.0,4.199999999999999,10.8,A8,S29,状态触发,堵塞损失≥10触发，维护后储备阈值50，冷却35日,233.42579851934823,S29,233.42579851934823,0.0,0.0,0.6392530234349021,9.678290774804417,0.0926916883980608,557.0,0.945
medium_major_1.40_0.90,中维护价×大维护价,1.0,1.4,0.9,300.0,4.199999999999999,10.8,A9,S32,状态触发,堵塞损失≥20触发，维护后储备阈值50，冷却21日,63.68444156738309,S33,63.7583358685041,0.07389430112100825,0.001160319527067256,0.10933664611147696,5.846230467580674,0.5860444231575166,3271.0,0.0
medium_major_1.40_0.90,中维护价×大维护价,1.0,1.4,0.9,300.0,4.199999999999999,10.8,A10,S29,状态触发,堵塞损失≥10触发，维护后储备阈值50，冷却35日,393.8445242630678,S29,393.8445242630678,0.0,0.0,1.1792528976850805,9.540155942272301,0.0,308.0,1.0
medium_major_1.40_1.00,中维护价×大维护价,1.0,1.4,1.0,300.0,4.199999999999999,12.0,A1,S32,状态触发,堵塞损失≥20触发，维护后储备阈值50，冷却21日,88.53639142099952,S32,88.53639142099952,0.0,0.0,0.19978831463992977,6.783812223598816,0.00899047415879684,1785.0,0.0
medium_major_1.40_1.00,中维护价×大维护价,1.0,1.4,1.0,300.0,4.199999999999999,12.0,A2,S29,状态触发,堵塞损失≥10触发，维护后储备阈值50，冷却35日,201.64776955952397,S29,201.64776955952397,0.0,0.0,0.5255925057200005,9.98100168362281,0.1708175643590002,681.0,0.66
medium_major_1.40_1.00,中维护价×大维护价,1.0,1.4,1.0,300.0,4.199999999999999,12.0,A3,S32,状态触发,堵塞损失≥20触发，维护后储备阈值50，冷却21日,76.5840728655991,S32,76.5840728655991,0.0,0.0,0.17037424025450018,5.916245492837518,0.05196414327762255,2093.0,0.0
medium_major_1.40_1.00,中维护价×大维护价,1.0,1.4,1.0,300.0,4.199999999999999,12.0,A4,S36,状态触发,堵塞损失≥30触发，维护后储备阈值50，冷却21日,73.92379730197337,S32,74.8043042459716,0.8805069439982276,0.011911008039825395,0.1818516757488779,4.4244512709701995,0.06546660326959604,2002.0,0.0
medium_major_1.40_1.00,中维护价×大维护价,1.0,1.4,1.0,300.0,4.199999999999999,12.0,A5,S32,状态触发,堵塞损失≥20触发，维护后储备阈值50，冷却21日,211.11430902605014,S32,211.11430902605014,0.0,0.0,0.6160449995361742,6.262097420285212,0.0,576.0,0.92
medium_major_1.40_1.00,中维护价×大维护价,1.0,1.4,1.0,300.0,4.199999999999999,12.0,A6,S33,状态触发,堵塞损失≥20触发，维护后储备阈值50，冷却35日,98.9116598878184,S32,98.91868440404846,0.00702451623006084,7.1018080558225e-05,0.2356200791528644,6.353495434356988,0.1284129431383111,1491.0,0.0
medium_major_1.40_1.00,中维护价×大维护价,1.0,1.4,1.0,300.0,4.199999999999999,12.0,A7,S29,状态触发,堵塞损失≥10触发，维护后储备阈值50，冷却35日,132.15062210642182,S29,132.15062210642182,0.0,0.0,0.30115887418938586,9.737972196913791,0.07528971854734647,1262.0,0.005
medium_major_1.40_1.00,中维护价×大维护价,1.0,1.4,1.0,300.0,4.199999999999999,12.0,A8,S29,状态触发,堵塞损失≥10触发，维护后储备阈值50，冷却35日,233.5370285454259,S29,233.5370285454259,0.0,0.0,0.6392530234349021,9.678290774804417,0.0926916883980608,557.0,0.945
medium_major_1.40_1.00,中维护价×大维护价,1.0,1.4,1.0,300.0,4.199999999999999,12.0,A9,S32,状态触发,堵塞损失≥20触发，维护后储备阈值50，冷却21日,64.3876948751721,S33,64.46483801393966,0.07714313876755341,0.0011981037513007756,0.10933664611147696,5.846230467580674,0.5860444231575166,3271.0,0.0
medium_major_1.40_1.00,中维护价×大维护价,1.0,1.4,1.0,300.0,4.199999999999999,12.0,A10,S29,状态触发,堵塞损失≥10触发，维护后储备阈值50，冷却35日,393.8445242630678,S29,393.8445242630678,0.0,0.0,1.1792528976850805,9.540155942272301,0.0,308.0,1.0
medium_major_1.40_1.10,中维护价×大维护价,1.0,1.4,1.1,300.0,4.199999999999999,13.200000000000001,A1,S32,状态触发,堵塞损失≥20触发，维护后储备阈值50，冷却21日,88.54717998999008,S32,88.54717998999008,0.0,0.0,0.19978831463992977,6.783812223598816,0.00899047415879684,1785.0,0.0
medium_major_1.40_1.10,中维护价×大维护价,1.0,1.4,1.1,300.0,4.199999999999999,13.200000000000001,A2,S29,状态触发,堵塞损失≥10触发，维护后储备阈值50，冷却35日,201.85275063675476,S29,201.85275063675476,0.0,0.0,0.5255925057200005,9.98100168362281,0.1708175643590002,681.0,0.66
medium_major_1.40_1.10,中维护价×大维护价,1.0,1.4,1.1,300.0,4.199999999999999,13.200000000000001,A3,S32,状态触发,堵塞损失≥20触发，维护后储备阈值50，冷却21日,76.64642983753224,S32,76.64642983753224,0.0,0.0,0.17037424025450018,5.916245492837518,0.05196414327762255,2093.0,0.0
medium_major_1.40_1.10,中维护价×大维护价,1.0,1.4,1.1,300.0,4.199999999999999,13.200000000000001,A4,S36,状态触发,堵塞损失≥30触发，维护后储备阈值50，冷却21日,74.00235722589687,S32,74.86265593359289,0.8602987076960176,0.01162528789549097,0.1818516757488779,4.4244512709701995,0.06546660326959604,2002.0,0.0
medium_major_1.40_1.10,中维护价×大维护价,1.0,1.4,1.1,300.0,4.199999999999999,13.200000000000001,A5,S32,状态触发,堵塞损失≥20触发，维护后储备阈值50，冷却21日,211.11430902605014,S32,211.11430902605014,0.0,0.0,0.6160449995361742,6.262097420285212,0.0,576.0,0.92
medium_major_1.40_1.10,中维护价×大维护价,1.0,1.4,1.1,300.0,4.199999999999999,13.200000000000001,A6,S33,状态触发,堵塞损失≥20触发，维护后储备阈值50，冷却35日,99.06575541958438,S32,99.07277546267923,0.0070200430948546,7.086245963725628e-05,0.2356200791528644,6.353495434356988,0.1284129431383111,1491.0,0.0
medium_major_1.40_1.10,中维护价×大维护价,1.0,1.4,1.1,300.0,4.199999999999999,13.200000000000001,A7,S29,状态触发,堵塞损失≥10触发，维护后储备阈值50，冷却35日,132.24096976867864,S29,132.24096976867864,0.0,0.0,0.30115887418938586,9.737972196913791,0.07528971854734647,1262.0,0.005
medium_major_1.40_1.10,中维护价×大维护价,1.0,1.4,1.1,300.0,4.199999999999999,13.200000000000001,A8,S29,状态触发,堵塞损失≥10触发，维护后储备阈值50，冷却35日,233.6482585715036,S29,233.6482585715036,0.0,0.0,0.6392530234349021,9.678290774804417,0.0926916883980608,557.0,0.945
medium_major_1.40_1.10,中维护价×大维护价,1.0,1.4,1.1,300.0,4.199999999999999,13.200000000000001,A9,S32,状态触发,堵塞损失≥20触发，维护后储备阈值50，冷却21日,65.09094818296113,S33,65.17134015937522,0.08039197641409146,0.0012350715215903967,0.10933664611147696,5.846230467580674,0.5860444231575166,3271.0,0.0
medium_major_1.40_1.10,中维护价×大维护价,1.0,1.4,1.1,300.0,4.199999999999999,13.200000000000001,A10,S29,状态触发,堵塞损失≥10触发，维护后储备阈值50，冷却35日,393.8445242630678,S29,393.8445242630678,0.0,0.0,1.1792528976850805,9.540155942272301,0.0,308.0,1.0
medium_major_1.40_1.20,中维护价×大维护价,1.0,1.4,1.2,300.0,4.199999999999999,14.399999999999999,A1,S32,状态触发,堵塞损失≥20触发，维护后储备阈值50，冷却21日,88.55796855898063,S32,88.55796855898063,0.0,0.0,0.19978831463992977,6.783812223598816,0.00899047415879684,1785.0,0.0
medium_major_1.40_1.20,中维护价×大维护价,1.0,1.4,1.2,300.0,4.199999999999999,14.399999999999999,A2,S29,状态触发,堵塞损失≥10触发，维护后储备阈值50，冷却35日,202.05773171398556,S29,202.05773171398556,0.0,0.0,0.5255925057200005,9.98100168362281,0.1708175643590002,681.0,0.66
medium_major_1.40_1.20,中维护价×大维护价,1.0,1.4,1.2,300.0,4.199999999999999,14.399999999999999,A3,S32,状态触发,堵塞损失≥20触发，维护后储备阈值50，冷却21日,76.7087868094654,S32,76.7087868094654,0.0,0.0,0.17037424025450018,5.916245492837518,0.05196414327762255,2093.0,0.0
medium_major_1.40_1.20,中维护价×大维护价,1.0,1.4,1.2,300.0,4.199999999999999,14.399999999999999,A4,S36,状态触发,堵塞损失≥30触发，维护后储备阈值50，冷却21日,74.0809171498204,S32,74.9210076212142,0.8400904713938075,0.011340173741299912,0.1818516757488779,4.4244512709701995,0.06546660326959604,2002.0,0.0
medium_major_1.40_1.20,中维护价×大维护价,1.0,1.4,1.2,300.0,4.199999999999999,14.399999999999999,A5,S32,状态触发,堵塞损失≥20触发，维护后储备阈值50，冷却21日,211.11430902605014,S32,211.11430902605014,0.0,0.0,0.6160449995361742,6.262097420285212,0.0,576.0,0.92
medium_major_1.40_1.20,中维护价×大维护价,1.0,1.4,1.2,300.0,4.199999999999999,14.399999999999999,A6,S33,状态触发,堵塞损失≥20触发，维护后储备阈值50，冷却35日,99.21985095135034,S32,99.22686652131,0.007015569959662571,7.070732209729339e-05,0.2356200791528644,6.353495434356988,0.1284129431383111,1491.0,0.0
medium_major_1.40_1.20,中维护价×大维护价,1.0,1.4,1.2,300.0,4.199999999999999,14.399999999999999,A7,S29,状态触发,堵塞损失≥10触发，维护后储备阈值50，冷却35日,132.33131743093546,S29,132.33131743093546,0.0,0.0,0.30115887418938586,9.737972196913791,0.07528971854734647,1262.0,0.005
medium_major_1.40_1.20,中维护价×大维护价,1.0,1.4,1.2,300.0,4.199999999999999,14.399999999999999,A8,S29,状态触发,堵塞损失≥10触发，维护后储备阈值50，冷却35日,233.75948859758125,S29,233.75948859758125,0.0,0.0,0.6392530234349021,9.678290774804417,0.0926916883980608,557.0,0.945
medium_major_1.40_1.20,中维护价×大维护价,1.0,1.4,1.2,300.0,4.199999999999999,14.399999999999999,A9,S32,状态触发,堵塞损失≥20触发，维护后储备阈值50，冷却21日,65.79420149075014,S33,65.87784230481077,0.08364081406062951,0.0012712490183863449,0.10933664611147696,5.846230467580674,0.5860444231575166,3271.0,0.0
medium_major_1.40_1.20,中维护价×大维护价,1.0,1.4,1.2,300.0,4.199999999999999,14.399999999999999,A10,S29,状态触发,堵塞损失≥10触发，维护后储备阈值50，冷却35日,393.8445242630678,S29,393.8445242630678,0.0,0.0,1.1792528976850805,9.540155942272301,0.0,308.0,1.0
medium_major_1.40_1.30,中维护价×大维护价,1.0,1.4,1.3,300.0,4.199999999999999,15.600000000000001,A1,S32,状态触发,堵塞损失≥20触发，维护后储备阈值50，冷却21日,88.5687571279712,S32,88.5687571279712,0.0,0.0,0.19978831463992977,6.783812223598816,0.00899047415879684,1785.0,0.0
medium_major_1.40_1.30,中维护价×大维护价,1.0,1.4,1.3,300.0,4.199999999999999,15.600000000000001,A2,S29,状态触发,堵塞损失≥10触发，维护后储备阈值50，冷却35日,202.26271279121636,S29,202.26271279121636,0.0,0.0,0.5255925057200005,9.98100168362281,0.1708175643590002,681.0,0.66
medium_major_1.40_1.30,中维护价×大维护价,1.0,1.4,1.3,300.0,4.199999999999999,15.600000000000001,A3,S32,状态触发,堵塞损失≥20触发，维护后储备阈值50，冷却21日,76.77114378139854,S32,76.77114378139854,0.0,0.0,0.17037424025450018,5.916245492837518,0.05196414327762255,2093.0,0.0
medium_major_1.40_1.30,中维护价×大维护价,1.0,1.4,1.3,300.0,4.199999999999999,15.600000000000001,A4,S36,状态触发,堵塞损失≥30触发，维护后储备阈值50，冷却21日,74.15947707374391,S32,74.97935930883551,0.8198822350915975,0.011055663651407758,0.1818516757488779,4.4244512709701995,0.06546660326959604,2002.0,0.0
medium_major_1.40_1.30,中维护价×大维护价,1.0,1.4,1.3,300.0,4.199999999999999,15.600000000000001,A5,S32,状态触发,堵塞损失≥20触发，维护后储备阈值50，冷却21日,211.11430902605014,S32,211.11430902605014,0.0,0.0,0.6160449995361742,6.262097420285212,0.0,576.0,0.92
medium_major_1.40_1.30,中维护价×大维护价,1.0,1.4,1.3,300.0,4.199999999999999,15.600000000000001,A6,S33,状态触发,堵塞损失≥20触发，维护后储备阈值50，冷却35日,99.37394648311631,S32,99.38095757994077,0.007011096824456331,7.055266568936679e-05,0.2356200791528644,6.353495434356988,0.1284129431383111,1491.0,0.0
medium_major_1.40_1.30,中维护价×大维护价,1.0,1.4,1.3,300.0,4.199999999999999,15.600000000000001,A7,S29,状态触发,堵塞损失≥10触发，维护后储备阈值50，冷却35日,132.42166509319227,S29,132.42166509319227,0.0,0.0,0.30115887418938586,9.737972196913791,0.07528971854734647,1262.0,0.005
medium_major_1.40_1.30,中维护价×大维护价,1.0,1.4,1.3,300.0,4.199999999999999,15.600000000000001,A8,S29,状态触发,堵塞损失≥10触发，维护后储备阈值50，冷却35日,233.87071862365892,S29,233.87071862365892,0.0,0.0,0.6392530234349021,9.678290774804417,0.0926916883980608,557.0,0.945
medium_major_1.40_1.30,中维护价×大维护价,1.0,1.4,1.3,300.0,4.199999999999999,15.600000000000001,A9,S32,状态触发,堵塞损失≥20触发，维护后储备阈值50，冷却21日,66.49745479853917,S33,66.58434445024633,0.08688965170716756,0.0013066613146384119,0.10933664611147696,5.846230467580674,0.5860444231575166,3271.0,0.0
medium_major_1.40_1.30,中维护价×大维护价,1.0,1.4,1.3,300.0,4.199999999999999,15.600000000000001,A10,S29,状态触发,堵塞损失≥10触发，维护后储备阈值50，冷却35日,393.8445242630678,S29,393.8445242630678,0.0,0.0,1.1792528976850805,9.540155942272301,0.0,308.0,1.0
medium_major_1.40_1.40,中维护价×大维护价,1.0,1.4,1.4,300.0,4.199999999999999,16.799999999999997,A1,S32,状态触发,堵塞损失≥20触发，维护后储备阈值50，冷却21日,88.57954569696174,S32,88.57954569696174,0.0,0.0,0.19978831463992977,6.783812223598816,0.00899047415879684,1785.0,0.0
medium_major_1.40_1.40,中维护价×大维护价,1.0,1.4,1.4,300.0,4.199999999999999,16.799999999999997,A2,S29,状态触发,堵塞损失≥10触发，维护后储备阈值50，冷却35日,202.46769386844716,S29,202.46769386844716,0.0,0.0,0.5255925057200005,9.98100168362281,0.1708175643590002,681.0,0.66
medium_major_1.40_1.40,中维护价×大维护价,1.0,1.4,1.4,300.0,4.199999999999999,16.799999999999997,A3,S32,状态触发,堵塞损失≥20触发，维护后储备阈值50，冷却21日,76.83350075333169,S32,76.83350075333169,0.0,0.0,0.17037424025450018,5.916245492837518,0.05196414327762255,2093.0,0.0
medium_major_1.40_1.40,中维护价×大维护价,1.0,1.4,1.4,300.0,4.199999999999999,16.799999999999997,A4,S36,状态触发,堵塞损失≥30触发，维护后储备阈值50，冷却21日,74.23803699766742,S32,75.03771099645682,0.7996739987894017,0.010771755708122074,0.1818516757488779,4.4244512709701995,0.06546660326959604,2002.0,0.0
medium_major_1.40_1.40,中维护价×大维护价,1.0,1.4,1.4,300.0,4.199999999999999,16.799999999999997,A5,S32,状态触发,堵塞损失≥20触发，维护后储备阈值50，冷却21日,211.11430902605014,S32,211.11430902605014,0.0,0.0,0.6160449995361742,6.262097420285212,0.0,576.0,0.92
medium_major_1.40_1.40,中维护价×大维护价,1.0,1.4,1.4,300.0,4.199999999999999,16.799999999999997,A6,S33,状态触发,堵塞损失≥20触发，维护后储备阈值50，冷却35日,99.52804201488229,S32,99.53504863857152,0.00700662368923588,7.039848817872042e-05,0.2356200791528644,6.353495434356988,0.1284129431383111,1491.0,0.0
medium_major_1.40_1.40,中维护价×大维护价,1.0,1.4,1.4,300.0,4.199999999999999,16.799999999999997,A7,S29,状态触发,堵塞损失≥10触发，维护后储备阈值50，冷却35日,132.5120127554491,S29,132.5120127554491,0.0,0.0,0.30115887418938586,9.737972196913791,0.07528971854734647,1262.0,0.005
medium_major_1.40_1.40,中维护价×大维护价,1.0,1.4,1.4,300.0,4.199999999999999,16.799999999999997,A8,S29,状态触发,堵塞损失≥10触发，维护后储备阈值50，冷却35日,233.9819486497366,S29,233.9819486497366,0.0,0.0,0.6392530234349021,9.678290774804417,0.0926916883980608,557.0,0.945
medium_major_1.40_1.40,中维护价×大维护价,1.0,1.4,1.4,300.0,4.199999999999999,16.799999999999997,A9,S32,状态触发,堵塞损失≥20触发，维护后储备阈值50，冷却21日,67.2007081063282,S33,67.29084659568188,0.0901384893536914,0.0013413324337456377,0.10933664611147696,5.846230467580674,0.5860444231575166,3271.0,0.0
medium_major_1.40_1.40,中维护价×大维护价,1.0,1.4,1.4,300.0,4.199999999999999,16.799999999999997,A10,S29,状态触发,堵塞损失≥10触发，维护后储备阈值50，冷却35日,393.8445242630678,S29,393.8445242630678,0.0,0.0,1.1792528976850805,9.540155942272301,0.0,308.0,1.0
medium_major_1.40_1.50,中维护价×大维护价,1.0,1.4,1.5,300.0,4.199999999999999,18.0,A1,S32,状态触发,堵塞损失≥20触发，维护后储备阈值50，冷却21日,88.59033426595231,S32,88.59033426595231,0.0,0.0,0.19978831463992977,6.783812223598816,0.00899047415879684,1785.0,0.0
medium_major_1.40_1.50,中维护价×大维护价,1.0,1.4,1.5,300.0,4.199999999999999,18.0,A2,S29,状态触发,堵塞损失≥10触发，维护后储备阈值50，冷却35日,202.67267494567795,S29,202.67267494567795,0.0,0.0,0.5255925057200005,9.98100168362281,0.1708175643590002,681.0,0.66
medium_major_1.40_1.50,中维护价×大维护价,1.0,1.4,1.5,300.0,4.199999999999999,18.0,A3,S32,状态触发,堵塞损失≥20触发，维护后储备阈值50，冷却21日,76.89585772526483,S32,76.89585772526483,0.0,0.0,0.17037424025450018,5.916245492837518,0.05196414327762255,2093.0,0.0
medium_major_1.40_1.50,中维护价×大维护价,1.0,1.4,1.5,300.0,4.199999999999999,18.0,A4,S36,状态触发,堵塞损失≥30触发，维护后储备阈值50，冷却21日,74.31659692159094,S32,75.09606268407812,0.7794657624871775,0.010488448001858412,0.1818516757488779,4.4244512709701995,0.06546660326959604,2002.0,0.0
medium_major_1.40_1.50,中维护价×大维护价,1.0,1.4,1.5,300.0,4.199999999999999,18.0,A5,S32,状态触发,堵塞损失≥20触发，维护后储备阈值50，冷却21日,211.11430902605014,S32,211.11430902605014,0.0,0.0,0.6160449995361742,6.262097420285212,0.0,576.0,0.92
medium_major_1.40_1.50,中维护价×大维护价,1.0,1.4,1.5,300.0,4.199999999999999,18.0,A6,S33,状态触发,堵塞损失≥20触发，维护后储备阈值50，冷却35日,99.68213754664826,S32,99.6891396972023,0.00700215055402964,7.024478734470198e-05,0.2356200791528644,6.353495434356988,0.1284129431383111,1491.0,0.0
medium_major_1.40_1.50,中维护价×大维护价,1.0,1.4,1.5,300.0,4.199999999999999,18.0,A7,S29,状态触发,堵塞损失≥10触发，维护后储备阈值50，冷却35日,132.6023604177059,S29,132.6023604177059,0.0,0.0,0.30115887418938586,9.737972196913791,0.07528971854734647,1262.0,0.005
medium_major_1.40_1.50,中维护价×大维护价,1.0,1.4,1.5,300.0,4.199999999999999,18.0,A8,S29,状态触发,堵塞损失≥10触发，维护后储备阈值50，冷却35日,234.09317867581427,S29,234.09317867581427,0.0,0.0,0.6392530234349021,9.678290774804417,0.0926916883980608,557.0,0.945
medium_major_1.40_1.50,中维护价×大维护价,1.0,1.4,1.5,300.0,4.199999999999999,18.0,A9,S32,状态触发,堵塞损失≥20触发，维护后储备阈值50，冷却21日,67.9039614141172,S33,67.99734874111745,0.09338732700024366,0.0013752854039061773,0.10933664611147696,5.846230467580674,0.5860444231575166,3271.0,0.0
medium_major_1.40_1.50,中维护价×大维护价,1.0,1.4,1.5,300.0,4.199999999999999,18.0,A10,S29,状态触发,堵塞损失≥10触发，维护后储备阈值50，冷却35日,393.8445242630678,S29,393.8445242630678,0.0,0.0,1.1792528976850805,9.540155942272301,0.0,308.0,1.0
medium_major_1.50_0.50,中维护价×大维护价,1.0,1.5,0.5,300.0,4.5,6.0,A1,S32,状态触发,堵塞损失≥20触发，维护后储备阈值50，冷却21日,90.51759224312639,S32,90.51759224312639,0.0,0.0,0.19978831463992977,6.783812223598816,0.00899047415879684,1785.0,0.0
medium_major_1.50_0.50,中维护价×大维护价,1.0,1.5,0.5,300.0,4.5,6.0,A2,S29,状态触发,堵塞损失≥10触发，维护后储备阈值50，冷却35日,203.6171646784568,S29,203.6171646784568,0.0,0.0,0.5255925057200005,9.98100168362281,0.1708175643590002,681.0,0.66
medium_major_1.50_0.50,中维护价×大维护价,1.0,1.5,0.5,300.0,4.5,6.0,A3,S32,状态触发,堵塞损失≥20触发，维护后储备阈值50，冷却21日,78.04716165378461,S32,78.04716165378461,0.0,0.0,0.17037424025450018,5.916245492837518,0.05196414327762255,2093.0,0.0
medium_major_1.50_0.50,中维护价×大维护价,1.0,1.5,0.5,300.0,4.5,6.0,A4,S36,状态触发,堵塞损失≥30触发，维护后储备阈值50，冷却21日,74.85833306364684,S32,76.15790984171325,1.2995767780664096,0.017360482459066646,0.1818516757488779,4.4244512709701995,0.06546660326959604,2002.0,0.0
medium_major_1.50_0.50,中维护价×大维护价,1.0,1.5,0.5,300.0,4.5,6.0,A5,S32,状态触发,堵塞损失≥20触发，维护后储备阈值50，冷却21日,212.99293825213573,S32,212.99293825213573,0.0,0.0,0.6160449995361742,6.262097420285212,0.0,576.0,0.92
medium_major_1.50_0.50,中维护价×大维护价,1.0,1.5,0.5,300.0,4.5,6.0,A6,S33,状态触发,堵塞损失≥20触发，维护后储备阈值50，冷却35日,100.04723085929562,S32,100.05492925152075,0.00769839222512303,7.694757924834412e-05,0.2356200791528644,6.353495434356988,0.1284129431383111,1491.0,0.0
medium_major_1.50_0.50,中维护价×大维护价,1.0,1.5,0.5,300.0,4.5,6.0,A7,S33,状态触发,堵塞损失≥20触发，维护后储备阈值50，冷却35日,127.82924053638459,S29,134.6202754542119,6.791034917827318,0.05312583325482839,0.33037854461580207,4.517926597621093,1.3975012437248426,1074.0,0.01
medium_major_1.50_0.50,中维护价×大维护价,1.0,1.5,0.5,300.0,4.5,6.0,A8,S29,状态触发,堵塞损失≥10触发，维护后储备阈值50，冷却35日,235.88436564747886,S29,235.88436564747886,0.0,0.0,0.6392530234349021,9.678290774804417,0.0926916883980608,557.0,0.945
medium_major_1.50_0.50,中维护价×大维护价,1.0,1.5,0.5,300.0,4.5,6.0,A9,S32,状态触发,堵塞损失≥20触发，维护后储备阈值50，冷却21日,62.62529747650122,S33,62.66309169750494,0.03779422100372187,0.0006034976683009503,0.10933664611147696,5.846230467580674,0.5860444231575166,3271.0,0.0
medium_major_1.50_0.50,中维护价×大维护价,1.0,1.5,0.5,300.0,4.5,6.0,A10,S29,状态触发,堵塞损失≥10触发，维护后储备阈值50，冷却35日,396.70657104574946,S29,396.70657104574946,0.0,0.0,1.1792528976850805,9.540155942272301,0.0,308.0,1.0
medium_major_1.50_0.60,中维护价×大维护价,1.0,1.5,0.6,300.0,4.5,7.199999999999999,A1,S32,状态触发,堵塞损失≥20触发，维护后储备阈值50，冷却21日,90.52838081211694,S32,90.52838081211694,0.0,0.0,0.19978831463992977,6.783812223598816,0.00899047415879684,1785.0,0.0
medium_major_1.50_0.60,中维护价×大维护价,1.0,1.5,0.6,300.0,4.5,7.199999999999999,A2,S29,状态触发,堵塞损失≥10触发，维护后储备阈值50，冷却35日,203.8221457556876,S29,203.8221457556876,0.0,0.0,0.5255925057200005,9.98100168362281,0.1708175643590002,681.0,0.66
medium_major_1.50_0.60,中维护价×大维护价,1.0,1.5,0.6,300.0,4.5,7.199999999999999,A3,S32,状态触发,堵塞损失≥20触发，维护后储备阈值50，冷却21日,78.10951862571775,S32,78.10951862571775,0.0,0.0,0.17037424025450018,5.916245492837518,0.05196414327762255,2093.0,0.0
medium_major_1.50_0.60,中维护价×大维护价,1.0,1.5,0.6,300.0,4.5,7.199999999999999,A4,S36,状态触发,堵塞损失≥30触发，维护后储备阈值50，冷却21日,74.93689298757036,S32,76.21626152933456,1.2793685417641996,0.01707261257784475,0.1818516757488779,4.4244512709701995,0.06546660326959604,2002.0,0.0
medium_major_1.50_0.60,中维护价×大维护价,1.0,1.5,0.6,300.0,4.5,7.199999999999999,A5,S32,状态触发,堵塞损失≥20触发，维护后储备阈值50，冷却21日,212.99293825213573,S32,212.99293825213573,0.0,0.0,0.6160449995361742,6.262097420285212,0.0,576.0,0.92
medium_major_1.50_0.60,中维护价×大维护价,1.0,1.5,0.6,300.0,4.5,7.199999999999999,A6,S33,状态触发,堵塞损失≥20触发，维护后储备阈值50，冷却35日,100.2013263910616,S32,100.20902031015152,0.00769391908991679,7.67846032285968e-05,0.2356200791528644,6.353495434356988,0.1284129431383111,1491.0,0.0
medium_major_1.50_0.60,中维护价×大维护价,1.0,1.5,0.6,300.0,4.5,7.199999999999999,A7,S33,状态触发,堵塞损失≥20触发，维护后储备阈值50，冷却35日,129.50624202885442,S29,134.71062311646872,5.204381087614308,0.04018633392554743,0.33037854461580207,4.517926597621093,1.3975012437248426,1074.0,0.01
medium_major_1.50_0.60,中维护价×大维护价,1.0,1.5,0.6,300.0,4.5,7.199999999999999,A8,S29,状态触发,堵塞损失≥10触发，维护后储备阈值50，冷却35日,235.99559567355652,S29,235.99559567355652,0.0,0.0,0.6392530234349021,9.678290774804417,0.0926916883980608,557.0,0.945
medium_major_1.50_0.60,中维护价×大维护价,1.0,1.5,0.6,300.0,4.5,7.199999999999999,A9,S32,状态触发,堵塞损失≥20触发，维护后储备阈值50，冷却21日,63.32855078429024,S33,63.369593842940496,0.04104305865025282,0.0006480972348483658,0.10933664611147696,5.846230467580674,0.5860444231575166,3271.0,0.0
medium_major_1.50_0.60,中维护价×大维护价,1.0,1.5,0.6,300.0,4.5,7.199999999999999,A10,S29,状态触发,堵塞损失≥10触发，维护后储备阈值50，冷却35日,396.70657104574946,S29,396.70657104574946,0.0,0.0,1.1792528976850805,9.540155942272301,0.0,308.0,1.0
medium_major_1.50_0.70,中维护价×大维护价,1.0,1.5,0.7,300.0,4.5,8.399999999999999,A1,S32,状态触发,堵塞损失≥20触发，维护后储备阈值50，冷却21日,90.5391693811075,S32,90.5391693811075,0.0,0.0,0.19978831463992977,6.783812223598816,0.00899047415879684,1785.0,0.0
medium_major_1.50_0.70,中维护价×大维护价,1.0,1.5,0.7,300.0,4.5,8.399999999999999,A2,S29,状态触发,堵塞损失≥10触发，维护后储备阈值50，冷却35日,204.0271268329184,S29,204.0271268329184,0.0,0.0,0.5255925057200005,9.98100168362281,0.1708175643590002,681.0,0.66
medium_major_1.50_0.70,中维护价×大维护价,1.0,1.5,0.7,300.0,4.5,8.399999999999999,A3,S32,状态触发,堵塞损失≥20触发，维护后储备阈值50，冷却21日,78.17187559765091,S32,78.17187559765091,0.0,0.0,0.17037424025450018,5.916245492837518,0.05196414327762255,2093.0,0.0
medium_major_1.50_0.70,中维护价×大维护价,1.0,1.5,0.7,300.0,4.5,8.399999999999999,A4,S36,状态触发,堵塞损失≥30触发，维护后储备阈值50，冷却21日,75.01545291149387,S32,76.27461321695586,1.2591603054619895,0.016785345640018937,0.1818516757488779,4.4244512709701995,0.06546660326959604,2002.0,0.0
medium_major_1.50_0.70,中维护价×大维护价,1.0,1.5,0.7,300.0,4.5,8.399999999999999,A5,S32,状态触发,堵塞损失≥20触发，维护后储备阈值50，冷却21日,212.99293825213573,S32,212.99293825213573,0.0,0.0,0.6160449995361742,6.262097420285212,0.0,576.0,0.92
medium_major_1.50_0.70,中维护价×大维护价,1.0,1.5,0.7,300.0,4.5,8.399999999999999,A6,S33,状态触发,堵塞损失≥20触发，维护后储备阈值50，冷却35日,100.35542192282757,S32,100.36311136878228,0.00768944595471055,7.662212770749612e-05,0.2356200791528644,6.353495434356988,0.1284129431383111,1491.0,0.0
medium_major_1.50_0.70,中维护价×大维护价,1.0,1.5,0.7,300.0,4.5,8.399999999999999,A7,S33,状态触发,堵塞损失≥20触发，维护后储备阈值50，冷却35日,131.18324352132421,S29,134.8009707787255,3.617727257401299,0.027577662819514192,0.33037854461580207,4.517926597621093,1.3975012437248426,1074.0,0.01
medium_major_1.50_0.70,中维护价×大维护价,1.0,1.5,0.7,300.0,4.5,8.399999999999999,A8,S29,状态触发,堵塞损失≥10触发，维护后储备阈值50，冷却35日,236.1068256996342,S29,236.1068256996342,0.0,0.0,0.6392530234349021,9.678290774804417,0.0926916883980608,557.0,0.945
medium_major_1.50_0.70,中维护价×大维护价,1.0,1.5,0.7,300.0,4.5,8.399999999999999,A9,S32,状态触发,堵塞损失≥20触发，维护后储备阈值50，冷却21日,64.03180409207926,S33,64.07609598837605,0.04429189629679797,0.0006917171384567764,0.10933664611147696,5.846230467580674,0.5860444231575166,3271.0,0.0
medium_major_1.50_0.70,中维护价×大维护价,1.0,1.5,0.7,300.0,4.5,8.399999999999999,A10,S29,状态触发,堵塞损失≥10触发，维护后储备阈值50，冷却35日,396.70657104574946,S29,396.70657104574946,0.0,0.0,1.1792528976850805,9.540155942272301,0.0,308.0,1.0
medium_major_1.50_0.80,中维护价×大维护价,1.0,1.5,0.8,300.0,4.5,9.600000000000001,A1,S32,状态触发,堵塞损失≥20触发，维护后储备阈值50，冷却21日,90.54995795009805,S32,90.54995795009805,0.0,0.0,0.19978831463992977,6.783812223598816,0.00899047415879684,1785.0,0.0
medium_major_1.50_0.80,中维护价×大维护价,1.0,1.5,0.8,300.0,4.5,9.600000000000001,A2,S29,状态触发,堵塞损失≥10触发，维护后储备阈值50，冷却35日,204.2321079101492,S29,204.2321079101492,0.0,0.0,0.5255925057200005,9.98100168362281,0.1708175643590002,681.0,0.66
medium_major_1.50_0.80,中维护价×大维护价,1.0,1.5,0.8,300.0,4.5,9.600000000000001,A3,S32,状态触发,堵塞损失≥20触发，维护后储备阈值50，冷却21日,78.23423256958405,S32,78.23423256958405,0.0,0.0,0.17037424025450018,5.916245492837518,0.05196414327762255,2093.0,0.0
medium_major_1.50_0.80,中维护价×大维护价,1.0,1.5,0.8,300.0,4.5,9.600000000000001,A4,S36,状态触发,堵塞损失≥30触发，维护后储备阈值50，冷却21日,75.09401283541739,S32,76.33296490457717,1.2389520691597795,0.016498679753273744,0.1818516757488779,4.4244512709701995,0.06546660326959604,2002.0,0.0
medium_major_1.50_0.80,中维护价×大维护价,1.0,1.5,0.8,300.0,4.5,9.600000000000001,A5,S32,状态触发,堵塞损失≥20触发，维护后储备阈值50，冷却21日,212.99293825213573,S32,212.99293825213573,0.0,0.0,0.6160449995361742,6.262097420285212,0.0,576.0,0.92
medium_major_1.50_0.80,中维护价×大维护价,1.0,1.5,0.8,300.0,4.5,9.600000000000001,A6,S33,状态触发,堵塞损失≥20触发，维护后储备阈值50，冷却35日,100.50951745459355,S32,100.51720242741304,0.007684972819490099,7.646015038289168e-05,0.2356200791528644,6.353495434356988,0.1284129431383111,1491.0,0.0
medium_major_1.50_0.80,中维护价×大维护价,1.0,1.5,0.8,300.0,4.5,9.600000000000001,A7,S33,状态触发,堵塞损失≥20触发，维护后储备阈值50，冷却35日,132.86024501379404,S29,134.89131844098233,2.0310734271882893,0.015287292500306738,0.33037854461580207,4.517926597621093,1.3975012437248426,1074.0,0.01
medium_major_1.50_0.80,中维护价×大维护价,1.0,1.5,0.8,300.0,4.5,9.600000000000001,A8,S29,状态触发,堵塞损失≥10触发，维护后储备阈值50，冷却35日,236.21805572571188,S29,236.21805572571188,0.0,0.0,0.6392530234349021,9.678290774804417,0.0926916883980608,557.0,0.945
medium_major_1.50_0.80,中维护价×大维护价,1.0,1.5,0.8,300.0,4.5,9.600000000000001,A9,S32,状态触发,堵塞损失≥20触发，维护后储备阈值50，冷却21日,64.73505739986828,S33,64.78259813381162,0.04754073394333602,0.0007343893070129997,0.10933664611147696,5.846230467580674,0.5860444231575166,3271.0,0.0
medium_major_1.50_0.80,中维护价×大维护价,1.0,1.5,0.8,300.0,4.5,9.600000000000001,A10,S29,状态触发,堵塞损失≥10触发，维护后储备阈值50，冷却35日,396.70657104574946,S29,396.70657104574946,0.0,0.0,1.1792528976850805,9.540155942272301,0.0,308.0,1.0
medium_major_1.50_0.90,中维护价×大维护价,1.0,1.5,0.9,300.0,4.5,10.8,A1,S32,状态触发,堵塞损失≥20触发，维护后储备阈值50，冷却21日,90.56074651908861,S32,90.56074651908861,0.0,0.0,0.19978831463992977,6.783812223598816,0.00899047415879684,1785.0,0.0
medium_major_1.50_0.90,中维护价×大维护价,1.0,1.5,0.9,300.0,4.5,10.8,A2,S29,状态触发,堵塞损失≥10触发，维护后储备阈值50，冷却35日,204.43708898738,S29,204.43708898738,0.0,0.0,0.5255925057200005,9.98100168362281,0.1708175643590002,681.0,0.66
medium_major_1.50_0.90,中维护价×大维护价,1.0,1.5,0.9,300.0,4.5,10.8,A3,S32,状态触发,堵塞损失≥20触发，维护后储备阈值50，冷却21日,78.2965895415172,S32,78.2965895415172,0.0,0.0,0.17037424025450018,5.916245492837518,0.05196414327762255,2093.0,0.0
medium_major_1.50_0.90,中维护价×大维护价,1.0,1.5,0.9,300.0,4.5,10.8,A4,S36,状态触发,堵塞损失≥30触发，维护后储备阈值50，冷却21日,75.1725727593409,S32,76.39131659219848,1.2187438328575837,0.016212613033204232,0.1818516757488779,4.4244512709701995,0.06546660326959604,2002.0,0.0
medium_major_1.50_0.90,中维护价×大维护价,1.0,1.5,0.9,300.0,4.5,10.8,A5,S32,状态触发,堵塞损失≥20触发，维护后储备阈值50，冷却21日,212.99293825213573,S32,212.99293825213573,0.0,0.0,0.6160449995361742,6.262097420285212,0.0,576.0,0.92
medium_major_1.50_0.90,中维护价×大维护价,1.0,1.5,0.9,300.0,4.5,10.8,A6,S33,状态触发,堵塞损失≥20触发，维护后储备阈值50，冷却35日,100.66361298635952,S32,100.67129348604381,0.007680499684283859,7.62986689671531e-05,0.2356200791528644,6.353495434356988,0.1284129431383111,1491.0,0.0
medium_major_1.50_0.90,中维护价×大维护价,1.0,1.5,0.9,300.0,4.5,10.8,A7,S33,状态触发,堵塞损失≥20触发，维护后储备阈值50，冷却35日,134.53724650626384,S29,134.98166610323915,0.4444195969753082,0.0033033201475148126,0.33037854461580207,4.517926597621093,1.3975012437248426,1074.0,0.01
medium_major_1.50_0.90,中维护价×大维护价,1.0,1.5,0.9,300.0,4.5,10.8,A8,S29,状态触发,堵塞损失≥10触发，维护后储备阈值50，冷却35日,236.32928575178954,S29,236.32928575178954,0.0,0.0,0.6392530234349021,9.678290774804417,0.0926916883980608,557.0,0.945
medium_major_1.50_0.90,中维护价×大维护价,1.0,1.5,0.9,300.0,4.5,10.8,A9,S32,状态触发,堵塞损失≥20触发，维护后储备阈值50，冷却21日,65.4383107076573,S33,65.48910027924717,0.05078957158987407,0.0007761442959121331,0.10933664611147696,5.846230467580674,0.5860444231575166,3271.0,0.0
medium_major_1.50_0.90,中维护价×大维护价,1.0,1.5,0.9,300.0,4.5,10.8,A10,S29,状态触发,堵塞损失≥10触发，维护后储备阈值50，冷却35日,396.70657104574946,S29,396.70657104574946,0.0,0.0,1.1792528976850805,9.540155942272301,0.0,308.0,1.0
medium_major_1.50_1.00,中维护价×大维护价,1.0,1.5,1.0,300.0,4.5,12.0,A1,S32,状态触发,堵塞损失≥20触发，维护后储备阈值50，冷却21日,90.57153508807916,S32,90.57153508807916,0.0,0.0,0.19978831463992977,6.783812223598816,0.00899047415879684,1785.0,0.0
medium_major_1.50_1.00,中维护价×大维护价,1.0,1.5,1.0,300.0,4.5,12.0,A2,S29,状态触发,堵塞损失≥10触发，维护后储备阈值50，冷却35日,204.6420700646108,S29,204.6420700646108,0.0,0.0,0.5255925057200005,9.98100168362281,0.1708175643590002,681.0,0.66
medium_major_1.50_1.00,中维护价×大维护价,1.0,1.5,1.0,300.0,4.5,12.0,A3,S32,状态触发,堵塞损失≥20触发，维护后储备阈值50，冷却21日,78.35894651345035,S32,78.35894651345035,0.0,0.0,0.17037424025450018,5.916245492837518,0.05196414327762255,2093.0,0.0
medium_major_1.50_1.00,中维护价×大维护价,1.0,1.5,1.0,300.0,4.5,12.0,A4,S36,状态触发,堵塞损失≥30触发，维护后储备阈值50，冷却21日,75.25113268326442,S32,76.44966827981979,1.1985355965553737,0.015927143603273942,0.1818516757488779,4.4244512709701995,0.06546660326959604,2002.0,0.0
medium_major_1.50_1.00,中维护价×大维护价,1.0,1.5,1.0,300.0,4.5,12.0,A5,S32,状态触发,堵塞损失≥20触发，维护后储备阈值50，冷却21日,212.99293825213573,S32,212.99293825213573,0.0,0.0,0.6160449995361742,6.262097420285212,0.0,576.0,0.92
medium_major_1.50_1.00,中维护价×大维护价,1.0,1.5,1.0,300.0,4.5,12.0,A6,S33,状态触发,堵塞损失≥20触发，维护后储备阈值50，冷却35日,100.8177085181255,S32,100.82538454467458,0.007676026549077619,7.613768118621329e-05,0.2356200791528644,6.353495434356988,0.1284129431383111,1491.0,0.0
medium_major_1.50_1.00,中维护价×大维护价,1.0,1.5,1.0,300.0,4.5,12.0,A7,S29,状态触发,堵塞损失≥10触发，维护后储备阈值50，冷却35日,135.07201376549597,S29,135.07201376549597,0.0,0.0,0.30115887418938586,9.737972196913791,0.07528971854734647,1262.0,0.005
medium_major_1.50_1.00,中维护价×大维护价,1.0,1.5,1.0,300.0,4.5,12.0,A8,S29,状态触发,堵塞损失≥10触发，维护后储备阈值50，冷却35日,236.4405157778672,S29,236.4405157778672,0.0,0.0,0.6392530234349021,9.678290774804417,0.0926916883980608,557.0,0.945
medium_major_1.50_1.00,中维护价×大维护价,1.0,1.5,1.0,300.0,4.5,12.0,A9,S32,状态触发,堵塞损失≥20触发，维护后储备阈值50，冷却21日,66.14156401544632,S33,66.19560242468273,0.05403840923641212,0.0008170113610224322,0.10933664611147696,5.846230467580674,0.5860444231575166,3271.0,0.0
medium_major_1.50_1.00,中维护价×大维护价,1.0,1.5,1.0,300.0,4.5,12.0,A10,S29,状态触发,堵塞损失≥10触发，维护后储备阈值50，冷却35日,396.70657104574946,S29,396.70657104574946,0.0,0.0,1.1792528976850805,9.540155942272301,0.0,308.0,1.0
medium_major_1.50_1.10,中维护价×大维护价,1.0,1.5,1.1,300.0,4.5,13.200000000000001,A1,S32,状态触发,堵塞损失≥20触发，维护后储备阈值50，冷却21日,90.58232365706972,S32,90.58232365706972,0.0,0.0,0.19978831463992977,6.783812223598816,0.00899047415879684,1785.0,0.0
medium_major_1.50_1.10,中维护价×大维护价,1.0,1.5,1.1,300.0,4.5,13.200000000000001,A2,S29,状态触发,堵塞损失≥10触发，维护后储备阈值50，冷却35日,204.8470511418416,S29,204.8470511418416,0.0,0.0,0.5255925057200005,9.98100168362281,0.1708175643590002,681.0,0.66
medium_major_1.50_1.10,中维护价×大维护价,1.0,1.5,1.1,300.0,4.5,13.200000000000001,A3,S32,状态触发,堵塞损失≥20触发，维护后储备阈值50，冷却21日,78.42130348538349,S32,78.42130348538349,0.0,0.0,0.17037424025450018,5.916245492837518,0.05196414327762255,2093.0,0.0
medium_major_1.50_1.10,中维护价×大维护价,1.0,1.5,1.1,300.0,4.5,13.200000000000001,A4,S36,状态触发,堵塞损失≥30触发，维护后储备阈值50，冷却21日,75.32969260718792,S32,76.50801996744109,1.1783273602531636,0.01564226959477501,0.1818516757488779,4.4244512709701995,0.06546660326959604,2002.0,0.0
medium_major_1.50_1.10,中维护价×大维护价,1.0,1.5,1.1,300.0,4.5,13.200000000000001,A5,S32,状态触发,堵塞损失≥20触发，维护后储备阈值50，冷却21日,212.99293825213573,S32,212.99293825213573,0.0,0.0,0.6160449995361742,6.262097420285212,0.0,576.0,0.92
medium_major_1.50_1.10,中维护价×大维护价,1.0,1.5,1.1,300.0,4.5,13.200000000000001,A6,S33,状态触发,堵塞损失≥20触发，维护后储备阈值50，冷却35日,100.97180404989147,S32,100.97947560330535,0.007671553413871379,7.597718478002796e-05,0.2356200791528644,6.353495434356988,0.1284129431383111,1491.0,0.0
medium_major_1.50_1.10,中维护价×大维护价,1.0,1.5,1.1,300.0,4.5,13.200000000000001,A7,S29,状态触发,堵塞损失≥10触发，维护后储备阈值50，冷却35日,135.16236142775278,S29,135.16236142775278,0.0,0.0,0.30115887418938586,9.737972196913791,0.07528971854734647,1262.0,0.005
medium_major_1.50_1.10,中维护价×大维护价,1.0,1.5,1.1,300.0,4.5,13.200000000000001,A8,S29,状态触发,堵塞损失≥10触发，维护后储备阈值50，冷却35日,236.5517458039449,S29,236.5517458039449,0.0,0.0,0.6392530234349021,9.678290774804417,0.0926916883980608,557.0,0.945
medium_major_1.50_1.10,中维护价×大维护价,1.0,1.5,1.1,300.0,4.5,13.200000000000001,A9,S32,状态触发,堵塞损失≥20触发，维护后储备阈值50，冷却21日,66.84481732323533,S33,66.90210457011828,0.05728724688295017,0.0008570185270449839,0.10933664611147696,5.846230467580674,0.5860444231575166,3271.0,0.0
medium_major_1.50_1.10,中维护价×大维护价,1.0,1.5,1.1,300.0,4.5,13.200000000000001,A10,S29,状态触发,堵塞损失≥10触发，维护后储备阈值50，冷却35日,396.70657104574946,S29,396.70657104574946,0.0,0.0,1.1792528976850805,9.540155942272301,0.0,308.0,1.0
medium_major_1.50_1.20,中维护价×大维护价,1.0,1.5,1.2,300.0,4.5,14.399999999999999,A1,S32,状态触发,堵塞损失≥20触发，维护后储备阈值50，冷却21日,90.59311222606027,S32,90.59311222606027,0.0,0.0,0.19978831463992977,6.783812223598816,0.00899047415879684,1785.0,0.0
medium_major_1.50_1.20,中维护价×大维护价,1.0,1.5,1.2,300.0,4.5,14.399999999999999,A2,S29,状态触发,堵塞损失≥10触发，维护后储备阈值50，冷却35日,205.0520322190724,S29,205.0520322190724,0.0,0.0,0.5255925057200005,9.98100168362281,0.1708175643590002,681.0,0.66
medium_major_1.50_1.20,中维护价×大维护价,1.0,1.5,1.2,300.0,4.5,14.399999999999999,A3,S32,状态触发,堵塞损失≥20触发，维护后储备阈值50，冷却21日,78.48366045731665,S32,78.48366045731665,0.0,0.0,0.17037424025450018,5.916245492837518,0.05196414327762255,2093.0,0.0
medium_major_1.50_1.20,中维护价×大维护价,1.0,1.5,1.2,300.0,4.5,14.399999999999999,A4,S36,状态触发,堵塞损失≥30触发，维护后储备阈值50，冷却21日,75.40825253111144,S32,76.5663716550624,1.1581191239509536,0.015357989146786611,0.1818516757488779,4.4244512709701995,0.06546660326959604,2002.0,0.0
medium_major_1.50_1.20,中维护价×大维护价,1.0,1.5,1.2,300.0,4.5,14.399999999999999,A5,S32,状态触发,堵塞损失≥20触发，维护后储备阈值50，冷却21日,212.99293825213573,S32,212.99293825213573,0.0,0.0,0.6160449995361742,6.262097420285212,0.0,576.0,0.92
medium_major_1.50_1.20,中维护价×大维护价,1.0,1.5,1.2,300.0,4.5,14.399999999999999,A6,S33,状态触发,堵塞损失≥20触发，维护后储备阈值50，冷却35日,101.12589958165744,S32,101.13356666193611,0.00766708027867935,7.581717750246873e-05,0.2356200791528644,6.353495434356988,0.1284129431383111,1491.0,0.0
medium_major_1.50_1.20,中维护价×大维护价,1.0,1.5,1.2,300.0,4.5,14.399999999999999,A7,S29,状态触发,堵塞损失≥10触发，维护后储备阈值50，冷却35日,135.2527090900096,S29,135.2527090900096,0.0,0.0,0.30115887418938586,9.737972196913791,0.07528971854734647,1262.0,0.005
medium_major_1.50_1.20,中维护价×大维护价,1.0,1.5,1.2,300.0,4.5,14.399999999999999,A8,S29,状态触发,堵塞损失≥10触发，维护后储备阈值50，冷却35日,236.66297583002256,S29,236.66297583002256,0.0,0.0,0.6392530234349021,9.678290774804417,0.0926916883980608,557.0,0.945
medium_major_1.50_1.20,中维护价×大维护价,1.0,1.5,1.2,300.0,4.5,14.399999999999999,A9,S32,状态触发,堵塞损失≥20触发，维护后储备阈值50，冷却21日,67.54807063102436,S33,67.60860671555383,0.06053608452947401,0.0008961926516028454,0.10933664611147696,5.846230467580674,0.5860444231575166,3271.0,0.0
medium_major_1.50_1.20,中维护价×大维护价,1.0,1.5,1.2,300.0,4.5,14.399999999999999,A10,S29,状态触发,堵塞损失≥10触发，维护后储备阈值50，冷却35日,396.70657104574946,S29,396.70657104574946,0.0,0.0,1.1792528976850805,9.540155942272301,0.0,308.0,1.0
medium_major_1.50_1.30,中维护价×大维护价,1.0,1.5,1.3,300.0,4.5,15.600000000000001,A1,S32,状态触发,堵塞损失≥20触发，维护后储备阈值50，冷却21日,90.60390079505083,S32,90.60390079505083,0.0,0.0,0.19978831463992977,6.783812223598816,0.00899047415879684,1785.0,0.0
medium_major_1.50_1.30,中维护价×大维护价,1.0,1.5,1.3,300.0,4.5,15.600000000000001,A2,S29,状态触发,堵塞损失≥10触发，维护后储备阈值50，冷却35日,205.2570132963032,S29,205.2570132963032,0.0,0.0,0.5255925057200005,9.98100168362281,0.1708175643590002,681.0,0.66
medium_major_1.50_1.30,中维护价×大维护价,1.0,1.5,1.3,300.0,4.5,15.600000000000001,A3,S32,状态触发,堵塞损失≥20触发，维护后储备阈值50，冷却21日,78.54601742924979,S32,78.54601742924979,0.0,0.0,0.17037424025450018,5.916245492837518,0.05196414327762255,2093.0,0.0
medium_major_1.50_1.30,中维护价×大维护价,1.0,1.5,1.3,300.0,4.5,15.600000000000001,A4,S36,状态触发,堵塞损失≥30触发，维护后储备阈值50，冷却21日,75.48681245503496,S32,76.62472334268371,1.1379108876487436,0.015074300406134649,0.1818516757488779,4.4244512709701995,0.06546660326959604,2002.0,0.0
medium_major_1.50_1.30,中维护价×大维护价,1.0,1.5,1.3,300.0,4.5,15.600000000000001,A5,S32,状态触发,堵塞损失≥20触发，维护后储备阈值50，冷却21日,212.99293825213573,S32,212.99293825213573,0.0,0.0,0.6160449995361742,6.262097420285212,0.0,576.0,0.92
medium_major_1.50_1.30,中维护价×大维护价,1.0,1.5,1.3,300.0,4.5,15.600000000000001,A6,S33,状态触发,堵塞损失≥20触发，维护后储备阈值50，冷却35日,101.27999511342341,S32,101.28765772056687,0.007662607143458899,7.565765712051575e-05,0.2356200791528644,6.353495434356988,0.1284129431383111,1491.0,0.0
medium_major_1.50_1.30,中维护价×大维护价,1.0,1.5,1.3,300.0,4.5,15.600000000000001,A7,S29,状态触发,堵塞损失≥10触发，维护后储备阈值50，冷却35日,135.34305675226642,S29,135.34305675226642,0.0,0.0,0.30115887418938586,9.737972196913791,0.07528971854734647,1262.0,0.005
medium_major_1.50_1.30,中维护价×大维护价,1.0,1.5,1.3,300.0,4.5,15.600000000000001,A8,S29,状态触发,堵塞损失≥10触发，维护后储备阈值50，冷却35日,236.77420585610022,S29,236.77420585610022,0.0,0.0,0.6392530234349021,9.678290774804417,0.0926916883980608,557.0,0.945
medium_major_1.50_1.30,中维护价×大维护价,1.0,1.5,1.3,300.0,4.5,15.600000000000001,A9,S32,状态触发,堵塞损失≥20触发，维护后储备阈值50，冷却21日,68.25132393881339,S33,68.3151088609894,0.06378492217601206,0.0009345594853690251,0.10933664611147696,5.846230467580674,0.5860444231575166,3271.0,0.0
medium_major_1.50_1.30,中维护价×大维护价,1.0,1.5,1.3,300.0,4.5,15.600000000000001,A10,S29,状态触发,堵塞损失≥10触发，维护后储备阈值50，冷却35日,396.70657104574946,S29,396.70657104574946,0.0,0.0,1.1792528976850805,9.540155942272301,0.0,308.0,1.0
medium_major_1.50_1.40,中维护价×大维护价,1.0,1.5,1.4,300.0,4.5,16.799999999999997,A1,S32,状态触发,堵塞损失≥20触发，维护后储备阈值50，冷却21日,90.61468936404138,S32,90.61468936404138,0.0,0.0,0.19978831463992977,6.783812223598816,0.00899047415879684,1785.0,0.0
medium_major_1.50_1.40,中维护价×大维护价,1.0,1.5,1.4,300.0,4.5,16.799999999999997,A2,S29,状态触发,堵塞损失≥10触发，维护后储备阈值50，冷却35日,205.461994373534,S29,205.461994373534,0.0,0.0,0.5255925057200005,9.98100168362281,0.1708175643590002,681.0,0.66
medium_major_1.50_1.40,中维护价×大维护价,1.0,1.5,1.4,300.0,4.5,16.799999999999997,A3,S32,状态触发,堵塞损失≥20触发，维护后储备阈值50，冷却21日,78.60837440118294,S32,78.60837440118294,0.0,0.0,0.17037424025450018,5.916245492837518,0.05196414327762255,2093.0,0.0
medium_major_1.50_1.40,中维护价×大维护价,1.0,1.5,1.4,300.0,4.5,16.799999999999997,A4,S36,状态触发,堵塞损失≥30触发，维护后储备阈值50，冷却21日,75.56537237895847,S32,76.68307503030502,1.1177026513465478,0.014791201527351664,0.1818516757488779,4.4244512709701995,0.06546660326959604,2002.0,0.0
medium_major_1.50_1.40,中维护价×大维护价,1.0,1.5,1.4,300.0,4.5,16.799999999999997,A5,S32,状态触发,堵塞损失≥20触发，维护后储备阈值50，冷却21日,212.99293825213573,S32,212.99293825213573,0.0,0.0,0.6160449995361742,6.262097420285212,0.0,576.0,0.92
medium_major_1.50_1.40,中维护价×大维护价,1.0,1.5,1.4,300.0,4.5,16.799999999999997,A6,S33,状态触发,堵塞损失≥20触发，维护后储备阈值50，冷却35日,101.43409064518939,S32,101.44174877919764,0.0076581340082526594,7.549862141555911e-05,0.2356200791528644,6.353495434356988,0.1284129431383111,1491.0,0.0
medium_major_1.50_1.40,中维护价×大维护价,1.0,1.5,1.4,300.0,4.5,16.799999999999997,A7,S29,状态触发,堵塞损失≥10触发，维护后储备阈值50，冷却35日,135.43340441452324,S29,135.43340441452324,0.0,0.0,0.30115887418938586,9.737972196913791,0.07528971854734647,1262.0,0.005
medium_major_1.50_1.40,中维护价×大维护价,1.0,1.5,1.4,300.0,4.5,16.799999999999997,A8,S29,状态触发,堵塞损失≥10触发，维护后储备阈值50，冷却35日,236.88543588217792,S29,236.88543588217792,0.0,0.0,0.6392530234349021,9.678290774804417,0.0926916883980608,557.0,0.945
medium_major_1.50_1.40,中维护价×大维护价,1.0,1.5,1.4,300.0,4.5,16.799999999999997,A9,S32,状态触发,堵塞损失≥20触发，维护后储备阈值50，冷却21日,68.9545772466024,S33,69.02161100642496,0.06703375982256432,0.0009721437285132116,0.10933664611147696,5.846230467580674,0.5860444231575166,3271.0,0.0
medium_major_1.50_1.40,中维护价×大维护价,1.0,1.5,1.4,300.0,4.5,16.799999999999997,A10,S29,状态触发,堵塞损失≥10触发，维护后储备阈值50，冷却35日,396.70657104574946,S29,396.70657104574946,0.0,0.0,1.1792528976850805,9.540155942272301,0.0,308.0,1.0
medium_major_1.50_1.50,中维护价×大维护价,1.0,1.5,1.5,300.0,4.5,18.0,A1,S32,状态触发,堵塞损失≥20触发，维护后储备阈值50，冷却21日,90.62547793303195,S32,90.62547793303195,0.0,0.0,0.19978831463992977,6.783812223598816,0.00899047415879684,1785.0,0.0
medium_major_1.50_1.50,中维护价×大维护价,1.0,1.5,1.5,300.0,4.5,18.0,A2,S29,状态触发,堵塞损失≥10触发，维护后储备阈值50，冷却35日,205.6669754507648,S29,205.6669754507648,0.0,0.0,0.5255925057200005,9.98100168362281,0.1708175643590002,681.0,0.66
medium_major_1.50_1.50,中维护价×大维护价,1.0,1.5,1.5,300.0,4.5,18.0,A3,S32,状态触发,堵塞损失≥20触发，维护后储备阈值50，冷却21日,78.67073137311608,S32,78.67073137311608,0.0,0.0,0.17037424025450018,5.916245492837518,0.05196414327762255,2093.0,0.0
medium_major_1.50_1.50,中维护价×大维护价,1.0,1.5,1.5,300.0,4.5,18.0,A4,S36,状态触发,堵塞损失≥30触发，维护后储备阈值50，冷却21日,75.64393230288199,S32,76.74142671792632,1.0974944150443235,0.014508690672635875,0.1818516757488779,4.4244512709701995,0.06546660326959604,2002.0,0.0
medium_major_1.50_1.50,中维护价×大维护价,1.0,1.5,1.5,300.0,4.5,18.0,A5,S32,状态触发,堵塞损失≥20触发，维护后储备阈值50，冷却21日,212.99293825213573,S32,212.99293825213573,0.0,0.0,0.6160449995361742,6.262097420285212,0.0,576.0,0.92
medium_major_1.50_1.50,中维护价×大维护价,1.0,1.5,1.5,300.0,4.5,18.0,A6,S33,状态触发,堵塞损失≥20触发，维护后储备阈值50，冷却35日,101.58818617695536,S32,101.59583983782841,0.0076536608730464195,7.534006818189067e-05,0.2356200791528644,6.353495434356988,0.1284129431383111,1491.0,0.0
medium_major_1.50_1.50,中维护价×大维护价,1.0,1.5,1.5,300.0,4.5,18.0,A7,S29,状态触发,堵塞损失≥10触发，维护后储备阈值50，冷却35日,135.52375207678006,S29,135.52375207678006,0.0,0.0,0.30115887418938586,9.737972196913791,0.07528971854734647,1262.0,0.005
medium_major_1.50_1.50,中维护价×大维护价,1.0,1.5,1.5,300.0,4.5,18.0,A8,S29,状态触发,堵塞损失≥10触发，维护后储备阈值50，冷却35日,236.99666590825558,S29,236.99666590825558,0.0,0.0,0.6392530234349021,9.678290774804417,0.0926916883980608,557.0,0.945
medium_major_1.50_1.50,中维护价×大维护价,1.0,1.5,1.5,300.0,4.5,18.0,A9,S32,状态触发,堵塞损失≥20触发，维护后储备阈值50，冷却21日,69.65783055439142,S33,69.72811315186051,0.07028259746908816,0.001008969083730061,0.10933664611147696,5.846230467580674,0.5860444231575166,3271.0,0.0
medium_major_1.50_1.50,中维护价×大维护价,1.0,1.5,1.5,300.0,4.5,18.0,A10,S29,状态触发,堵塞损失≥10触发，维护后储备阈值50，冷却35日,396.70657104574946,S29,396.70657104574946,0.0,0.0,1.1792528976850805,9.540155942272301,0.0,308.0,1.0
